d,ad,rev
2026-07-28,__DEAL__PA__194330__CICIS-PIZZA__ARM-CANDY__CTV-TIER-1__US__US__JUL__2026______PCOV__P5,0.0
2026-07-28,__DEAL____263014__SAN DIEGO TOURISM AUTHORITY__THE_SHIPYARD____Live Sports_US__US__AUG__2026________P0,0.0
2026-07-22,2607 - MGMPLUS - JULY XCH - MGMP23457-13 - MOVIES,10.97
2026-08-03,__DEAL__PA__243767__FREDDYS__PMG__ARM-CANDY__US__US__JUL__2026____LOW-CARB-ALTERNATIVES__PCBV__P5,3.07
2026-08-13,__DEAL__PA__237762__STANLEY-BLACK-&-DECKER__PMG__CRAFTSMAN-CTV__US__US__JUL__2026____FRAME-2-BESPOKE-EMPOWERMENT-&-CONFIDENCE-BUILDERS-PARAMOUNT__PCBV__P5,0.0
2026-07-11,__DEAL__PA__247041__RIGHT-GUARD__EXVERUSMEDIA__EVERGREEN-AMAZON-CTV__US__US__JUN__2026____RIGHT-GUARD-BLUE-COLLAR-BENS__PCOV-CTV__P5,0.0
2026-07-11,__DEAL__PA__194330__CICIS-PIZZA__ARM-CANDY__CTV-TIER-1__US__US__JUL__2026______PCOV__P5,10.03
2026-08-09,__DEAL__PA__260746__STANLEY-BLACK-&-DECKER__PMG__CRAFTSMAN-CTV__US__US__JUL__2026____FRAME-1-EMPOWERMENT-&-CONFIDENCE-BUILDERS__PCBV__P5,0.0
2026-08-07,__DEAL__PA__268014__LOVESAC__HEARTS_&_SCIENCE__CTV-AUG-NOV-26__US__US__AUG__2026____AWR-PREMIUM-PRAGMATISTS____P5,0.0
2026-08-04,__DEAL__PA__237762__STANLEY-BLACK-&-DECKER__PMG__CRAFTSMAN-CTV__US__US__JUL__2026____FRAME-2-BESPOKE-EMPOWERMENT-&-CONFIDENCE-BUILDERS__PCBV__P5,79.33
2026-08-04,Viant - Political - All Voters ,0.0
2026-08-03,Adte_Optimal_Political,0.0
2026-08-08,Audigent & Beachfront - AUD-089268 - Adlib - AdLib - Display SmartPMP - US - Audience Code bsy618 - Beeswax,0.0
2026-08-10,__DEAL__PA__260746__STANLEY-BLACK-&-DECKER__PMG__CRAFTSMAN-CTV__US__US__JUL__2026____FRAME-1-DIY-MENTORSHIP-&-BUILDING__PCBV__P5,448.89
2026-07-24,__DEAL__PA__247041__RIGHT-GUARD__EXVERUSMEDIA__EVERGREEN-AMAZON-CTV__US__US__JUN__2026____RIGHT-GUARD-WEEKEND-WARRIORS__PCOV-CTV__P5,0.0
2026-07-27,__DEAL____263014__SAN DIEGO TOURISM AUTHORITY__THE_SHIPYARD____Luxury-travelers_US__US__AUG__2026________P0,0.0
2026-07-22,__DEAL__PA__257696__BOARSHEAD__HORIZON__BTS-VIDEO CTV-CAMPAIGN__US__US__JUL__2026______PCOV-CTV__P5,0.0
2026-08-19,__DEAL__PA__237762__STANLEY-BLACK-&-DECKER__PMG__CRAFTSMAN-CTV__US__US__JUL__2026____FRAME-2-BESPOKE-RESOURCEFUL-RENTERS-&-HOMEOWNERS__PCBV__P5,334.64
2026-08-19,NFL COMBO JET VS STE Y PAC VS BRO DIA,0.0
2026-08-09,__DEAL__PA__260746__STANLEY-BLACK-&-DECKER__PMG__CRAFTSMAN-CTV__US__US__JUL__2026____FRAME-1-DIY-MENTORSHIP-&-BUILDING__PCBV__P5,0.0
2026-08-03,Seedtag,8515.11
2026-08-19,__DEAL__PA__268935__TUBI__WPROMOTE__CONTEXTUAL-BRAND-CAMPAIGN-CTV-FRAME__US__US__SEPT__2026____CHICAGO-CTV-LONGING-NOSTALGIA__PCBV__P5,0.0
2026-08-07,Adtelligent Sensitive Category Deal - Nicotine - CTV,0.27
2026-08-18,TEST_ARI_DENIS_CTV_BFvsST_BF_DEAL,0.0
2026-08-12,__DEAL__PA__268937__TUBI__WPROMOTE__CONTEXTUAL-BRAND-CAMPAIGN-CTV-FRAME__US__US__SEPT__2026____SF-CTV-WONDERMENT-FEELING-AWE__PCBV__P5,0.0
2026-07-06,__DEAL__PA__260746__STANLEY-BLACK-&-DECKER__PMG__CRAFTSMAN-CTV__US__US__JUL__2026____FRAME-1-DIY-MENTORSHIP-&-BUILDING__PCBV__P5,0.0
2026-07-18,__DEAL__PA__260746__STANLEY-BLACK-&-DECKER__PMG__CRAFTSMAN-CTV__US__US__JUL__2026____FRAME-1-EMPOWERMENT-&-CONFIDENCE-BUILDERS__PCBV__P5,0.0
2026-08-15,__DEAL____263014__SAN DIEGO TOURISM AUTHORITY__THE_SHIPYARD____RON_US__US__AUG__2026________P0,282.1
2026-08-18,__DEAL__PA__268014__LOVESAC__HEARTS_&_SCIENCE__CTV-AUG-NOV-26__US__US__AUG__2026____AWR-FAMILY-PLEASERS____P5,0.0
2026-08-12,__DEAL__PA__246118__HOKA__JELLYFISH__HUMAN-FLY-H2-CTV__US__US__AUG__2026____BROAD-FITNESS-&-RUNNING__PCOV__P5,2006.64
2026-08-12,__DEAL__PA__268936__TUBI__WPROMOTE__CONTEXTUAL-BRAND-CAMPAIGN-CTV-FRAME__US__US__SEPT__2026____DC-CTV-WONDERMENT-FEELING-AWE__PCBV__P5,0.0
2026-08-13,F0047494 FGM A26 DOMINGO 25,0.0
2026-08-05,__DEAL____264958__ST. JOHN HEALTH__THE_SHIPYARD____US__US__JUL__2026________P0,352.79
2026-08-14,__DEAL__PA__246118__HOKA__JELLYFISH__HUMAN-FLY-H2-CTV__US__US__AUG__2026____BROAD-FITNESS-&-RUNNING__PCOV__P5,1749.16
2026-08-14,__DEAL__PA__268937__TUBI__WPROMOTE__CONTEXTUAL-BRAND-CAMPAIGN-CTV-FRAME__US__US__SEPT__2026____SF-CTV-WONDERMENT-FEELING-AWE__PCBV__P5,0.0
2026-07-25,Adtelligent Sensitive Category Deal - Nicotine - CTV,2.68
2026-07-18,__DEAL__PA__260746__STANLEY-BLACK-&-DECKER__PMG__CRAFTSMAN-CTV__US__US__JUL__2026____FRAME-1-DIY-MENTORSHIP-&-BUILDING__PCBV__P5,0.0
2026-07-26,__DEAL__PA__243767__FREDDYS__PMG__ARM-CANDY__US__US__JUL__2026____LOW-CARB-ALTERNATIVES__PCBV__P5,2.73
2026-07-23,__DEAL__PA__237762__STANLEY-BLACK-&-DECKER__PMG__CRAFTSMAN-CTV__US__US__JUL__2026____FRAME-2-BESPOKE-RESOURCEFUL-RENTERS-&-HOMEOWNERS__PCBV__P5,1.65
2026-07-17,Viant - Summer Sports - Liz,0.0
2026-07-21,__DEAL__PA__232279__INTERMOUNTAIN__R&R__HEALTH-Q2-2026-CAMPAIGN__US__US__MAY__2026____MEDICAL-WEIGHT-DIABETES-CARE-CTV-MONTANA-FRAME__PCOV__P5,231.32
2026-07-14,__DEAL__PA__237762__STANLEY-BLACK-&-DECKER__PMG__CRAFTSMAN-CTV__US__US__JUL__2026____FRAME-2-BESPOKE-EMPOWERMENT-&-CONFIDENCE-BUILDERS__PCBV__P5,42.63
2026-07-16,Viant - Summer Travel - Liz,0.0
2026-07-22,__DEAL__PA__257703__GOODFOOD__NEW-ENGEN__CTV-TEST__US__US__JUL__2026______PCOV__P10,440.28
2026-08-09,__DEAL__PA__237762__STANLEY-BLACK-&-DECKER__PMG__CRAFTSMAN-CTV__US__US__JUL__2026____FRAME-2-BESPOKE-RESOURCEFUL-RENTERS-&-HOMEOWNERS-PARAMOUNT__PCBV__P5,0.3
2026-08-07,__DEAL__PA__257703__GOODFOOD__NEW-ENGEN__CTV-TEST__US__US__JUL__2026______PCOV__P10,439.95
2026-08-10,__DEAL__PA__260746__STANLEY-BLACK-&-DECKER__PMG__CRAFTSMAN-CTV__US__US__JUL__2026____FRAME-1-DIY-MENTORSHIP-&-BUILDING-PARAMOUNT__PCBV__P5,0.0
2026-08-01,__DEAL__PA__262975__SPECTRUM__HORIZON__MX-SPECTRUM-Q1-26-CTV__US__US__JAN__2026____SPORTS-ENTHUSIASTS__PCOV__P5,8.15
2026-07-09,__DEAL__PA__237762__STANLEY-BLACK-&-DECKER__PMG__CRAFTSMAN-CTV__US__US__JUL__2026____FRAME-2-BESPOKE-EMPOWERMENT-&-CONFIDENCE-BUILDERS__PCBV__P5,0.0
2026-08-14,__DEAL____263014__SAN DIEGO TOURISM AUTHORITY__THE_SHIPYARD____Experience Seekers_US__US__AUG__2026________P0,229.35
2026-08-16,Viant - Political - All Voters ,0.0
2026-07-27,Adtelligent Sensitive Category Deal - Nicotine - CTV,1.37
2026-08-18,__DEAL__PA__237762__STANLEY-BLACK-&-DECKER__PMG__CRAFTSMAN-CTV__US__US__JUL__2026____FRAME-2-BESPOKE-RESOURCEFUL-RENTERS-&-HOMEOWNERS-PARAMOUNT__PCBV__P5,193.07
2026-08-04,__DEAL____263014__SAN DIEGO TOURISM AUTHORITY__THE_SHIPYARD____Experience Seekers_US__US__AUG__2026________P0,120.53
2026-08-13,__DEAL__PA__268937__TUBI__WPROMOTE__CONTEXTUAL-BRAND-CAMPAIGN-CTV-FRAME__US__US__SEPT__2026____SF-CTV-ENJOYMENT-PLEASURE__PCBV__P5,0.0
2026-07-24,__DEAL__PA__260746__STANLEY-BLACK-&-DECKER__PMG__CRAFTSMAN-CTV__US__US__JUL__2026____FRAME-1-RESOURCEFUL-RENTERS-&-HOMEOWNERS__PCBV__P5,0.0
2026-07-22,TEST_ARI_DENIS_CTV_BFvsST_BF_DEAL,0.0
2026-08-15,__DEAL__PA__268936__TUBI__WPROMOTE__CONTEXTUAL-BRAND-CAMPAIGN-CTV-FRAME__US__US__SEPT__2026____DC-CTV-ASTONISHMENT-SURPRISE__PCBV__P5,0.0
2026-08-15,Kaiser Permanente Care Delivery H2 2026 - 6226,0.43
2026-08-07,__DEAL__PA__260746__STANLEY-BLACK-&-DECKER__PMG__CRAFTSMAN-CTV__US__US__JUL__2026____FRAME-1-DIY-MENTORSHIP-&-BUILDING__PCBV__P5,168.76
2026-08-03,__DEAL__PA__194330__CICIS-PIZZA__ARM-CANDY__CTV-TIER-1__US__US__JUL__2026______PCOV__P5,0.0
2026-08-12,Audigent & Beachfront - AUD-089268 - Adlib - AdLib - Display SmartPMP - US - Audience Code bsy618 - Yahoo,0.0
2026-08-08,Audigent & Beachfront - AUD-089270 - Adlib - AdLib - CTV SmartPMP - US - ctv - Audience Code bsy618 - Beeswax,0.0
2026-08-04,F0047523 FSR GENERICA VOCES 20 S,0.0
2026-08-17,__DEAL__PA__237762__STANLEY-BLACK-&-DECKER__PMG__CRAFTSMAN-CTV__US__US__JUL__2026____FRAME-2-BESPOKE-MODERN-HOBBYIST__PCBV__P5,16.9
2026-08-17,Audigent & Beachfront - AUD-089270 - Adlib - AdLib - CTV SmartPMP - US - ctv - Audience Code bsy618 - Yahoo,0.0
2026-08-17,F0047460 MLS LU A VIER 6PM 15 13-08-2026,0.0
2026-07-27,__DEAL__PA__257696__BOARSHEAD__HORIZON__BTS-VIDEO CTV-CAMPAIGN__US__US__JUL__2026______PCOV-CTV__P5,379.1
2026-07-25,TEST_ARI_DENIS_CTV_BFvsST_BF_DEAL,0.0
2026-07-21,F0047523 FSR GENERICA VOCES 20 S,0.0
2026-07-06,__DEAL__PA__260746__STANLEY-BLACK-&-DECKER__PMG__CRAFTSMAN-CTV__US__US__JUL__2026____FRAME-1-EMPOWERMENT-&-CONFIDENCE-BUILDERS__PCBV__P5,0.0
2026-08-15,__DEAL__PA__260746__STANLEY-BLACK-&-DECKER__PMG__CRAFTSMAN-CTV__US__US__JUL__2026____FRAME-1-EMPOWERMENT-&-CONFIDENCE-BUILDERS-PARAMOUNT__PCBV__P5,0.0
2026-08-11,Audigent & Beachfront - AUD-089272 - Adlib - AdLib - Native SmartPMP - US - Audience Code bsy618 - Beeswax,0.0
2026-08-07,__DEAL__PA__237762__STANLEY-BLACK-&-DECKER__PMG__CRAFTSMAN-CTV__US__US__JUL__2026____FRAME-2-BESPOKE-RESOURCEFUL-RENTERS-&-HOMEOWNERS-PARAMOUNT__PCBV__P5,0.01
2026-07-31,Adte RibEye Q3,4.42
2026-07-27,__DEAL__PA__257703__GOODFOOD__NEW-ENGEN__CTV-TEST__US__US__JUL__2026______PCOV__P10,319.32
2026-07-28,Q3 Adte - Beeswax US,1.46
2026-08-14,__DEAL__PA__259149__BELL-CANADA__DIRECT-CLIENT__WIRELINE-ALWAYS-ON-LAB-Q3-2026__CA__CA__AUG__2026____CTV-COLLEGE-EDUCATION__PCBV__P5,0.0
2026-07-17,Viant - Jetsetters & Travel Enthusiasts -  Liz,0.0
2026-07-17,F0047424 AEW GRAND SLAM TALENTO FECHA 30,0.0
2026-07-24,2607 - MGMPLUS - JULY XCH  - MGMP23457-13 - SERIES,18.24
2026-08-15,Audigent & Beachfront - AUD-089270 - Adlib - AdLib - CTV SmartPMP - US - ctv - Audience Code bsy618 - Beeswax,0.0
2026-08-15,__DEAL__PA__260746__STANLEY-BLACK-&-DECKER__PMG__CRAFTSMAN-CTV__US__US__JUL__2026____FRAME-1-MODERN-HOBBYIST-PARAMOUNT__PCBV__P5,0.56
2026-08-18,Audigent & Beachfront - AUD-089269 - Adlib - AdLib - Video SmartPMP - US - Audience Code bsy618 - Yahoo,0.0
2026-08-14,__DEAL__PA__263210__CYERA__CLOSED-LOOP__Q3-CTV__US__US__AUG__2026______PCOV__P5,946.37
2026-08-14,__DEAL__PA__268936__TUBI__WPROMOTE__CONTEXTUAL-BRAND-CAMPAIGN-CTV-FRAME__US__US__SEPT__2026____DC-CTV-WONDERMENT-FEELING-AWE__PCBV__P5,0.0
2026-08-16,__DEAL__PA__268936__TUBI__WPROMOTE__CONTEXTUAL-BRAND-CAMPAIGN-CTV-FRAME__US__US__SEPT__2026____DC-CTV-WONDERMENT-FEELING-AWE__PCBV__P5,0.0
2026-07-30,F0047466 90 LIGAS LUN MIE VIE 9 PM 30,0.0
2026-08-09,__DEAL__PA__260746__STANLEY-BLACK-&-DECKER__PMG__CRAFTSMAN-CTV__US__US__JUL__2026____FRAME-1-DIY-MENTORSHIP-&-BUILDING-PARAMOUNT__PCBV__P5,0.0
2026-08-03,__DEAL__PA__247041__RIGHT-GUARD__EXVERUSMEDIA__EVERGREEN-AMAZON-CTV__US__US__JUN__2026____RIGHT-GUARD-BLUE-COLLAR-BENS__PCOV-CTV__P5,0.0
2026-08-08,__DEAL__PA__268014__LOVESAC__HEARTS_&_SCIENCE__CTV-AUG-NOV-26__US__US__AUG__2026____AWR-STYLIST-SOPHISTICATES____P5,0.0
2026-08-10,__DEAL__PA__260746__STANLEY-BLACK-&-DECKER__PMG__CRAFTSMAN-CTV__US__US__JUL__2026____FRAME-1-EMPOWERMENT-&-CONFIDENCE-BUILDERS__PCBV__P5,511.4
2026-08-05,Q3 Adte - Beeswax US,0.01
2026-07-31,Adtelligent Sensitive Categories Deal - Gambling - CTV,1.61
2026-07-25,2607 - MGMPLUS - JULY XCH - MGMP23457-13 - MOVIES,15.96
2026-07-19,__DEAL__PA__247041__RIGHT-GUARD__EXVERUSMEDIA__EVERGREEN-AMAZON-CTV__US__US__JUN__2026____RIGHT-GUARD-WEEKEND-WARRIORS__PCOV-CTV__P5,0.0
2026-08-19,__DEAL__PA__237762__STANLEY-BLACK-&-DECKER__PMG__CRAFTSMAN-CTV__US__US__JUL__2026____FRAME-2-BESPOKE-EMPOWERMENT-&-CONFIDENCE-BUILDERS-PARAMOUNT__PCBV__P5,1356.64
2026-08-19,__DEAL__PA__268937__TUBI__WPROMOTE__CONTEXTUAL-BRAND-CAMPAIGN-CTV-FRAME__US__US__SEPT__2026____SF-CTV-ENJOYMENT-PLEASURE__PCBV__P5,0.0
2026-07-18,2607 - MGMPLUS - JULY XCH - MGMP23457-13 - MOVIES,18.02
2026-07-16,Viant - Jetsetters & Travel Enthusiasts -  Liz,0.0
2026-07-26,Seedtag,13995.04
2026-07-20,__DEAL__PA__194330__CICIS-PIZZA__ARM-CANDY__CTV-TIER-1__US__US__JUL__2026______PCOV__P5,1.87
2026-07-28,F0047517 LUP GENÉRICA PREGUNTAS NOCHES 30S,0.0
2026-07-10,Viant - Summer Sports - Liz,0.0
2026-08-11,__DEAL__PA__194330__CICIS-PIZZA__ARM-CANDY__CTV-TIER-1__US__US__JUL__2026______PCOV__P5,0.0
2026-08-18,__DEAL__PA__257696__BOARSHEAD__HORIZON__BTS-VIDEO CTV-CAMPAIGN__US__US__JUL__2026______PCOV-CTV__P5,286.09
2026-08-10,F0047523 FSR GENERICA VOCES 20 S,0.0
2026-08-16,__DEAL__PA__263210__CYERA__CLOSED-LOOP__Q3-CTV__US__US__AUG__2026______PCOV__P5,887.54
2026-08-16,__DEAL__PA__268937__TUBI__WPROMOTE__CONTEXTUAL-BRAND-CAMPAIGN-CTV-FRAME__US__US__SEPT__2026____SF-CTV-WONDERMENT-FEELING-AWE__PCBV__P5,0.0
2026-08-16,Audigent & Beachfront - AUD-089268 - Adlib - AdLib - Display SmartPMP - US - Audience Code bsy618 - Yahoo,0.0
2026-08-07,__DEAL__PA__268014__LOVESAC__HEARTS_&_SCIENCE__CTV-AUG-NOV-26__US__US__AUG__2026____AWR-FAMILY-PLEASERS____P5,0.0
2026-08-14,Viant - Political - All Voters ,0.0
2026-08-18,__DEAL__PA__257703__GOODFOOD__NEW-ENGEN__CTV-TEST__US__US__JUL__2026______PCOV__P10,441.41
2026-08-06,__DEAL__PA__237762__STANLEY-BLACK-&-DECKER__PMG__CRAFTSMAN-CTV__US__US__JUL__2026____FRAME-2-BESPOKE-MODERN-HOBBYIST__PCBV__P5,0.0
2026-08-08,Kaiser Permanente Care Delivery H2 2026 - 6226,0.42
2026-08-10,__DEAL__PA__259149__BELL-CANADA__DIRECT-CLIENT__WIRELINE-ALWAYS-ON-LAB-Q3-2026__CA__CA__AUG__2026____CTV-DEALS__PCBV__P5,0.0
2026-07-27,TEST_ARI_DENIS_CTV_BFvsST_BF_DEAL,0.0
2026-07-22,Adtelligent Sensitive Category Deal - Nicotine - CTV,1.31
2026-08-19,__DEAL__PA__268014__LOVESAC__HEARTS_&_SCIENCE__CTV-AUG-NOV-26__US__US__AUG__2026____AWR-FAMILY-PLEASERS____P5,0.0
2026-08-15,Audigent & Beachfront - AUD-089272 - Adlib - AdLib - Native SmartPMP - US - Audience Code bsy618 - Yahoo,0.0
2026-08-12,__DEAL__PA__263210__CYERA__CLOSED-LOOP__Q3-CTV__US__US__AUG__2026______PCOV__P5,837.65
2026-08-16,__DEAL____263014__SAN DIEGO TOURISM AUTHORITY__THE_SHIPYARD____Experience Seekers_US__US__AUG__2026________P0,68.71
2026-07-20,Adtelligent Sensitive Categories Deal - Gambling - CTV,3.73
2026-07-21,__DEAL__PA__237762__STANLEY-BLACK-&-DECKER__PMG__CRAFTSMAN-CTV__US__US__JUL__2026____FRAME-2-BESPOKE-EMPOWERMENT-&-CONFIDENCE-BUILDERS__PCBV__P5,0.0
2026-08-09,__DEAL__PA__268014__LOVESAC__HEARTS_&_SCIENCE__CTV-AUG-NOV-26__US__US__AUG__2026____AWR-PREMIUM-PRAGMATISTS____P5,0.0
2026-08-11,__DEAL____264958__ST. JOHN HEALTH__THE_SHIPYARD____US__US__JUL__2026________P0,39.32
2026-08-01,__DEAL__PA__246118__HOKA__JELLYFISH__HUMAN-FLY-H2-CTV__US__US__AUG__2026____BROAD-FITNESS-&-RUNNING__PCOV__P5,0.0
2026-07-18,Adtelligent Sensitive Category Deal - Nicotine - CTV,1.23
2026-08-07,TEST_ARI_DENIS_CTV_BFvsST_BF_DEAL,0.0
2026-08-07,__DEAL__PA__257696__BOARSHEAD__HORIZON__BTS-VIDEO CTV-CAMPAIGN__US__US__JUL__2026______PCOV-CTV__P5,202.69
2026-08-16,__DEAL__PA__246118__HOKA__JELLYFISH__HUMAN-FLY-H2-CTV__US__US__AUG__2026____BROAD-FITNESS-&-RUNNING__PCOV__P5,1735.33
2026-08-16,__DEAL__PA__259149__BELL-CANADA__DIRECT-CLIENT__WIRELINE-ALWAYS-ON-LAB-Q3-2026__CA__CA__AUG__2026____CTV-COLLEGE-EDUCATION__PCBV__P5,0.0
2026-07-19,2607 - MGMPLUS - JULY XCH  - MGMP23457-13 - SERIES,36.19
2026-07-22,__DEAL__PA__260746__STANLEY-BLACK-&-DECKER__PMG__CRAFTSMAN-CTV__US__US__JUL__2026____FRAME-1-DIY-MENTORSHIP-&-BUILDING__PCBV__P5,0.0
2026-08-15,__DEAL__PA__237762__STANLEY-BLACK-&-DECKER__PMG__CRAFTSMAN-CTV__US__US__JUL__2026____FRAME-2-BESPOKE-DIY-MENTORSHIP-&-BUILDING-PARAMOUNT__PCBV__P5,101.39
2026-08-11,F0047517 LUP GENÉRICA PREGUNTAS NOCHES 30S,0.0
2026-08-14,Audigent & Beachfront - AUD-089268 - Adlib - AdLib - Display SmartPMP - US - Audience Code bsy618 - Yahoo,0.0
2026-08-17,__DEAL__PA__268935__TUBI__WPROMOTE__CONTEXTUAL-BRAND-CAMPAIGN-CTV-FRAME__US__US__SEPT__2026____CHICAGO-CTV-PRIDE-ELATION__PCBV__P5,0.0
2026-07-26,__DEAL__PA__247041__RIGHT-GUARD__EXVERUSMEDIA__EVERGREEN-AMAZON-CTV__US__US__JUN__2026____RIGHT-GUARD-BLUE-COLLAR-BENS__PCOV-CTV__P5,0.0
2026-07-28,__DEAL__PA__247041__RIGHT-GUARD__EXVERUSMEDIA__EVERGREEN-AMAZON-CTV__US__US__JUN__2026____RIGHT-GUARD-BLUE-COLLAR-BENS__PCOV-CTV__P5,0.0
2026-07-07,2607 - MGMPLUS - WESTIES - PROMO A - Pre-Premiere - MGMPHD363429 - MOVIES,10.39
2026-07-10,__DEAL__PA__260746__STANLEY-BLACK-&-DECKER__PMG__CRAFTSMAN-CTV__US__US__JUL__2026____FRAME-1-RESOURCEFUL-RENTERS-&-HOMEOWNERS__PCBV__P5,0.0
2026-08-09,Adtelligent Sensitive Category Deal - Nicotine - CTV,0.39
2026-08-11,Adtelligent Sensitive Categories Deal - Gambling - CTV,1.4
2026-08-14,__DEAL__PA__232279__INTERMOUNTAIN__R&R__HEALTH-Q2-2026-CAMPAIGN__US__US__MAY__2026____MEDICAL-WEIGHT-DIABETES-CARE-CTV-MONTANA-FRAME__PCOV__P5,149.0
2026-08-10,__DEAL__PA__268014__LOVESAC__HEARTS_&_SCIENCE__CTV-AUG-NOV-26__US__US__AUG__2026____AWR-PREMIUM-PRAGMATISTS____P5,0.0
2026-08-16,__DEAL__PA__232279__INTERMOUNTAIN__R&R__HEALTH-Q2-2026-CAMPAIGN__US__US__MAY__2026____MEDICAL-WEIGHT-DIABETES-CARE-CTV-MONTANA-FRAME__PCOV__P5,85.39
2026-07-31,__DEAL____264958__ST. JOHN HEALTH__THE_SHIPYARD____US__US__JUL__2026________P0,122.64
2026-08-11,__DEAL____263014__SAN DIEGO TOURISM AUTHORITY__THE_SHIPYARD____Live Sports_US__US__AUG__2026________P0,25.47
2026-08-18,__DEAL__PA__260746__STANLEY-BLACK-&-DECKER__PMG__CRAFTSMAN-CTV__US__US__JUL__2026____FRAME-1-DIY-MENTORSHIP-&-BUILDING__PCBV__P5,0.0
2026-08-04,__DEAL__PA__260746__STANLEY-BLACK-&-DECKER__PMG__CRAFTSMAN-CTV__US__US__JUL__2026____FRAME-1-DIY-MENTORSHIP-&-BUILDING__PCBV__P5,337.53
2026-08-02,__DEAL__PA__232279__INTERMOUNTAIN__R&R__HEALTH-Q2-2026-CAMPAIGN__US__US__MAY__2026____MEDICAL-WEIGHT-DIABETES-CARE-CTV-MONTANA-FRAME__PCOV__P5,214.37
2026-08-13,__DEAL__PA__257696__BOARSHEAD__HORIZON__BTS-VIDEO CTV-CAMPAIGN__US__US__JUL__2026______PCOV-CTV__P5,143.0
2026-08-05,__DEAL____263014__SAN DIEGO TOURISM AUTHORITY__THE_SHIPYARD____Live Sports_US__US__AUG__2026________P0,95.9
2026-07-14,__DEAL__PA__260746__STANLEY-BLACK-&-DECKER__PMG__CRAFTSMAN-CTV__US__US__JUL__2026____FRAME-1-DIY-MENTORSHIP-&-BUILDING__PCBV__P5,0.0
2026-08-19,Audigent & Beachfront - AUD-089269 - Adlib - AdLib - Video SmartPMP - US - Audience Code bsy618 - Yahoo,0.0
2026-08-11,F0047697 SUPER COPA CDMX 2026 FECHAS 20,0.0
2026-08-08,F0047460 MLS LUN A VIE 6PM 15,0.0
2026-08-10,Adtelligent Sensitive Category Deal - Nicotine - CTV,0.2
2026-08-04,__DEAL__PA__246118__HOKA__JELLYFISH__HUMAN-FLY-H2-CTV__US__US__AUG__2026____BROAD-FITNESS-&-RUNNING__PCOV__P5,2081.39
2026-08-16,__DEAL__PA__262975__SPECTRUM__HORIZON__MX-SPECTRUM-Q1-26-CTV__US__US__JAN__2026____SPORTS-ENTHUSIASTS__PCOV__P5,0.0
2026-08-05,__DEAL__PA__194330__CICIS-PIZZA__ARM-CANDY__CTV-TIER-1__US__US__JUL__2026______PCOV__P5,0.0
2026-07-30,F0047460 MLS LUN A VIE 6PM 15,0.0
2026-07-13,__DEAL__PA__237762__STANLEY-BLACK-&-DECKER__PMG__CRAFTSMAN-CTV__US__US__JUL__2026____FRAME-2-BESPOKE-EMPOWERMENT-&-CONFIDENCE-BUILDERS__PCBV__P5,7.38
2026-08-15,Viant - Jetsetters & Travel Enthusiasts -  Liz,0.0
2026-08-17,__DEAL__PA__259149__BELL-CANADA__DIRECT-CLIENT__WIRELINE-ALWAYS-ON-LAB-Q3-2026__CA__CA__AUG__2026____CTV-COLLEGE-EDUCATION__PCBV__P5,0.0
2026-08-12,__DEAL__PA__232279__INTERMOUNTAIN__R&R__HEALTH-Q2-2026-CAMPAIGN__US__US__MAY__2026____MEDICAL-WEIGHT-DIABETES-CARE-CTV-MONTANA-FRAME__PCOV__P5,173.78
2026-08-08,F0047466 90 LIGAS LUN MIE VIE 9 PM 30,0.0
2026-08-16,__DEAL__PA__237762__STANLEY-BLACK-&-DECKER__PMG__CRAFTSMAN-CTV__US__US__JUL__2026____FRAME-2-BESPOKE-EMPOWERMENT-&-CONFIDENCE-BUILDERS__PCBV__P5,82.23
2026-07-27,__DEAL__PA__257930__RED ROBIN__SURFACE_AGENCY__Q2-2026__US__US__MAY__2026________P5,481.54
2026-07-29,__DEAL__PA__232279__INTERMOUNTAIN__R&R__HEALTH-Q2-2026-CAMPAIGN__US__US__MAY__2026____MEDICAL-WEIGHT-DIABETES-CARE-CTV-MONTANA-FRAME__PCOV__P5,131.25
2026-08-11,__DEAL__PA__237762__STANLEY-BLACK-&-DECKER__PMG__CRAFTSMAN-CTV__US__US__JUL__2026____FRAME-2-BESPOKE-MODERN-HOBBYIST__PCBV__P5,19.46
2026-08-10,2608 - WESTIES Critics Promo - AUG 2026 - MGMPHD363486 - MOVIES,10.57
2026-07-24,__DEAL__PA__260746__STANLEY-BLACK-&-DECKER__PMG__CRAFTSMAN-CTV__US__US__JUL__2026____FRAME-1-MODERN-HOBBYIST__PCBV__P5,0.0
2026-07-06,TEST_ARI_DENIS_CTV_BFvsST_BF_DEAL,35.03
2026-08-18,F0048334 NFL COWBOYS VS CARDINALS DIA 20S.mp4,0.0
2026-08-08,__DEAL__PA__260746__STANLEY-BLACK-&-DECKER__PMG__CRAFTSMAN-CTV__US__US__JUL__2026____FRAME-1-EMPOWERMENT-&-CONFIDENCE-BUILDERS-PARAMOUNT__PCBV__P5,0.0
2026-08-10,__DEAL__PA__257930__RED ROBIN__SURFACE_AGENCY__Q2-2026__US__US__MAY__2026________P5,1334.5
2026-08-01,Adtelligent Sensitive Categories Deal - Gambling - CTV,0.95
2026-08-17,__DEAL__PA__269962__LLBEAN__MEDIAHUB__ORION-CTV-AWARENESS-Q4-Q1__US__US__SEPT__2026____WORK-HARD-PLAY-HARDS__PCOV__P5,0.0
2026-07-20,__DEAL__PA__247041__RIGHT-GUARD__EXVERUSMEDIA__EVERGREEN-AMAZON-CTV__US__US__JUN__2026____RIGHT-GUARD-BLUE-COLLAR-BENS__PCOV-CTV__P5,0.0
2026-08-09,__DEAL__PA__257930__RED ROBIN__SURFACE_AGENCY__Q2-2026__US__US__MAY__2026________P5,483.61
2026-08-14,2608 - WESTIES Critics Promo - AUG 2026 - MGMPHD363486 - MOVIES,9.49
2026-08-03,F0047517 LUP GENÉRICA PREGUNTAS NOCHES 30S,0.0
2026-07-18,__DEAL__PA__237762__STANLEY-BLACK-&-DECKER__PMG__CRAFTSMAN-CTV__US__US__JUL__2026____FRAME-2-BESPOKE-EMPOWERMENT-&-CONFIDENCE-BUILDERS__PCBV__P5,28.84
2026-07-27,2607 - MGMPLUS - JULY XCH - MGMP23457-13 - MOVIES,12.96
2026-08-08,__DEAL____263014__SAN DIEGO TOURISM AUTHORITY__THE_SHIPYARD____RON_US__US__AUG__2026________P0,138.6
2026-08-10,__DEAL__PA__268014__LOVESAC__HEARTS_&_SCIENCE__CTV-AUG-NOV-26__US__US__AUG__2026____AWR-FAMILY-PLEASERS____P5,0.0
2026-08-02,__DEAL____263014__SAN DIEGO TOURISM AUTHORITY__THE_SHIPYARD____Experience Seekers_US__US__AUG__2026________P0,0.06
2026-08-02,Viant - Political - All Voters ,0.0
2026-07-27,F0047523 FSR GENERICA VOCES 20 S,0.0
2026-08-09,TEST_ARI_DENIS_CTV_BFvsST_BF_DEAL,0.0
2026-08-09,__DEAL__PA__268014__LOVESAC__HEARTS_&_SCIENCE__CTV-AUG-NOV-26__US__US__AUG__2026____AWR-FAMILY-PLEASERS____P5,0.0
2026-08-06,__DEAL__PA__260746__STANLEY-BLACK-&-DECKER__PMG__CRAFTSMAN-CTV__US__US__JUL__2026____FRAME-1-EMPOWERMENT-&-CONFIDENCE-BUILDERS__PCBV__P5 - Paramount,0.0
2026-08-10,__DEAL____263014__SAN DIEGO TOURISM AUTHORITY__THE_SHIPYARD____Experience Seekers_US__US__AUG__2026________P0,335.62
2026-07-06,2607 - MGMPLUS - WESTIES - PROMO A - Pre-Premiere - MGMPHD363429 - MOVIES,12.63
2026-08-13,F0047466 90 LIGAS LUN MIE VIE 9 PM 30,0.0
2026-07-07,__DEAL__PA__237762__STANLEY-BLACK-&-DECKER__PMG__CRAFTSMAN-CTV__US__US__JUL__2026____FRAME-2-BESPOKE-EMPOWERMENT-&-CONFIDENCE-BUILDERS__PCBV__P5,20.36
2026-08-09,__DEAL__PA__257703__GOODFOOD__NEW-ENGEN__CTV-TEST__US__US__JUL__2026______PCOV__P10,407.66
2026-08-18,__DEAL__PA__268937__TUBI__WPROMOTE__CONTEXTUAL-BRAND-CAMPAIGN-CTV-FRAME__US__US__SEPT__2026____SF-CTV-ENJOYMENT-PLEASURE__PCBV__P5,0.0
2026-08-18,F0047705 FOX GOL FEMENIL GEN2026 DIA 20S 13-08-2026,0.0
2026-08-12,__DEAL__PA__268937__TUBI__WPROMOTE__CONTEXTUAL-BRAND-CAMPAIGN-CTV-FRAME__US__US__SEPT__2026____SF-CTV-WORRY-FEAR__PCBV__P5,0.0
2026-08-10,__DEAL__PA__232279__INTERMOUNTAIN__R&R__HEALTH-Q2-2026-CAMPAIGN__US__US__MAY__2026____MEDICAL-WEIGHT-DIABETES-CARE-CTV-MONTANA-FRAME__PCOV__P5,192.06
2026-07-31,__DEAL__PA__266990__LOVESAC__HEARTS_&_SCIENCE__CON-CTV-AUG-NOV-26__US__US__AUG__2026____FAMILY-PLEASERS____P5,0.0
2026-08-15,Viant - Summer Sports - Liz,0.0
2026-08-02,Adte RibEye Q3,4.36
2026-08-16,__DEAL__PA__268935__TUBI__WPROMOTE__CONTEXTUAL-BRAND-CAMPAIGN-CTV-FRAME__US__US__SEPT__2026____CHICAGO-CTV-WORRY-FEAR__PCBV__P5,0.0
2026-07-31,__DEAL__PA__262975__SPECTRUM__HORIZON__MX-SPECTRUM-Q1-26-CTV__US__US__JAN__2026____SPORTS-ENTHUSIASTS__PCOV__P5,7.49
2026-08-19,Adtelligent Sensitive Category Deal - Nicotine - CTV,0.13
2026-08-19,__DEAL__PA__237762__STANLEY-BLACK-&-DECKER__PMG__CRAFTSMAN-CTV__US__US__JUL__2026____FRAME-2-BESPOKE-DIY-MENTORSHIP-&-BUILDING__PCBV__P5,115.76
2026-08-09,2608 - WESTIES Critics Promo - AUG 2026 - MGMPHD363486 - MOVIES,15.25
2026-08-15,__DEAL__PA__263210__CYERA__CLOSED-LOOP__Q3-CTV__US__US__AUG__2026____V2__PCOV__P5,910.76
2026-08-12,__DEAL__PA__262975__SPECTRUM__HORIZON__MX-SPECTRUM-Q1-26-CTV__US__US__JAN__2026____SPORTS-ENTHUSIASTS__PCOV__P5,0.0
2026-08-10,TEST_ARI_DENIS_CTV_BFvsST_BF_DEAL,0.0
2026-08-16,__DEAL__PA__259149__BELL-CANADA__DIRECT-CLIENT__WIRELINE-ALWAYS-ON-LAB-Q3-2026__CA__CA__AUG__2026____CTV-TECHNOLOGY-AND-GADGETS__PCBV__P5,0.0
2026-07-23,2607 - MGMPLUS - JULY XCH - MGMP23457-13 - MOVIES,10.19
2026-07-21,__DEAL__PA__260746__STANLEY-BLACK-&-DECKER__PMG__CRAFTSMAN-CTV__US__US__JUL__2026____FRAME-1-DIY-MENTORSHIP-&-BUILDING__PCBV__P5,0.0
2026-07-22,__DEAL__PA__257930__RED ROBIN__SURFACE_AGENCY__Q2-2026__US__US__MAY__2026________P5,24.6
2026-08-15,__DEAL__PA__268936__TUBI__WPROMOTE__CONTEXTUAL-BRAND-CAMPAIGN-CTV-FRAME__US__US__SEPT__2026____DC-CTV-PRIDE-ELATION__PCBV__P5,0.0
2026-08-15,__DEAL__PA__268936__TUBI__WPROMOTE__CONTEXTUAL-BRAND-CAMPAIGN-CTV-FRAME__US__US__SEPT__2026____DC-CTV-WORRY-FEAR__PCBV__P5,0.0
2026-08-12,__DEAL__PA__237762__STANLEY-BLACK-&-DECKER__PMG__CRAFTSMAN-CTV__US__US__JUL__2026____FRAME-2-BESPOKE-EMPOWERMENT-&-CONFIDENCE-BUILDERS__PCBV__P5,4.36
2026-08-12,__DEAL____263014__SAN DIEGO TOURISM AUTHORITY__THE_SHIPYARD____Experience Seekers_US__US__AUG__2026________P0,151.91
2026-07-05,2607 - MGMPLUS - WESTIES - PROMO A - Pre-Premiere - MGMPHD363429 - MOVIES,14.41
2026-07-19,__DEAL__PA__243767__FREDDYS__PMG__ARM-CANDY__US__US__JUL__2026____SODAS-&-REFRESHERS__PCBV__P5,0.0
2026-07-15,F0047323 WWC U17 TEASER SEMI FIN,0.0
2026-08-18,__DEAL__PA__259149__BELL-CANADA__DIRECT-CLIENT__WIRELINE-ALWAYS-ON-LAB-Q3-2026__CA__CA__AUG__2026____CTV-DEALS__PCBV__P5,0.0
2026-07-08,__DEAL__PA__237762__STANLEY-BLACK-&-DECKER__PMG__CRAFTSMAN-CTV__US__US__JUL__2026____FRAME-2-BESPOKE-RESOURCEFUL-RENTERS-&-HOMEOWNERS__PCBV__P5,1.9
2026-07-26,__DEAL__PA__194330__CICIS-PIZZA__ARM-CANDY__CTV-TIER-1__US__US__JUL__2026______PCOV__P5,0.0
2026-07-02,2607 - MGMPLUS - WESTIES - PROMO A - Pre-Premiere - MGMPHD363429 - SERIES,15.04
2026-08-12,Viant - Political - All Voters ,0.0
2026-08-07,F0047494 FGM A26 DOMINGO 25 04/08/2026,0.0
2026-08-04,__DEAL__PA__232279__INTERMOUNTAIN__R&R__HEALTH-Q2-2026-CAMPAIGN__US__US__MAY__2026____MEDICAL-WEIGHT-DIABETES-CARE-CTV-MONTANA-FRAME__PCOV__P5,223.15
2026-08-13,__DEAL__PA__257930__RED ROBIN__SURFACE_AGENCY__Q2-2026__US__US__MAY__2026________P5,1530.29
2026-07-10,F0047235 MONSTER JAM EP 11,0.0
2026-08-09,__DEAL__PA__257696__BOARSHEAD__HORIZON__BTS-VIDEO CTV-CAMPAIGN__US__US__JUL__2026______PCOV-CTV__P5,92.02
2026-08-11,PRODUCT____264512__DATABRICKS__JUSTGLOBAL__OLV-CTV__US__US__AUG__OCT__2026______COV__,0.0
2026-08-08,Viant - Summer Travel - Liz,0.0
2026-08-05,2608 - WESTIES Critics Promo - AUG 2026 - MGMPHD363486 - SERIES,4.58
2026-07-23,F0047543 JCC ATLETISMO INAUGURACIÓN VIERNES 15,0.0
2026-08-15,F0047509 CF JULIO 26 GENEROS LUN-DOM 30,0.0
2026-08-14,F0047705 FOX GOL FEMENIL GEN2026 DIA 20S 13-08-2026,0.0
2026-08-06,__DEAL__PA__263210__CYERA__CLOSED-LOOP__Q3-CTV__US__US__AUG__2026______PCOV__P5,0.0
2026-08-10,__DEAL__PA__237762__STANLEY-BLACK-&-DECKER__PMG__CRAFTSMAN-CTV__US__US__JUL__2026____FRAME-2-BESPOKE-RESOURCEFUL-RENTERS-&-HOMEOWNERS-PARAMOUNT__PCBV__P5,0.24
2026-08-10,__DEAL__PA__257703__GOODFOOD__NEW-ENGEN__CTV-TEST__US__US__JUL__2026______PCOV__P10,438.66
2026-08-04,__DEAL__PA__257703__GOODFOOD__NEW-ENGEN__CTV-TEST__US__US__JUL__2026______PCOV__P10,435.35
2026-08-01,2608 - WESTIES Critics Promo - AUG 2026 - MGMPHD363486 - MOVIES,10.89
2026-08-17,Audigent & Beachfront - AUD-089268 - Adlib - AdLib - Display SmartPMP - US - Audience Code bsy618 - Yahoo,0.0
2026-08-16,F0047523 FSR GENERICA VOCES 20 S,0.0
2026-07-09,__DEAL__PA__260746__STANLEY-BLACK-&-DECKER__PMG__CRAFTSMAN-CTV__US__US__JUL__2026____FRAME-1-EMPOWERMENT-&-CONFIDENCE-BUILDERS__PCBV__P5,0.0
2026-07-09,2607 - MGMPLUS - WESTIES - PROMO A - Pre-Premiere - MGMPHD363429 - MOVIES,10.99
2026-07-10,2607 - MGMPLUS - WESTIES - PROMO A - Pre-Premiere - MGMPHD363429 - SERIES,10.57
2026-08-13,__DEAL__PA__268935__TUBI__WPROMOTE__CONTEXTUAL-BRAND-CAMPAIGN-CTV-FRAME__US__US__SEPT__2026____CHICAGO-CTV-LONGING-NOSTALGIA__PCBV__P5,0.0
2026-07-23,__DEAL__PA__237762__STANLEY-BLACK-&-DECKER__PMG__CRAFTSMAN-CTV__US__US__JUL__2026____FRAME-2-BESPOKE-DIY-MENTORSHIP-&-BUILDING__PCBV__P5,20.99
2026-08-15,__DEAL__PA__268935__TUBI__WPROMOTE__CONTEXTUAL-BRAND-CAMPAIGN-CTV-FRAME__US__US__SEPT__2026____CHICAGO-CTV-ENJOYMENT-PLEASURE__PCBV__P5,0.0
2026-08-12,F0047462 FFC CATEGORIAS BOX SABADO 30 10-08-26,0.0
2026-08-08,__DEAL__PA__237762__STANLEY-BLACK-&-DECKER__PMG__CRAFTSMAN-CTV__US__US__JUL__2026____FRAME-2-BESPOKE-DIY-MENTORSHIP-&-BUILDING__PCBV__P5,130.49
2026-08-10,__DEAL__PA__257696__BOARSHEAD__HORIZON__BTS-VIDEO CTV-CAMPAIGN__US__US__JUL__2026______PCOV-CTV__P5,123.16
2026-08-13,__DEAL__PA__237762__STANLEY-BLACK-&-DECKER__PMG__CRAFTSMAN-CTV__US__US__JUL__2026____FRAME-2-BESPOKE-RESOURCEFUL-RENTERS-&-HOMEOWNERS__PCBV__P5,70.7
2026-08-19,__DEAL__PA__259149__BELL-CANADA__DIRECT-CLIENT__WIRELINE-ALWAYS-ON-LAB-Q3-2026__CA__CA__AUG__2026____CTV-DEALS__PCBV__P5,0.0
2026-07-14,Adtelligent Sensitive Category Deal - Nicotine - CTV,0.08
2026-07-17,F0047235 MONSTER JAM EP 11,0.0
2026-07-15,__DEAL__PA__237762__STANLEY-BLACK-&-DECKER__PMG__CRAFTSMAN-CTV__US__US__JUL__2026____FRAME-2-BESPOKE-DIY-MENTORSHIP-&-BUILDING__PCBV__P5,0.04
2026-08-18,Adtelligent Sensitive Category Deal - Nicotine - CTV,0.17
2026-08-13,__DEAL__PA__260746__STANLEY-BLACK-&-DECKER__PMG__CRAFTSMAN-CTV__US__US__JUL__2026____FRAME-1-EMPOWERMENT-&-CONFIDENCE-BUILDERS__PCBV__P5,100.85
2026-07-12,__DEAL__PA__237762__STANLEY-BLACK-&-DECKER__PMG__CRAFTSMAN-CTV__US__US__JUL__2026____FRAME-2-BESPOKE-DIY-MENTORSHIP-&-BUILDING__PCBV__P5,9.34
2026-07-22,__DEAL__PA__260746__STANLEY-BLACK-&-DECKER__PMG__CRAFTSMAN-CTV__US__US__JUL__2026____FRAME-1-EMPOWERMENT-&-CONFIDENCE-BUILDERS__PCBV__P5,0.0
2026-07-29,Adtelligent Sensitive Category Deal - Nicotine - CTV,0.95
2026-08-11,Adte_Optimal_Political,0.0
2026-08-02,__DEAL__PA__262975__SPECTRUM__HORIZON__MX-SPECTRUM-Q1-26-CTV__US__US__JAN__2026____SPORTS-ENTHUSIASTS__PCOV__P5,7.89
2026-08-17,__DEAL__PA__263210__CYERA__CLOSED-LOOP__Q3-CTV__US__US__AUG__2026______PCOV__P5,903.41
2026-07-17,__DEAL__PA__232279__INTERMOUNTAIN__R&R__HEALTH-Q2-2026-CAMPAIGN__US__US__MAY__2026____MEDICAL-WEIGHT-DIABETES-CARE-CTV-MONTANA-STANDARD__PCOV__P5,0.0
2026-08-09,__DEAL__PA__232279__INTERMOUNTAIN__R&R__HEALTH-Q2-2026-CAMPAIGN__US__US__MAY__2026____MEDICAL-WEIGHT-DIABETES-CARE-CTV-MONTANA-FRAME__PCOV__P5,192.27
2026-08-14,__DEAL__PA__237762__STANLEY-BLACK-&-DECKER__PMG__CRAFTSMAN-CTV__US__US__JUL__2026____FRAME-2-BESPOKE-MODERN-HOBBYIST__PCBV__P5,73.27
2026-08-12,__DEAL__PA__268935__TUBI__WPROMOTE__CONTEXTUAL-BRAND-CAMPAIGN-CTV-FRAME__US__US__SEPT__2026____CHICAGO-CTV-WORRY-FEAR__PCBV__P5,0.0
2026-08-10,Viant - Political - All Voters ,0.0
2026-08-17,__DEAL__PA__268937__TUBI__WPROMOTE__CONTEXTUAL-BRAND-CAMPAIGN-CTV-FRAME__US__US__SEPT__2026____SF-CTV-TENDERNESS-FEELING-LOVE__PCBV__P5,0.0
2026-08-16,F0047460 MLS LU A VIER 6PM 15 13-08-2026,0.0
2026-08-15,Adtelligent Sensitive Categories Deal - Alcohol - CTV,0.09
2026-08-15,__DEAL__PA__232279__INTERMOUNTAIN__R&R__HEALTH-Q2-2026-CAMPAIGN__US__US__MAY__2026____MEDICAL-WEIGHT-DIABETES-CARE-CTV-MONTANA-STANDARD__PCOV__P5,32.94
2026-08-11,__DEAL__PA__243767__FREDDYS__PMG__ARM-CANDY__US__US__JUL__2026____LOW-CARB-ALTERNATIVES__PCBV__P5,1.52
2026-08-11,Audigent & Beachfront - AUD-089268 - Adlib - AdLib - Display SmartPMP - US - Audience Code bsy618 - Yahoo,0.0
2026-07-22,__DEAL__PA__232279__INTERMOUNTAIN__R&R__HEALTH-Q2-2026-CAMPAIGN__US__US__MAY__2026____MEDICAL-WEIGHT-DIABETES-CARE-CTV-MONTANA-FRAME__PCOV__P5,199.67
2026-08-10,__DEAL__PA__237762__STANLEY-BLACK-&-DECKER__PMG__CRAFTSMAN-CTV__US__US__JUL__2026____FRAME-2-BESPOKE-RESOURCEFUL-RENTERS-&-HOMEOWNERS__PCBV__P5,288.31
2026-08-01,F0047523 FSR GENERICA VOCES 20 S,0.0
2026-08-02,Adtelligent Sensitive Categories Deal - Gambling - CTV,0.51
2026-08-02,__DEAL__PA__246118__HOKA__JELLYFISH__HUMAN-FLY-H2-CTV__US__US__AUG__2026____BROAD-FITNESS-&-RUNNING__PCOV__P5,0.0
2026-07-14,2607 - MGMPLUS - JULY XCH - MGMP23457-13 - MOVIES,10.89
2026-07-30,2607 - MGMPLUS - JULY XCH - MGMP23457-13 - MOVIES,10.86
2026-07-12,__DEAL__PA__257930__RED ROBIN__SURFACE_AGENCY__Q2-2026__US__US__MAY__2026________P5,450.04
2026-07-25,__DEAL__PA__232279__INTERMOUNTAIN__R&R__HEALTH-Q2-2026-CAMPAIGN__US__US__MAY__2026____MEDICAL-WEIGHT-DIABETES-CARE-CTV-MONTANA-FRAME__PCOV__P5,155.79
2026-08-19,__DEAL__PA__263210__CYERA__CLOSED-LOOP__Q3-CTV__US__US__AUG__2026____V2__PCOV__P5,893.72
2026-07-27,__DEAL____263014__SAN DIEGO TOURISM AUTHORITY__THE_SHIPYARD____Experience Seekers_US__US__AUG__2026________P0,0.0
2026-07-30,__DEAL__PA__257696__BOARSHEAD__HORIZON__BTS-VIDEO CTV-CAMPAIGN__US__US__JUL__2026______PCOV-CTV__P5,182.05
2026-08-06,__DEAL____263014__SAN DIEGO TOURISM AUTHORITY__THE_SHIPYARD____Experience Seekers_US__US__AUG__2026________P0,340.01
2026-07-26,__DEAL__PA__247041__RIGHT-GUARD__EXVERUSMEDIA__EVERGREEN-AMAZON-CTV__US__US__JUN__2026____RIGHT-GUARD-WEEKEND-WARRIORS__PCOV-CTV__P5,0.0
2026-07-21,TEST_ARI_DENIS_CTV_BFvsST_BF_DEAL,0.0
2026-08-18,Adtelligent Sensitive Categories Deal - Alcohol - CTV,0.61
2026-08-18,__DEAL__PA__270936__SUPERHUMAN__22SQUARED__2H-2026-CTV__US__US__SEPT__2026____BUSINESS-PROFESSIONALS-AND-CORPORATE-LEADERSHIP-CTV__PCOV__P5,0.0
2026-08-03,Adte RibEye Q3,3.35
2026-07-31,Viant - Political - All Voters ,0.0
2026-07-26,Adte RibEye Q3,0.0
2026-07-23,F0047460 MLS LUN A VIE 6PM 15,0.0
2026-08-12,F0047523 FSR GENERICA VOCES 20 S,0.0
2026-08-13,__DEAL__PA__268014__LOVESAC__HEARTS_&_SCIENCE__CTV-AUG-NOV-26__US__US__AUG__2026____AWR-PREMIUM-PRAGMATISTS____P5,0.0
2026-08-13,__DEAL__PA__268014__LOVESAC__HEARTS_&_SCIENCE__CTV-AUG-NOV-26__US__US__AUG__2026____AWR-STYLIST-SOPHISTICATES____P5,0.0
2026-07-29,__DEAL__PA__257930__RED ROBIN__SURFACE_AGENCY__Q2-2026__US__US__MAY__2026________P5,483.37
2026-08-07,Viant - Political - All Voters ,0.0
2026-08-12,F0047490 FGM A26 JUEVES 25 10-08-26,0.0
2026-08-12,F0047850 NFL PRETEMP BRONCOS VS FALCONS DÍA  20S,0.0
2026-08-08,__DEAL__PA__237762__STANLEY-BLACK-&-DECKER__PMG__CRAFTSMAN-CTV__US__US__JUL__2026____FRAME-2-BESPOKE-RESOURCEFUL-RENTERS-&-HOMEOWNERS__PCBV__P5,108.11
2026-08-06,__DEAL__PA__194330__CICIS-PIZZA__ARM-CANDY__CTV-TIER-1__US__US__JUL__2026______PCOV__P5,0.0
2026-08-06,__DEAL__PA__232279__INTERMOUNTAIN__R&R__HEALTH-Q2-2026-CAMPAIGN__US__US__MAY__2026____MEDICAL-WEIGHT-DIABETES-CARE-CTV-MONTANA-FRAME__PCOV__P5,207.79
2026-08-02,__DEAL____264958__ST. JOHN HEALTH__THE_SHIPYARD____US__US__JUL__2026________P0,155.15
2026-07-31,F0047517 LUP GENÉRICA PREGUNTAS NOCHES 30S,0.0
2026-08-06,__DEAL____263014__SAN DIEGO TOURISM AUTHORITY__THE_SHIPYARD____Live Sports_US__US__AUG__2026________P0,96.71
2026-07-08,TEST_ARI_DENIS_CTV_BFvsST_BF_DEAL,30.15
2026-07-21,__DEAL__PA__237762__STANLEY-BLACK-&-DECKER__PMG__CRAFTSMAN-CTV__US__US__JUL__2026____FRAME-2-BESPOKE-MODERN-HOBBYIST__PCBV__P5,0.0
2026-08-12,__DEAL__PA__260746__STANLEY-BLACK-&-DECKER__PMG__CRAFTSMAN-CTV__US__US__JUL__2026____FRAME-1-DIY-MENTORSHIP-&-BUILDING-PARAMOUNT__PCBV__P5,0.0
2026-08-04,__DEAL__PA__262975__SPECTRUM__HORIZON__MX-SPECTRUM-Q1-26-CTV__US__US__JAN__2026____SPORTS-ENTHUSIASTS__PCOV__P5,8.83
2026-08-17,__DEAL__PA__260746__STANLEY-BLACK-&-DECKER__PMG__CRAFTSMAN-CTV__US__US__JUL__2026____FRAME-1-RESOURCEFUL-RENTERS-&-HOMEOWNERS-PARAMOUNT__PCBV__P5,551.63
2026-08-17,F0047523 FSR GENERICA VOCES 20 S,0.0
2026-08-16,Audigent & Beachfront - AUD-089272 - Adlib - AdLib - Native SmartPMP - US - Audience Code bsy618 - Beeswax,0.0
2026-08-05,Adte_Optimal_Political,0.0
2026-07-23,Kaiser Permanente Care Delivery H2 2026 - 6226,0.05
2026-07-27,__DEAL__PA__232279__INTERMOUNTAIN__R&R__HEALTH-Q2-2026-CAMPAIGN__US__US__MAY__2026____MEDICAL-WEIGHT-DIABETES-CARE-CTV-MONTANA-FRAME__PCOV__P5,173.87
2026-08-12,__DEAL__PA__268935__TUBI__WPROMOTE__CONTEXTUAL-BRAND-CAMPAIGN-CTV-FRAME__US__US__SEPT__2026____CHICAGO-CTV-PRIDE-ELATION__PCBV__P5,0.0
2026-08-01,Q3 Adte - Beeswax US,0.24
2026-07-18,__DEAL__PA__237762__STANLEY-BLACK-&-DECKER__PMG__CRAFTSMAN-CTV__US__US__JUL__2026____FRAME-2-BESPOKE-RESOURCEFUL-RENTERS-&-HOMEOWNERS__PCBV__P5,17.11
2026-07-19,__DEAL__PA__247041__RIGHT-GUARD__EXVERUSMEDIA__EVERGREEN-AMAZON-CTV__US__US__JUN__2026____RIGHT-GUARD-BLUE-COLLAR-BENS__PCOV-CTV__P5,0.0
2026-07-10,__DEAL__PA__260746__STANLEY-BLACK-&-DECKER__PMG__CRAFTSMAN-CTV__US__US__JUL__2026____FRAME-1-MODERN-HOBBYIST__PCBV__P5,0.0
2026-07-29,2607 - MGMPLUS - JULY XCH - MGMP23457-13 - MOVIES,11.05
2026-08-09,__DEAL__PA__246118__HOKA__JELLYFISH__HUMAN-FLY-H2-CTV__US__US__AUG__2026____BROAD-FITNESS-&-RUNNING__PCOV__P5,1821.81
2026-08-14,Audigent & Beachfront - AUD-089272 - Adlib - AdLib - Native SmartPMP - US - Audience Code bsy618 - Beeswax,0.0
2026-08-14,__DEAL__PA__260746__STANLEY-BLACK-&-DECKER__PMG__CRAFTSMAN-CTV__US__US__JUL__2026____FRAME-1-EMPOWERMENT-&-CONFIDENCE-BUILDERS__PCBV__P5,244.95
2026-08-14,F0047490 FGM A26 JUEVES 25 10-08-26,0.0
2026-08-06,2608 - WESTIES Critics Promo - AUG 2026 - MGMPHD363486 - SERIES,14.54
2026-07-30,__DEAL__PA__232279__INTERMOUNTAIN__R&R__HEALTH-Q2-2026-CAMPAIGN__US__US__MAY__2026____MEDICAL-WEIGHT-DIABETES-CARE-CTV-MONTANA-STANDARD__PCOV__P5,42.61
2026-07-22,Adtelligent Sensitive Categories Deal - Alcohol - CTV,3.94
2026-08-11,Seedtag,22211.28
2026-08-18,__DEAL____263014__SAN DIEGO TOURISM AUTHORITY__THE_SHIPYARD____Experience Seekers_US__US__AUG__2026________P0,233.38
2026-08-02,Q3 Adte - Beeswax US,0.41
2026-08-17,__DEAL__PA__243767__FREDDYS__PMG__ARM-CANDY__US__US__JUL__2026____LOW-CARB-ALTERNATIVES__PCBV__P5,0.86
2026-08-13,Audigent & Beachfront - AUD-089268 - Adlib - AdLib - Display SmartPMP - US - Audience Code bsy618 - Beeswax,0.0
2026-08-16,__DEAL__PA__260746__STANLEY-BLACK-&-DECKER__PMG__CRAFTSMAN-CTV__US__US__JUL__2026____FRAME-1-EMPOWERMENT-&-CONFIDENCE-BUILDERS__PCBV__P5,210.16
2026-08-09,__DEAL____263014__SAN DIEGO TOURISM AUTHORITY__THE_SHIPYARD____Experience Seekers_US__US__AUG__2026________P0,287.73
2026-08-12,__DEAL__PA__237762__STANLEY-BLACK-&-DECKER__PMG__CRAFTSMAN-CTV__US__US__JUL__2026____FRAME-2-BESPOKE-RESOURCEFUL-RENTERS-&-HOMEOWNERS-PARAMOUNT__PCBV__P5,0.18
2026-08-17,__DEAL__PA__237762__STANLEY-BLACK-&-DECKER__PMG__CRAFTSMAN-CTV__US__US__JUL__2026____FRAME-2-BESPOKE-EMPOWERMENT-&-CONFIDENCE-BUILDERS__PCBV__P5,42.89
2026-08-17,__DEAL__PA__268936__TUBI__WPROMOTE__CONTEXTUAL-BRAND-CAMPAIGN-CTV-FRAME__US__US__SEPT__2026____DC-CTV-TENDERNESS-FEELING-LOVE__PCBV__P5,0.0
2026-07-15,Viant - Summer Travel - Liz,0.0
2026-07-22,__DEAL__PA__237762__STANLEY-BLACK-&-DECKER__PMG__CRAFTSMAN-CTV__US__US__JUL__2026____FRAME-2-BESPOKE-EMPOWERMENT-&-CONFIDENCE-BUILDERS__PCBV__P5,513.31
2026-08-07,__DEAL__PA__237762__STANLEY-BLACK-&-DECKER__PMG__CRAFTSMAN-CTV__US__US__JUL__2026____FRAME-2-BESPOKE-EMPOWERMENT-&-CONFIDENCE-BUILDERS__PCBV__P5,57.97
2026-08-12,Audigent & Beachfront - AUD-089270 - Adlib - AdLib - CTV SmartPMP - US - ctv - Audience Code bsy618 - Yahoo,0.0
2026-08-08,__DEAL__PA__237762__STANLEY-BLACK-&-DECKER__PMG__CRAFTSMAN-CTV__US__US__JUL__2026____FRAME-2-BESPOKE-DIY-MENTORSHIP-&-BUILDING-PARAMOUNT__PCBV__P5,52.7
2026-08-13,F0047705 FOX GOL FEMENIL GEN2026 DIA 20S 13-08-2026,0.0
2026-07-08,__DEAL__PA__260746__STANLEY-BLACK-&-DECKER__PMG__CRAFTSMAN-CTV__US__US__JUL__2026____FRAME-1-EMPOWERMENT-&-CONFIDENCE-BUILDERS__PCBV__P5,0.0
2026-07-16,2607 - MGMPLUS - JULY XCH  - MGMP23457-13 - SERIES,27.31
2026-07-30,Adtelligent Sensitive Category Deal - Nicotine - CTV,0.58
2026-07-19,Seedtag,7612.71
2026-07-24,__DEAL__PA__243767__FREDDYS__PMG__ARM-CANDY__US__US__JUL__2026____LOW-CARB-ALTERNATIVES__PCBV__P5,0.32
2026-07-25,Adtelligent Sensitive Categories Deal - Alcohol - CTV,4.57
2026-07-21,__DEAL__PA__257703__GOODFOOD__NEW-ENGEN__CTV-TEST__US__US__JUL__2026______PCOV__P10,441.0
2026-08-07,__DEAL__PA__263210__CYERA__CLOSED-LOOP__Q3-CTV__US__US__AUG__2026______PCOV__P5,0.0
2026-08-08,Viant - Summer Sports - Liz,0.0
2026-08-17,2608  - AUG 2026 XCH  - MGMP23468-13 - MOVIES,6.82
2026-07-27,Adtelligent Sensitive Categories Deal - Alcohol - CTV,3.39
2026-07-30,Kaiser Permanente Care Delivery H2 2026 - 6226,0.32
2026-07-22,__DEAL__PA__237762__STANLEY-BLACK-&-DECKER__PMG__CRAFTSMAN-CTV__US__US__JUL__2026____FRAME-2-BESPOKE-RESOURCEFUL-RENTERS-&-HOMEOWNERS__PCBV__P5,0.3
2026-08-15,__DEAL__PA__268014__LOVESAC__HEARTS_&_SCIENCE__CTV-AUG-NOV-26__US__US__AUG__2026____AWR-STYLIST-SOPHISTICATES____P5,0.0
2026-08-14,Adtelligent Sensitive Categories Deal - Gambling - CTV,0.06
2026-08-16,__DEAL____264958__ST. JOHN HEALTH__THE_SHIPYARD____US__US__JUL__2026________P0,101.87
2026-07-10,Seedtag,5970.98
2026-08-04,Adtelligent Sensitive Category Deal - Nicotine - CTV,0.0
2026-08-02,2608 - WESTIES Critics Promo - AUG 2026 - MGMPHD363486 - MOVIES,6.51
2026-08-16,Audigent & Beachfront - AUD-089269 - Adlib - AdLib - Video SmartPMP - US - Audience Code bsy618 - Yahoo,0.0
2026-07-25,F0047466 90 LIGAS LUN MIE VIE 9 PM 30,0.0
2026-07-22,F0047523 FSR GENERICA VOCES 20 S,0.0
2026-08-14,F0047697 SUPER COPA CDMX 2026 FECHAS 20,0.0
2026-08-18,__DEAL__PA__232279__INTERMOUNTAIN__R&R__HEALTH-Q2-2026-CAMPAIGN__US__US__MAY__2026____MEDICAL-WEIGHT-DIABETES-CARE-CTV-MONTANA-FRAME__PCOV__P5,0.0
2026-08-04,__DEAL__PA__268014__LOVESAC__HEARTS_&_SCIENCE__CTV-AUG-NOV-26__US__US__AUG__2026____AWR-PREMIUM-PRAGMATISTS____P5,0.0
2026-08-13,F0047846 NFL PRETEMP 3 JUEGOS DIA 30S,0.0
2026-07-23,F0047523 FSR GENERICA VOCES 20 S,0.0
2026-07-17,__DEAL__PA__260746__STANLEY-BLACK-&-DECKER__PMG__CRAFTSMAN-CTV__US__US__JUL__2026____FRAME-1-RESOURCEFUL-RENTERS-&-HOMEOWNERS__PCBV__P5,0.0
2026-07-24,__DEAL__PA__247041__RIGHT-GUARD__EXVERUSMEDIA__EVERGREEN-AMAZON-CTV__US__US__JUN__2026____RIGHT-GUARD-BLUE-COLLAR-BENS__PCOV-CTV__P5,0.0
2026-07-07,__DEAL__PA__260746__STANLEY-BLACK-&-DECKER__PMG__CRAFTSMAN-CTV__US__US__JUL__2026____FRAME-1-DIY-MENTORSHIP-&-BUILDING__PCBV__P5,0.0
2026-08-06,2608 - WESTIES Critics Promo - AUG 2026 - MGMPHD363486 - MOVIES,8.83
2026-08-04,__DEAL__PA__260746__STANLEY-BLACK-&-DECKER__PMG__CRAFTSMAN-CTV__US__US__JUL__2026____FRAME-1-EMPOWERMENT-&-CONFIDENCE-BUILDERS__PCBV__P5,355.43
2026-08-16,__DEAL__PA__257703__GOODFOOD__NEW-ENGEN__CTV-TEST__US__US__JUL__2026______PCOV__P10,415.56
2026-07-17,F0047323 WWC U17 TEASER SEMI FIN,0.0
2026-08-14,__DEAL__PA__257703__GOODFOOD__NEW-ENGEN__CTV-TEST__US__US__JUL__2026______PCOV__P10,431.45
2026-08-18,__DEAL__PA__237762__STANLEY-BLACK-&-DECKER__PMG__CRAFTSMAN-CTV__US__US__JUL__2026____FRAME-2-BESPOKE-DIY-MENTORSHIP-&-BUILDING__PCBV__P5,201.01
2026-08-02,F0047523 FSR GENERICA VOCES 20 S,0.0
2026-07-09,__DEAL__PA__260746__STANLEY-BLACK-&-DECKER__PMG__CRAFTSMAN-CTV__US__US__JUL__2026____FRAME-1-DIY-MENTORSHIP-&-BUILDING__PCBV__P5,0.0
2026-07-10,Kaiser Permanente Care Delivery H2 2026 - 6226,0.0
2026-07-13,__DEAL__PA__260746__STANLEY-BLACK-&-DECKER__PMG__CRAFTSMAN-CTV__US__US__JUL__2026____FRAME-1-EMPOWERMENT-&-CONFIDENCE-BUILDERS__PCBV__P5,0.0
2026-08-19,F0047705 FOX GOL FEMENIL GEN2026 DIA 20S 13-08-2026,0.0
2026-08-17,Adte_Optimal_Political,0.0
2026-08-16,__DEAL__PA__268937__TUBI__WPROMOTE__CONTEXTUAL-BRAND-CAMPAIGN-CTV-FRAME__US__US__SEPT__2026____SF-CTV-TENDERNESS-FEELING-LOVE__PCBV__P5,0.0
2026-08-05,__DEAL__PA__243767__FREDDYS__PMG__ARM-CANDY__US__US__JUL__2026____LOW-CARB-ALTERNATIVES__PCBV__P5,7.14
2026-07-11,F0047235 MONSTER JAM EP 11,0.0
2026-08-14,Audigent & Beachfront - AUD-089270 - Adlib - AdLib - CTV SmartPMP - US - ctv - Audience Code bsy618 - Yahoo,0.0
2026-08-13,__DEAL__PA__263210__CYERA__CLOSED-LOOP__Q3-CTV__US__US__AUG__2026____V2__PCOV__P5,921.49
2026-08-15,__DEAL__PA__243767__FREDDYS__PMG__ARM-CANDY__US__US__JUL__2026____SODAS-&-REFRESHERS__PCBV__P5,0.0
2026-08-03,__DEAL__PA__247041__RIGHT-GUARD__EXVERUSMEDIA__EVERGREEN-AMAZON-CTV__US__US__JUN__2026____RIGHT-GUARD-WEEKEND-WARRIORS__PCOV-CTV__P5,0.0
2026-07-24,F0047424 AEW GRAND SLAM TALENTO FECHA 30,0.0
2026-07-31,__DEAL__PA__194330__CICIS-PIZZA__ARM-CANDY__CTV-TIER-1__US__US__JUL__2026______PCOV__P5,0.0
2026-07-11,__DEAL__PA__247041__RIGHT-GUARD__EXVERUSMEDIA__EVERGREEN-AMAZON-CTV__US__US__JUN__2026____RIGHT-GUARD-WEEKEND-WARRIORS__PCOV-CTV__P5,0.0
2026-07-03,TEST_ARI_DENIS_CTV_BFvsST_BF_DEAL,11.98
2026-08-15,__DEAL__PA__268935__TUBI__WPROMOTE__CONTEXTUAL-BRAND-CAMPAIGN-CTV-FRAME__US__US__SEPT__2026____CHICAGO-CTV-LONGING-NOSTALGIA__PCBV__P5,0.0
2026-08-18,__DEAL__PA__246118__HOKA__JELLYFISH__HUMAN-FLY-H2-CTV__US__US__AUG__2026____BROAD-FITNESS-&-RUNNING__PCOV__P5,0.0
2026-08-13,Adtelligent Sensitive Categories Deal - Alcohol - CTV,0.15
2026-08-13,__DEAL__PA__268935__TUBI__WPROMOTE__CONTEXTUAL-BRAND-CAMPAIGN-CTV-FRAME__US__US__SEPT__2026____CHICAGO-CTV-ENJOYMENT-PLEASURE__PCBV__P5,0.0
2026-08-05,PRODUCT____264512__DATABRICKS__JUSTGLOBAL__OLV-CTV__US__US__AUG__OCT__2026______COV__,0.0
2026-07-20,__DEAL__PA__243767__FREDDYS__PMG__ARM-CANDY__US__US__JUL__2026____LOW-CARB-ALTERNATIVES__PCBV__P5,0.07
2026-08-14,__DEAL____264958__ST. JOHN HEALTH__THE_SHIPYARD____US__US__JUL__2026________P0,111.99
2026-08-06,__DEAL____264958__ST. JOHN HEALTH__THE_SHIPYARD____US__US__JUL__2026________P0,276.98
2026-07-12,Viant - Summer Sports - Liz,0.0
2026-07-24,Viant - Jetsetters & Travel Enthusiasts -  Liz,0.0
2026-08-07,F0047523 FSR GENERICA VOCES 20 S,0.0
2026-08-18,__DEAL__PA__237762__STANLEY-BLACK-&-DECKER__PMG__CRAFTSMAN-CTV__US__US__JUL__2026____FRAME-2-BESPOKE-EMPOWERMENT-&-CONFIDENCE-BUILDERS-PARAMOUNT__PCBV__P5,184.48
2026-08-17,__DEAL__PA__260746__STANLEY-BLACK-&-DECKER__PMG__CRAFTSMAN-CTV__US__US__JUL__2026____FRAME-1-DIY-MENTORSHIP-&-BUILDING-PARAMOUNT__PCBV__P5,640.6
2026-08-17,PRODUCT____264512__DATABRICKS__JUSTGLOBAL__OLV-CTV__US__US__AUG__OCT__2026______COV__,0.0
2026-08-13,__DEAL__PA__257703__GOODFOOD__NEW-ENGEN__CTV-TEST__US__US__JUL__2026______PCOV__P10,428.66
2026-08-16,Adtelligent Sensitive Categories Deal - Gambling - CTV,0.13
2026-07-23,Adtelligent Sensitive Category Deal - Nicotine - CTV,0.89
2026-07-23,__DEAL__PA__260746__STANLEY-BLACK-&-DECKER__PMG__CRAFTSMAN-CTV__US__US__JUL__2026____FRAME-1-DIY-MENTORSHIP-&-BUILDING__PCBV__P5,0.0
2026-07-30,__DEAL__PA__257930__RED ROBIN__SURFACE_AGENCY__Q2-2026__US__US__MAY__2026________P5,484.18
2026-07-21,__DEAL__PA__246118__HOKA__JELLYFISH__HUMAN-FLY-H2-CTV__US__US__AUG__2026____BROAD-FITNESS-&-RUNNING__PCOV__P5,0.0
2026-08-19,Adtelligent Sensitive Categories Deal - Alcohol - CTV,0.85
2026-08-19,TEST_ARI_DENIS_CTV_BFvsST_BF_DEAL,0.0
2026-08-15,__DEAL__PA__268936__TUBI__WPROMOTE__CONTEXTUAL-BRAND-CAMPAIGN-CTV-FRAME__US__US__SEPT__2026____DC-CTV-LONGING-NOSTALGIA__PCBV__P5,0.0
2026-08-01,Viant - Political - All Voters ,0.0
2026-08-17,__DEAL__PA__268937__TUBI__WPROMOTE__CONTEXTUAL-BRAND-CAMPAIGN-CTV-FRAME__US__US__SEPT__2026____SF-CTV-WONDERMENT-FEELING-AWE__PCBV__P5,0.0
2026-07-16,Viant - Summer Sports - Liz,0.0
2026-07-16,Kaiser Permanente Care Delivery H2 2026 - 6226,0.0
2026-07-29,__DEAL__PA__257696__BOARSHEAD__HORIZON__BTS-VIDEO CTV-CAMPAIGN__US__US__JUL__2026______PCOV-CTV__P5,253.03
2026-08-10,F0047850 NFL PRETEMP BRONCOS VS FALCONS DÍA  20S,0.0
2026-08-09,F0047466 90 LIGAS LUN MIE VIE 9 PM 30,0.0
2026-08-01,Adte RibEye Q3,1.99
2026-07-12,__DEAL__PA__261391__SPECTRUM__HORIZON__MX-SPECTRUM-Q1-26-CTV__US__US__JAN__2026____SPORTS-ENTHUSIASTS__PCOV__P5,70.5
2026-07-18,__DEAL__PA__257930__RED ROBIN__SURFACE_AGENCY__Q2-2026__US__US__MAY__2026________P5,184.88
2026-07-26,F0047517 LUP GENÉRICA PREGUNTAS NOCHES 30S,0.0
2026-07-28,Adte RibEye Q3,4.0
2026-08-01,F0047517 LUP GENÉRICA PREGUNTAS NOCHES 30S,0.0
2026-08-15,__DEAL__PA__259149__BELL-CANADA__DIRECT-CLIENT__WIRELINE-ALWAYS-ON-LAB-Q3-2026__CA__CA__AUG__2026____CTV-SMART-HOME__PCBV__P5,0.0
2026-08-17,__DEAL__PA__268936__TUBI__WPROMOTE__CONTEXTUAL-BRAND-CAMPAIGN-CTV-FRAME__US__US__SEPT__2026____DC-CTV-WONDERMENT-FEELING-AWE__PCBV__P5,0.0
2026-08-16,2608 - WESTIES Critics Promo - AUG 2026 - MGMPHD363486 - MOVIES,16.09
2026-07-12,Kaiser Permanente Care Delivery H2 2026 - 6226,0.0
2026-07-15,Adtelligent Sensitive Categories Deal - Alcohol - CTV,3.38
2026-08-14,__DEAL__PA__262975__SPECTRUM__HORIZON__MX-SPECTRUM-Q1-26-CTV__US__US__JAN__2026____SPORTS-ENTHUSIASTS__PCOV__P5,0.0
2026-08-12,PRODUCT____264512__DATABRICKS__JUSTGLOBAL__OLV-CTV__US__US__AUG__OCT__2026______COV__,0.0
2026-08-06,__DEAL__PA__262975__SPECTRUM__HORIZON__MX-SPECTRUM-Q1-26-CTV__US__US__JAN__2026____SPORTS-ENTHUSIASTS__PCOV__P5,5.98
2026-08-13,TEST_ARI_DENIS_CTV_BFvsST_BF_DEAL,0.0
2026-07-29,Viant - Political - All Voters ,0.0
2026-08-15,__DEAL__PA__237762__STANLEY-BLACK-&-DECKER__PMG__CRAFTSMAN-CTV__US__US__JUL__2026____FRAME-2-BESPOKE-MODERN-HOBBYIST-PARAMOUNT__PCBV__P5,0.12
2026-08-14,Audigent & Beachfront - AUD-089269 - Adlib - AdLib - Video SmartPMP - US - Audience Code bsy618 - Beeswax,0.0
2026-08-08,__DEAL__PA__257930__RED ROBIN__SURFACE_AGENCY__Q2-2026__US__US__MAY__2026________P5,486.53
2026-08-08,__DEAL__PA__268014__LOVESAC__HEARTS_&_SCIENCE__CTV-AUG-NOV-26__US__US__AUG__2026____AWR-FAMILY-PLEASERS____P5,0.0
2026-08-19,__DEAL__PA__232279__INTERMOUNTAIN__R&R__HEALTH-Q2-2026-CAMPAIGN__US__US__MAY__2026____MEDICAL-WEIGHT-DIABETES-CARE-CTV-MONTANA-FRAME__PCOV__P5,0.0
2026-07-24,__DEAL__PA__194330__CICIS-PIZZA__ARM-CANDY__CTV-TIER-1__US__US__JUL__2026______PCOV__P5,0.0
2026-08-12,F0047697 SUPER COPA CDMX 2026 FECHAS 20,0.0
2026-08-10,__DEAL__PA__237762__STANLEY-BLACK-&-DECKER__PMG__CRAFTSMAN-CTV__US__US__JUL__2026____FRAME-2-BESPOKE-EMPOWERMENT-&-CONFIDENCE-BUILDERS__PCBV__P5,277.95
2026-08-13,Audigent & Beachfront - AUD-089269 - Adlib - AdLib - Video SmartPMP - US - Audience Code bsy618 - Yahoo,0.0
2026-07-16,__DEAL__PA__237762__STANLEY-BLACK-&-DECKER__PMG__CRAFTSMAN-CTV__US__US__JUL__2026____FRAME-2-BESPOKE-RESOURCEFUL-RENTERS-&-HOMEOWNERS__PCBV__P5,0.44
2026-07-30,F0047509 CF JULIO 26 GENEROS LUN-DOM 30,0.0
2026-07-11,2607 - MGMPLUS - WESTIES - PROMO A - Pre-Premiere - MGMPHD363429 - SERIES,11.89
2026-07-21,Adtelligent Sensitive Categories Deal - Gambling - CTV,3.04
2026-07-29,Adte RibEye Q3,3.82
2026-08-15,__DEAL__PA__268937__TUBI__WPROMOTE__CONTEXTUAL-BRAND-CAMPAIGN-CTV-FRAME__US__US__SEPT__2026____SF-CTV-PRIDE-ELATION__PCBV__P5,0.0
2026-08-07,__DEAL__PA__268014__LOVESAC__HEARTS_&_SCIENCE__CTV-AUG-NOV-26__US__US__AUG__2026____AWR-STYLIST-SOPHISTICATES____P5,0.0
2026-08-02,__DEAL____263014__SAN DIEGO TOURISM AUTHORITY__THE_SHIPYARD____Live Sports_US__US__AUG__2026________P0,0.13
2026-08-13,2608 - WESTIES Critics Promo - AUG 2026 - MGMPHD363486 - MOVIES,8.26
2026-08-16,TEST_ARI_DENIS_CTV_BFvsST_BF_DEAL,0.0
2026-08-19,__DEAL__PA__257703__GOODFOOD__NEW-ENGEN__CTV-TEST__US__US__JUL__2026______PCOV__P10,435.74
2026-07-23,__DEAL__PA__257930__RED ROBIN__SURFACE_AGENCY__Q2-2026__US__US__MAY__2026________P5,186.74
2026-07-15,__DEAL__PA__257703__GOODFOOD__NEW-ENGEN__CTV-TEST__US__US__JUL__2026______PCOV__P10,0.0
2026-07-24,Viant - Summer Travel - Liz,0.0
2026-08-09,__DEAL__PA__237762__STANLEY-BLACK-&-DECKER__PMG__CRAFTSMAN-CTV__US__US__JUL__2026____FRAME-2-BESPOKE-DIY-MENTORSHIP-&-BUILDING__PCBV__P5,158.13
2026-08-15,Audigent & Beachfront - AUD-089268 - Adlib - AdLib - Display SmartPMP - US - Audience Code bsy618 - Beeswax,0.0
2026-08-11,Viant - Political - All Voters ,0.0
2026-08-17,__DEAL__PA__268935__TUBI__WPROMOTE__CONTEXTUAL-BRAND-CAMPAIGN-CTV-FRAME__US__US__SEPT__2026____CHICAGO-CTV-WORRY-FEAR__PCBV__P5,0.0
2026-08-19,__DEAL__PA__268935__TUBI__WPROMOTE__CONTEXTUAL-BRAND-CAMPAIGN-CTV-FRAME__US__US__SEPT__2026____CHICAGO-CTV-ENJOYMENT-PLEASURE__PCBV__P5,0.0
2026-08-19,__DEAL__PA__268014__LOVESAC__HEARTS_&_SCIENCE__CTV-AUG-NOV-26__US__US__AUG__2026____AWR-PREMIUM-PRAGMATISTS____P5,0.0
2026-08-19,F0047466 90 LIGAS LUN MIE VIE 9 PM 30,0.0
2026-07-25,__DEAL__PA__262975__SPECTRUM__HORIZON__MX-SPECTRUM-Q1-26-CTV__US__US__JAN__2026____SPORTS-ENTHUSIASTS__PCOV__P5,7.52
2026-07-30,4INFO Deal - CTV (Indirect - G11),0.0
2026-07-11,__DEAL__PA__260746__STANLEY-BLACK-&-DECKER__PMG__CRAFTSMAN-CTV__US__US__JUL__2026____FRAME-1-RESOURCEFUL-RENTERS-&-HOMEOWNERS__PCBV__P5,0.0
2026-08-13,__DEAL____263014__SAN DIEGO TOURISM AUTHORITY__THE_SHIPYARD____RON_US__US__AUG__2026________P0,447.85
2026-08-05,Viant - Political - All Voters ,0.0
2026-07-12,__DEAL__PA__237762__STANLEY-BLACK-&-DECKER__PMG__CRAFTSMAN-CTV__US__US__JUL__2026____FRAME-2-BESPOKE-RESOURCEFUL-RENTERS-&-HOMEOWNERS__PCBV__P5,56.1
2026-07-15,TEST_ARI_DENIS_CTV_BFvsST_BF_DEAL,66.16
2026-08-07,F0047509 CF JULIO 26 GENEROS LUN-DOM 30,0.0
2026-08-12,__DEAL__PA__268014__LOVESAC__HEARTS_&_SCIENCE__CTV-AUG-NOV-26__US__US__AUG__2026____AWR-FAMILY-PLEASERS____P5,0.0
2026-07-24,F0047551 SHOW LO MEJOR JCC 2026 SÁB 15s,0.0
2026-08-07,__DEAL__PA__260746__STANLEY-BLACK-&-DECKER__PMG__CRAFTSMAN-CTV__US__US__JUL__2026____FRAME-1-DIY-MENTORSHIP-&-BUILDING-PARAMOUNT__PCBV__P5,0.0
2026-07-31,Adte_Optimal_Political,0.0
2026-07-25,__DEAL__PA__246118__HOKA__JELLYFISH__HUMAN-FLY-H2-CTV__US__US__AUG__2026____BROAD-FITNESS-&-RUNNING__PCOV__P5,0.0
2026-07-19,__DEAL__PA__260746__STANLEY-BLACK-&-DECKER__PMG__CRAFTSMAN-CTV__US__US__JUL__2026____FRAME-1-MODERN-HOBBYIST__PCBV__P5,0.0
2026-07-13,__DEAL__PA__237762__STANLEY-BLACK-&-DECKER__PMG__CRAFTSMAN-CTV__US__US__JUL__2026____FRAME-2-BESPOKE-MODERN-HOBBYIST__PCBV__P5,0.03
2026-08-12,__DEAL__PA__260746__STANLEY-BLACK-&-DECKER__PMG__CRAFTSMAN-CTV__US__US__JUL__2026____FRAME-1-DIY-MENTORSHIP-&-BUILDING__PCBV__P5,86.19
2026-08-12,__DEAL__PA__268937__TUBI__WPROMOTE__CONTEXTUAL-BRAND-CAMPAIGN-CTV-FRAME__US__US__SEPT__2026____SF-CTV-ENJOYMENT-PLEASURE__PCBV__P5,0.0
2026-08-17,__DEAL__PA__259149__BELL-CANADA__DIRECT-CLIENT__WIRELINE-ALWAYS-ON-LAB-Q3-2026__CA__CA__AUG__2026____CTV-TECHNOLOGY-AND-GADGETS__PCBV__P5,0.0
2026-07-15,__DEAL__PA__260746__STANLEY-BLACK-&-DECKER__PMG__CRAFTSMAN-CTV__US__US__JUL__2026____FRAME-1-EMPOWERMENT-&-CONFIDENCE-BUILDERS__PCBV__P5,0.0
2026-07-21,F0047531 GOTF ASTANA ESTRENO 25,0.0
2026-08-12,Adtelligent Sensitive Category Deal - Nicotine - CTV,0.64
2026-08-17,__DEAL__PA__268937__TUBI__WPROMOTE__CONTEXTUAL-BRAND-CAMPAIGN-CTV-FRAME__US__US__SEPT__2026____SF-CTV-WORRY-FEAR__PCBV__P5,0.0
2026-08-05,Adte RibEye Q3,0.21
2026-07-31,__DEAL__PA__243767__FREDDYS__PMG__ARM-CANDY__US__US__JUL__2026____LOW-CARB-ALTERNATIVES__PCBV__P5,0.19
2026-08-19,__DEAL__PA__268936__TUBI__WPROMOTE__CONTEXTUAL-BRAND-CAMPAIGN-CTV-FRAME__US__US__SEPT__2026____DC-CTV-WORRY-FEAR__PCBV__P5,0.0
2026-07-25,__DEAL__PA__257703__GOODFOOD__NEW-ENGEN__CTV-TEST__US__US__JUL__2026______PCOV__P10,426.68
2026-07-16,__DEAL__PA__243767__FREDDYS__PMG__ARM-CANDY__US__US__JUL__2026____SODAS-&-REFRESHERS__PCBV__P5,0.0
2026-07-23,F0047509 CF JULIO 26 GENEROS LUN-DOM 30,0.0
2026-07-17,__DEAL__PA__237762__STANLEY-BLACK-&-DECKER__PMG__CRAFTSMAN-CTV__US__US__JUL__2026____FRAME-2-BESPOKE-DIY-MENTORSHIP-&-BUILDING__PCBV__P5,21.32
2026-07-22,F0047543 JCC ATLETISMO INAUGURACIÓN VIERNES 15,0.0
2026-08-06,Adtelligent Sensitive Categories Deal - Gambling - CTV,0.23
2026-08-17,__DEAL__PA__237762__STANLEY-BLACK-&-DECKER__PMG__CRAFTSMAN-CTV__US__US__JUL__2026____FRAME-2-BESPOKE-RESOURCEFUL-RENTERS-&-HOMEOWNERS-PARAMOUNT__PCBV__P5,0.09
2026-08-14,F0047460 MLS LU A VIER 6PM 15 13-08-2026,0.0
2026-08-18,F0047466 90 LIGAS LUN MIE VIE 9 PM 30,0.0
2026-08-12,Adte_Optimal_Political,0.0
2026-08-08,__DEAL__PA__232279__INTERMOUNTAIN__R&R__HEALTH-Q2-2026-CAMPAIGN__US__US__MAY__2026____MEDICAL-WEIGHT-DIABETES-CARE-CTV-MONTANA-STANDARD__PCOV__P5,45.56
2026-07-25,F0047531 GOTF ASTANA ESTRENO 25,0.0
2026-07-24,F0047541 JCC DATOS 24 JUL-8 AGO FECHA 20,0.0
2026-07-02,__DEAL__PA__194330__CICIS-PIZZA__ARM-CANDY__CTV-TIER-1__US__US__JUL__2026______PCOV__P5,0.04
2026-07-06,__DEAL__PA__237762__STANLEY-BLACK-&-DECKER__PMG__CRAFTSMAN-CTV__US__US__JUL__2026____FRAME-2-BESPOKE-DIY-MENTORSHIP-&-BUILDING__PCBV__P5,0.0
2026-08-14,__DEAL__PA__268014__LOVESAC__HEARTS_&_SCIENCE__CTV-AUG-NOV-26__US__US__AUG__2026____AWR-PREMIUM-PRAGMATISTS____P5,0.0
2026-08-16,__DEAL__PA__237762__STANLEY-BLACK-&-DECKER__PMG__CRAFTSMAN-CTV__US__US__JUL__2026____FRAME-2-BESPOKE-MODERN-HOBBYIST__PCBV__P5,47.31
2026-08-06,__DEAL__PA__247041__RIGHT-GUARD__EXVERUSMEDIA__EVERGREEN-AMAZON-CTV__US__US__JUN__2026____RIGHT-GUARD-BLUE-COLLAR-BENS__PCOV-CTV__P5,0.0
2026-08-06,__DEAL__PA__260746__STANLEY-BLACK-&-DECKER__PMG__CRAFTSMAN-CTV__US__US__JUL__2026____FRAME-1-EMPOWERMENT-&-CONFIDENCE-BUILDERS__PCBV__P5,0.0
2026-08-17,F0047517 LUP GENÉRICA PREGUNTAS NOCHES 30S,0.0
2026-08-13,__DEAL__PA__260746__STANLEY-BLACK-&-DECKER__PMG__CRAFTSMAN-CTV__US__US__JUL__2026____FRAME-1-MODERN-HOBBYIST-PARAMOUNT__PCBV__P5,147.44
2026-08-05,F0047517 LUP GENÉRICA PREGUNTAS NOCHES 30S,0.0
2026-07-13,__DEAL__PA__257703__GOODFOOD__NEW-ENGEN__CTV-TEST__US__US__JUL__2026______PCOV__P10,0.0
2026-07-23,__DEAL__PA__232279__INTERMOUNTAIN__R&R__HEALTH-Q2-2026-CAMPAIGN__US__US__MAY__2026____MEDICAL-WEIGHT-DIABETES-CARE-CTV-MONTANA-STANDARD__PCOV__P5,0.0
2026-07-28,__DEAL__PA__243767__FREDDYS__PMG__ARM-CANDY__US__US__JUL__2026____LOW-CARB-ALTERNATIVES__PCBV__P5,0.1
2026-07-17,__DEAL__PA__247041__RIGHT-GUARD__EXVERUSMEDIA__EVERGREEN-AMAZON-CTV__US__US__JUN__2026____RIGHT-GUARD-WEEKEND-WARRIORS__PCOV-CTV__P5,0.0
2026-08-11,__DEAL__PA__260746__STANLEY-BLACK-&-DECKER__PMG__CRAFTSMAN-CTV__US__US__JUL__2026____FRAME-1-RESOURCEFUL-RENTERS-&-HOMEOWNERS-PARAMOUNT__PCBV__P5,0.0
2026-08-07,__DEAL__PA__237762__STANLEY-BLACK-&-DECKER__PMG__CRAFTSMAN-CTV__US__US__JUL__2026____FRAME-2-BESPOKE-RESOURCEFUL-RENTERS-&-HOMEOWNERS__PCBV__P5,49.57
2026-08-18,__DEAL__PA__260746__STANLEY-BLACK-&-DECKER__PMG__CRAFTSMAN-CTV__US__US__JUL__2026____FRAME-1-EMPOWERMENT-&-CONFIDENCE-BUILDERS__PCBV__P5,42.67
2026-08-12,__DEAL__PA__243767__FREDDYS__PMG__ARM-CANDY__US__US__JUL__2026____LOW-CARB-ALTERNATIVES__PCBV__P5,5.49
2026-08-06,__DEAL__PA__246118__HOKA__JELLYFISH__HUMAN-FLY-H2-CTV__US__US__AUG__2026____BROAD-FITNESS-&-RUNNING__PCOV__P5,2167.67
2026-07-23,__DEAL__PA__257696__BOARSHEAD__HORIZON__BTS-VIDEO CTV-CAMPAIGN__US__US__JUL__2026______PCOV-CTV__P5,0.0
2026-07-28,__DEAL____263014__SAN DIEGO TOURISM AUTHORITY__THE_SHIPYARD____Experience Seekers_US__US__AUG__2026________P0,0.03
2026-07-21,__DEAL__PA__262975__SPECTRUM__HORIZON__MX-SPECTRUM-Q1-26-CTV__US__US__JAN__2026____SPORTS-ENTHUSIASTS__PCOV__P5,9.66
2026-08-15,__DEAL__PA__260746__STANLEY-BLACK-&-DECKER__PMG__CRAFTSMAN-CTV__US__US__JUL__2026____FRAME-1-MODERN-HOBBYIST__PCBV__P5,0.0
2026-08-11,F0047850 NFL PRETEMP BRONCOS VS FALCONS DÍA  20S,0.0
2026-08-07,Kaiser Permanente Care Delivery H2 2026 - 6226,0.4
2026-08-12,F0047494 FGM A26 DOMINGO 25,0.0
2026-08-06,Adtelligent Sensitive Category Deal - Nicotine - CTV,0.34
2026-08-05,__DEAL__PA__260746__STANLEY-BLACK-&-DECKER__PMG__CRAFTSMAN-CTV__US__US__JUL__2026____FRAME-1-RESOURCEFUL-RENTERS-&-HOMEOWNERS__PCBV__P5,215.3
2026-08-11,__DEAL__PA__243767__FREDDYS__PMG__ARM-CANDY__US__US__JUL__2026____SODAS-&-REFRESHERS__PCBV__P5,0.0
2026-08-11,F0047523 FSR GENERICA VOCES 20 S,0.0
2026-08-17,Viant - Political - All Voters ,0.0
2026-08-19,__DEAL__PA__260746__STANLEY-BLACK-&-DECKER__PMG__CRAFTSMAN-CTV__US__US__JUL__2026____FRAME-1-EMPOWERMENT-&-CONFIDENCE-BUILDERS__PCBV__P5,441.91
2026-08-19,__DEAL__PA__268937__TUBI__WPROMOTE__CONTEXTUAL-BRAND-CAMPAIGN-CTV-FRAME__US__US__SEPT__2026____SF-CTV-WONDERMENT-FEELING-AWE__PCBV__P5,0.0
2026-07-11,Viant - Summer Sports - Liz,0.0
2026-07-24,Adtelligent Sensitive Categories Deal - Gambling - CTV,6.46
2026-08-15,TEST_ARI_DENIS_CTV_BFvsST_BF_DEAL,0.0
2026-08-15,__DEAL__PA__268937__TUBI__WPROMOTE__CONTEXTUAL-BRAND-CAMPAIGN-CTV-FRAME__US__US__SEPT__2026____SF-CTV-ASTONISHMENT-SURPRISE__PCBV__P5,0.0
2026-08-06,__DEAL__PA__257703__GOODFOOD__NEW-ENGEN__CTV-TEST__US__US__JUL__2026______PCOV__P10,441.97
2026-08-04,Adtelligent Sensitive Categories Deal - Alcohol - CTV,0.52
2026-08-09,Kaiser Permanente Care Delivery H2 2026 - 6226,0.51
2026-08-07,__DEAL__PA__257930__RED ROBIN__SURFACE_AGENCY__Q2-2026__US__US__MAY__2026________P5,484.05
2026-08-14,F0047462 FFC CATEGORIAS BOX SABADO 30 10-08-26,0.0
2026-08-08,__DEAL__PA__257696__BOARSHEAD__HORIZON__BTS-VIDEO CTV-CAMPAIGN__US__US__JUL__2026______PCOV-CTV__P5,233.07
2026-08-16,__DEAL__PA__237762__STANLEY-BLACK-&-DECKER__PMG__CRAFTSMAN-CTV__US__US__JUL__2026____FRAME-2-BESPOKE-RESOURCEFUL-RENTERS-&-HOMEOWNERS__PCBV__P5,42.47
2026-07-17,Viant - Summer Travel - Liz,0.0
2026-07-15,Viant - Jetsetters & Travel Enthusiasts -  Liz,0.0
2026-08-19,__DEAL____263014__SAN DIEGO TOURISM AUTHORITY__THE_SHIPYARD____Experience Seekers_US__US__AUG__2026________P0,232.97
2026-08-19,Viant - Jetsetters & Travel Enthusiasts -  Liz,0.0
2026-07-20,__DEAL__PA__260746__STANLEY-BLACK-&-DECKER__PMG__CRAFTSMAN-CTV__US__US__JUL__2026____FRAME-1-RESOURCEFUL-RENTERS-&-HOMEOWNERS__PCBV__P5,0.0
2026-07-28,F0047424 AEW GRAND SLAM TALENTO FECHA 30,0.0
2026-07-29,F0047523 FSR GENERICA VOCES 20 S,0.0
2026-08-10,__DEAL__PA__263210__CYERA__CLOSED-LOOP__Q3-CTV__US__US__AUG__2026______PCOV__P5,0.0
2026-08-17,__DEAL__PA__257703__GOODFOOD__NEW-ENGEN__CTV-TEST__US__US__JUL__2026______PCOV__P10,407.57
2026-08-18,__DEAL__PA__268014__LOVESAC__HEARTS_&_SCIENCE__CTV-AUG-NOV-26__US__US__AUG__2026____AWR-PREMIUM-PRAGMATISTS____P5,0.0
2026-08-01,2607 - MGMPLUS - JULY XCH - MGMP23457-13 - MOVIES,3.72
2026-07-14,__DEAL__PA__237762__STANLEY-BLACK-&-DECKER__PMG__CRAFTSMAN-CTV__US__US__JUL__2026____FRAME-2-BESPOKE-RESOURCEFUL-RENTERS-&-HOMEOWNERS__PCBV__P5,30.55
2026-07-21,__DEAL__PA__260746__STANLEY-BLACK-&-DECKER__PMG__CRAFTSMAN-CTV__US__US__JUL__2026____FRAME-1-EMPOWERMENT-&-CONFIDENCE-BUILDERS__PCBV__P5,0.0
2026-07-13,TEST_ARI_DENIS_CTV_BFvsST_BF_DEAL,83.92
2026-08-12,Seedtag,22643.48
2026-08-10,Audigent & Beachfront - AUD-089268 - Adlib - AdLib - Display SmartPMP - US - Audience Code bsy618 - Beeswax,0.0
2026-08-17,__DEAL__PA__268014__LOVESAC__HEARTS_&_SCIENCE__CTV-AUG-NOV-26__US__US__AUG__2026____AWR-PREMIUM-PRAGMATISTS____P5,0.0
2026-07-14,__DEAL__PA__257930__RED ROBIN__SURFACE_AGENCY__Q2-2026__US__US__MAY__2026________P5,458.69
2026-07-21,Adtelligent Sensitive Categories Deal - Alcohol - CTV,3.74
2026-07-18,Adtelligent Sensitive Categories Deal - Gambling - CTV,1.77
2026-07-19,Adtelligent Sensitive Categories Deal - Gambling - CTV,3.52
2026-08-09,__DEAL__PA__237762__STANLEY-BLACK-&-DECKER__PMG__CRAFTSMAN-CTV__US__US__JUL__2026____FRAME-2-BESPOKE-EMPOWERMENT-&-CONFIDENCE-BUILDERS-PARAMOUNT__PCBV__P5,0.09
2026-08-15,__DEAL__PA__257696__BOARSHEAD__HORIZON__BTS-VIDEO CTV-CAMPAIGN__US__US__JUL__2026______PCOV-CTV__P5,291.98
2026-08-08,F0047509 CF JULIO 26 GENEROS LUN-DOM 30,0.0
2026-08-08,__DEAL__PA__237762__STANLEY-BLACK-&-DECKER__PMG__CRAFTSMAN-CTV__US__US__JUL__2026____FRAME-2-BESPOKE-RESOURCEFUL-RENTERS-&-HOMEOWNERS-PARAMOUNT__PCBV__P5,0.3
2026-07-30,F0047523 FSR GENERICA VOCES 20 S,0.0
2026-07-07,__DEAL__PA__247041__RIGHT-GUARD__EXVERUSMEDIA__EVERGREEN-AMAZON-CTV__US__US__JUN__2026____RIGHT-GUARD-BLUE-COLLAR-BENS__PCOV-CTV__P5,0.0
2026-07-06,__DEAL__PA__237762__STANLEY-BLACK-&-DECKER__PMG__CRAFTSMAN-CTV__US__US__JUL__2026____FRAME-2-BESPOKE-MODERN-HOBBYIST__PCBV__P5,0.0
2026-07-24,__DEAL____264958__ST. JOHN HEALTH__THE_SHIPYARD____US__US__JUL__2026________P0,0.0
2026-07-22,Kaiser Permanente Care Delivery H2 2026 - 6226,0.13
2026-08-09,Adtelligent Sensitive Categories Deal - Gambling - CTV,1.1
2026-08-09,Audigent & Beachfront - AUD-089268 - Adlib - AdLib - Display SmartPMP - US - Audience Code bsy618 - Beeswax,0.0
2026-08-15,__DEAL__PA__257930__RED ROBIN__SURFACE_AGENCY__Q2-2026__US__US__MAY__2026________P5,1563.05
2026-08-18,__DEAL__PA__260746__STANLEY-BLACK-&-DECKER__PMG__CRAFTSMAN-CTV__US__US__JUL__2026____FRAME-1-EMPOWERMENT-&-CONFIDENCE-BUILDERS-PARAMOUNT__PCBV__P5,324.93
2026-08-17,TEST_ARI_DENIS_CTV_BFvsST_BF_DEAL,0.0
2026-08-13,__DEAL__PA__268935__TUBI__WPROMOTE__CONTEXTUAL-BRAND-CAMPAIGN-CTV-FRAME__US__US__SEPT__2026____CHICAGO-CTV-WORRY-FEAR__PCBV__P5,0.0
2026-08-16,F0047494 FGM A26 DOMINGO 25,0.0
2026-07-31,TEST_ARI_DENIS_CTV_BFvsST_BF_DEAL,0.0
2026-07-20,__DEAL__PA__237762__STANLEY-BLACK-&-DECKER__PMG__CRAFTSMAN-CTV__US__US__JUL__2026____FRAME-2-BESPOKE-EMPOWERMENT-&-CONFIDENCE-BUILDERS__PCBV__P5,1001.14
2026-07-21,Q3 Adte - Beeswax US,0.0
2026-07-09,__DEAL__PA__247041__RIGHT-GUARD__EXVERUSMEDIA__EVERGREEN-AMAZON-CTV__US__US__JUN__2026____RIGHT-GUARD-BLUE-COLLAR-BENS__PCOV-CTV__P5,0.0
2026-08-03,Viant - Summer Sports - Liz,0.0
2026-07-01,2607 - MGMPLUS - WESTIES - PROMO A - Pre-Premiere - MGMPHD363429 - MOVIES,6.46
2026-07-17,__DEAL__PA__243767__FREDDYS__PMG__ARM-CANDY__US__US__JUL__2026____LOW-CARB-ALTERNATIVES__PCBV__P5,0.0
2026-08-14,__DEAL____263014__SAN DIEGO TOURISM AUTHORITY__THE_SHIPYARD____Live Sports_US__US__AUG__2026________P0,48.71
2026-07-27,Adtelligent Sensitive Categories Deal - Gambling - CTV,1.44
2026-07-23,Viant - Summer Sports - Liz,0.0
2026-08-18,__DEAL____263014__SAN DIEGO TOURISM AUTHORITY__THE_SHIPYARD____RON_US__US__AUG__2026________P0,364.67
2026-08-10,__DEAL__PA__237762__STANLEY-BLACK-&-DECKER__PMG__CRAFTSMAN-CTV__US__US__JUL__2026____FRAME-2-BESPOKE-MODERN-HOBBYIST__PCBV__P5,289.77
2026-08-17,__DEAL__PA__257696__BOARSHEAD__HORIZON__BTS-VIDEO CTV-CAMPAIGN__US__US__JUL__2026______PCOV-CTV__P5,166.48
2026-08-13,__DEAL__PA__232279__INTERMOUNTAIN__R&R__HEALTH-Q2-2026-CAMPAIGN__US__US__MAY__2026____MEDICAL-WEIGHT-DIABETES-CARE-CTV-MONTANA-STANDARD__PCOV__P5,37.18
2026-08-16,__DEAL____263014__SAN DIEGO TOURISM AUTHORITY__THE_SHIPYARD____Live Sports_US__US__AUG__2026________P0,59.3
2026-08-16,2608 - WESTIES Critics Promo - AUG 2026 - MGMPHD363486 - SERIES,24.15
2026-08-14,2608 - WESTIES Critics Promo - AUG 2026 - MGMPHD363486 - SERIES,11.47
2026-08-14,F0047494 FGM A26 DOMINGO 25,0.0
2026-08-08,__DEAL__PA__260746__STANLEY-BLACK-&-DECKER__PMG__CRAFTSMAN-CTV__US__US__JUL__2026____FRAME-1-EMPOWERMENT-&-CONFIDENCE-BUILDERS__PCBV__P5,529.88
2026-08-17,__DEAL__PA__259149__BELL-CANADA__DIRECT-CLIENT__WIRELINE-ALWAYS-ON-LAB-Q3-2026__CA__CA__AUG__2026____CTV-DEALS__PCBV__P5,0.0
2026-08-13,__DEAL__PA__268937__TUBI__WPROMOTE__CONTEXTUAL-BRAND-CAMPAIGN-CTV-FRAME__US__US__SEPT__2026____SF-CTV-WONDERMENT-FEELING-AWE__PCBV__P5,0.0
2026-08-16,Seedtag,22523.82
2026-07-15,2607 - MGMPLUS - JULY XCH  - MGMP23457-13 - SERIES,27.94
2026-07-27,F0047460 MLS LUN A VIE 6PM 15,0.0
2026-07-25,F0047460 MLS LUN A VIE 6PM 15,0.0
2026-07-18,Kaiser Permanente Care Delivery H2 2026 - 6226,0.37
2026-07-16,__DEAL__PA__257930__RED ROBIN__SURFACE_AGENCY__Q2-2026__US__US__MAY__2026________P5,300.82
2026-07-26,__DEAL__PA__246118__HOKA__JELLYFISH__HUMAN-FLY-H2-CTV__US__US__AUG__2026____BROAD-FITNESS-&-RUNNING__PCOV__P5,0.0
2026-08-07,Adtelligent Sensitive Categories Deal - Gambling - CTV,0.64
2026-08-14,Seedtag,23403.61
2026-08-14,__DEAL__PA__237762__STANLEY-BLACK-&-DECKER__PMG__CRAFTSMAN-CTV__US__US__JUL__2026____FRAME-2-BESPOKE-RESOURCEFUL-RENTERS-&-HOMEOWNERS__PCBV__P5,22.26
2026-08-12,__DEAL__PA__237762__STANLEY-BLACK-&-DECKER__PMG__CRAFTSMAN-CTV__US__US__JUL__2026____FRAME-2-BESPOKE-EMPOWERMENT-&-CONFIDENCE-BUILDERS-PARAMOUNT__PCBV__P5,87.2
2026-08-06,TEST_ARI_DENIS_CTV_BFvsST_BF_DEAL,0.0
2026-08-06,__DEAL__PA__237762__STANLEY-BLACK-&-DECKER__PMG__CRAFTSMAN-CTV__US__US__JUL__2026____FRAME-2-BESPOKE-DIY-MENTORSHIP-&-BUILDING__PCBV__P5 - Paramount,0.0
2026-08-10,Kaiser Permanente Care Delivery H2 2026 - 6226,0.82
2026-07-08,__DEAL__PA__237762__STANLEY-BLACK-&-DECKER__PMG__CRAFTSMAN-CTV__US__US__JUL__2026____FRAME-2-BESPOKE-EMPOWERMENT-&-CONFIDENCE-BUILDERS__PCBV__P5,98.7
2026-07-15,__DEAL__PA__260746__STANLEY-BLACK-&-DECKER__PMG__CRAFTSMAN-CTV__US__US__JUL__2026____FRAME-1-RESOURCEFUL-RENTERS-&-HOMEOWNERS__PCBV__P5,0.0
2026-07-21,__DEAL__PA__194330__CICIS-PIZZA__ARM-CANDY__CTV-TIER-1__US__US__JUL__2026______PCOV__P5,0.0
2026-07-21,F0047466 90 LIGAS LUN MIE VIE 9 PM 30,0.0
2026-07-09,__DEAL__PA__237762__STANLEY-BLACK-&-DECKER__PMG__CRAFTSMAN-CTV__US__US__JUL__2026____FRAME-2-BESPOKE-RESOURCEFUL-RENTERS-&-HOMEOWNERS__PCBV__P5,21.22
2026-07-09,__DEAL__PA__194330__CICIS-PIZZA__ARM-CANDY__CTV-TIER-1__US__US__JUL__2026______PCOV__P5,8.62
2026-07-29,F0047517 LUP GENÉRICA PREGUNTAS NOCHES 30S,0.0
2026-08-09,Audigent & Beachfront - AUD-089270 - Adlib - AdLib - CTV SmartPMP - US - ctv - Audience Code bsy618 - Beeswax,0.0
2026-08-15,__DEAL__PA__257703__GOODFOOD__NEW-ENGEN__CTV-TEST__US__US__JUL__2026______PCOV__P10,368.44
2026-08-14,__DEAL__PA__247041__RIGHT-GUARD__EXVERUSMEDIA__EVERGREEN-AMAZON-CTV__US__US__JUN__2026____RIGHT-GUARD-BLUE-COLLAR-BENS__PCOV-CTV__P5,0.0
2026-08-18,__DEAL__PA__268936__TUBI__WPROMOTE__CONTEXTUAL-BRAND-CAMPAIGN-CTV-FRAME__US__US__SEPT__2026____DC-CTV-ASTONISHMENT-SURPRISE__PCBV__P5,0.0
2026-08-04,__DEAL__PA__194330__CICIS-PIZZA__ARM-CANDY__CTV-TIER-1__US__US__JUL__2026______PCOV__P5,0.0
2026-08-05,__DEAL__PA__268544__NASM__HARMELIN__CTV-Q3-26__US__US__AUG__2026____CONTEXTUAL-AUDIENCE__PCOV__P5,0.0
2026-07-12,2607 - MGMPLUS - WESTIES - PROMO A - Pre-Premiere - MGMPHD363429 - SERIES,33.89
2026-08-15,__DEAL__PA__268014__LOVESAC__HEARTS_&_SCIENCE__CTV-AUG-NOV-26__US__US__AUG__2026____AWR-PREMIUM-PRAGMATISTS____P5,0.0
2026-08-07,__DEAL__PA__260746__STANLEY-BLACK-&-DECKER__PMG__CRAFTSMAN-CTV__US__US__JUL__2026____FRAME-1-EMPOWERMENT-&-CONFIDENCE-BUILDERS-PARAMOUNT__PCBV__P5,0.0
2026-08-18,__DEAL__PA__237762__STANLEY-BLACK-&-DECKER__PMG__CRAFTSMAN-CTV__US__US__JUL__2026____FRAME-2-BESPOKE-MODERN-HOBBYIST__PCBV__P5,131.64
2026-08-04,__DEAL__PA__243767__FREDDYS__PMG__ARM-CANDY__US__US__JUL__2026____LOW-CARB-ALTERNATIVES__PCBV__P5,2.56
2026-07-12,__DEAL__PA__260746__STANLEY-BLACK-&-DECKER__PMG__CRAFTSMAN-CTV__US__US__JUL__2026____FRAME-1-RESOURCEFUL-RENTERS-&-HOMEOWNERS__PCBV__P5,0.0
2026-07-16,Seedtag,9419.3
2026-07-11,__DEAL__PA__237762__STANLEY-BLACK-&-DECKER__PMG__CRAFTSMAN-CTV__US__US__JUL__2026____FRAME-2-BESPOKE-EMPOWERMENT-&-CONFIDENCE-BUILDERS__PCBV__P5,5.51
2026-07-21,__DEAL__PA__243767__FREDDYS__PMG__ARM-CANDY__US__US__JUL__2026____LOW-CARB-ALTERNATIVES__PCBV__P5,0.91
2026-08-18,__DEAL__PA__259149__BELL-CANADA__DIRECT-CLIENT__WIRELINE-ALWAYS-ON-LAB-Q3-2026__CA__CA__AUG__2026____CTV-SMART-HOME__PCBV__P5,0.0
2026-08-03,__DEAL__PA__263210__CYERA__CLOSED-LOOP__Q3-CTV__US__US__AUG__2026______PCOV__P5,0.0
2026-08-16,Audigent & Beachfront - AUD-089269 - Adlib - AdLib - Video SmartPMP - US - Audience Code bsy618 - Beeswax,0.0
2026-07-26,F0047531 GOTF ASTANA ESTRENO 25,0.0
2026-07-15,__DEAL__PA__243767__FREDDYS__PMG__ARM-CANDY__US__US__JUL__2026____SODAS-&-REFRESHERS__PCBV__P5,0.0
2026-07-02,__DEAL__PA__247932__CICIS-PIZZA__ARM-CANDY__CTV-TIER-4__US__US__JUL__2026______PCOV__P5,0.0
2026-08-15,__DEAL__PA__259149__BELL-CANADA__DIRECT-CLIENT__WIRELINE-ALWAYS-ON-LAB-Q3-2026__CA__CA__AUG__2026____CTV-DEALS__PCBV__P5,0.0
2026-08-07,Audigent & Beachfront - AUD-089268 - Adlib - AdLib - Display SmartPMP - US - Audience Code bsy618 - Beeswax,0.0
2026-08-13,Audigent & Beachfront - AUD-089268 - Adlib - AdLib - Display SmartPMP - US - Audience Code bsy618 - Yahoo,0.0
2026-08-19,2608  - AUG 2026 XCH  - MGMP23468-13 - SERIES,7.06
2026-07-20,2607 - MGMPLUS - JULY XCH  - MGMP23457-13 - SERIES,37.37
2026-07-22,__DEAL__PA__237762__STANLEY-BLACK-&-DECKER__PMG__CRAFTSMAN-CTV__US__US__JUL__2026____FRAME-2-BESPOKE-MODERN-HOBBYIST__PCBV__P5,19.5
2026-07-29,Adtelligent Sensitive Categories Deal - Alcohol - CTV,3.31
2026-08-11,__DEAL__PA__260746__STANLEY-BLACK-&-DECKER__PMG__CRAFTSMAN-CTV__US__US__JUL__2026____FRAME-1-DIY-MENTORSHIP-&-BUILDING-PARAMOUNT__PCBV__P5,0.0
2026-08-06,__DEAL__PA__268014__LOVESAC__HEARTS_&_SCIENCE__CTV-AUG-NOV-26__US__US__AUG__2026____AWR-FAMILY-PLEASERS____P5,0.0
2026-08-13,__DEAL__PA__246118__HOKA__JELLYFISH__HUMAN-FLY-H2-CTV__US__US__AUG__2026____BROAD-FITNESS-&-RUNNING__PCOV__P5,1872.68
2026-08-13,__DEAL__PA__263210__CYERA__CLOSED-LOOP__Q3-CTV__US__US__AUG__2026______PCOV__P5,916.8
2026-08-19,2608  - AUG 2026 XCH  - MGMP23468-13 - MOVIES,9.94
2026-07-30,Viant - Political - All Voters ,0.0
2026-07-24,Kaiser Permanente Care Delivery H2 2026 - 6226,0.08
2026-07-09,__DEAL__PA__261391__SPECTRUM__HORIZON__MX-SPECTRUM-Q1-26-CTV__US__US__JAN__2026____SPORTS-ENTHUSIASTS__PCOV__P5,68.83
2026-08-18,Audigent & Beachfront - AUD-089268 - Adlib - AdLib - Display SmartPMP - US - Audience Code bsy618 - Yahoo,0.0
2026-08-03,Viant - Summer Travel - Liz,0.0
2026-08-10,__DEAL__PA__268014__LOVESAC__HEARTS_&_SCIENCE__CTV-AUG-NOV-26__US__US__AUG__2026____AWR-STYLIST-SOPHISTICATES____P5,0.0
2026-08-19,__DEAL__PA__259149__BELL-CANADA__DIRECT-CLIENT__WIRELINE-ALWAYS-ON-LAB-Q3-2026__CA__CA__AUG__2026____CTV-SMART-HOME__PCBV__P5,0.0
2026-07-20,__DEAL__PA__247041__RIGHT-GUARD__EXVERUSMEDIA__EVERGREEN-AMAZON-CTV__US__US__JUN__2026____RIGHT-GUARD-WEEKEND-WARRIORS__PCOV-CTV__P5,0.0
2026-08-08,__DEAL__PA__260746__STANLEY-BLACK-&-DECKER__PMG__CRAFTSMAN-CTV__US__US__JUL__2026____FRAME-1-RESOURCEFUL-RENTERS-&-HOMEOWNERS__PCBV__P5,213.56
2026-07-07,__DEAL__PA__237762__STANLEY-BLACK-&-DECKER__PMG__CRAFTSMAN-CTV__US__US__JUL__2026____FRAME-2-BESPOKE-RESOURCEFUL-RENTERS-&-HOMEOWNERS__PCBV__P5,8.51
2026-08-07,Audigent & Beachfront - AUD-089272 - Adlib - AdLib - Native SmartPMP - US - Audience Code bsy618 - Beeswax,0.0
2026-08-18,__DEAL__PA__268936__TUBI__WPROMOTE__CONTEXTUAL-BRAND-CAMPAIGN-CTV-FRAME__US__US__SEPT__2026____DC-CTV-WORRY-FEAR__PCBV__P5,0.0
2026-08-03,__DEAL__PA__232279__INTERMOUNTAIN__R&R__HEALTH-Q2-2026-CAMPAIGN__US__US__MAY__2026____MEDICAL-WEIGHT-DIABETES-CARE-CTV-MONTANA-STANDARD__PCOV__P5,53.69
2026-08-03,Viant - Political - All Voters ,0.0
2026-08-15,__DEAL__PA__268936__TUBI__WPROMOTE__CONTEXTUAL-BRAND-CAMPAIGN-CTV-FRAME__US__US__SEPT__2026____DC-CTV-ENJOYMENT-PLEASURE__PCBV__P5,0.0
2026-08-18,__DEAL__PA__268936__TUBI__WPROMOTE__CONTEXTUAL-BRAND-CAMPAIGN-CTV-FRAME__US__US__SEPT__2026____DC-CTV-PRIDE-ELATION__PCBV__P5,0.0
2026-08-13,__DEAL__PA__268936__TUBI__WPROMOTE__CONTEXTUAL-BRAND-CAMPAIGN-CTV-FRAME__US__US__SEPT__2026____DC-CTV-PRIDE-ELATION__PCBV__P5,0.0
2026-07-01,2607 - MGMPLUS - WESTIES - PROMO A - Pre-Premiere - MGMPHD363429 - SERIES,9.82
2026-07-28,__DEAL__PA__246118__HOKA__JELLYFISH__HUMAN-FLY-H2-CTV__US__US__AUG__2026____BROAD-FITNESS-&-RUNNING__PCOV__P5,0.0
2026-07-22,Viant - Jetsetters & Travel Enthusiasts -  Liz,0.0
2026-07-07,__DEAL__PA__237762__STANLEY-BLACK-&-DECKER__PMG__CRAFTSMAN-CTV__US__US__JUL__2026____FRAME-2-BESPOKE-DIY-MENTORSHIP-&-BUILDING__PCBV__P5,0.0
2026-08-08,__DEAL__PA__268014__LOVESAC__HEARTS_&_SCIENCE__CTV-AUG-NOV-26__US__US__AUG__2026____AWR-PREMIUM-PRAGMATISTS____P5,0.0
2026-08-10,Audigent & Beachfront - AUD-089270 - Adlib - AdLib - CTV SmartPMP - US - ctv - Audience Code bsy618 - Beeswax,0.0
2026-08-17,__DEAL__PA__237762__STANLEY-BLACK-&-DECKER__PMG__CRAFTSMAN-CTV__US__US__JUL__2026____FRAME-2-BESPOKE-MODERN-HOBBYIST-PARAMOUNT__PCBV__P5,0.0
2026-07-05,__DEAL__PA__194330__CICIS-PIZZA__ARM-CANDY__CTV-TIER-1__US__US__JUL__2026______PCOV__P5,0.08
2026-08-18,__DEAL__PA__268935__TUBI__WPROMOTE__CONTEXTUAL-BRAND-CAMPAIGN-CTV-FRAME__US__US__SEPT__2026____CHICAGO-CTV-ENJOYMENT-PLEASURE__PCBV__P5,0.0
2026-08-03,__DEAL__PA__232279__INTERMOUNTAIN__R&R__HEALTH-Q2-2026-CAMPAIGN__US__US__MAY__2026____MEDICAL-WEIGHT-DIABETES-CARE-CTV-MONTANA-FRAME__PCOV__P5,211.56
2026-08-12,__DEAL__PA__194330__CICIS-PIZZA__ARM-CANDY__CTV-TIER-1__US__US__JUL__2026______PCOV__P5,0.0
2026-08-10,__DEAL__PA__260746__STANLEY-BLACK-&-DECKER__PMG__CRAFTSMAN-CTV__US__US__JUL__2026____FRAME-1-RESOURCEFUL-RENTERS-&-HOMEOWNERS-PARAMOUNT__PCBV__P5,0.0
2026-08-17,__DEAL__PA__268937__TUBI__WPROMOTE__CONTEXTUAL-BRAND-CAMPAIGN-CTV-FRAME__US__US__SEPT__2026____SF-CTV-ASTONISHMENT-SURPRISE__PCBV__P5,0.0
2026-07-26,__DEAL__PA__262975__SPECTRUM__HORIZON__MX-SPECTRUM-Q1-26-CTV__US__US__JAN__2026____SPORTS-ENTHUSIASTS__PCOV__P5,6.89
2026-07-19,__DEAL__PA__237762__STANLEY-BLACK-&-DECKER__PMG__CRAFTSMAN-CTV__US__US__JUL__2026____FRAME-2-BESPOKE-DIY-MENTORSHIP-&-BUILDING__PCBV__P5,28.52
2026-08-19,__DEAL__PA__260746__STANLEY-BLACK-&-DECKER__PMG__CRAFTSMAN-CTV__US__US__JUL__2026____FRAME-1-EMPOWERMENT-&-CONFIDENCE-BUILDERS-PARAMOUNT__PCBV__P5,853.88
2026-08-04,Q3 Adte - Beeswax US,0.09
2026-07-26,F0047424 AEW GRAND SLAM TALENTO FECHA 30,0.0
2026-07-20,Viant - Summer Sports - Liz,0.0
2026-07-13,__DEAL__PA__237762__STANLEY-BLACK-&-DECKER__PMG__CRAFTSMAN-CTV__US__US__JUL__2026____FRAME-2-BESPOKE-RESOURCEFUL-RENTERS-&-HOMEOWNERS__PCBV__P5,51.32
2026-08-19,F0048276 LNBP TEMPORADA 2026 GENERICA 30,0.0
2026-08-14,TEST_ARI_DENIS_CTV_BFvsST_BF_DEAL,0.0
2026-08-17,__DEAL__PA__260746__STANLEY-BLACK-&-DECKER__PMG__CRAFTSMAN-CTV__US__US__JUL__2026____FRAME-1-MODERN-HOBBYIST__PCBV__P5,0.0
2026-07-30,Viant - Summer Sports - Liz,0.0
2026-07-24,F0047517 LUP GENÉRICA PREGUNTAS NOCHES 30S,0.0
2026-07-13,Seedtag,6908.94
2026-08-07,__DEAL__PA__237762__STANLEY-BLACK-&-DECKER__PMG__CRAFTSMAN-CTV__US__US__JUL__2026____FRAME-2-BESPOKE-DIY-MENTORSHIP-&-BUILDING__PCBV__P5,75.18
2026-08-14,__DEAL__PA__260746__STANLEY-BLACK-&-DECKER__PMG__CRAFTSMAN-CTV__US__US__JUL__2026____FRAME-1-MODERN-HOBBYIST__PCBV__P5,0.0
2026-08-17,Seedtag,22836.19
2026-07-31,__DEAL__PA__257703__GOODFOOD__NEW-ENGEN__CTV-TEST__US__US__JUL__2026______PCOV__P10,396.11
2026-08-19,__DEAL____263014__SAN DIEGO TOURISM AUTHORITY__THE_SHIPYARD____RON_US__US__AUG__2026________P0,324.96
2026-08-18,__DEAL__PA__268935__TUBI__WPROMOTE__CONTEXTUAL-BRAND-CAMPAIGN-CTV-FRAME__US__US__SEPT__2026____CHICAGO-CTV-WONDERMENT-FEELING-AWE__PCBV__P5,0.0
2026-08-06,__DEAL__PA__260746__STANLEY-BLACK-&-DECKER__PMG__CRAFTSMAN-CTV__US__US__JUL__2026____FRAME-1-DIY-MENTORSHIP-&-BUILDING__PCBV__P5,0.0
2026-08-06,__DEAL__PA__260746__STANLEY-BLACK-&-DECKER__PMG__CRAFTSMAN-CTV__US__US__JUL__2026____FRAME-1-MODERN-HOBBYIST__PCBV__P5,0.0
2026-08-16,F0047517 LUP GENÉRICA PREGUNTAS NOCHES 30S,0.0
2026-07-19,__DEAL__PA__262975__SPECTRUM__HORIZON__MX-SPECTRUM-Q1-26-CTV__US__US__JAN__2026____SPORTS-ENTHUSIASTS__PCOV__P5,13.74
2026-07-15,__DEAL__PA__237762__STANLEY-BLACK-&-DECKER__PMG__CRAFTSMAN-CTV__US__US__JUL__2026____FRAME-2-BESPOKE-EMPOWERMENT-&-CONFIDENCE-BUILDERS__PCBV__P5,0.09
2026-07-15,F0047235 MONSTER JAM EP 11,0.0
2026-08-06,Seedtag,14251.92
2026-08-06,__DEAL__PA__237762__STANLEY-BLACK-&-DECKER__PMG__CRAFTSMAN-CTV__US__US__JUL__2026____FRAME-2-BESPOKE-MODERN-HOBBYIST-PARAMOUNT__PCBV__P5,0.0
2026-08-16,__DEAL__PA__268937__TUBI__WPROMOTE__CONTEXTUAL-BRAND-CAMPAIGN-CTV-FRAME__US__US__SEPT__2026____SF-CTV-LONGING-NOSTALGIA__PCBV__P5,0.0
2026-07-14,Adtelligent Sensitive Categories Deal - Alcohol - CTV,0.2
2026-07-14,__DEAL__PA__261391__SPECTRUM__HORIZON__MX-SPECTRUM-Q1-26-CTV__US__US__JAN__2026____SPORTS-ENTHUSIASTS__PCOV__P5,56.22
2026-07-20,__DEAL__PA__232279__INTERMOUNTAIN__R&R__HEALTH-Q2-2026-CAMPAIGN__US__US__MAY__2026____MEDICAL-WEIGHT-DIABETES-CARE-CTV-MONTANA-FRAME__PCOV__P5,216.89
2026-08-18,Audigent & Beachfront - AUD-089270 - Adlib - AdLib - CTV SmartPMP - US - ctv - Audience Code bsy618 - Yahoo,0.0
2026-08-08,__DEAL__PA__237762__STANLEY-BLACK-&-DECKER__PMG__CRAFTSMAN-CTV__US__US__JUL__2026____FRAME-2-BESPOKE-MODERN-HOBBYIST-PARAMOUNT__PCBV__P5,0.2
2026-08-04,Adte_Optimal_Political,0.0
2026-08-14,__DEAL__PA__268014__LOVESAC__HEARTS_&_SCIENCE__CTV-AUG-NOV-26__US__US__AUG__2026____AWR-FAMILY-PLEASERS____P5,0.0
2026-08-18,__DEAL__PA__259149__BELL-CANADA__DIRECT-CLIENT__WIRELINE-ALWAYS-ON-LAB-Q3-2026__CA__CA__AUG__2026____CTV-COLLEGE-EDUCATION__PCBV__P5,0.0
2026-08-13,__DEAL____263014__SAN DIEGO TOURISM AUTHORITY__THE_SHIPYARD____Experience Seekers_US__US__AUG__2026________P0,139.72
2026-08-10,Audigent & Beachfront - AUD-089269 - Adlib - AdLib - Video SmartPMP - US - Audience Code bsy618 - Beeswax,0.0
2026-07-16,__DEAL__PA__243767__FREDDYS__PMG__ARM-CANDY__US__US__JUL__2026____LOW-CARB-ALTERNATIVES__PCBV__P5,0.0
2026-08-12,F0047517 LUP GENÉRICA PREGUNTAS NOCHES 30S,0.0
2026-08-13,__DEAL__PA__237762__STANLEY-BLACK-&-DECKER__PMG__CRAFTSMAN-CTV__US__US__JUL__2026____FRAME-2-BESPOKE-EMPOWERMENT-&-CONFIDENCE-BUILDERS__PCBV__P5,9.5
2026-07-10,__DEAL__PA__247041__RIGHT-GUARD__EXVERUSMEDIA__EVERGREEN-AMAZON-CTV__US__US__JUN__2026____RIGHT-GUARD-BLUE-COLLAR-BENS__PCOV-CTV__P5,0.0
2026-07-27,__DEAL__PA__232279__INTERMOUNTAIN__R&R__HEALTH-Q2-2026-CAMPAIGN__US__US__MAY__2026____MEDICAL-WEIGHT-DIABETES-CARE-CTV-MONTANA-STANDARD__PCOV__P5,22.81
2026-07-27,__DEAL____264958__ST. JOHN HEALTH__THE_SHIPYARD____US__US__JUL__2026________P0,0.03
2026-07-27,F0047466 90 LIGAS LUN MIE VIE 9 PM 30,0.0
2026-07-13,2607 - MGMPLUS - JULY XCH - MGMP23457-13 - MOVIES,6.68
2026-08-04,F0047509 CF JULIO 26 GENEROS LUN-DOM 30,0.0
2026-08-17,__DEAL__PA__269962__LLBEAN__MEDIAHUB__ORION-CTV-AWARENESS-Q4-Q1__US__US__SEPT__2026____GROWTH-ENTHUSIASTS__PCOV__P5,0.0
2026-08-09,__DEAL__PA__262975__SPECTRUM__HORIZON__MX-SPECTRUM-Q1-26-CTV__US__US__JAN__2026____SPORTS-ENTHUSIASTS__PCOV__P5,0.0
2026-08-15,__DEAL__PA__247041__RIGHT-GUARD__EXVERUSMEDIA__EVERGREEN-AMAZON-CTV__US__US__JUN__2026____RIGHT-GUARD-BLUE-COLLAR-BENS__PCOV-CTV__P5,0.0
2026-08-15,__DEAL__PA__260746__STANLEY-BLACK-&-DECKER__PMG__CRAFTSMAN-CTV__US__US__JUL__2026____FRAME-1-DIY-MENTORSHIP-&-BUILDING-PARAMOUNT__PCBV__P5,0.0
2026-08-17,__DEAL__PA__260746__STANLEY-BLACK-&-DECKER__PMG__CRAFTSMAN-CTV__US__US__JUL__2026____FRAME-1-RESOURCEFUL-RENTERS-&-HOMEOWNERS__PCBV__P5,14.33
2026-08-16,__DEAL__PA__260746__STANLEY-BLACK-&-DECKER__PMG__CRAFTSMAN-CTV__US__US__JUL__2026____FRAME-1-RESOURCEFUL-RENTERS-&-HOMEOWNERS-PARAMOUNT__PCBV__P5,0.0
2026-07-27,F0047509 CF JULIO 26 GENEROS LUN-DOM 30,0.0
2026-07-08,2607 - MGMPLUS - WESTIES - PROMO A - Pre-Premiere - MGMPHD363429 - MOVIES,10.68
2026-07-30,2607 - MGMPLUS - JULY XCH  - MGMP23457-13 - SERIES,14.33
2026-07-17,__DEAL__PA__257930__RED ROBIN__SURFACE_AGENCY__Q2-2026__US__US__MAY__2026________P5,283.85
2026-08-15,__DEAL__PA__260746__STANLEY-BLACK-&-DECKER__PMG__CRAFTSMAN-CTV__US__US__JUL__2026____FRAME-1-EMPOWERMENT-&-CONFIDENCE-BUILDERS__PCBV__P5,20.91
2026-08-10,F0047517 LUP GENÉRICA PREGUNTAS NOCHES 30S,0.0
2026-08-13,__DEAL__PA__260746__STANLEY-BLACK-&-DECKER__PMG__CRAFTSMAN-CTV__US__US__JUL__2026____FRAME-1-EMPOWERMENT-&-CONFIDENCE-BUILDERS-PARAMOUNT__PCBV__P5,0.0
2026-07-14,__DEAL__PA__237762__STANLEY-BLACK-&-DECKER__PMG__CRAFTSMAN-CTV__US__US__JUL__2026____FRAME-2-BESPOKE-MODERN-HOBBYIST__PCBV__P5,0.74
2026-07-16,__DEAL__PA__257703__GOODFOOD__NEW-ENGEN__CTV-TEST__US__US__JUL__2026______PCOV__P10,356.91
2026-07-23,__DEAL__PA__237762__STANLEY-BLACK-&-DECKER__PMG__CRAFTSMAN-CTV__US__US__JUL__2026____FRAME-2-BESPOKE-EMPOWERMENT-&-CONFIDENCE-BUILDERS__PCBV__P5,0.0
2026-07-30,__DEAL__PA__243767__FREDDYS__PMG__ARM-CANDY__US__US__JUL__2026____SODAS-&-REFRESHERS__PCBV__P5,0.0
2026-07-11,Viant - Jetsetters & Travel Enthusiasts -  Liz,0.0
2026-08-18,__DEAL__PA__268935__TUBI__WPROMOTE__CONTEXTUAL-BRAND-CAMPAIGN-CTV-FRAME__US__US__SEPT__2026____CHICAGO-CTV-PRIDE-ELATION__PCBV__P5,0.0
2026-08-10,Adtelligent Sensitive Categories Deal - Alcohol - CTV,0.55
2026-07-16,__DEAL__PA__260746__STANLEY-BLACK-&-DECKER__PMG__CRAFTSMAN-CTV__US__US__JUL__2026____FRAME-1-MODERN-HOBBYIST__PCBV__P5,0.0
2026-07-16,F0047235 MONSTER JAM EP 11,0.0
2026-08-03,__DEAL__PA__243767__FREDDYS__PMG__ARM-CANDY__US__US__JUL__2026____SODAS-&-REFRESHERS__PCBV__P5,0.0
2026-08-04,__DEAL__PA__237762__STANLEY-BLACK-&-DECKER__PMG__CRAFTSMAN-CTV__US__US__JUL__2026____FRAME-2-BESPOKE-MODERN-HOBBYIST__PCBV__P5,88.36
2026-08-13,__DEAL__PA__268937__TUBI__WPROMOTE__CONTEXTUAL-BRAND-CAMPAIGN-CTV-FRAME__US__US__SEPT__2026____SF-CTV-WORRY-FEAR__PCBV__P5,0.0
2026-07-11,2607 - MGMPLUS - WESTIES - PROMO A - Pre-Premiere - MGMPHD363429 - MOVIES,14.77
2026-08-14,__DEAL__PA__268937__TUBI__WPROMOTE__CONTEXTUAL-BRAND-CAMPAIGN-CTV-FRAME__US__US__SEPT__2026____SF-CTV-ENJOYMENT-PLEASURE__PCBV__P5,0.0
2026-08-01,Adtelligent Sensitive Category Deal - Nicotine - CTV,0.16
2026-07-31,2607 - MGMPLUS - JULY XCH - MGMP23457-13 - MOVIES,10.82
2026-08-19,Audigent & Beachfront - AUD-089268 - Adlib - AdLib - Display SmartPMP - US - Audience Code bsy618 - Yahoo,0.0
2026-07-18,__DEAL__PA__194330__CICIS-PIZZA__ARM-CANDY__CTV-TIER-1__US__US__JUL__2026______PCOV__P5,4.89
2026-07-30,Viant - Summer Travel - Liz,0.0
2026-08-17,__DEAL__PA__237762__STANLEY-BLACK-&-DECKER__PMG__CRAFTSMAN-CTV__US__US__JUL__2026____FRAME-2-BESPOKE-EMPOWERMENT-&-CONFIDENCE-BUILDERS-PARAMOUNT__PCBV__P5,0.0
2026-08-13,F0047462 FFC CATEGORIAS BOX SABADO 30 10-08-26,0.0
2026-07-20,__DEAL__PA__243767__FREDDYS__PMG__ARM-CANDY__US__US__JUL__2026____SODAS-&-REFRESHERS__PCBV__P5,0.0
2026-08-09,__DEAL____264958__ST. JOHN HEALTH__THE_SHIPYARD____US__US__JUL__2026________P0,234.62
2026-08-06,__DEAL__PA__247041__RIGHT-GUARD__EXVERUSMEDIA__EVERGREEN-AMAZON-CTV__US__US__JUN__2026____RIGHT-GUARD-WEEKEND-WARRIORS__PCOV-CTV__P5,0.0
2026-08-02,Adtelligent Sensitive Categories Deal - Alcohol - CTV,0.61
2026-08-02,F0047517 LUP GENÉRICA PREGUNTAS NOCHES 30S,0.0
2026-08-13,__DEAL__PA__262975__SPECTRUM__HORIZON__MX-SPECTRUM-Q1-26-CTV__US__US__JAN__2026____SPORTS-ENTHUSIASTS__PCOV__P5,0.0
2026-08-13,Viant - Summer Sports - Liz,0.0
2026-07-14,F0047323 WWC U17 TEASER SEMI FIN,0.0
2026-07-23,2607 - MGMPLUS - JULY XCH  - MGMP23457-13 - SERIES,21.37
2026-07-23,F0047551 SHOW LO MEJOR JCC 2026 SÁB 15s,0.0
2026-07-21,F0047543 JCC ATLETISMO INAUGURACIÓN VIERNES 15,0.0
2026-08-19,__DEAL__PA__268544__NASM__HARMELIN__CTV-Q3-26__US__US__AUG__2026____CONTEXTUAL-AUDIENCE__PCOV__P5,0.0
2026-08-11,__DEAL__PA__260746__STANLEY-BLACK-&-DECKER__PMG__CRAFTSMAN-CTV__US__US__JUL__2026____FRAME-1-MODERN-HOBBYIST__PCBV__P5,0.0
2026-08-14,PRODUCT____264512__DATABRICKS__JUSTGLOBAL__OLV-CTV__US__US__AUG__OCT__2026______COV__,0.0
2026-08-12,__DEAL__PA__247041__RIGHT-GUARD__EXVERUSMEDIA__EVERGREEN-AMAZON-CTV__US__US__JUN__2026____RIGHT-GUARD-BLUE-COLLAR-BENS__PCOV-CTV__P5,0.0
2026-07-27,__DEAL__PA__246118__HOKA__JELLYFISH__HUMAN-FLY-H2-CTV__US__US__AUG__2026____BROAD-FITNESS-&-RUNNING__PCOV__P5,0.0
2026-07-16,TEST_ARI_DENIS_CTV_BFvsST_BF_DEAL,9.29
2026-07-17,Adtelligent Sensitive Categories Deal - Alcohol - CTV,3.98
2026-08-09,Audigent & Beachfront - AUD-089272 - Adlib - AdLib - Native SmartPMP - US - Audience Code bsy618 - Beeswax,0.0
2026-08-09,F0047517 LUP GENÉRICA PREGUNTAS NOCHES 30S,0.0
2026-08-03,Viant - Jetsetters & Travel Enthusiasts -  Liz,0.0
2026-08-17,__DEAL____263014__SAN DIEGO TOURISM AUTHORITY__THE_SHIPYARD____Live Sports_US__US__AUG__2026________P0,24.0
2026-08-19,__DEAL__PA__263210__CYERA__CLOSED-LOOP__Q3-CTV__US__US__AUG__2026______PCOV__P5,882.28
2026-08-11,__DEAL__PA__237762__STANLEY-BLACK-&-DECKER__PMG__CRAFTSMAN-CTV__US__US__JUL__2026____FRAME-2-BESPOKE-MODERN-HOBBYIST-PARAMOUNT__PCBV__P5,0.36
2026-08-13,Viant - Political - All Voters ,0.0
2026-07-21,__DEAL__PA__237762__STANLEY-BLACK-&-DECKER__PMG__CRAFTSMAN-CTV__US__US__JUL__2026____FRAME-2-BESPOKE-DIY-MENTORSHIP-&-BUILDING__PCBV__P5,0.0
2026-07-23,Viant - Summer Travel - Liz,0.0
2026-07-30,__DEAL__PA__247041__RIGHT-GUARD__EXVERUSMEDIA__EVERGREEN-AMAZON-CTV__US__US__JUN__2026____RIGHT-GUARD-WEEKEND-WARRIORS__PCOV-CTV__P5,0.0
2026-07-29,Q3 Adte - Beeswax US,0.26
2026-08-13,__DEAL__PA__260746__STANLEY-BLACK-&-DECKER__PMG__CRAFTSMAN-CTV__US__US__JUL__2026____FRAME-1-RESOURCEFUL-RENTERS-&-HOMEOWNERS__PCBV__P5,218.53
2026-07-13,__DEAL__PA__247041__RIGHT-GUARD__EXVERUSMEDIA__EVERGREEN-AMAZON-CTV__US__US__JUN__2026____RIGHT-GUARD-WEEKEND-WARRIORS__PCOV-CTV__P5,0.0
2026-08-09,__DEAL____263014__SAN DIEGO TOURISM AUTHORITY__THE_SHIPYARD____Live Sports_US__US__AUG__2026________P0,80.52
2026-08-14,Adtelligent Sensitive Category Deal - Nicotine - CTV,0.02
2026-07-07,__DEAL__PA__194330__CICIS-PIZZA__ARM-CANDY__CTV-TIER-1__US__US__JUL__2026______PCOV__P5,6.92
2026-08-07,__DEAL____263014__SAN DIEGO TOURISM AUTHORITY__THE_SHIPYARD____Experience Seekers_US__US__AUG__2026________P0,388.27
2026-08-14,__DEAL__PA__260746__STANLEY-BLACK-&-DECKER__PMG__CRAFTSMAN-CTV__US__US__JUL__2026____FRAME-1-DIY-MENTORSHIP-&-BUILDING__PCBV__P5,434.92
2026-08-12,__DEAL__PA__237762__STANLEY-BLACK-&-DECKER__PMG__CRAFTSMAN-CTV__US__US__JUL__2026____FRAME-2-BESPOKE-RESOURCEFUL-RENTERS-&-HOMEOWNERS__PCBV__P5,16.53
2026-08-16,__DEAL__PA__260746__STANLEY-BLACK-&-DECKER__PMG__CRAFTSMAN-CTV__US__US__JUL__2026____FRAME-1-DIY-MENTORSHIP-&-BUILDING__PCBV__P5,166.32
2026-07-08,__DEAL__PA__246118__HOKA__JELLYFISH__HUMAN-FLY-H2-CTV__US__US__AUG__2026____BROAD-FITNESS-&-RUNNING__PCBV__P5,0.0
2026-07-15,F0047424 AEW GRAND SLAM TALENTO FECHA 30,0.0
2026-07-22,F0047517 LUP GENÉRICA PREGUNTAS NOCHES 30S,0.0
2026-08-03,F0047523 FSR GENERICA VOCES 20 S,0.0
2026-07-27,__DEAL__PA__262975__SPECTRUM__HORIZON__MX-SPECTRUM-Q1-26-CTV__US__US__JAN__2026____SPORTS-ENTHUSIASTS__PCOV__P5,7.3
2026-07-22,F0047462 FFC CATEGORIAS BOX SABADO 30,0.0
2026-07-02,2607 - MGMPLUS - WESTIES - PROMO A - Pre-Premiere - MGMPHD363429 - MOVIES,9.96
2026-08-11,__DEAL__PA__260746__STANLEY-BLACK-&-DECKER__PMG__CRAFTSMAN-CTV__US__US__JUL__2026____FRAME-1-RESOURCEFUL-RENTERS-&-HOMEOWNERS__PCBV__P5,15.46
2026-08-12,__DEAL__PA__237762__STANLEY-BLACK-&-DECKER__PMG__CRAFTSMAN-CTV__US__US__JUL__2026____FRAME-2-BESPOKE-MODERN-HOBBYIST-PARAMOUNT__PCBV__P5,39.45
2026-08-13,__DEAL__PA__268935__TUBI__WPROMOTE__CONTEXTUAL-BRAND-CAMPAIGN-CTV-FRAME__US__US__SEPT__2026____CHICAGO-CTV-WONDERMENT-FEELING-AWE__PCBV__P5,0.0
2026-08-16,__DEAL__PA__268014__LOVESAC__HEARTS_&_SCIENCE__CTV-AUG-NOV-26__US__US__AUG__2026____AWR-STYLIST-SOPHISTICATES____P5,0.0
2026-07-31,__DEAL____263014__SAN DIEGO TOURISM AUTHORITY__THE_SHIPYARD____Experience Seekers_US__US__AUG__2026________P0,0.03
2026-07-25,__DEAL__PA__194330__CICIS-PIZZA__ARM-CANDY__CTV-TIER-1__US__US__JUL__2026______PCOV__P5,0.0
2026-07-18,__DEAL__PA__237762__STANLEY-BLACK-&-DECKER__PMG__CRAFTSMAN-CTV__US__US__JUL__2026____FRAME-2-BESPOKE-DIY-MENTORSHIP-&-BUILDING__PCBV__P5,22.93
2026-08-03,F0047460 MLS LUN A VIE 6PM 15,0.0
2026-08-12,__DEAL__PA__268014__LOVESAC__HEARTS_&_SCIENCE__CTV-AUG-NOV-26__US__US__AUG__2026____AWR-PREMIUM-PRAGMATISTS____P5,0.0
2026-08-08,__DEAL__PA__237762__STANLEY-BLACK-&-DECKER__PMG__CRAFTSMAN-CTV__US__US__JUL__2026____FRAME-2-BESPOKE-EMPOWERMENT-&-CONFIDENCE-BUILDERS-PARAMOUNT__PCBV__P5,0.51
2026-08-17,__DEAL__PA__268544__NASM__HARMELIN__CTV-Q3-26__US__US__AUG__2026____CONTEXTUAL-AUDIENCE__PCOV__P5,0.0
2026-08-17,__DEAL__PA__269645__WHITECLAW__HAWORTH-MEDIA__SURGE-COLLEGE-SPORTS-LIVE-CTV__US__US__AUG__2026______PCOV__P5,0.12
2026-08-13,F0047523 FSR GENERICA VOCES 20 S,0.0
2026-07-04,Kaiser Permanente Care Delivery H2 2026 - 6226,0.0
2026-08-12,F0047466 90 LIGAS LUN MIE VIE 9 PM 30,0.0
2026-08-19,__DEAL__PA__259149__BELL-CANADA__DIRECT-CLIENT__WIRELINE-ALWAYS-ON-LAB-Q3-2026__CA__CA__AUG__2026____CTV-COLLEGE-EDUCATION__PCBV__P5,0.0
2026-08-19,__DEAL__PA__268935__TUBI__WPROMOTE__CONTEXTUAL-BRAND-CAMPAIGN-CTV-FRAME__US__US__SEPT__2026____CHICAGO-CTV-PRIDE-ELATION__PCBV__P5,0.0
2026-08-07,__DEAL__PA__260746__STANLEY-BLACK-&-DECKER__PMG__CRAFTSMAN-CTV__US__US__JUL__2026____FRAME-1-MODERN-HOBBYIST-PARAMOUNT__PCBV__P5,1.02
2026-08-12,__DEAL__PA__260746__STANLEY-BLACK-&-DECKER__PMG__CRAFTSMAN-CTV__US__US__JUL__2026____FRAME-1-RESOURCEFUL-RENTERS-&-HOMEOWNERS-PARAMOUNT__PCBV__P5,0.0
2026-08-04,__DEAL____263014__SAN DIEGO TOURISM AUTHORITY__THE_SHIPYARD____RON_US__US__AUG__2026________P0,419.67
2026-08-13,F0047509 CF JULIO 26 GENEROS LUN-DOM 30,0.0
2026-08-19,__DEAL__PA__268935__TUBI__WPROMOTE__CONTEXTUAL-BRAND-CAMPAIGN-CTV-FRAME__US__US__SEPT__2026____CHICAGO-CTV-WONDERMENT-FEELING-AWE__PCBV__P5,0.0
2026-07-24,__DEAL__PA__237762__STANLEY-BLACK-&-DECKER__PMG__CRAFTSMAN-CTV__US__US__JUL__2026____FRAME-2-BESPOKE-RESOURCEFUL-RENTERS-&-HOMEOWNERS__PCBV__P5,0.0
2026-07-07,__DEAL__PA__260746__STANLEY-BLACK-&-DECKER__PMG__CRAFTSMAN-CTV__US__US__JUL__2026____FRAME-1-EMPOWERMENT-&-CONFIDENCE-BUILDERS__PCBV__P5,0.0
2026-08-07,__DEAL__PA__194330__CICIS-PIZZA__ARM-CANDY__CTV-TIER-1__US__US__JUL__2026______PCOV__P5,0.0
2026-08-08,Seedtag,25131.85
2026-08-10,2608 - WESTIES Critics Promo - AUG 2026 - MGMPHD363486 - SERIES,16.88
2026-08-02,__DEAL__PA__247041__RIGHT-GUARD__EXVERUSMEDIA__EVERGREEN-AMAZON-CTV__US__US__JUN__2026____RIGHT-GUARD-WEEKEND-WARRIORS__PCOV-CTV__P5,0.0
2026-08-19,F0047509 CF JULIO 26 GENEROS LUN-DOM 30,0.0
2026-07-27,__DEAL__PA__247041__RIGHT-GUARD__EXVERUSMEDIA__EVERGREEN-AMAZON-CTV__US__US__JUN__2026____RIGHT-GUARD-BLUE-COLLAR-BENS__PCOV-CTV__P5,0.0
2026-07-26,Adtelligent Sensitive Categories Deal - Gambling - CTV,2.78
2026-07-23,__DEAL__PA__247041__RIGHT-GUARD__EXVERUSMEDIA__EVERGREEN-AMAZON-CTV__US__US__JUN__2026____RIGHT-GUARD-WEEKEND-WARRIORS__PCOV-CTV__P5,0.0
2026-07-07,__DEAL__PA__260746__STANLEY-BLACK-&-DECKER__PMG__CRAFTSMAN-CTV__US__US__JUL__2026____FRAME-1-MODERN-HOBBYIST__PCBV__P5,2837.28
2026-07-09,Kaiser Permanente Care Delivery H2 2026 - 6226,0.0
2026-08-11,__DEAL__PA__237762__STANLEY-BLACK-&-DECKER__PMG__CRAFTSMAN-CTV__US__US__JUL__2026____FRAME-2-BESPOKE-EMPOWERMENT-&-CONFIDENCE-BUILDERS-PARAMOUNT__PCBV__P5,191.65
2026-08-11,__DEAL__PA__262975__SPECTRUM__HORIZON__MX-SPECTRUM-Q1-26-CTV__US__US__JAN__2026____SPORTS-ENTHUSIASTS__PCOV__P5,0.0
2026-08-14,__DEAL__PA__268935__TUBI__WPROMOTE__CONTEXTUAL-BRAND-CAMPAIGN-CTV-FRAME__US__US__SEPT__2026____CHICAGO-CTV-TENDERNESS-FEELING-LOVE__PCBV__P5,0.0
2026-08-12,Audigent & Beachfront - AUD-089272 - Adlib - AdLib - Native SmartPMP - US - Audience Code bsy618 - Beeswax,0.0
2026-07-25,F0047424 AEW GRAND SLAM TALENTO FECHA 30,0.0
2026-08-15,__DEAL__PA__269645__WHITECLAW__HAWORTH-MEDIA__SURGE-COLLEGE-SPORTS-LIVE-CTV__US__US__AUG__2026______PCOV__P5,0.0
2026-08-11,__DEAL__PA__260746__STANLEY-BLACK-&-DECKER__PMG__CRAFTSMAN-CTV__US__US__JUL__2026____FRAME-1-EMPOWERMENT-&-CONFIDENCE-BUILDERS-PARAMOUNT__PCBV__P5,0.0
2026-08-04,__DEAL__PA__257696__BOARSHEAD__HORIZON__BTS-VIDEO CTV-CAMPAIGN__US__US__JUL__2026______PCOV-CTV__P5,124.93
2026-08-13,__DEAL__PA__268544__NASM__HARMELIN__CTV-Q3-26__US__US__AUG__2026____CONTEXTUAL-AUDIENCE__PCOV__P5,0.0
2026-07-31,__DEAL____263014__SAN DIEGO TOURISM AUTHORITY__THE_SHIPYARD____Live Sports_US__US__AUG__2026________P0,0.03
2026-07-27,__DEAL__PA__194330__CICIS-PIZZA__ARM-CANDY__CTV-TIER-1__US__US__JUL__2026______PCOV__P5,0.0
2026-07-16,__DEAL__PA__260746__STANLEY-BLACK-&-DECKER__PMG__CRAFTSMAN-CTV__US__US__JUL__2026____FRAME-1-RESOURCEFUL-RENTERS-&-HOMEOWNERS__PCBV__P5,0.0
2026-07-11,__DEAL__PA__237762__STANLEY-BLACK-&-DECKER__PMG__CRAFTSMAN-CTV__US__US__JUL__2026____FRAME-2-BESPOKE-MODERN-HOBBYIST__PCBV__P5,0.27
2026-07-17,__DEAL__PA__237762__STANLEY-BLACK-&-DECKER__PMG__CRAFTSMAN-CTV__US__US__JUL__2026____FRAME-2-BESPOKE-MODERN-HOBBYIST__PCBV__P5,7.31
2026-08-14,__DEAL__PA__237762__STANLEY-BLACK-&-DECKER__PMG__CRAFTSMAN-CTV__US__US__JUL__2026____FRAME-2-BESPOKE-MODERN-HOBBYIST-PARAMOUNT__PCBV__P5,0.06
2026-08-12,Audigent & Beachfront - AUD-089268 - Adlib - AdLib - Display SmartPMP - US - Audience Code bsy618 - Beeswax,0.0
2026-08-12,__DEAL__PA__260746__STANLEY-BLACK-&-DECKER__PMG__CRAFTSMAN-CTV__US__US__JUL__2026____FRAME-1-EMPOWERMENT-&-CONFIDENCE-BUILDERS__PCBV__P5,198.95
2026-08-08,__DEAL__PA__246118__HOKA__JELLYFISH__HUMAN-FLY-H2-CTV__US__US__AUG__2026____BROAD-FITNESS-&-RUNNING__PCOV__P5,1806.14
2026-08-19,__DEAL__PA__260746__STANLEY-BLACK-&-DECKER__PMG__CRAFTSMAN-CTV__US__US__JUL__2026____FRAME-1-RESOURCEFUL-RENTERS-&-HOMEOWNERS__PCBV__P5,178.72
2026-07-23,F0047541 JCC DATOS 24 JUL-8 AGO FECHA 20,0.0
2026-07-28,TEST_ARI_DENIS_CTV_BFvsST_BF_DEAL,0.0
2026-08-17,__DEAL__PA__194330__CICIS-PIZZA__ARM-CANDY__CTV-TIER-1__US__US__JUL__2026______PCOV__P5,0.0
2026-07-27,__DEAL__PA__243767__FREDDYS__PMG__ARM-CANDY__US__US__JUL__2026____LOW-CARB-ALTERNATIVES__PCBV__P5,0.1
2026-08-18,__DEAL__PA__237762__STANLEY-BLACK-&-DECKER__PMG__CRAFTSMAN-CTV__US__US__JUL__2026____FRAME-2-BESPOKE-EMPOWERMENT-&-CONFIDENCE-BUILDERS__PCBV__P5,4.51
2026-08-18,Viant - Political - All Voters ,0.0
2026-08-08,__DEAL__PA__247041__RIGHT-GUARD__EXVERUSMEDIA__EVERGREEN-AMAZON-CTV__US__US__JUN__2026____RIGHT-GUARD-BLUE-COLLAR-BENS__PCOV-CTV__P5,0.0
2026-07-25,Viant - Summer Sports - Liz,0.0
2026-07-23,__DEAL__PA__237762__STANLEY-BLACK-&-DECKER__PMG__CRAFTSMAN-CTV__US__US__JUL__2026____FRAME-2-BESPOKE-MODERN-HOBBYIST__PCBV__P5,2.16
2026-07-15,__DEAL__PA__243767__FREDDYS__PMG__ARM-CANDY__US__US__JUL__2026____LOW-CARB-ALTERNATIVES__PCBV__P5,0.0
2026-07-22,F0047551 SHOW LO MEJOR JCC 2026 SÁB 15s,0.0
2026-07-09,__DEAL__PA__257703__GOODFOOD__NEW-ENGEN__CTV-TEST__US__US__JUL__2026______PCOV__P10,0.0
2026-08-14,Audigent & Beachfront - AUD-089268 - Adlib - AdLib - Display SmartPMP - US - Audience Code bsy618 - Beeswax,0.0
2026-08-01,Adtelligent Sensitive Categories Deal - Alcohol - CTV,1.27
2026-08-13,__DEAL__PA__237762__STANLEY-BLACK-&-DECKER__PMG__CRAFTSMAN-CTV__US__US__JUL__2026____FRAME-2-BESPOKE-DIY-MENTORSHIP-&-BUILDING__PCBV__P5,88.81
2026-08-05,Seedtag,12026.42
2026-07-31,__DEAL__PA__247041__RIGHT-GUARD__EXVERUSMEDIA__EVERGREEN-AMAZON-CTV__US__US__JUN__2026____RIGHT-GUARD-BLUE-COLLAR-BENS__PCOV-CTV__P5,0.0
2026-08-19,__DEAL__PA__243767__FREDDYS__PMG__ARM-CANDY__US__US__JUL__2026____SODAS-&-REFRESHERS__PCBV__P5,0.0
2026-07-18,__DEAL__PA__247041__RIGHT-GUARD__EXVERUSMEDIA__EVERGREEN-AMAZON-CTV__US__US__JUN__2026____RIGHT-GUARD-BLUE-COLLAR-BENS__PCOV-CTV__P5,0.0
2026-07-16,__DEAL__PA__237762__STANLEY-BLACK-&-DECKER__PMG__CRAFTSMAN-CTV__US__US__JUL__2026____FRAME-2-BESPOKE-DIY-MENTORSHIP-&-BUILDING__PCBV__P5,0.0
2026-08-18,__DEAL__PA__270936__SUPERHUMAN__22SQUARED__2H-2026-CTV__US__US__SEPT__2026____ACADEMIC-PREP-AND-STUDENT-LIFESTYLE-CTV__PCOV__P5,0.0
2026-08-12,__DEAL__PA__268014__LOVESAC__HEARTS_&_SCIENCE__CTV-AUG-NOV-26__US__US__AUG__2026____AWR-STYLIST-SOPHISTICATES____P5,0.0
2026-08-13,__DEAL__PA__268935__TUBI__WPROMOTE__CONTEXTUAL-BRAND-CAMPAIGN-CTV-FRAME__US__US__SEPT__2026____CHICAGO-CTV-PRIDE-ELATION__PCBV__P5,0.0
2026-08-04,__DEAL__PA__257930__RED ROBIN__SURFACE_AGENCY__Q2-2026__US__US__MAY__2026________P5,482.17
2026-07-30,Viant - Jetsetters & Travel Enthusiasts -  Liz,0.0
2026-07-09,TEST_ARI_DENIS_CTV_BFvsST_BF_DEAL,118.52
2026-08-14,__DEAL__PA__268937__TUBI__WPROMOTE__CONTEXTUAL-BRAND-CAMPAIGN-CTV-FRAME__US__US__SEPT__2026____SF-CTV-TENDERNESS-FEELING-LOVE__PCBV__P5,0.0
2026-08-01,__DEAL__PA__232279__INTERMOUNTAIN__R&R__HEALTH-Q2-2026-CAMPAIGN__US__US__MAY__2026____MEDICAL-WEIGHT-DIABETES-CARE-CTV-MONTANA-FRAME__PCOV__P5,407.76
2026-08-16,Kaiser Permanente Care Delivery H2 2026 - 6226,0.15
2026-07-12,TEST_ARI_DENIS_CTV_BFvsST_BF_DEAL,98.4
2026-07-19,F0047424 AEW GRAND SLAM TALENTO FECHA 30,0.0
2026-07-28,__DEAL__PA__257703__GOODFOOD__NEW-ENGEN__CTV-TEST__US__US__JUL__2026______PCOV__P10,315.31
2026-07-13,__DEAL__PA__260746__STANLEY-BLACK-&-DECKER__PMG__CRAFTSMAN-CTV__US__US__JUL__2026____FRAME-1-DIY-MENTORSHIP-&-BUILDING__PCBV__P5,0.0
2026-07-31,__DEAL__PA__246118__HOKA__JELLYFISH__HUMAN-FLY-H2-CTV__US__US__AUG__2026____BROAD-FITNESS-&-RUNNING__PCOV__P5,0.0
2026-07-05,TEST_ARI_DENIS_CTV_BFvsST_BF_DEAL,32.88
2026-07-26,__DEAL____264958__ST. JOHN HEALTH__THE_SHIPYARD____US__US__JUL__2026________P0,0.0
2026-07-20,Viant - Jetsetters & Travel Enthusiasts -  Liz,0.0
2026-07-28,Adtelligent Sensitive Categories Deal - Gambling - CTV,1.68
2026-07-28,__DEAL__PA__262975__SPECTRUM__HORIZON__MX-SPECTRUM-Q1-26-CTV__US__US__JAN__2026____SPORTS-ENTHUSIASTS__PCOV__P5,7.87
2026-07-17,__DEAL__PA__243767__FREDDYS__PMG__ARM-CANDY__US__US__JUL__2026____SODAS-&-REFRESHERS__PCBV__P5,0.0
2026-08-06,__DEAL__PA__260746__STANLEY-BLACK-&-DECKER__PMG__CRAFTSMAN-CTV__US__US__JUL__2026____FRAME-1-RESOURCEFUL-RENTERS-&-HOMEOWNERS-PARAMOUNT__PCBV__P5,0.0
2026-08-10,PRODUCT____264512__DATABRICKS__JUSTGLOBAL__OLV-CTV__US__US__AUG__OCT__2026______COV__,0.0
2026-07-20,__DEAL__PA__264233__MICHAELS__PMG__CELEBRATIONS-CTV__US__US__SEPT__2026____CTV-PARTY&BALLOONS__PCOV__P5,0.0
2026-08-08,__DEAL____263014__SAN DIEGO TOURISM AUTHORITY__THE_SHIPYARD____Live Sports_US__US__AUG__2026________P0,59.34
2026-08-19,F0048334 NFL COWBOYS VS CARDINALS DIA 20S.mp4,0.0
2026-07-13,F0047323 WWC U17 TEASER SEMI FIN,0.0
2026-08-13,__DEAL__PA__260746__STANLEY-BLACK-&-DECKER__PMG__CRAFTSMAN-CTV__US__US__JUL__2026____FRAME-1-DIY-MENTORSHIP-&-BUILDING-PARAMOUNT__PCBV__P5,0.0
2026-08-16,__DEAL__PA__247041__RIGHT-GUARD__EXVERUSMEDIA__EVERGREEN-AMAZON-CTV__US__US__JUN__2026____RIGHT-GUARD-WEEKEND-WARRIORS__PCOV-CTV__P5,0.0
2026-07-23,F0047490 FGM A26 JUEVES 25,0.0
2026-08-19,__DEAL__PA__268936__TUBI__WPROMOTE__CONTEXTUAL-BRAND-CAMPAIGN-CTV-FRAME__US__US__SEPT__2026____DC-CTV-ENJOYMENT-PLEASURE__PCBV__P5,0.0
2026-08-11,__DEAL__PA__257703__GOODFOOD__NEW-ENGEN__CTV-TEST__US__US__JUL__2026______PCOV__P10,440.58
2026-08-18,__DEAL__PA__268936__TUBI__WPROMOTE__CONTEXTUAL-BRAND-CAMPAIGN-CTV-FRAME__US__US__SEPT__2026____DC-CTV-TENDERNESS-FEELING-LOVE__PCBV__P5,0.0
2026-08-18,2608  - AUG 2026 XCH  - MGMP23468-13 - MOVIES,9.76
2026-08-08,__DEAL____263014__SAN DIEGO TOURISM AUTHORITY__THE_SHIPYARD____Experience Seekers_US__US__AUG__2026________P0,474.77
2026-08-10,Viant - Jetsetters & Travel Enthusiasts -  Liz,0.0
2026-07-19,Viant - Summer Sports - Liz,0.0
2026-08-09,Seedtag,21811.87
2026-08-11,TEST_ARI_DENIS_CTV_BFvsST_BF_DEAL,0.0
2026-08-12,Adtelligent Sensitive Categories Deal - Gambling - CTV,0.59
2026-08-17,F0047466 90 LIGAS LUN MIE VIE 9 PM 30,0.0
2026-08-05,__DEAL__PA__262975__SPECTRUM__HORIZON__MX-SPECTRUM-Q1-26-CTV__US__US__JAN__2026____SPORTS-ENTHUSIASTS__PCOV__P5,8.36
2026-08-19,__DEAL__PA__268936__TUBI__WPROMOTE__CONTEXTUAL-BRAND-CAMPAIGN-CTV-FRAME__US__US__SEPT__2026____DC-CTV-ASTONISHMENT-SURPRISE__PCBV__P5,0.0
2026-08-15,__DEAL__PA__268935__TUBI__WPROMOTE__CONTEXTUAL-BRAND-CAMPAIGN-CTV-FRAME__US__US__SEPT__2026____CHICAGO-CTV-WONDERMENT-FEELING-AWE__PCBV__P5,0.0
2026-08-02,Adtelligent Sensitive Category Deal - Nicotine - CTV,0.06
2026-08-17,__DEAL__PA__269962__LLBEAN__MEDIAHUB__ORION-CTV-AWARENESS-Q4-Q1__US__US__SEPT__2026____MEMORY-MAKERS__PCOV__P5,0.0
2026-07-14,Viant - Summer Travel - Liz,0.0
2026-07-30,__DEAL____263014__SAN DIEGO TOURISM AUTHORITY__THE_SHIPYARD____RON_US__US__AUG__2026________P0,2.14
2026-08-19,__DEAL__PA__268936__TUBI__WPROMOTE__CONTEXTUAL-BRAND-CAMPAIGN-CTV-FRAME__US__US__SEPT__2026____DC-CTV-TENDERNESS-FEELING-LOVE__PCBV__P5,0.0
2026-08-11,Audigent & Beachfront - AUD-089270 - Adlib - AdLib - CTV SmartPMP - US - ctv - Audience Code bsy618 - Yahoo,0.0
2026-08-18,__DEAL__PA__268937__TUBI__WPROMOTE__CONTEXTUAL-BRAND-CAMPAIGN-CTV-FRAME__US__US__SEPT__2026____SF-CTV-PRIDE-ELATION__PCBV__P5,0.0
2026-08-12,__DEAL__PA__257703__GOODFOOD__NEW-ENGEN__CTV-TEST__US__US__JUL__2026______PCOV__P10,354.97
2026-08-08,__DEAL__PA__260746__STANLEY-BLACK-&-DECKER__PMG__CRAFTSMAN-CTV__US__US__JUL__2026____FRAME-1-MODERN-HOBBYIST-PARAMOUNT__PCBV__P5,1.23
2026-07-25,__DEAL__PA__243767__FREDDYS__PMG__ARM-CANDY__US__US__JUL__2026____LOW-CARB-ALTERNATIVES__PCBV__P5,2.45
2026-07-13,Kaiser Permanente Care Delivery H2 2026 - 6226,0.0
2026-08-06,PRODUCT____264512__DATABRICKS__JUSTGLOBAL__OLV-CTV__US__US__AUG__OCT__2026______COV__,0.0
2026-08-16,__DEAL__PA__237762__STANLEY-BLACK-&-DECKER__PMG__CRAFTSMAN-CTV__US__US__JUL__2026____FRAME-2-BESPOKE-RESOURCEFUL-RENTERS-&-HOMEOWNERS-PARAMOUNT__PCBV__P5,0.26
2026-07-16,Adtelligent Sensitive Categories Deal - Gambling - CTV,3.03
2026-07-09,__DEAL__PA__260746__STANLEY-BLACK-&-DECKER__PMG__CRAFTSMAN-CTV__US__US__JUL__2026____FRAME-1-MODERN-HOBBYIST__PCBV__P5,0.0
2026-08-19,__DEAL__PA__237762__STANLEY-BLACK-&-DECKER__PMG__CRAFTSMAN-CTV__US__US__JUL__2026____FRAME-2-BESPOKE-EMPOWERMENT-&-CONFIDENCE-BUILDERS__PCBV__P5,1763.62
2026-08-19,__DEAL__PA__257696__BOARSHEAD__HORIZON__BTS-VIDEO CTV-CAMPAIGN__US__US__JUL__2026______PCOV-CTV__P5,212.7
2026-08-15,Adte_Optimal_Political,0.0
2026-08-15,F0047466 90 LIGAS LUN MIE VIE 9 PM 30,0.0
2026-08-07,__DEAL__PA__237762__STANLEY-BLACK-&-DECKER__PMG__CRAFTSMAN-CTV__US__US__JUL__2026____FRAME-2-BESPOKE-EMPOWERMENT-&-CONFIDENCE-BUILDERS-PARAMOUNT__PCBV__P5,0.0
2026-08-12,__DEAL__PA__263210__CYERA__CLOSED-LOOP__Q3-CTV__US__US__AUG__2026____V2__PCOV__P5,844.43
2026-08-04,F0047460 MLS LUN A VIE 6PM 15,0.0
2026-08-05,__DEAL__PA__268014__LOVESAC__HEARTS_&_SCIENCE__CTV-AUG-NOV-26__US__US__AUG__2026____AWR-PREMIUM-PRAGMATISTS____P5,0.0
2026-07-16,F0047424 AEW GRAND SLAM TALENTO FECHA 30,0.0
2026-07-24,Seedtag,8593.67
2026-07-24,F0047482 LNBP FUERZA REGIA VS SOLES DOMINGO 15,0.0
2026-08-09,__DEAL__PA__260746__STANLEY-BLACK-&-DECKER__PMG__CRAFTSMAN-CTV__US__US__JUL__2026____FRAME-1-RESOURCEFUL-RENTERS-&-HOMEOWNERS-PARAMOUNT__PCBV__P5,0.0
2026-08-15,__DEAL__PA__260746__STANLEY-BLACK-&-DECKER__PMG__CRAFTSMAN-CTV__US__US__JUL__2026____FRAME-1-RESOURCEFUL-RENTERS-&-HOMEOWNERS__PCBV__P5,158.11
2026-08-18,__DEAL__PA__263210__CYERA__CLOSED-LOOP__Q3-CTV__US__US__AUG__2026______PCOV__P5,885.43
2026-07-12,__DEAL__PA__260746__STANLEY-BLACK-&-DECKER__PMG__CRAFTSMAN-CTV__US__US__JUL__2026____FRAME-1-MODERN-HOBBYIST__PCBV__P5,0.0
2026-07-18,__DEAL__PA__262975__SPECTRUM__HORIZON__MX-SPECTRUM-Q1-26-CTV__US__US__JAN__2026____SPORTS-ENTHUSIASTS__PCOV__P5,17.88
2026-07-28,__DEAL____264958__ST. JOHN HEALTH__THE_SHIPYARD____US__US__JUL__2026________P0,0.86
2026-08-19,__DEAL__PA__268937__TUBI__WPROMOTE__CONTEXTUAL-BRAND-CAMPAIGN-CTV-FRAME__US__US__SEPT__2026____SF-CTV-PRIDE-ELATION__PCBV__P5,0.0
2026-08-09,__DEAL__PA__237762__STANLEY-BLACK-&-DECKER__PMG__CRAFTSMAN-CTV__US__US__JUL__2026____FRAME-2-BESPOKE-RESOURCEFUL-RENTERS-&-HOMEOWNERS__PCBV__P5,133.05
2026-08-12,__DEAL____264958__ST. JOHN HEALTH__THE_SHIPYARD____US__US__JUL__2026________P0,43.97
2026-08-06,__DEAL__PA__268014__LOVESAC__HEARTS_&_SCIENCE__CTV-AUG-NOV-26__US__US__AUG__2026____AWR-STYLIST-SOPHISTICATES____P5,0.0
2026-08-16,__DEAL__PA__268935__TUBI__WPROMOTE__CONTEXTUAL-BRAND-CAMPAIGN-CTV-FRAME__US__US__SEPT__2026____CHICAGO-CTV-TENDERNESS-FEELING-LOVE__PCBV__P5,0.0
2026-07-31,__DEAL__PA__266990__LOVESAC__HEARTS_&_SCIENCE__CON-CTV-AUG-NOV-26__US__US__AUG__2026____RECENT-RELOCATORS____P5,0.0
2026-07-19,__DEAL__PA__194330__CICIS-PIZZA__ARM-CANDY__CTV-TIER-1__US__US__JUL__2026______PCOV__P5,1.97
2026-08-09,__DEAL__PA__237762__STANLEY-BLACK-&-DECKER__PMG__CRAFTSMAN-CTV__US__US__JUL__2026____FRAME-2-BESPOKE-DIY-MENTORSHIP-&-BUILDING-PARAMOUNT__PCBV__P5,0.0
2026-08-15,__DEAL__PA__243767__FREDDYS__PMG__ARM-CANDY__US__US__JUL__2026____LOW-CARB-ALTERNATIVES__PCBV__P5,15.2
2026-08-18,__DEAL__PA__268937__TUBI__WPROMOTE__CONTEXTUAL-BRAND-CAMPAIGN-CTV-FRAME__US__US__SEPT__2026____SF-CTV-WONDERMENT-FEELING-AWE__PCBV__P5,0.0
2026-08-13,Audigent & Beachfront - AUD-089270 - Adlib - AdLib - CTV SmartPMP - US - ctv - Audience Code bsy618 - Yahoo,0.0
2026-07-29,Viant - Summer Travel - Liz,0.0
2026-08-11,__DEAL__PA__246118__HOKA__JELLYFISH__HUMAN-FLY-H2-CTV__US__US__AUG__2026____BROAD-FITNESS-&-RUNNING__PCOV__P5,1765.3
2026-08-14,__DEAL__PA__237762__STANLEY-BLACK-&-DECKER__PMG__CRAFTSMAN-CTV__US__US__JUL__2026____FRAME-2-BESPOKE-RESOURCEFUL-RENTERS-&-HOMEOWNERS-PARAMOUNT__PCBV__P5,0.0
2026-08-01,2608 - WESTIES Critics Promo - AUG 2026 - MGMPHD363486 - SERIES,10.52
2026-07-26,TEST_ARI_DENIS_CTV_BFvsST_BF_DEAL,0.0
2026-08-07,F0047466 90 LIGAS LUN MIE VIE 9 PM 30,0.0
2026-08-18,__DEAL__PA__260746__STANLEY-BLACK-&-DECKER__PMG__CRAFTSMAN-CTV__US__US__JUL__2026____FRAME-1-DIY-MENTORSHIP-&-BUILDING-PARAMOUNT__PCBV__P5,423.35
2026-08-18,__DEAL__PA__232279__INTERMOUNTAIN__R&R__HEALTH-Q2-2026-CAMPAIGN__US__US__MAY__2026____MEDICAL-WEIGHT-DIABETES-CARE-CTV-MONTANA-STANDARD__PCOV__P5,0.0
2026-08-13,__DEAL__PA__268937__TUBI__WPROMOTE__CONTEXTUAL-BRAND-CAMPAIGN-CTV-FRAME__US__US__SEPT__2026____SF-CTV-ASTONISHMENT-SURPRISE__PCBV__P5,0.0
2026-08-14,__DEAL__PA__260746__STANLEY-BLACK-&-DECKER__PMG__CRAFTSMAN-CTV__US__US__JUL__2026____FRAME-1-RESOURCEFUL-RENTERS-&-HOMEOWNERS-PARAMOUNT__PCBV__P5,0.0
2026-08-03,__DEAL____263014__SAN DIEGO TOURISM AUTHORITY__THE_SHIPYARD____RON_US__US__AUG__2026________P0,11.56
2026-08-04,__DEAL__PA__243767__FREDDYS__PMG__ARM-CANDY__US__US__JUL__2026____SODAS-&-REFRESHERS__PCBV__P5,0.0
2026-08-13,__DEAL__PA__268936__TUBI__WPROMOTE__CONTEXTUAL-BRAND-CAMPAIGN-CTV-FRAME__US__US__SEPT__2026____DC-CTV-ASTONISHMENT-SURPRISE__PCBV__P5,0.0
2026-08-05,__DEAL__PA__260746__STANLEY-BLACK-&-DECKER__PMG__CRAFTSMAN-CTV__US__US__JUL__2026____FRAME-1-MODERN-HOBBYIST__PCBV__P5,0.0
2026-07-28,Seedtag,11723.32
2026-07-21,__DEAL__PA__243767__FREDDYS__PMG__ARM-CANDY__US__US__JUL__2026____SODAS-&-REFRESHERS__PCBV__P5,0.0
2026-07-31,Seedtag,8771.3
2026-08-14,Audigent & Beachfront - AUD-089272 - Adlib - AdLib - Native SmartPMP - US - Audience Code bsy618 - Yahoo,0.0
2026-08-18,F0047509 CF JULIO 26 GENEROS LUN-DOM 30,0.0
2026-08-01,__DEAL__PA__247041__RIGHT-GUARD__EXVERUSMEDIA__EVERGREEN-AMAZON-CTV__US__US__JUN__2026____RIGHT-GUARD-WEEKEND-WARRIORS__PCOV-CTV__P5,0.0
2026-07-12,__DEAL__PA__260746__STANLEY-BLACK-&-DECKER__PMG__CRAFTSMAN-CTV__US__US__JUL__2026____FRAME-1-EMPOWERMENT-&-CONFIDENCE-BUILDERS__PCBV__P5,0.0
2026-07-08,__DEAL__PA__260746__STANLEY-BLACK-&-DECKER__PMG__CRAFTSMAN-CTV__US__US__JUL__2026____FRAME-1-RESOURCEFUL-RENTERS-&-HOMEOWNERS__PCBV__P5,0.0
2026-07-18,TEST_ARI_DENIS_CTV_BFvsST_BF_DEAL,0.0
2026-07-06,__DEAL__PA__237762__STANLEY-BLACK-&-DECKER__PMG__CRAFTSMAN-CTV__US__US__JUL__2026____FRAME-2-BESPOKE-EMPOWERMENT-&-CONFIDENCE-BUILDERS__PCBV__P5,0.0
2026-07-08,2607 - MGMPLUS - WESTIES - PROMO A - Pre-Premiere - MGMPHD363429 - SERIES,11.92
2026-07-16,__DEAL__PA__247041__RIGHT-GUARD__EXVERUSMEDIA__EVERGREEN-AMAZON-CTV__US__US__JUN__2026____RIGHT-GUARD-BLUE-COLLAR-BENS__PCOV-CTV__P5,0.0
2026-07-20,__DEAL__PA__237762__STANLEY-BLACK-&-DECKER__PMG__CRAFTSMAN-CTV__US__US__JUL__2026____FRAME-2-BESPOKE-MODERN-HOBBYIST__PCBV__P5,1354.13
2026-08-18,2608  - AUG 2026 XCH  - MGMP23468-13 - SERIES,7.49
2026-08-12,__DEAL__PA__260746__STANLEY-BLACK-&-DECKER__PMG__CRAFTSMAN-CTV__US__US__JUL__2026____FRAME-1-MODERN-HOBBYIST__PCBV__P5,0.0
2026-08-17,__DEAL____264958__ST. JOHN HEALTH__THE_SHIPYARD____US__US__JUL__2026________P0,113.47
2026-07-12,__DEAL__PA__247041__RIGHT-GUARD__EXVERUSMEDIA__EVERGREEN-AMAZON-CTV__US__US__JUN__2026____RIGHT-GUARD-BLUE-COLLAR-BENS__PCOV-CTV__P5,0.0
2026-07-23,Adtelligent Sensitive Categories Deal - Alcohol - CTV,4.25
2026-07-21,__DEAL__PA__232279__INTERMOUNTAIN__R&R__HEALTH-Q2-2026-CAMPAIGN__US__US__MAY__2026____MEDICAL-WEIGHT-DIABETES-CARE-CTV-MONTANA-STANDARD__PCOV__P5,0.0
2026-08-15,__DEAL__PA__237762__STANLEY-BLACK-&-DECKER__PMG__CRAFTSMAN-CTV__US__US__JUL__2026____FRAME-2-BESPOKE-EMPOWERMENT-&-CONFIDENCE-BUILDERS-PARAMOUNT__PCBV__P5,0.0
2026-08-11,F0047462 FFC CATEGORIAS BOX SABADO 30 10-08-26,0.0
2026-08-03,Adtelligent Sensitive Categories Deal - Alcohol - CTV,0.82
2026-08-12,TEST_ARI_DENIS_CTV_BFvsST_BF_DEAL,0.0
2026-08-17,Audigent & Beachfront - AUD-089272 - Adlib - AdLib - Native SmartPMP - US - Audience Code bsy618 - Beeswax,0.0
2026-07-08,F0047235 MONSTER JAM EP 11,0.0
2026-08-09,__DEAL__PA__260746__STANLEY-BLACK-&-DECKER__PMG__CRAFTSMAN-CTV__US__US__JUL__2026____FRAME-1-MODERN-HOBBYIST-PARAMOUNT__PCBV__P5,0.0
2026-08-07,__DEAL____264958__ST. JOHN HEALTH__THE_SHIPYARD____US__US__JUL__2026________P0,261.97
2026-08-06,__DEAL__PA__237762__STANLEY-BLACK-&-DECKER__PMG__CRAFTSMAN-CTV__US__US__JUL__2026____FRAME-2-BESPOKE-DIY-MENTORSHIP-&-BUILDING-PARAMOUNT__PCBV__P5,0.0
2026-07-16,__DEAL__PA__194330__CICIS-PIZZA__ARM-CANDY__CTV-TIER-1__US__US__JUL__2026______PCOV__P5,2.83
2026-08-11,__DEAL____263014__SAN DIEGO TOURISM AUTHORITY__THE_SHIPYARD____Experience Seekers_US__US__AUG__2026________P0,288.36
2026-08-14,F0047517 LUP GENÉRICA PREGUNTAS NOCHES 30S,0.0
2026-08-18,__DEAL__PA__268935__TUBI__WPROMOTE__CONTEXTUAL-BRAND-CAMPAIGN-CTV-FRAME__US__US__SEPT__2026____CHICAGO-CTV-LONGING-NOSTALGIA__PCBV__P5,0.0
2026-08-18,__DEAL__PA__243767__FREDDYS__PMG__ARM-CANDY__US__US__JUL__2026____SODAS-&-REFRESHERS__PCBV__P5,0.0
2026-08-03,Q3 Adte - Beeswax US,0.13
2026-08-12,__DEAL__PA__268937__TUBI__WPROMOTE__CONTEXTUAL-BRAND-CAMPAIGN-CTV-FRAME__US__US__SEPT__2026____SF-CTV-TENDERNESS-FEELING-LOVE__PCBV__P5,0.0
2026-08-16,__DEAL__PA__268014__LOVESAC__HEARTS_&_SCIENCE__CTV-AUG-NOV-26__US__US__AUG__2026____AWR-FAMILY-PLEASERS____P5,0.0
2026-08-05,__DEAL__PA__247041__RIGHT-GUARD__EXVERUSMEDIA__EVERGREEN-AMAZON-CTV__US__US__JUN__2026____RIGHT-GUARD-BLUE-COLLAR-BENS__PCOV-CTV__P5,0.0
2026-07-08,__DEAL__PA__237762__STANLEY-BLACK-&-DECKER__PMG__CRAFTSMAN-CTV__US__US__JUL__2026____FRAME-2-BESPOKE-DIY-MENTORSHIP-&-BUILDING__PCBV__P5,294.75
2026-07-25,F0047523 FSR GENERICA VOCES 20 S,0.0
2026-07-16,__DEAL__PA__260746__STANLEY-BLACK-&-DECKER__PMG__CRAFTSMAN-CTV__US__US__JUL__2026____FRAME-1-EMPOWERMENT-&-CONFIDENCE-BUILDERS__PCBV__P5,0.0
2026-07-22,__DEAL__PA__247041__RIGHT-GUARD__EXVERUSMEDIA__EVERGREEN-AMAZON-CTV__US__US__JUN__2026____RIGHT-GUARD-WEEKEND-WARRIORS__PCOV-CTV__P5,0.0
2026-08-15,__DEAL__PA__259149__BELL-CANADA__DIRECT-CLIENT__WIRELINE-ALWAYS-ON-LAB-Q3-2026__CA__CA__AUG__2026____CTV-COLLEGE-EDUCATION__PCBV__P5,0.0
2026-08-13,__DEAL__PA__194330__CICIS-PIZZA__ARM-CANDY__CTV-TIER-1__US__US__JUL__2026______PCOV__P5,0.0
2026-07-23,Viant - Jetsetters & Travel Enthusiasts -  Liz,0.0
2026-07-21,F0047460 MLS LUN A VIE 6PM 15,0.0
2026-08-11,__DEAL__PA__247041__RIGHT-GUARD__EXVERUSMEDIA__EVERGREEN-AMAZON-CTV__US__US__JUN__2026____RIGHT-GUARD-BLUE-COLLAR-BENS__PCOV-CTV__P5,0.0
2026-08-07,__DEAL__PA__246118__HOKA__JELLYFISH__HUMAN-FLY-H2-CTV__US__US__AUG__2026____BROAD-FITNESS-&-RUNNING__PCOV__P5,2267.8
2026-08-16,Adtelligent Sensitive Category Deal - Nicotine - CTV,0.09
2026-08-05,__DEAL____263014__SAN DIEGO TOURISM AUTHORITY__THE_SHIPYARD____Experience Seekers_US__US__AUG__2026________P0,193.56
2026-08-14,Kaiser Permanente Care Delivery H2 2026 - 6226,3.46
2026-08-18,__DEAL__PA__259149__BELL-CANADA__DIRECT-CLIENT__WIRELINE-ALWAYS-ON-LAB-Q3-2026__CA__CA__AUG__2026____CTV-TECHNOLOGY-AND-GADGETS__PCBV__P5,0.0
2026-08-18,Viant - Summer Sports - Liz,0.0
2026-08-12,__DEAL____263014__SAN DIEGO TOURISM AUTHORITY__THE_SHIPYARD____Live Sports_US__US__AUG__2026________P0,34.93
2026-08-17,__DEAL__PA__262975__SPECTRUM__HORIZON__MX-SPECTRUM-Q1-26-CTV__US__US__JAN__2026____SPORTS-ENTHUSIASTS__PCOV__P5,0.0
2026-08-05,__DEAL__PA__246118__HOKA__JELLYFISH__HUMAN-FLY-H2-CTV__US__US__AUG__2026____BROAD-FITNESS-&-RUNNING__PCOV__P5,2088.08
2026-07-23,__DEAL__PA__232279__INTERMOUNTAIN__R&R__HEALTH-Q2-2026-CAMPAIGN__US__US__MAY__2026____MEDICAL-WEIGHT-DIABETES-CARE-CTV-MONTANA-FRAME__PCOV__P5,200.3
2026-07-17,__DEAL__PA__237762__STANLEY-BLACK-&-DECKER__PMG__CRAFTSMAN-CTV__US__US__JUL__2026____FRAME-2-BESPOKE-EMPOWERMENT-&-CONFIDENCE-BUILDERS__PCBV__P5,48.76
2026-07-29,Viant - Jetsetters & Travel Enthusiasts -  Liz,0.0
2026-08-15,__DEAL__PA__268544__NASM__HARMELIN__CTV-Q3-26__US__US__AUG__2026____CONTEXTUAL-AUDIENCE__PCOV__P5,0.0
2026-08-09,__DEAL__PA__268014__LOVESAC__HEARTS_&_SCIENCE__CTV-AUG-NOV-26__US__US__AUG__2026____AWR-STYLIST-SOPHISTICATES____P5,0.0
2026-08-18,F0047523 FSR GENERICA VOCES 20 S,0.0
2026-08-08,__DEAL__PA__260746__STANLEY-BLACK-&-DECKER__PMG__CRAFTSMAN-CTV__US__US__JUL__2026____FRAME-1-MODERN-HOBBYIST__PCBV__P5,0.0
2026-08-02,2608 - WESTIES Critics Promo - AUG 2026 - MGMPHD363486 - SERIES,6.54
2026-08-16,PRODUCT____264512__DATABRICKS__JUSTGLOBAL__OLV-CTV__US__US__AUG__OCT__2026______COV__,0.0
2026-08-05,__DEAL__PA__260746__STANLEY-BLACK-&-DECKER__PMG__CRAFTSMAN-CTV__US__US__JUL__2026____FRAME-1-EMPOWERMENT-&-CONFIDENCE-BUILDERS__PCBV__P5,432.23
2026-07-31,__DEAL__PA__266990__LOVESAC__HEARTS_&_SCIENCE__CON-CTV-AUG-NOV-26__US__US__AUG__2026____STYLIST-SOPHISTICATES____P5,0.0
2026-07-12,__DEAL__PA__257703__GOODFOOD__NEW-ENGEN__CTV-TEST__US__US__JUL__2026______PCOV__P10,0.0
2026-07-25,__DEAL__PA__257930__RED ROBIN__SURFACE_AGENCY__Q2-2026__US__US__MAY__2026________P5,483.65
2026-07-26,__DEAL__PA__257703__GOODFOOD__NEW-ENGEN__CTV-TEST__US__US__JUL__2026______PCOV__P10,421.46
2026-07-21,__DEAL__PA__257930__RED ROBIN__SURFACE_AGENCY__Q2-2026__US__US__MAY__2026________P5,29.5
2026-07-21,Viant - Summer Sports - Liz,0.0
2026-08-19,__DEAL__PA__268935__TUBI__WPROMOTE__CONTEXTUAL-BRAND-CAMPAIGN-CTV-FRAME__US__US__SEPT__2026____CHICAGO-CTV-WORRY-FEAR__PCBV__P5,0.0
2026-08-19,__DEAL__PA__232279__INTERMOUNTAIN__R&R__HEALTH-Q2-2026-CAMPAIGN__US__US__MAY__2026____MEDICAL-WEIGHT-DIABETES-CARE-CTV-MONTANA-STANDARD__PCOV__P5,0.0
2026-08-19,F0047523 FSR GENERICA VOCES 20 S,0.0
2026-08-11,__DEAL__PA__260746__STANLEY-BLACK-&-DECKER__PMG__CRAFTSMAN-CTV__US__US__JUL__2026____FRAME-1-EMPOWERMENT-&-CONFIDENCE-BUILDERS__PCBV__P5,18.45
2026-08-08,__DEAL__PA__262975__SPECTRUM__HORIZON__MX-SPECTRUM-Q1-26-CTV__US__US__JAN__2026____SPORTS-ENTHUSIASTS__PCOV__P5,0.0
2026-08-06,__DEAL__PA__237762__STANLEY-BLACK-&-DECKER__PMG__CRAFTSMAN-CTV__US__US__JUL__2026____FRAME-2-BESPOKE-RESOURCEFUL-RENTERS-&-HOMEOWNERS__PCBV__P5,0.01
2026-08-17,Adtelligent Sensitive Categories Deal - Gambling - CTV,0.37
2026-08-04,__DEAL__PA__263210__CYERA__CLOSED-LOOP__Q3-CTV__US__US__AUG__2026______PCOV__P5,0.0
2026-08-17,__DEAL__PA__247041__RIGHT-GUARD__EXVERUSMEDIA__EVERGREEN-AMAZON-CTV__US__US__JUN__2026____RIGHT-GUARD-BLUE-COLLAR-BENS__PCOV-CTV__P5,0.0
2026-08-17,__DEAL__PA__263210__CYERA__CLOSED-LOOP__Q3-CTV__US__US__AUG__2026____V2__PCOV__P5,905.72
2026-07-18,__DEAL__PA__257703__GOODFOOD__NEW-ENGEN__CTV-TEST__US__US__JUL__2026______PCOV__P10,434.64
2026-07-21,F0047509 CF JULIO 26 GENEROS LUN-DOM 30,0.0
2026-07-10,__DEAL__PA__237762__STANLEY-BLACK-&-DECKER__PMG__CRAFTSMAN-CTV__US__US__JUL__2026____FRAME-2-BESPOKE-DIY-MENTORSHIP-&-BUILDING__PCBV__P5,6.39
2026-07-10,__DEAL__PA__194330__CICIS-PIZZA__ARM-CANDY__CTV-TIER-1__US__US__JUL__2026______PCOV__P5,10.24
2026-08-18,__DEAL__PA__268937__TUBI__WPROMOTE__CONTEXTUAL-BRAND-CAMPAIGN-CTV-FRAME__US__US__SEPT__2026____SF-CTV-WORRY-FEAR__PCBV__P5,0.0
2026-08-06,__DEAL__PA__260746__STANLEY-BLACK-&-DECKER__PMG__CRAFTSMAN-CTV__US__US__JUL__2026____FRAME-1-MODERN-HOBBYIST__PCBV__P5 - Paramount,0.0
2026-07-14,Viant - Jetsetters & Travel Enthusiasts -  Liz,0.0
2026-07-30,__DEAL__PA__232279__INTERMOUNTAIN__R&R__HEALTH-Q2-2026-CAMPAIGN__US__US__MAY__2026____MEDICAL-WEIGHT-DIABETES-CARE-CTV-MONTANA-FRAME__PCOV__P5,131.01
2026-08-19,__DEAL__PA__268936__TUBI__WPROMOTE__CONTEXTUAL-BRAND-CAMPAIGN-CTV-FRAME__US__US__SEPT__2026____DC-CTV-PRIDE-ELATION__PCBV__P5,0.0
2026-08-19,__DEAL__PA__268937__TUBI__WPROMOTE__CONTEXTUAL-BRAND-CAMPAIGN-CTV-FRAME__US__US__SEPT__2026____SF-CTV-WORRY-FEAR__PCBV__P5,0.0
2026-08-08,__DEAL____264958__ST. JOHN HEALTH__THE_SHIPYARD____US__US__JUL__2026________P0,262.82
2026-07-25,__DEAL__PA__257696__BOARSHEAD__HORIZON__BTS-VIDEO CTV-CAMPAIGN__US__US__JUL__2026______PCOV-CTV__P5,0.0
2026-07-19,__DEAL__PA__260746__STANLEY-BLACK-&-DECKER__PMG__CRAFTSMAN-CTV__US__US__JUL__2026____FRAME-1-RESOURCEFUL-RENTERS-&-HOMEOWNERS__PCBV__P5,0.0
2026-07-22,Viant - Summer Travel - Liz,0.0
2026-08-15,Audigent & Beachfront - AUD-089270 - Adlib - AdLib - CTV SmartPMP - US - ctv - Audience Code bsy618 - Yahoo,0.0
2026-08-07,__DEAL__PA__262975__SPECTRUM__HORIZON__MX-SPECTRUM-Q1-26-CTV__US__US__JAN__2026____SPORTS-ENTHUSIASTS__PCOV__P5,0.0
2026-08-14,__DEAL__PA__268014__LOVESAC__HEARTS_&_SCIENCE__CTV-AUG-NOV-26__US__US__AUG__2026____AWR-STYLIST-SOPHISTICATES____P5,0.0
2026-08-12,__DEAL__PA__260746__STANLEY-BLACK-&-DECKER__PMG__CRAFTSMAN-CTV__US__US__JUL__2026____FRAME-1-MODERN-HOBBYIST-PARAMOUNT__PCBV__P5,0.45
2026-08-13,__DEAL__PA__243767__FREDDYS__PMG__ARM-CANDY__US__US__JUL__2026____LOW-CARB-ALTERNATIVES__PCBV__P5,0.54
2026-08-16,Audigent & Beachfront - AUD-089270 - Adlib - AdLib - CTV SmartPMP - US - ctv - Audience Code bsy618 - Beeswax,0.0
2026-08-05,TEST_ARI_DENIS_CTV_BFvsST_BF_DEAL,0.0
2026-07-25,F0047509 CF JULIO 26 GENEROS LUN-DOM 30,0.0
2026-08-18,__DEAL__PA__257930__RED ROBIN__SURFACE_AGENCY__Q2-2026__US__US__MAY__2026________P5,1560.9
2026-08-08,Audigent & Beachfront - AUD-089272 - Adlib - AdLib - Native SmartPMP - US - Audience Code bsy618 - Beeswax,0.0
2026-08-05,__DEAL__PA__257703__GOODFOOD__NEW-ENGEN__CTV-TEST__US__US__JUL__2026______PCOV__P10,440.71
2026-07-15,Viant - Summer Sports - Liz,0.0
2026-08-19,Viant - Political - All Voters ,0.0
2026-08-14,__DEAL__PA__237762__STANLEY-BLACK-&-DECKER__PMG__CRAFTSMAN-CTV__US__US__JUL__2026____FRAME-2-BESPOKE-DIY-MENTORSHIP-&-BUILDING-PARAMOUNT__PCBV__P5,76.19
2026-08-06,__DEAL__PA__237762__STANLEY-BLACK-&-DECKER__PMG__CRAFTSMAN-CTV__US__US__JUL__2026____FRAME-2-BESPOKE-MODERN-HOBBYIST__PCBV__P5 - Paramount,0.0
2026-08-06,F0047517 LUP GENÉRICA PREGUNTAS NOCHES 30S,0.0
2026-07-18,__DEAL__PA__246118__HOKA__JELLYFISH__HUMAN-FLY-H2-CTV__US__US__AUG__2026____BROAD-FITNESS-&-RUNNING__PCOV__P5,0.0
2026-07-17,2607 - MGMPLUS - JULY XCH  - MGMP23457-13 - SERIES,22.21
2026-08-19,__DEAL__PA__257930__RED ROBIN__SURFACE_AGENCY__Q2-2026__US__US__MAY__2026________P5,1534.31
2026-08-18,__DEAL__PA__268935__TUBI__WPROMOTE__CONTEXTUAL-BRAND-CAMPAIGN-CTV-FRAME__US__US__SEPT__2026____CHICAGO-CTV-WORRY-FEAR__PCBV__P5,0.0
2026-08-08,__DEAL__PA__257703__GOODFOOD__NEW-ENGEN__CTV-TEST__US__US__JUL__2026______PCOV__P10,389.81
2026-08-13,Adte_Optimal_Political,0.0
2026-08-05,Adtelligent Sensitive Categories Deal - Gambling - CTV,0.76
2026-08-19,__DEAL__PA__260746__STANLEY-BLACK-&-DECKER__PMG__CRAFTSMAN-CTV__US__US__JUL__2026____FRAME-1-DIY-MENTORSHIP-&-BUILDING-PARAMOUNT__PCBV__P5,2424.23
2026-08-19,Viant - Summer Sports - Liz,0.0
2026-07-27,F0047424 AEW GRAND SLAM TALENTO FECHA 30,0.0
2026-08-15,__DEAL__PA__237762__STANLEY-BLACK-&-DECKER__PMG__CRAFTSMAN-CTV__US__US__JUL__2026____FRAME-2-BESPOKE-DIY-MENTORSHIP-&-BUILDING__PCBV__P5,86.11
2026-08-08,TEST_ARI_DENIS_CTV_BFvsST_BF_DEAL,0.0
2026-08-06,__DEAL__PA__237762__STANLEY-BLACK-&-DECKER__PMG__CRAFTSMAN-CTV__US__US__JUL__2026____FRAME-2-BESPOKE-RESOURCEFUL-RENTERS-&-HOMEOWNERS-PARAMOUNT__PCBV__P5,0.01
2026-08-06,__DEAL__PA__237762__STANLEY-BLACK-&-DECKER__PMG__CRAFTSMAN-CTV__US__US__JUL__2026____FRAME-2-BESPOKE-RESOURCEFUL-RENTERS-&-HOMEOWNERS__PCBV__P5 - Paramount,0.0
2026-08-17,__DEAL____263014__SAN DIEGO TOURISM AUTHORITY__THE_SHIPYARD____Experience Seekers_US__US__AUG__2026________P0,105.71
2026-07-15,__DEAL__PA__257930__RED ROBIN__SURFACE_AGENCY__Q2-2026__US__US__MAY__2026________P5,420.43
2026-07-07,TEST_ARI_DENIS_CTV_BFvsST_BF_DEAL,233.46
2026-07-03,Kaiser Permanente Care Delivery H2 2026 - 6226,0.0
2026-08-11,F0047466 90 LIGAS LUN MIE VIE 9 PM 30,0.0
2026-08-07,__DEAL__PA__247041__RIGHT-GUARD__EXVERUSMEDIA__EVERGREEN-AMAZON-CTV__US__US__JUN__2026____RIGHT-GUARD-BLUE-COLLAR-BENS__PCOV-CTV__P5,0.0
2026-07-25,__DEAL__PA__232279__INTERMOUNTAIN__R&R__HEALTH-Q2-2026-CAMPAIGN__US__US__MAY__2026____MEDICAL-WEIGHT-DIABETES-CARE-CTV-MONTANA-STANDARD__PCOV__P5,68.0
2026-07-30,Adtelligent Sensitive Categories Deal - Alcohol - CTV,3.77
2026-07-19,__DEAL__PA__243767__FREDDYS__PMG__ARM-CANDY__US__US__JUL__2026____LOW-CARB-ALTERNATIVES__PCBV__P5,6.88
2026-07-24,2607 - MGMPLUS - JULY XCH - MGMP23457-13 - MOVIES,11.42
2026-08-19,__DEAL__PA__259149__BELL-CANADA__DIRECT-CLIENT__WIRELINE-ALWAYS-ON-LAB-Q3-2026__CA__CA__AUG__2026____CTV-TECHNOLOGY-AND-GADGETS__PCBV__P5,0.0
2026-08-15,__DEAL__PA__194330__CICIS-PIZZA__ARM-CANDY__CTV-TIER-1__US__US__JUL__2026______PCOV__P5,0.0
2026-08-14,F0047850 NFL PRETEMP BRONCOS VS FALCONS DÍA  20S,0.0
2026-08-17,__DEAL__PA__246118__HOKA__JELLYFISH__HUMAN-FLY-H2-CTV__US__US__AUG__2026____BROAD-FITNESS-&-RUNNING__PCOV__P5,2163.69
2026-07-13,__DEAL__PA__261391__SPECTRUM__HORIZON__MX-SPECTRUM-Q1-26-CTV__US__US__JAN__2026____SPORTS-ENTHUSIASTS__PCOV__P5,65.86
2026-08-11,__DEAL__PA__268014__LOVESAC__HEARTS_&_SCIENCE__CTV-AUG-NOV-26__US__US__AUG__2026____AWR-PREMIUM-PRAGMATISTS____P5,0.0
2026-08-07,__DEAL__PA__260746__STANLEY-BLACK-&-DECKER__PMG__CRAFTSMAN-CTV__US__US__JUL__2026____FRAME-1-EMPOWERMENT-&-CONFIDENCE-BUILDERS__PCBV__P5,214.41
2026-08-10,Viant - Summer Travel - Liz,0.0
2026-08-17,__DEAL__PA__260746__STANLEY-BLACK-&-DECKER__PMG__CRAFTSMAN-CTV__US__US__JUL__2026____FRAME-1-EMPOWERMENT-&-CONFIDENCE-BUILDERS__PCBV__P5,29.28
2026-08-16,__DEAL__PA__268937__TUBI__WPROMOTE__CONTEXTUAL-BRAND-CAMPAIGN-CTV-FRAME__US__US__SEPT__2026____SF-CTV-ENJOYMENT-PLEASURE__PCBV__P5,0.0
2026-08-02,__DEAL__PA__232279__INTERMOUNTAIN__R&R__HEALTH-Q2-2026-CAMPAIGN__US__US__MAY__2026____MEDICAL-WEIGHT-DIABETES-CARE-CTV-MONTANA-STANDARD__PCOV__P5,47.79
2026-07-19,__DEAL__PA__260746__STANLEY-BLACK-&-DECKER__PMG__CRAFTSMAN-CTV__US__US__JUL__2026____FRAME-1-EMPOWERMENT-&-CONFIDENCE-BUILDERS__PCBV__P5,0.0
2026-07-10,2607 - MGMPLUS - WESTIES - PROMO A - Pre-Premiere - MGMPHD363429 - MOVIES,10.38
2026-08-18,__DEAL__PA__260746__STANLEY-BLACK-&-DECKER__PMG__CRAFTSMAN-CTV__US__US__JUL__2026____FRAME-1-MODERN-HOBBYIST__PCBV__P5,0.0
2026-08-18,__DEAL__PA__268937__TUBI__WPROMOTE__CONTEXTUAL-BRAND-CAMPAIGN-CTV-FRAME__US__US__SEPT__2026____SF-CTV-LONGING-NOSTALGIA__PCBV__P5,0.0
2026-08-17,__DEAL__PA__260746__STANLEY-BLACK-&-DECKER__PMG__CRAFTSMAN-CTV__US__US__JUL__2026____FRAME-1-EMPOWERMENT-&-CONFIDENCE-BUILDERS-PARAMOUNT__PCBV__P5,639.32
2026-08-16,__DEAL__PA__268936__TUBI__WPROMOTE__CONTEXTUAL-BRAND-CAMPAIGN-CTV-FRAME__US__US__SEPT__2026____DC-CTV-LONGING-NOSTALGIA__PCBV__P5,0.0
2026-08-05,__DEAL__PA__268014__LOVESAC__HEARTS_&_SCIENCE__CTV-AUG-NOV-26__US__US__AUG__2026____AWR-STYLIST-SOPHISTICATES____P5,0.0
2026-08-02,Viant - Summer Travel - Liz,0.0
2026-08-17,__DEAL__PA__268935__TUBI__WPROMOTE__CONTEXTUAL-BRAND-CAMPAIGN-CTV-FRAME__US__US__SEPT__2026____CHICAGO-CTV-ENJOYMENT-PLEASURE__PCBV__P5,0.0
2026-08-17,__DEAL____263014__SAN DIEGO TOURISM AUTHORITY__THE_SHIPYARD____RON_US__US__AUG__2026________P0,487.78
2026-07-30,Q3 Adte - Beeswax US,0.12
2026-07-28,Adtelligent Sensitive Categories Deal - Alcohol - CTV,3.49
2026-07-15,Adtelligent Sensitive Categories Deal - Gambling - CTV,2.91
2026-07-24,__DEAL__PA__260746__STANLEY-BLACK-&-DECKER__PMG__CRAFTSMAN-CTV__US__US__JUL__2026____FRAME-1-DIY-MENTORSHIP-&-BUILDING__PCBV__P5,0.0
2026-07-10,__DEAL__PA__237762__STANLEY-BLACK-&-DECKER__PMG__CRAFTSMAN-CTV__US__US__JUL__2026____FRAME-2-BESPOKE-EMPOWERMENT-&-CONFIDENCE-BUILDERS__PCBV__P5,8.42
2026-08-08,Adtelligent Sensitive Categories Deal - Gambling - CTV,0.89
2026-08-06,__DEAL__PA__260746__STANLEY-BLACK-&-DECKER__PMG__CRAFTSMAN-CTV__US__US__JUL__2026____FRAME-1-RESOURCEFUL-RENTERS-&-HOMEOWNERS__PCBV__P5 - Paramount,0.0
2026-08-12,Viant - Jetsetters & Travel Enthusiasts -  Liz,0.0
2026-08-10,__DEAL__PA__247041__RIGHT-GUARD__EXVERUSMEDIA__EVERGREEN-AMAZON-CTV__US__US__JUN__2026____RIGHT-GUARD-WEEKEND-WARRIORS__PCOV-CTV__P5,0.0
2026-08-13,Seedtag,23338.74
2026-07-06,2607 - MGMPLUS - WESTIES - PROMO A - Pre-Premiere - MGMPHD363429 - SERIES,15.63
2026-07-08,__DEAL__PA__247041__RIGHT-GUARD__EXVERUSMEDIA__EVERGREEN-AMAZON-CTV__US__US__JUN__2026____RIGHT-GUARD-BLUE-COLLAR-BENS__PCOV-CTV__P5,0.0
2026-08-02,Viant - Jetsetters & Travel Enthusiasts -  Liz,0.0
2026-08-05,__DEAL__PA__237762__STANLEY-BLACK-&-DECKER__PMG__CRAFTSMAN-CTV__US__US__JUL__2026____FRAME-2-BESPOKE-DIY-MENTORSHIP-&-BUILDING__PCBV__P5,696.95
2026-07-31,Kaiser Permanente Care Delivery H2 2026 - 6226,0.42
2026-08-14,__DEAL__PA__268936__TUBI__WPROMOTE__CONTEXTUAL-BRAND-CAMPAIGN-CTV-FRAME__US__US__SEPT__2026____DC-CTV-LONGING-NOSTALGIA__PCBV__P5,0.0
2026-08-18,__DEAL__PA__268937__TUBI__WPROMOTE__CONTEXTUAL-BRAND-CAMPAIGN-CTV-FRAME__US__US__SEPT__2026____SF-CTV-ASTONISHMENT-SURPRISE__PCBV__P5,0.0
2026-08-17,Audigent & Beachfront - AUD-089270 - Adlib - AdLib - CTV SmartPMP - US - ctv - Audience Code bsy618 - Beeswax,0.0
2026-07-30,F0047517 LUP GENÉRICA PREGUNTAS NOCHES 30S,0.0
2026-08-19,__DEAL__PA__243767__FREDDYS__PMG__ARM-CANDY__US__US__JUL__2026____LOW-CARB-ALTERNATIVES__PCBV__P5,1.06
2026-08-08,__DEAL__PA__237762__STANLEY-BLACK-&-DECKER__PMG__CRAFTSMAN-CTV__US__US__JUL__2026____FRAME-2-BESPOKE-MODERN-HOBBYIST__PCBV__P5,111.64
2026-07-23,F0047482 LNBP FUERZA REGIA VS SOLES DOMINGO 15,0.0
2026-08-14,Viant - Summer Travel - Liz,0.0
2026-08-07,__DEAL__PA__247041__RIGHT-GUARD__EXVERUSMEDIA__EVERGREEN-AMAZON-CTV__US__US__JUN__2026____RIGHT-GUARD-WEEKEND-WARRIORS__PCOV-CTV__P5,0.0
2026-08-14,Viant - Summer Sports - Liz,0.0
2026-08-06,__DEAL____263014__SAN DIEGO TOURISM AUTHORITY__THE_SHIPYARD____RON_US__US__AUG__2026________P0,223.16
2026-08-01,Viant - Summer Travel - Liz,0.0
2026-08-13,2608 - WESTIES Critics Promo - AUG 2026 - MGMPHD363486 - SERIES,11.55
2026-08-15,__DEAL__PA__259149__BELL-CANADA__DIRECT-CLIENT__WIRELINE-ALWAYS-ON-LAB-Q3-2026__CA__CA__AUG__2026____CTV-TECHNOLOGY-AND-GADGETS__PCBV__P5,0.0
2026-08-11,Adtelligent Sensitive Categories Deal - Alcohol - CTV,0.99
2026-08-07,__DEAL__PA__260746__STANLEY-BLACK-&-DECKER__PMG__CRAFTSMAN-CTV__US__US__JUL__2026____FRAME-1-MODERN-HOBBYIST__PCBV__P5,0.0
2026-08-14,__DEAL__PA__268936__TUBI__WPROMOTE__CONTEXTUAL-BRAND-CAMPAIGN-CTV-FRAME__US__US__SEPT__2026____DC-CTV-PRIDE-ELATION__PCBV__P5,0.0
2026-08-06,F0047460 MLS LUN A VIE 6PM 15,0.0
2026-08-06,Kaiser Permanente Care Delivery H2 2026 - 6226,0.25
2026-08-17,Kaiser Permanente Care Delivery H2 2026 - 6226,0.27
2026-07-18,2607 - MGMPLUS - JULY XCH  - MGMP23457-13 - SERIES,24.34
2026-07-20,Adtelligent Sensitive Categories Deal - Alcohol - CTV,6.31
2026-08-18,__DEAL__PA__268936__TUBI__WPROMOTE__CONTEXTUAL-BRAND-CAMPAIGN-CTV-FRAME__US__US__SEPT__2026____DC-CTV-ENJOYMENT-PLEASURE__PCBV__P5,0.0
2026-08-16,Viant - Summer Sports - Liz,0.0
2026-08-19,Adte_Optimal_Political,0.0
2026-07-31,__DEAL____263014__SAN DIEGO TOURISM AUTHORITY__THE_SHIPYARD____RON_US__US__AUG__2026________P0,9.1
2026-07-18,__DEAL__PA__247041__RIGHT-GUARD__EXVERUSMEDIA__EVERGREEN-AMAZON-CTV__US__US__JUN__2026____RIGHT-GUARD-WEEKEND-WARRIORS__PCOV-CTV__P5,0.0
2026-07-18,__DEAL__PA__243767__FREDDYS__PMG__ARM-CANDY__US__US__JUL__2026____SODAS-&-REFRESHERS__PCBV__P5,0.0
2026-07-16,__DEAL__PA__246118__HOKA__JELLYFISH__HUMAN-FLY-H2-CTV__US__US__AUG__2026____BROAD-FITNESS-&-RUNNING__PCOV__P5,0.0
2026-07-23,__DEAL__PA__247041__RIGHT-GUARD__EXVERUSMEDIA__EVERGREEN-AMAZON-CTV__US__US__JUN__2026____RIGHT-GUARD-BLUE-COLLAR-BENS__PCOV-CTV__P5,0.0
2026-07-30,__DEAL__PA__194330__CICIS-PIZZA__ARM-CANDY__CTV-TIER-1__US__US__JUL__2026______PCOV__P5,0.0
2026-07-22,F0047541 JCC DATOS 24 JUL-8 AGO FECHA 20,0.0
2026-08-14,__DEAL__PA__259149__BELL-CANADA__DIRECT-CLIENT__WIRELINE-ALWAYS-ON-LAB-Q3-2026__CA__CA__AUG__2026____CTV-SMART-HOME__PCBV__P5,0.0
2026-08-16,Viant - Jetsetters & Travel Enthusiasts -  Liz,0.0
2026-07-23,Seedtag,7860.91
2026-07-19,__DEAL__PA__257703__GOODFOOD__NEW-ENGEN__CTV-TEST__US__US__JUL__2026______PCOV__P10,414.12
2026-08-09,__DEAL__PA__237762__STANLEY-BLACK-&-DECKER__PMG__CRAFTSMAN-CTV__US__US__JUL__2026____FRAME-2-BESPOKE-MODERN-HOBBYIST-PARAMOUNT__PCBV__P5,53.27
2026-08-15,__DEAL__PA__262975__SPECTRUM__HORIZON__MX-SPECTRUM-Q1-26-CTV__US__US__JAN__2026____SPORTS-ENTHUSIASTS__PCOV__P5,0.0
2026-08-15,F0047462 FFC CATEGORIAS BOX SABADO 30 10-08-26,0.0
2026-08-14,Viant - Jetsetters & Travel Enthusiasts -  Liz,0.0
2026-08-05,F0047466 90 LIGAS LUN MIE VIE 9 PM 30,0.0
2026-07-27,__DEAL__PA__247041__RIGHT-GUARD__EXVERUSMEDIA__EVERGREEN-AMAZON-CTV__US__US__JUN__2026____RIGHT-GUARD-WEEKEND-WARRIORS__PCOV-CTV__P5,0.0
2026-07-22,F0047490 FGM A26 JUEVES 25,0.0
2026-07-13,Viant - Summer Sports - Liz,0.0
2026-08-01,__DEAL__PA__232279__INTERMOUNTAIN__R&R__HEALTH-Q2-2026-CAMPAIGN__US__US__MAY__2026____MEDICAL-WEIGHT-DIABETES-CARE-CTV-MONTANA-STANDARD__PCOV__P5,285.11
2026-08-16,__DEAL__PA__232279__INTERMOUNTAIN__R&R__HEALTH-Q2-2026-CAMPAIGN__US__US__MAY__2026____MEDICAL-WEIGHT-DIABETES-CARE-CTV-MONTANA-STANDARD__PCOV__P5,16.96
2026-07-22,__DEAL__PA__260746__STANLEY-BLACK-&-DECKER__PMG__CRAFTSMAN-CTV__US__US__JUL__2026____FRAME-1-MODERN-HOBBYIST__PCBV__P5,0.0
2026-07-13,F0047424 AEW GRAND SLAM TALENTO FECHA 30,0.0
2026-08-01,Viant - Jetsetters & Travel Enthusiasts -  Liz,0.0
2026-08-04,Viant - Summer Sports - Liz,0.0
2026-08-17,Audigent & Beachfront - AUD-089272 - Adlib - AdLib - Native SmartPMP - US - Audience Code bsy618 - Yahoo,0.0
2026-08-05,F0047460 MLS LUN A VIE 6PM 15,0.0
2026-07-30,__DEAL____263014__SAN DIEGO TOURISM AUTHORITY__THE_SHIPYARD____Live Sports_US__US__AUG__2026________P0,0.0
2026-08-15,__DEAL__PA__237762__STANLEY-BLACK-&-DECKER__PMG__CRAFTSMAN-CTV__US__US__JUL__2026____FRAME-2-BESPOKE-MODERN-HOBBYIST__PCBV__P5,49.28
2026-08-01,__DEAL____263014__SAN DIEGO TOURISM AUTHORITY__THE_SHIPYARD____RON_US__US__AUG__2026________P0,5.98
2026-07-31,F0047509 CF JULIO 26 GENEROS LUN-DOM 30,0.0
2026-08-19,PRODUCT____264512__DATABRICKS__JUSTGLOBAL__OLV-CTV__US__US__AUG__OCT__2026______COV__,0.0
2026-07-11,__DEAL__PA__261391__SPECTRUM__HORIZON__MX-SPECTRUM-Q1-26-CTV__US__US__JAN__2026____SPORTS-ENTHUSIASTS__PCOV__P5,63.13
2026-08-12,Viant - Summer Travel - Liz,0.0
2026-08-17,__DEAL__PA__268936__TUBI__WPROMOTE__CONTEXTUAL-BRAND-CAMPAIGN-CTV-FRAME__US__US__SEPT__2026____DC-CTV-ASTONISHMENT-SURPRISE__PCBV__P5,0.0
2026-08-09,__DEAL__PA__260746__STANLEY-BLACK-&-DECKER__PMG__CRAFTSMAN-CTV__US__US__JUL__2026____FRAME-1-RESOURCEFUL-RENTERS-&-HOMEOWNERS__PCBV__P5,0.0
2026-08-14,__DEAL__PA__232279__INTERMOUNTAIN__R&R__HEALTH-Q2-2026-CAMPAIGN__US__US__MAY__2026____MEDICAL-WEIGHT-DIABETES-CARE-CTV-MONTANA-STANDARD__PCOV__P5,34.51
2026-08-12,__DEAL__PA__268936__TUBI__WPROMOTE__CONTEXTUAL-BRAND-CAMPAIGN-CTV-FRAME__US__US__SEPT__2026____DC-CTV-LONGING-NOSTALGIA__PCBV__P5,0.0
2026-08-10,__DEAL__PA__260746__STANLEY-BLACK-&-DECKER__PMG__CRAFTSMAN-CTV__US__US__JUL__2026____FRAME-1-RESOURCEFUL-RENTERS-&-HOMEOWNERS__PCBV__P5,495.68
2026-07-26,__DEAL__PA__257930__RED ROBIN__SURFACE_AGENCY__Q2-2026__US__US__MAY__2026________P5,484.2
2026-07-23,__DEAL__PA__243767__FREDDYS__PMG__ARM-CANDY__US__US__JUL__2026____LOW-CARB-ALTERNATIVES__PCBV__P5,0.37
2026-07-29,__DEAL__PA__247041__RIGHT-GUARD__EXVERUSMEDIA__EVERGREEN-AMAZON-CTV__US__US__JUN__2026____RIGHT-GUARD-WEEKEND-WARRIORS__PCOV-CTV__P5,0.0
2026-08-11,F0047509 CF JULIO 26 GENEROS LUN-DOM 30,0.0
2026-07-15,__DEAL__PA__237762__STANLEY-BLACK-&-DECKER__PMG__CRAFTSMAN-CTV__US__US__JUL__2026____FRAME-2-BESPOKE-MODERN-HOBBYIST__PCBV__P5,0.2
2026-07-21,F0047551 SHOW LO MEJOR JCC 2026 SÁB 15s,0.0
2026-07-13,Viant - Jetsetters & Travel Enthusiasts -  Liz,0.0
2026-08-10,__DEAL__PA__243767__FREDDYS__PMG__ARM-CANDY__US__US__JUL__2026____SODAS-&-REFRESHERS__PCBV__P5,0.0
2026-08-17,Audigent & Beachfront - AUD-089268 - Adlib - AdLib - Display SmartPMP - US - Audience Code bsy618 - Beeswax,0.0
2026-07-08,__DEAL__PA__194330__CICIS-PIZZA__ARM-CANDY__CTV-TIER-1__US__US__JUL__2026______PCOV__P5,7.2
2026-07-18,__DEAL__PA__260746__STANLEY-BLACK-&-DECKER__PMG__CRAFTSMAN-CTV__US__US__JUL__2026____FRAME-1-MODERN-HOBBYIST__PCBV__P5,0.0
2026-07-18,F0047235 MONSTER JAM EP 11,0.0
2026-07-24,__DEAL__PA__260746__STANLEY-BLACK-&-DECKER__PMG__CRAFTSMAN-CTV__US__US__JUL__2026____FRAME-1-EMPOWERMENT-&-CONFIDENCE-BUILDERS__PCBV__P5,0.0
2026-08-15,F0047460 MLS LU A VIER 6PM 15 13-08-2026,0.0
2026-08-12,__DEAL__PA__268936__TUBI__WPROMOTE__CONTEXTUAL-BRAND-CAMPAIGN-CTV-FRAME__US__US__SEPT__2026____DC-CTV-PRIDE-ELATION__PCBV__P5,0.0
2026-08-12,__DEAL__PA__232279__INTERMOUNTAIN__R&R__HEALTH-Q2-2026-CAMPAIGN__US__US__MAY__2026____MEDICAL-WEIGHT-DIABETES-CARE-CTV-MONTANA-STANDARD__PCOV__P5,43.27
2026-08-16,Viant - Summer Travel - Liz,0.0
2026-07-18,__DEAL__PA__260746__STANLEY-BLACK-&-DECKER__PMG__CRAFTSMAN-CTV__US__US__JUL__2026____FRAME-1-RESOURCEFUL-RENTERS-&-HOMEOWNERS__PCBV__P5,0.0
2026-07-16,__DEAL__PA__262975__SPECTRUM__HORIZON__MX-SPECTRUM-Q1-26-CTV__US__US__JAN__2026____SPORTS-ENTHUSIASTS__PCOV__P5,24.27
2026-07-20,__DEAL__PA__237762__STANLEY-BLACK-&-DECKER__PMG__CRAFTSMAN-CTV__US__US__JUL__2026____FRAME-2-BESPOKE-DIY-MENTORSHIP-&-BUILDING__PCBV__P5,919.3
2026-07-23,PRODUCT____264512__DATABRICKS__JUSTGLOBAL__OLV-CTV__US__US__AUG__OCT__2026______COV__,0.0
2026-07-29,2607 - MGMPLUS - JULY XCH  - MGMP23457-13 - SERIES,16.87
2026-07-06,__DEAL__PA__260746__STANLEY-BLACK-&-DECKER__PMG__CRAFTSMAN-CTV__US__US__JUL__2026____FRAME-1-RESOURCEFUL-RENTERS-&-HOMEOWNERS__PCBV__P5,0.0
2026-08-11,__DEAL__PA__237762__STANLEY-BLACK-&-DECKER__PMG__CRAFTSMAN-CTV__US__US__JUL__2026____FRAME-2-BESPOKE-DIY-MENTORSHIP-&-BUILDING__PCBV__P5,0.1
2026-08-06,__DEAL__PA__260746__STANLEY-BLACK-&-DECKER__PMG__CRAFTSMAN-CTV__US__US__JUL__2026____FRAME-1-EMPOWERMENT-&-CONFIDENCE-BUILDERS-PARAMOUNT__PCBV__P5,0.0
2026-08-10,__DEAL__PA__237762__STANLEY-BLACK-&-DECKER__PMG__CRAFTSMAN-CTV__US__US__JUL__2026____FRAME-2-BESPOKE-MODERN-HOBBYIST-PARAMOUNT__PCBV__P5,0.0
2026-08-15,__DEAL__PA__268937__TUBI__WPROMOTE__CONTEXTUAL-BRAND-CAMPAIGN-CTV-FRAME__US__US__SEPT__2026____SF-CTV-WONDERMENT-FEELING-AWE__PCBV__P5,0.0
2026-08-03,F0047466 90 LIGAS LUN MIE VIE 9 PM 30,0.0
2026-07-31,Viant - Summer Travel - Liz,0.0
2026-07-17,__DEAL__PA__262975__SPECTRUM__HORIZON__MX-SPECTRUM-Q1-26-CTV__US__US__JAN__2026____SPORTS-ENTHUSIASTS__PCOV__P5,22.01
2026-07-21,__DEAL__PA__247041__RIGHT-GUARD__EXVERUSMEDIA__EVERGREEN-AMAZON-CTV__US__US__JUN__2026____RIGHT-GUARD-WEEKEND-WARRIORS__PCOV-CTV__P5,0.0
2026-07-24,TEST_ARI_DENIS_CTV_BFvsST_BF_DEAL,0.0
2026-08-04,Viant - Jetsetters & Travel Enthusiasts -  Liz,0.0
2026-08-17,__DEAL__PA__268936__TUBI__WPROMOTE__CONTEXTUAL-BRAND-CAMPAIGN-CTV-FRAME__US__US__SEPT__2026____DC-CTV-LONGING-NOSTALGIA__PCBV__P5,0.0
2026-08-16,__DEAL__PA__260746__STANLEY-BLACK-&-DECKER__PMG__CRAFTSMAN-CTV__US__US__JUL__2026____FRAME-1-EMPOWERMENT-&-CONFIDENCE-BUILDERS-PARAMOUNT__PCBV__P5,0.0
2026-07-21,2607 - MGMPLUS - JULY XCH  - MGMP23457-13 - SERIES,29.53
2026-07-09,__DEAL__PA__243767__FREDDYS__PMG__ARM-CANDY__US__US__JUL__2026____SODAS-&-REFRESHERS__PCBV__P5,0.0
2026-08-17,__DEAL__PA__268935__TUBI__WPROMOTE__CONTEXTUAL-BRAND-CAMPAIGN-CTV-FRAME__US__US__SEPT__2026____CHICAGO-CTV-WONDERMENT-FEELING-AWE__PCBV__P5,0.0
2026-08-13,Audigent & Beachfront - AUD-089269 - Adlib - AdLib - Video SmartPMP - US - Audience Code bsy618 - Beeswax,0.0
2026-08-16,Audigent & Beachfront - AUD-089272 - Adlib - AdLib - Native SmartPMP - US - Audience Code bsy618 - Yahoo,0.0
2026-07-14,2607 - MGMPLUS - JULY XCH  - MGMP23457-13 - SERIES,31.83
2026-07-20,__DEAL__PA__264233__MICHAELS__PMG__CELEBRATIONS-CTV__US__US__SEPT__2026____CTV-GRADUATION-CELEBRATIONS__PCOV__P5,0.0
2026-07-19,__DEAL__PA__257930__RED ROBIN__SURFACE_AGENCY__Q2-2026__US__US__MAY__2026________P5,68.25
2026-07-22,F0047482 LNBP FUERZA REGIA VS SOLES DOMINGO 15,0.0
2026-07-10,__DEAL__PA__260746__STANLEY-BLACK-&-DECKER__PMG__CRAFTSMAN-CTV__US__US__JUL__2026____FRAME-1-DIY-MENTORSHIP-&-BUILDING__PCBV__P5,0.0
2026-07-06,__DEAL__PA__260746__STANLEY-BLACK-&-DECKER__PMG__CRAFTSMAN-CTV__US__US__JUL__2026____FRAME-1-MODERN-HOBBYIST__PCBV__P5,0.0
2026-08-06,Viant - Summer Travel - Liz,0.0
2026-08-10,__DEAL__PA__260746__STANLEY-BLACK-&-DECKER__PMG__CRAFTSMAN-CTV__US__US__JUL__2026____FRAME-1-MODERN-HOBBYIST__PCBV__P5,0.0
2026-08-19,__DEAL__PA__268937__TUBI__WPROMOTE__CONTEXTUAL-BRAND-CAMPAIGN-CTV-FRAME__US__US__SEPT__2026____SF-CTV-ASTONISHMENT-SURPRISE__PCBV__P5,0.0
2026-07-31,__DEAL__PA__232279__INTERMOUNTAIN__R&R__HEALTH-Q2-2026-CAMPAIGN__US__US__MAY__2026____MEDICAL-WEIGHT-DIABETES-CARE-CTV-MONTANA-STANDARD__PCOV__P5,170.24
2026-07-25,__DEAL__PA__243767__FREDDYS__PMG__ARM-CANDY__US__US__JUL__2026____SODAS-&-REFRESHERS__PCBV__P5,0.0
2026-07-30,__DEAL__PA__247041__RIGHT-GUARD__EXVERUSMEDIA__EVERGREEN-AMAZON-CTV__US__US__JUN__2026____RIGHT-GUARD-BLUE-COLLAR-BENS__PCOV-CTV__P5,0.0
2026-08-19,__DEAL__PA__194330__CICIS-PIZZA__ARM-CANDY__CTV-TIER-1__US__US__JUL__2026______PCOV__P5,0.0
2026-08-19,__DEAL__PA__269645__WHITECLAW__HAWORTH-MEDIA__SURGE-COLLEGE-SPORTS-LIVE-CTV__US__US__AUG__2026______PCOV__P5,0.73
2026-07-14,__DEAL__PA__247041__RIGHT-GUARD__EXVERUSMEDIA__EVERGREEN-AMAZON-CTV__US__US__JUN__2026____RIGHT-GUARD-WEEKEND-WARRIORS__PCOV-CTV__P5,0.0
2026-07-20,Kaiser Permanente Care Delivery H2 2026 - 6226,0.13
2026-07-23,Q3 Adte - Beeswax US,0.0
2026-08-18,Seedtag,23577.92
2026-08-18,__DEAL__PA__260746__STANLEY-BLACK-&-DECKER__PMG__CRAFTSMAN-CTV__US__US__JUL__2026____FRAME-1-RESOURCEFUL-RENTERS-&-HOMEOWNERS__PCBV__P5,50.19
2026-08-03,__DEAL__PA__257930__RED ROBIN__SURFACE_AGENCY__Q2-2026__US__US__MAY__2026________P5,479.09
2026-08-17,Viant - Summer Travel - Liz,0.0
2026-08-17,2608  - AUG 2026 XCH  - MGMP23468-13 - SERIES,5.2
2026-07-19,__DEAL__PA__237762__STANLEY-BLACK-&-DECKER__PMG__CRAFTSMAN-CTV__US__US__JUL__2026____FRAME-2-BESPOKE-EMPOWERMENT-&-CONFIDENCE-BUILDERS__PCBV__P5,36.02
2026-07-10,__DEAL__PA__260746__STANLEY-BLACK-&-DECKER__PMG__CRAFTSMAN-CTV__US__US__JUL__2026____FRAME-1-EMPOWERMENT-&-CONFIDENCE-BUILDERS__PCBV__P5,0.0
2026-08-15,Audigent & Beachfront - AUD-089272 - Adlib - AdLib - Native SmartPMP - US - Audience Code bsy618 - Beeswax,0.0
2026-08-15,__DEAL__PA__268935__TUBI__WPROMOTE__CONTEXTUAL-BRAND-CAMPAIGN-CTV-FRAME__US__US__SEPT__2026____CHICAGO-CTV-PRIDE-ELATION__PCBV__P5,0.0
2026-08-11,__DEAL__PA__263210__CYERA__CLOSED-LOOP__Q3-CTV__US__US__AUG__2026____V2__PCOV__P5,0.13
2026-08-08,__DEAL__PA__260746__STANLEY-BLACK-&-DECKER__PMG__CRAFTSMAN-CTV__US__US__JUL__2026____FRAME-1-RESOURCEFUL-RENTERS-&-HOMEOWNERS-PARAMOUNT__PCBV__P5,0.0
2026-08-04,__DEAL__PA__260746__STANLEY-BLACK-&-DECKER__PMG__CRAFTSMAN-CTV__US__US__JUL__2026____FRAME-1-RESOURCEFUL-RENTERS-&-HOMEOWNERS__PCBV__P5,337.04
2026-08-16,__DEAL__PA__268936__TUBI__WPROMOTE__CONTEXTUAL-BRAND-CAMPAIGN-CTV-FRAME__US__US__SEPT__2026____DC-CTV-PRIDE-ELATION__PCBV__P5,0.0
2026-07-27,__DEAL__PA__243767__FREDDYS__PMG__ARM-CANDY__US__US__JUL__2026____SODAS-&-REFRESHERS__PCBV__P5,0.0
2026-08-19,__DEAL__PA__260746__STANLEY-BLACK-&-DECKER__PMG__CRAFTSMAN-CTV__US__US__JUL__2026____FRAME-1-MODERN-HOBBYIST__PCBV__P5,1877.78
2026-07-31,Viant - Jetsetters & Travel Enthusiasts -  Liz,0.0
2026-07-21,Viant - Summer Travel - Liz,0.0
2026-08-07,__DEAL__PA__260746__STANLEY-BLACK-&-DECKER__PMG__CRAFTSMAN-CTV__US__US__JUL__2026____FRAME-1-RESOURCEFUL-RENTERS-&-HOMEOWNERS__PCBV__P5,131.37
2026-08-17,__DEAL__PA__260746__STANLEY-BLACK-&-DECKER__PMG__CRAFTSMAN-CTV__US__US__JUL__2026____FRAME-1-MODERN-HOBBYIST-PARAMOUNT__PCBV__P5,0.93
2026-07-25,__DEAL__PA__247041__RIGHT-GUARD__EXVERUSMEDIA__EVERGREEN-AMAZON-CTV__US__US__JUN__2026____RIGHT-GUARD-WEEKEND-WARRIORS__PCOV-CTV__P5,0.0
2026-08-15,__DEAL__PA__268936__TUBI__WPROMOTE__CONTEXTUAL-BRAND-CAMPAIGN-CTV-FRAME__US__US__SEPT__2026____DC-CTV-WONDERMENT-FEELING-AWE__PCBV__P5,0.0
2026-08-14,__DEAL____263014__SAN DIEGO TOURISM AUTHORITY__THE_SHIPYARD____RON_US__US__AUG__2026________P0,339.0
2026-08-13,__DEAL__PA__268936__TUBI__WPROMOTE__CONTEXTUAL-BRAND-CAMPAIGN-CTV-FRAME__US__US__SEPT__2026____DC-CTV-ENJOYMENT-PLEASURE__PCBV__P5,0.0
2026-08-14,Audigent & Beachfront - AUD-089270 - Adlib - AdLib - CTV SmartPMP - US - ctv - Audience Code bsy618 - Beeswax,0.0
2026-08-14,__DEAL__PA__260746__STANLEY-BLACK-&-DECKER__PMG__CRAFTSMAN-CTV__US__US__JUL__2026____FRAME-1-MODERN-HOBBYIST-PARAMOUNT__PCBV__P5,0.0
2026-08-04,__DEAL__PA__232279__INTERMOUNTAIN__R&R__HEALTH-Q2-2026-CAMPAIGN__US__US__MAY__2026____MEDICAL-WEIGHT-DIABETES-CARE-CTV-MONTANA-STANDARD__PCOV__P5,43.51
2026-08-02,Viant - Summer Sports - Liz,0.0
2026-08-16,__DEAL__PA__259149__BELL-CANADA__DIRECT-CLIENT__WIRELINE-ALWAYS-ON-LAB-Q3-2026__CA__CA__AUG__2026____CTV-SMART-HOME__PCBV__P5,0.0
2026-07-12,__DEAL__PA__194330__CICIS-PIZZA__ARM-CANDY__CTV-TIER-1__US__US__JUL__2026______PCOV__P5,2.7
2026-08-14,__DEAL__PA__268936__TUBI__WPROMOTE__CONTEXTUAL-BRAND-CAMPAIGN-CTV-FRAME__US__US__SEPT__2026____DC-CTV-ASTONISHMENT-SURPRISE__PCBV__P5,0.0
2026-08-17,__DEAL__PA__259149__BELL-CANADA__DIRECT-CLIENT__WIRELINE-ALWAYS-ON-LAB-Q3-2026__CA__CA__AUG__2026____CTV-SMART-HOME__PCBV__P5,0.0
2026-08-13,__DEAL__PA__247041__RIGHT-GUARD__EXVERUSMEDIA__EVERGREEN-AMAZON-CTV__US__US__JUN__2026____RIGHT-GUARD-BLUE-COLLAR-BENS__PCOV-CTV__P5,0.0
2026-08-19,__DEAL____263014__SAN DIEGO TOURISM AUTHORITY__THE_SHIPYARD____Live Sports_US__US__AUG__2026________P0,53.79
2026-07-21,__DEAL__PA__260746__STANLEY-BLACK-&-DECKER__PMG__CRAFTSMAN-CTV__US__US__JUL__2026____FRAME-1-RESOURCEFUL-RENTERS-&-HOMEOWNERS__PCBV__P5,0.0
2026-07-29,F0047424 AEW GRAND SLAM TALENTO FECHA 30,0.0
2026-08-09,__DEAL__PA__260746__STANLEY-BLACK-&-DECKER__PMG__CRAFTSMAN-CTV__US__US__JUL__2026____FRAME-1-MODERN-HOBBYIST__PCBV__P5,0.0
2026-08-12,Audigent & Beachfront - AUD-089272 - Adlib - AdLib - Native SmartPMP - US - Audience Code bsy618 - Yahoo,0.0
2026-08-13,F0047517 LUP GENÉRICA PREGUNTAS NOCHES 30S,0.0
2026-07-26,F0047466 90 LIGAS LUN MIE VIE 9 PM 30,0.0
2026-07-15,__DEAL__PA__194330__CICIS-PIZZA__ARM-CANDY__CTV-TIER-1__US__US__JUL__2026______PCOV__P5,6.64
2026-07-24,Adtelligent Sensitive Category Deal - Nicotine - CTV,3.01
2026-08-15,__DEAL__PA__268935__TUBI__WPROMOTE__CONTEXTUAL-BRAND-CAMPAIGN-CTV-FRAME__US__US__SEPT__2026____CHICAGO-CTV-WORRY-FEAR__PCBV__P5,0.0
2026-08-15,__DEAL__PA__268937__TUBI__WPROMOTE__CONTEXTUAL-BRAND-CAMPAIGN-CTV-FRAME__US__US__SEPT__2026____SF-CTV-WORRY-FEAR__PCBV__P5,0.0
2026-08-18,__DEAL__PA__268935__TUBI__WPROMOTE__CONTEXTUAL-BRAND-CAMPAIGN-CTV-FRAME__US__US__SEPT__2026____CHICAGO-CTV-ASTONISHMENT-SURPRISE__PCBV__P5,0.0
2026-08-12,__DEAL__PA__260746__STANLEY-BLACK-&-DECKER__PMG__CRAFTSMAN-CTV__US__US__JUL__2026____FRAME-1-EMPOWERMENT-&-CONFIDENCE-BUILDERS-PARAMOUNT__PCBV__P5,0.0
2026-08-06,__DEAL__PA__260746__STANLEY-BLACK-&-DECKER__PMG__CRAFTSMAN-CTV__US__US__JUL__2026____FRAME-1-DIY-MENTORSHIP-&-BUILDING__PCBV__P5 - Paramount,0.0
2026-08-13,__DEAL__PA__268937__TUBI__WPROMOTE__CONTEXTUAL-BRAND-CAMPAIGN-CTV-FRAME__US__US__SEPT__2026____SF-CTV-LONGING-NOSTALGIA__PCBV__P5,0.0
2026-07-24,__DEAL__PA__257703__GOODFOOD__NEW-ENGEN__CTV-TEST__US__US__JUL__2026______PCOV__P10,424.18
2026-07-24,__DEAL__PA__232279__INTERMOUNTAIN__R&R__HEALTH-Q2-2026-CAMPAIGN__US__US__MAY__2026____MEDICAL-WEIGHT-DIABETES-CARE-CTV-MONTANA-FRAME__PCOV__P5,165.62
2026-07-03,__DEAL__PA__194330__CICIS-PIZZA__ARM-CANDY__CTV-TIER-1__US__US__JUL__2026______PCOV__P5,0.99
2026-08-06,__DEAL__PA__260746__STANLEY-BLACK-&-DECKER__PMG__CRAFTSMAN-CTV__US__US__JUL__2026____FRAME-1-MODERN-HOBBYIST-PARAMOUNT__PCBV__P5,0.0
2026-07-25,Seedtag,8638.7
2026-07-24,__DEAL__PA__257696__BOARSHEAD__HORIZON__BTS-VIDEO CTV-CAMPAIGN__US__US__JUL__2026______PCOV-CTV__P5,0.0
2026-07-13,Viant - Summer Travel - Liz,0.0
2026-08-18,__DEAL__PA__268544__NASM__HARMELIN__CTV-Q3-26__US__US__AUG__2026____CONTEXTUAL-AUDIENCE__PCOV__P5,0.0
2026-08-02,Kaiser Permanente Care Delivery H2 2026 - 6226,0.12
2026-08-05,__DEAL____263014__SAN DIEGO TOURISM AUTHORITY__THE_SHIPYARD____RON_US__US__AUG__2026________P0,326.97
2026-08-15,__DEAL____263014__SAN DIEGO TOURISM AUTHORITY__THE_SHIPYARD____Experience Seekers_US__US__AUG__2026________P0,161.35
2026-08-18,__DEAL____263014__SAN DIEGO TOURISM AUTHORITY__THE_SHIPYARD____Live Sports_US__US__AUG__2026________P0,17.93
2026-07-12,Seedtag,5928.62
2026-07-10,__DEAL__PA__257703__GOODFOOD__NEW-ENGEN__CTV-TEST__US__US__JUL__2026______PCOV__P10,0.0
2026-08-07,__DEAL__PA__237762__STANLEY-BLACK-&-DECKER__PMG__CRAFTSMAN-CTV__US__US__JUL__2026____FRAME-2-BESPOKE-MODERN-HOBBYIST-PARAMOUNT__PCBV__P5,0.42
2026-08-08,2608 - WESTIES Critics Promo - AUG 2026 - MGMPHD363486 - SERIES,14.68
2026-08-07,Adte_Optimal_Political,0.0
2026-07-14,F0047424 AEW GRAND SLAM TALENTO FECHA 30,0.0
2026-07-28,F0047466 90 LIGAS LUN MIE VIE 9 PM 30,0.0
2026-07-10,TEST_ARI_DENIS_CTV_BFvsST_BF_DEAL,80.93
2026-08-19,__DEAL__PA__268935__TUBI__WPROMOTE__CONTEXTUAL-BRAND-CAMPAIGN-CTV-FRAME__US__US__SEPT__2026____CHICAGO-CTV-ASTONISHMENT-SURPRISE__PCBV__P5,0.0
2026-07-19,2607 - MGMPLUS - JULY XCH - MGMP23457-13 - MOVIES,14.59
2026-08-11,Audigent & Beachfront - AUD-089270 - Adlib - AdLib - CTV SmartPMP - US - ctv - Audience Code bsy618 - Beeswax,0.0
2026-08-08,__DEAL__PA__194330__CICIS-PIZZA__ARM-CANDY__CTV-TIER-1__US__US__JUL__2026______PCOV__P5,0.0
2026-08-17,__DEAL__PA__237762__STANLEY-BLACK-&-DECKER__PMG__CRAFTSMAN-CTV__US__US__JUL__2026____FRAME-2-BESPOKE-DIY-MENTORSHIP-&-BUILDING__PCBV__P5,44.62
2026-07-25,2607 - MGMPLUS - JULY XCH  - MGMP23457-13 - SERIES,22.06
2026-07-04,2607 - MGMPLUS - WESTIES - PROMO A - Pre-Premiere - MGMPHD363429 - MOVIES,15.17
2026-07-20,__DEAL__PA__237762__STANLEY-BLACK-&-DECKER__PMG__CRAFTSMAN-CTV__US__US__JUL__2026____FRAME-2-BESPOKE-RESOURCEFUL-RENTERS-&-HOMEOWNERS__PCBV__P5,425.74
2026-07-17,__DEAL__PA__246118__HOKA__JELLYFISH__HUMAN-FLY-H2-CTV__US__US__AUG__2026____BROAD-FITNESS-&-RUNNING__PCOV__P5,0.0
2026-08-15,__DEAL__PA__232279__INTERMOUNTAIN__R&R__HEALTH-Q2-2026-CAMPAIGN__US__US__MAY__2026____MEDICAL-WEIGHT-DIABETES-CARE-CTV-MONTANA-FRAME__PCOV__P5,138.57
2026-08-15,Viant - Political - All Voters ,0.0
2026-08-07,F0047705 FOX GOL FEMENIL GEN 29-07-26,0.0
2026-08-12,__DEAL__PA__237762__STANLEY-BLACK-&-DECKER__PMG__CRAFTSMAN-CTV__US__US__JUL__2026____FRAME-2-BESPOKE-DIY-MENTORSHIP-&-BUILDING-PARAMOUNT__PCBV__P5,0.02
2026-08-12,Viant - Summer Sports - Liz,0.0
2026-08-12,Kaiser Permanente Care Delivery H2 2026 - 6226,0.53
2026-07-18,Seedtag,8934.26
2026-07-18,F0047424 AEW GRAND SLAM TALENTO FECHA 30,0.0
2026-07-17,__DEAL__PA__232279__INTERMOUNTAIN__R&R__HEALTH-Q2-2026-CAMPAIGN__US__US__MAY__2026____MEDICAL-WEIGHT-DIABETES-CARE-CTV-MONTANA-FRAME__PCOV__P5,236.46
2026-07-21,F0047424 AEW GRAND SLAM TALENTO FECHA 30,0.0
2026-08-15,Adtelligent Sensitive Categories Deal - Gambling - CTV,0.06
2026-08-18,__DEAL__PA__243767__FREDDYS__PMG__ARM-CANDY__US__US__JUL__2026____LOW-CARB-ALTERNATIVES__PCBV__P5,0.86
2026-08-16,__DEAL__PA__237762__STANLEY-BLACK-&-DECKER__PMG__CRAFTSMAN-CTV__US__US__JUL__2026____FRAME-2-BESPOKE-DIY-MENTORSHIP-&-BUILDING-PARAMOUNT__PCBV__P5,137.78
2026-08-19,Seedtag,26351.98
2026-08-15,__DEAL____264958__ST. JOHN HEALTH__THE_SHIPYARD____US__US__JUL__2026________P0,332.43
2026-08-06,__DEAL__PA__237762__STANLEY-BLACK-&-DECKER__PMG__CRAFTSMAN-CTV__US__US__JUL__2026____FRAME-2-BESPOKE-DIY-MENTORSHIP-&-BUILDING__PCBV__P5,0.0
2026-07-11,Kaiser Permanente Care Delivery H2 2026 - 6226,0.0
2026-07-02,TEST_ARI_DENIS_CTV_BFvsST_BF_DEAL,102.45
2026-07-31,F0047460 MLS LUN A VIE 6PM 15,0.0
2026-07-14,__DEAL__PA__260746__STANLEY-BLACK-&-DECKER__PMG__CRAFTSMAN-CTV__US__US__JUL__2026____FRAME-1-RESOURCEFUL-RENTERS-&-HOMEOWNERS__PCBV__P5,0.0
2026-07-11,__DEAL__PA__257930__RED ROBIN__SURFACE_AGENCY__Q2-2026__US__US__MAY__2026________P5,462.06
2026-07-07,__DEAL__PA__247041__RIGHT-GUARD__EXVERUSMEDIA__EVERGREEN-AMAZON-CTV__US__US__JUN__2026____RIGHT-GUARD-WEEKEND-WARRIORS__PCOV-CTV__P5,0.0
2026-08-07,__DEAL____263014__SAN DIEGO TOURISM AUTHORITY__THE_SHIPYARD____Live Sports_US__US__AUG__2026________P0,135.39
2026-08-18,Adte_Optimal_Political,0.0
2026-07-11,__DEAL__PA__237762__STANLEY-BLACK-&-DECKER__PMG__CRAFTSMAN-CTV__US__US__JUL__2026____FRAME-2-BESPOKE-RESOURCEFUL-RENTERS-&-HOMEOWNERS__PCBV__P5,41.98
2026-08-09,__DEAL__PA__243767__FREDDYS__PMG__ARM-CANDY__US__US__JUL__2026____LOW-CARB-ALTERNATIVES__PCBV__P5,0.56
2026-08-07,PRODUCT____264512__DATABRICKS__JUSTGLOBAL__OLV-CTV__US__US__AUG__OCT__2026______COV__,0.0
2026-08-05,__DEAL__PA__232279__INTERMOUNTAIN__R&R__HEALTH-Q2-2026-CAMPAIGN__US__US__MAY__2026____MEDICAL-WEIGHT-DIABETES-CARE-CTV-MONTANA-STANDARD__PCOV__P5,51.57
2026-07-28,F0047531 GOTF ASTANA ESTRENO 27-07-2026,0.0
2026-07-17,__DEAL__PA__260746__STANLEY-BLACK-&-DECKER__PMG__CRAFTSMAN-CTV__US__US__JUL__2026____FRAME-1-EMPOWERMENT-&-CONFIDENCE-BUILDERS__PCBV__P5,0.0
2026-07-15,Seedtag,9900.88
2026-08-09,__DEAL__PA__247041__RIGHT-GUARD__EXVERUSMEDIA__EVERGREEN-AMAZON-CTV__US__US__JUN__2026____RIGHT-GUARD-BLUE-COLLAR-BENS__PCOV-CTV__P5,0.0
2026-08-07,Seedtag,22670.1
2026-08-13,__DEAL__PA__260746__STANLEY-BLACK-&-DECKER__PMG__CRAFTSMAN-CTV__US__US__JUL__2026____FRAME-1-RESOURCEFUL-RENTERS-&-HOMEOWNERS-PARAMOUNT__PCBV__P5,0.0
2026-08-16,__DEAL__PA__263210__CYERA__CLOSED-LOOP__Q3-CTV__US__US__AUG__2026____V2__PCOV__P5,892.8
2026-07-16,__DEAL__PA__237762__STANLEY-BLACK-&-DECKER__PMG__CRAFTSMAN-CTV__US__US__JUL__2026____FRAME-2-BESPOKE-MODERN-HOBBYIST__PCBV__P5,0.03
2026-07-26,2607 - MGMPLUS - JULY XCH - MGMP23457-13 - MOVIES,19.59
2026-07-24,__DEAL__PA__246118__HOKA__JELLYFISH__HUMAN-FLY-H2-CTV__US__US__AUG__2026____BROAD-FITNESS-&-RUNNING__PCOV__P5,0.0
2026-08-08,__DEAL__PA__243767__FREDDYS__PMG__ARM-CANDY__US__US__JUL__2026____LOW-CARB-ALTERNATIVES__PCBV__P5,6.85
2026-08-16,__DEAL__PA__243767__FREDDYS__PMG__ARM-CANDY__US__US__JUL__2026____SODAS-&-REFRESHERS__PCBV__P5,0.0
2026-07-31,F0047466 90 LIGAS LUN MIE VIE 9 PM 30,0.0
2026-07-27,__DEAL____263014__SAN DIEGO TOURISM AUTHORITY__THE_SHIPYARD____Live Sports_US__US__AUG__2026________P0,0.0
2026-07-27,Viant - Summer Sports - Liz,0.0
2026-07-15,__DEAL__PA__246118__HOKA__JELLYFISH__HUMAN-FLY-H2-CTV__US__US__AUG__2026____BROAD-FITNESS-&-RUNNING__PCOV__P5,0.0
2026-08-15,__DEAL__PA__260746__STANLEY-BLACK-&-DECKER__PMG__CRAFTSMAN-CTV__US__US__JUL__2026____FRAME-1-RESOURCEFUL-RENTERS-&-HOMEOWNERS-PARAMOUNT__PCBV__P5,0.0
2026-08-18,__DEAL__PA__194330__CICIS-PIZZA__ARM-CANDY__CTV-TIER-1__US__US__JUL__2026______PCOV__P5,0.0
2026-08-05,Viant - Summer Travel - Liz,0.0
2026-07-18,__DEAL__PA__243767__FREDDYS__PMG__ARM-CANDY__US__US__JUL__2026____LOW-CARB-ALTERNATIVES__PCBV__P5,5.1
2026-07-28,Adtelligent Sensitive Category Deal - Nicotine - CTV,1.15
2026-08-15,2608 - WESTIES Critics Promo - AUG 2026 - MGMPHD363486 - MOVIES,12.13
2026-08-12,F0047460 MLS LUN A VIE 6PM 15,0.0
2026-08-13,__DEAL__PA__268937__TUBI__WPROMOTE__CONTEXTUAL-BRAND-CAMPAIGN-CTV-FRAME__US__US__SEPT__2026____SF-CTV-PRIDE-ELATION__PCBV__P5,0.0
2026-07-18,Viant - Summer Sports - Liz,0.0
2026-07-20,__DEAL__PA__257930__RED ROBIN__SURFACE_AGENCY__Q2-2026__US__US__MAY__2026________P5,30.5
2026-07-17,Adtelligent Sensitive Categories Deal - Gambling - CTV,4.03
2026-07-17,__DEAL__PA__260746__STANLEY-BLACK-&-DECKER__PMG__CRAFTSMAN-CTV__US__US__JUL__2026____FRAME-1-DIY-MENTORSHIP-&-BUILDING__PCBV__P5,0.0
2026-07-07,Kaiser Permanente Care Delivery H2 2026 - 6226,0.0
2026-08-15,__DEAL__PA__246118__HOKA__JELLYFISH__HUMAN-FLY-H2-CTV__US__US__AUG__2026____BROAD-FITNESS-&-RUNNING__PCOV__P5,1773.07
2026-08-15,F0047517 LUP GENÉRICA PREGUNTAS NOCHES 30S,0.0
2026-08-11,__DEAL__PA__237762__STANLEY-BLACK-&-DECKER__PMG__CRAFTSMAN-CTV__US__US__JUL__2026____FRAME-2-BESPOKE-DIY-MENTORSHIP-&-BUILDING-PARAMOUNT__PCBV__P5,0.07
2026-08-14,__DEAL__PA__247041__RIGHT-GUARD__EXVERUSMEDIA__EVERGREEN-AMAZON-CTV__US__US__JUN__2026____RIGHT-GUARD-WEEKEND-WARRIORS__PCOV-CTV__P5,0.0
2026-08-14,__DEAL__PA__260746__STANLEY-BLACK-&-DECKER__PMG__CRAFTSMAN-CTV__US__US__JUL__2026____FRAME-1-RESOURCEFUL-RENTERS-&-HOMEOWNERS__PCBV__P5,15.5
2026-08-18,__DEAL__PA__237762__STANLEY-BLACK-&-DECKER__PMG__CRAFTSMAN-CTV__US__US__JUL__2026____FRAME-2-BESPOKE-MODERN-HOBBYIST-PARAMOUNT__PCBV__P5,332.25
2026-08-13,__DEAL____264958__ST. JOHN HEALTH__THE_SHIPYARD____US__US__JUL__2026________P0,60.12
2026-08-16,Audigent & Beachfront - AUD-089268 - Adlib - AdLib - Display SmartPMP - US - Audience Code bsy618 - Beeswax,0.0
2026-08-19,Audigent & Beachfront - AUD-089272 - Adlib - AdLib - Native SmartPMP - US - Audience Code bsy618 - Beeswax,0.0
2026-08-19,__DEAL__PA__237762__STANLEY-BLACK-&-DECKER__PMG__CRAFTSMAN-CTV__US__US__JUL__2026____FRAME-2-BESPOKE-MODERN-HOBBYIST-PARAMOUNT__PCBV__P5,2.22
2026-08-19,__DEAL__PA__247041__RIGHT-GUARD__EXVERUSMEDIA__EVERGREEN-AMAZON-CTV__US__US__JUN__2026____RIGHT-GUARD-WEEKEND-WARRIORS__PCOV-CTV__P5,0.0
2026-07-21,F0047490 FGM A26 JUEVES 25,0.0
2026-08-11,__DEAL__PA__260746__STANLEY-BLACK-&-DECKER__PMG__CRAFTSMAN-CTV__US__US__JUL__2026____FRAME-1-MODERN-HOBBYIST-PARAMOUNT__PCBV__P5,0.44
2026-08-12,__DEAL__PA__268935__TUBI__WPROMOTE__CONTEXTUAL-BRAND-CAMPAIGN-CTV-FRAME__US__US__SEPT__2026____CHICAGO-CTV-TENDERNESS-FEELING-LOVE__PCBV__P5,0.0
2026-08-08,Adte_Optimal_Political,0.0
2026-07-23,__DEAL__PA__194330__CICIS-PIZZA__ARM-CANDY__CTV-TIER-1__US__US__JUL__2026______PCOV__P5,0.0
2026-07-28,2607 - MGMPLUS - JULY XCH - MGMP23457-13 - MOVIES,13.45
2026-07-13,2607 - MGMPLUS - JULY XCH  - MGMP23457-13 - SERIES,21.54
2026-08-18,__DEAL__PA__269645__WHITECLAW__HAWORTH-MEDIA__SURGE-COLLEGE-SPORTS-LIVE-CTV__US__US__AUG__2026______PCOV__P5,0.89
2026-08-12,__DEAL__PA__247041__RIGHT-GUARD__EXVERUSMEDIA__EVERGREEN-AMAZON-CTV__US__US__JUN__2026____RIGHT-GUARD-WEEKEND-WARRIORS__PCOV-CTV__P5,0.0
2026-08-12,__DEAL__PA__268935__TUBI__WPROMOTE__CONTEXTUAL-BRAND-CAMPAIGN-CTV-FRAME__US__US__SEPT__2026____CHICAGO-CTV-WONDERMENT-FEELING-AWE__PCBV__P5,0.0
2026-08-11,__DEAL____263014__SAN DIEGO TOURISM AUTHORITY__THE_SHIPYARD____RON_US__US__AUG__2026________P0,310.28
2026-08-18,F0048276 LNBP TEMPORADA 2026 GENERICA 30,0.0
2026-08-16,__DEAL__PA__268935__TUBI__WPROMOTE__CONTEXTUAL-BRAND-CAMPAIGN-CTV-FRAME__US__US__SEPT__2026____CHICAGO-CTV-ASTONISHMENT-SURPRISE__PCBV__P5,0.0
2026-07-31,Viant - Summer Sports - Liz,0.0
2026-07-08,__DEAL__PA__237762__STANLEY-BLACK-&-DECKER__PMG__CRAFTSMAN-CTV__US__US__JUL__2026____FRAME-2-BESPOKE-MODERN-HOBBYIST__PCBV__P5,0.06
2026-08-19,Adtelligent Sensitive Categories Deal - Gambling - CTV,0.53
2026-08-11,__DEAL__PA__268014__LOVESAC__HEARTS_&_SCIENCE__CTV-AUG-NOV-26__US__US__AUG__2026____AWR-FAMILY-PLEASERS____P5,0.0
2026-08-08,Viant - Political - All Voters ,0.0
2026-08-10,__DEAL____263014__SAN DIEGO TOURISM AUTHORITY__THE_SHIPYARD____Live Sports_US__US__AUG__2026________P0,37.45
2026-07-23,__DEAL__PA__243767__FREDDYS__PMG__ARM-CANDY__US__US__JUL__2026____SODAS-&-REFRESHERS__PCBV__P5,0.0
2026-07-22,Viant - Summer Sports - Liz,0.0
2026-08-15,__DEAL__PA__268936__TUBI__WPROMOTE__CONTEXTUAL-BRAND-CAMPAIGN-CTV-FRAME__US__US__SEPT__2026____DC-CTV-TENDERNESS-FEELING-LOVE__PCBV__P5,0.0
2026-08-07,__DEAL__PA__243767__FREDDYS__PMG__ARM-CANDY__US__US__JUL__2026____LOW-CARB-ALTERNATIVES__PCBV__P5,0.98
2026-08-14,__DEAL__PA__263210__CYERA__CLOSED-LOOP__Q3-CTV__US__US__AUG__2026____V2__PCOV__P5,947.3
2026-08-10,Seedtag,23817.71
2026-08-16,__DEAL__PA__268937__TUBI__WPROMOTE__CONTEXTUAL-BRAND-CAMPAIGN-CTV-FRAME__US__US__SEPT__2026____SF-CTV-PRIDE-ELATION__PCBV__P5,0.0
2026-07-26,F0047460 MLS LUN A VIE 6PM 15,0.0
2026-07-21,__DEAL__PA__260746__STANLEY-BLACK-&-DECKER__PMG__CRAFTSMAN-CTV__US__US__JUL__2026____FRAME-1-MODERN-HOBBYIST__PCBV__P5,0.0
2026-08-11,__DEAL__PA__257930__RED ROBIN__SURFACE_AGENCY__Q2-2026__US__US__MAY__2026________P5,1519.65
2026-08-10,__DEAL__PA__237762__STANLEY-BLACK-&-DECKER__PMG__CRAFTSMAN-CTV__US__US__JUL__2026____FRAME-2-BESPOKE-DIY-MENTORSHIP-&-BUILDING-PARAMOUNT__PCBV__P5,21.37
2026-08-13,__DEAL__PA__243767__FREDDYS__PMG__ARM-CANDY__US__US__JUL__2026____SODAS-&-REFRESHERS__PCBV__P5,0.0
2026-08-05,__DEAL__PA__237762__STANLEY-BLACK-&-DECKER__PMG__CRAFTSMAN-CTV__US__US__JUL__2026____FRAME-2-BESPOKE-RESOURCEFUL-RENTERS-&-HOMEOWNERS__PCBV__P5,804.67
2026-07-05,Kaiser Permanente Care Delivery H2 2026 - 6226,0.0
2026-07-25,F0047551 SHOW LO MEJOR JCC 2026 SÁB 15s,0.0
2026-07-26,F0047509 CF JULIO 26 GENEROS LUN-DOM 30,0.0
2026-07-28,__DEAL__PA__257696__BOARSHEAD__HORIZON__BTS-VIDEO CTV-CAMPAIGN__US__US__JUL__2026______PCOV-CTV__P5,358.62
2026-08-13,__DEAL__PA__268936__TUBI__WPROMOTE__CONTEXTUAL-BRAND-CAMPAIGN-CTV-FRAME__US__US__SEPT__2026____DC-CTV-TENDERNESS-FEELING-LOVE__PCBV__P5,0.0
2026-08-16,__DEAL__PA__237762__STANLEY-BLACK-&-DECKER__PMG__CRAFTSMAN-CTV__US__US__JUL__2026____FRAME-2-BESPOKE-MODERN-HOBBYIST-PARAMOUNT__PCBV__P5,0.07
2026-07-28,Kaiser Permanente Care Delivery H2 2026 - 6226,0.31
2026-08-15,__DEAL__PA__237762__STANLEY-BLACK-&-DECKER__PMG__CRAFTSMAN-CTV__US__US__JUL__2026____FRAME-2-BESPOKE-EMPOWERMENT-&-CONFIDENCE-BUILDERS__PCBV__P5,46.56
2026-08-10,Viant - Summer Sports - Liz,0.0
2026-08-09,PRODUCT____264512__DATABRICKS__JUSTGLOBAL__OLV-CTV__US__US__AUG__OCT__2026______COV__,0.0
2026-08-15,__DEAL____263014__SAN DIEGO TOURISM AUTHORITY__THE_SHIPYARD____Live Sports_US__US__AUG__2026________P0,169.79
2026-08-06,Adtelligent Sensitive Categories Deal - Alcohol - CTV,0.39
2026-08-19,__DEAL____264958__ST. JOHN HEALTH__THE_SHIPYARD____US__US__JUL__2026________P0,114.35
2026-07-25,__DEAL__PA__247041__RIGHT-GUARD__EXVERUSMEDIA__EVERGREEN-AMAZON-CTV__US__US__JUN__2026____RIGHT-GUARD-BLUE-COLLAR-BENS__PCOV-CTV__P5,0.0
2026-07-28,F0047460 MLS LUN A VIE 6PM 15,0.0
2026-07-29,__DEAL____263014__SAN DIEGO TOURISM AUTHORITY__THE_SHIPYARD____RON_US__US__AUG__2026________P0,0.62
2026-08-18,Audigent & Beachfront - AUD-089269 - Adlib - AdLib - Video SmartPMP - US - Audience Code bsy618 - Beeswax,0.0
2026-08-08,PRODUCT____264512__DATABRICKS__JUSTGLOBAL__OLV-CTV__US__US__AUG__OCT__2026______COV__,0.0
2026-08-01,F0047509 CF JULIO 26 GENEROS LUN-DOM 30,0.0
2026-08-05,__DEAL__PA__268014__LOVESAC__HEARTS_&_SCIENCE__CTV-AUG-NOV-26__US__US__AUG__2026____AWR-FAMILY-PLEASERS____P5,0.0
2026-08-06,F0047466 90 LIGAS LUN MIE VIE 9 PM 30,0.0
2026-08-19,Audigent & Beachfront - AUD-089270 - Adlib - AdLib - CTV SmartPMP - US - ctv - Audience Code bsy618 - Yahoo,0.0
2026-08-19,F0047460 MLS LU A VIER 6PM 15 13-08-2026,0.0
2026-07-09,F0047235 MONSTER JAM EP 11,0.0
2026-08-11,__DEAL__PA__232279__INTERMOUNTAIN__R&R__HEALTH-Q2-2026-CAMPAIGN__US__US__MAY__2026____MEDICAL-WEIGHT-DIABETES-CARE-CTV-MONTANA-STANDARD__PCOV__P5,44.98
2026-08-14,__DEAL__PA__268936__TUBI__WPROMOTE__CONTEXTUAL-BRAND-CAMPAIGN-CTV-FRAME__US__US__SEPT__2026____DC-CTV-WORRY-FEAR__PCBV__P5,0.0
2026-08-16,__DEAL__PA__268935__TUBI__WPROMOTE__CONTEXTUAL-BRAND-CAMPAIGN-CTV-FRAME__US__US__SEPT__2026____CHICAGO-CTV-ENJOYMENT-PLEASURE__PCBV__P5,0.0
2026-07-17,Adtelligent Sensitive Category Deal - Nicotine - CTV,2.09
2026-08-03,F0047509 CF JULIO 26 GENEROS LUN-DOM 30,0.0
2026-08-13,Adtelligent Sensitive Categories Deal - Gambling - CTV,0.02
2026-08-16,__DEAL__PA__268936__TUBI__WPROMOTE__CONTEXTUAL-BRAND-CAMPAIGN-CTV-FRAME__US__US__SEPT__2026____DC-CTV-WORRY-FEAR__PCBV__P5,0.0
2026-08-05,__DEAL__PA__257930__RED ROBIN__SURFACE_AGENCY__Q2-2026__US__US__MAY__2026________P5,485.16
2026-07-19,__DEAL__PA__246118__HOKA__JELLYFISH__HUMAN-FLY-H2-CTV__US__US__AUG__2026____BROAD-FITNESS-&-RUNNING__PCOV__P5,0.0
2026-07-24,F0047531 GOTF ASTANA ESTRENO 25,0.0
2026-08-11,Audigent & Beachfront - AUD-089269 - Adlib - AdLib - Video SmartPMP - US - Audience Code bsy618 - Yahoo,0.0
2026-08-14,__DEAL__PA__237762__STANLEY-BLACK-&-DECKER__PMG__CRAFTSMAN-CTV__US__US__JUL__2026____FRAME-2-BESPOKE-DIY-MENTORSHIP-&-BUILDING__PCBV__P5,46.8
2026-08-02,F0047460 MLS LUN A VIE 6PM 15,0.0
2026-07-04,TEST_ARI_DENIS_CTV_BFvsST_BF_DEAL,17.55
2026-07-26,Kaiser Permanente Care Delivery H2 2026 - 6226,0.21
2026-07-28,__DEAL__PA__257930__RED ROBIN__SURFACE_AGENCY__Q2-2026__US__US__MAY__2026________P5,479.91
2026-07-10,__DEAL__PA__257930__RED ROBIN__SURFACE_AGENCY__Q2-2026__US__US__MAY__2026________P5,448.87
2026-08-12,__DEAL__PA__237762__STANLEY-BLACK-&-DECKER__PMG__CRAFTSMAN-CTV__US__US__JUL__2026____FRAME-2-BESPOKE-DIY-MENTORSHIP-&-BUILDING__PCBV__P5,0.99
2026-07-19,__DEAL__PA__232279__INTERMOUNTAIN__R&R__HEALTH-Q2-2026-CAMPAIGN__US__US__MAY__2026____MEDICAL-WEIGHT-DIABETES-CARE-CTV-MONTANA-FRAME__PCOV__P5,221.93
2026-07-21,F0047541 JCC DATOS 24 JUL-8 AGO FECHA 20,0.0
2026-08-09,Viant - Jetsetters & Travel Enthusiasts -  Liz,0.0
2026-08-15,F0047523 FSR GENERICA VOCES 20 S,0.0
2026-08-15,F0047705 FOX GOL FEMENIL GEN2026 DIA 20S 13-08-2026,0.0
2026-08-14,__DEAL__PA__268544__NASM__HARMELIN__CTV-Q3-26__US__US__AUG__2026____CONTEXTUAL-AUDIENCE__PCOV__P5,0.0
2026-08-14,__DEAL__PA__268935__TUBI__WPROMOTE__CONTEXTUAL-BRAND-CAMPAIGN-CTV-FRAME__US__US__SEPT__2026____CHICAGO-CTV-ENJOYMENT-PLEASURE__PCBV__P5,0.0
2026-07-25,Q3 Adte - Beeswax US,0.0
2026-07-29,__DEAL__PA__232279__INTERMOUNTAIN__R&R__HEALTH-Q2-2026-CAMPAIGN__US__US__MAY__2026____MEDICAL-WEIGHT-DIABETES-CARE-CTV-MONTANA-STANDARD__PCOV__P5,57.38
2026-08-19,__DEAL__PA__237762__STANLEY-BLACK-&-DECKER__PMG__CRAFTSMAN-CTV__US__US__JUL__2026____FRAME-2-BESPOKE-MODERN-HOBBYIST__PCBV__P5,151.93
2026-08-19,F0047462 FFC CATEGORIAS BOX SABADO 30 10-08-26,0.0
2026-08-09,Adte_Optimal_Political,0.0
2026-08-18,__DEAL____264958__ST. JOHN HEALTH__THE_SHIPYARD____US__US__JUL__2026________P0,155.45
2026-07-22,Q3 Adte - Beeswax US,0.0
2026-08-09,Audigent & Beachfront - AUD-089269 - Adlib - AdLib - Video SmartPMP - US - Audience Code bsy618 - Beeswax,0.0
2026-08-11,__DEAL__PA__257696__BOARSHEAD__HORIZON__BTS-VIDEO CTV-CAMPAIGN__US__US__JUL__2026______PCOV-CTV__P5,137.73
2026-08-01,F0047460 MLS LUN A VIE 6PM 15,0.0
2026-08-13,Audigent & Beachfront - AUD-089272 - Adlib - AdLib - Native SmartPMP - US - Audience Code bsy618 - Beeswax,0.0
2026-08-12,F0047509 CF JULIO 26 GENEROS LUN-DOM 30,0.0
2026-08-17,__DEAL__PA__243767__FREDDYS__PMG__ARM-CANDY__US__US__JUL__2026____SODAS-&-REFRESHERS__PCBV__P5,0.0
2026-07-28,F0047509 CF JULIO 26 GENEROS LUN-DOM 30,0.0
2026-08-17,__DEAL__PA__268935__TUBI__WPROMOTE__CONTEXTUAL-BRAND-CAMPAIGN-CTV-FRAME__US__US__SEPT__2026____CHICAGO-CTV-TENDERNESS-FEELING-LOVE__PCBV__P5,0.0
2026-08-17,__DEAL__PA__268014__LOVESAC__HEARTS_&_SCIENCE__CTV-AUG-NOV-26__US__US__AUG__2026____AWR-STYLIST-SOPHISTICATES____P5,0.0
2026-08-13,__DEAL__PA__260746__STANLEY-BLACK-&-DECKER__PMG__CRAFTSMAN-CTV__US__US__JUL__2026____FRAME-1-MODERN-HOBBYIST__PCBV__P5,0.0
2026-07-23,__DEAL__PA__260746__STANLEY-BLACK-&-DECKER__PMG__CRAFTSMAN-CTV__US__US__JUL__2026____FRAME-1-RESOURCEFUL-RENTERS-&-HOMEOWNERS__PCBV__P5,0.0
2026-07-11,__DEAL__PA__237762__STANLEY-BLACK-&-DECKER__PMG__CRAFTSMAN-CTV__US__US__JUL__2026____FRAME-2-BESPOKE-DIY-MENTORSHIP-&-BUILDING__PCBV__P5,5.06
2026-07-22,2607 - MGMPLUS - JULY XCH  - MGMP23457-13 - SERIES,24.63
2026-07-29,F0047460 MLS LUN A VIE 6PM 15,0.0
2026-08-08,F0047517 LUP GENÉRICA PREGUNTAS NOCHES 30S,0.0
2026-08-04,__DEAL__PA__247041__RIGHT-GUARD__EXVERUSMEDIA__EVERGREEN-AMAZON-CTV__US__US__JUN__2026____RIGHT-GUARD-WEEKEND-WARRIORS__PCOV-CTV__P5,0.0
2026-07-11,Viant - Summer Travel - Liz,0.0
2026-07-09,__DEAL__PA__237762__STANLEY-BLACK-&-DECKER__PMG__CRAFTSMAN-CTV__US__US__JUL__2026____FRAME-2-BESPOKE-DIY-MENTORSHIP-&-BUILDING__PCBV__P5,0.01
2026-07-09,2607 - MGMPLUS - WESTIES - PROMO A - Pre-Premiere - MGMPHD363429 - SERIES,11.3
2026-08-11,__DEAL__PA__237762__STANLEY-BLACK-&-DECKER__PMG__CRAFTSMAN-CTV__US__US__JUL__2026____FRAME-2-BESPOKE-RESOURCEFUL-RENTERS-&-HOMEOWNERS-PARAMOUNT__PCBV__P5,0.0
2026-08-11,Viant - Summer Sports - Liz,0.0
2026-08-06,__DEAL__PA__237762__STANLEY-BLACK-&-DECKER__PMG__CRAFTSMAN-CTV__US__US__JUL__2026____FRAME-2-BESPOKE-EMPOWERMENT-&-CONFIDENCE-BUILDERS__PCBV__P5 - Paramount,0.0
2026-08-05,Adtelligent Sensitive Category Deal - Nicotine - CTV,0.11
2026-07-28,__DEAL__PA__232279__INTERMOUNTAIN__R&R__HEALTH-Q2-2026-CAMPAIGN__US__US__MAY__2026____MEDICAL-WEIGHT-DIABETES-CARE-CTV-MONTANA-STANDARD__PCOV__P5,54.68
2026-07-07,__DEAL__PA__260746__STANLEY-BLACK-&-DECKER__PMG__CRAFTSMAN-CTV__US__US__JUL__2026____FRAME-1-RESOURCEFUL-RENTERS-&-HOMEOWNERS__PCBV__P5,0.0
2026-08-11,Kaiser Permanente Care Delivery H2 2026 - 6226,3.02
2026-08-18,__DEAL__PA__247041__RIGHT-GUARD__EXVERUSMEDIA__EVERGREEN-AMAZON-CTV__US__US__JUN__2026____RIGHT-GUARD-WEEKEND-WARRIORS__PCOV-CTV__P5,0.0
2026-08-03,__DEAL__PA__257696__BOARSHEAD__HORIZON__BTS-VIDEO CTV-CAMPAIGN__US__US__JUL__2026______PCOV-CTV__P5,237.34
2026-08-17,__DEAL__PA__268935__TUBI__WPROMOTE__CONTEXTUAL-BRAND-CAMPAIGN-CTV-FRAME__US__US__SEPT__2026____CHICAGO-CTV-LONGING-NOSTALGIA__PCBV__P5,0.0
2026-07-23,F0047517 LUP GENÉRICA PREGUNTAS NOCHES 30S,0.0
2026-07-24,__DEAL__PA__262975__SPECTRUM__HORIZON__MX-SPECTRUM-Q1-26-CTV__US__US__JAN__2026____SPORTS-ENTHUSIASTS__PCOV__P5,6.48
2026-07-22,__DEAL__PA__243767__FREDDYS__PMG__ARM-CANDY__US__US__JUL__2026____SODAS-&-REFRESHERS__PCBV__P5,0.0
2026-07-20,Viant - Summer Travel - Liz,0.0
2026-08-02,__DEAL__PA__243767__FREDDYS__PMG__ARM-CANDY__US__US__JUL__2026____SODAS-&-REFRESHERS__PCBV__P5,0.0
2026-07-20,F0047424 AEW GRAND SLAM TALENTO FECHA 30,0.0
2026-07-30,Adte RibEye Q3,4.67
2026-08-07,__DEAL__PA__243767__FREDDYS__PMG__ARM-CANDY__US__US__JUL__2026____SODAS-&-REFRESHERS__PCBV__P5,0.0
2026-08-14,__DEAL__PA__268937__TUBI__WPROMOTE__CONTEXTUAL-BRAND-CAMPAIGN-CTV-FRAME__US__US__SEPT__2026____SF-CTV-LONGING-NOSTALGIA__PCBV__P5,0.0
2026-08-02,__DEAL____263014__SAN DIEGO TOURISM AUTHORITY__THE_SHIPYARD____RON_US__US__AUG__2026________P0,4.13
2026-08-17,F0047509 CF JULIO 26 GENEROS LUN-DOM 30,0.0
2026-07-19,Adtelligent Sensitive Categories Deal - Alcohol - CTV,4.98
2026-07-19,TEST_ARI_DENIS_CTV_BFvsST_BF_DEAL,0.0
2026-07-29,Kaiser Permanente Care Delivery H2 2026 - 6226,0.21
2026-08-06,Viant - Jetsetters & Travel Enthusiasts -  Liz,0.0
2026-08-10,__DEAL__PA__260746__STANLEY-BLACK-&-DECKER__PMG__CRAFTSMAN-CTV__US__US__JUL__2026____FRAME-1-MODERN-HOBBYIST-PARAMOUNT__PCBV__P5,0.33
2026-08-01,Kaiser Permanente Care Delivery H2 2026 - 6226,0.29
2026-08-16,Adtelligent Sensitive Categories Deal - Alcohol - CTV,0.21
2026-08-11,F0047460 MLS LUN A VIE 6PM 15,0.0
2026-08-14,__DEAL__PA__260746__STANLEY-BLACK-&-DECKER__PMG__CRAFTSMAN-CTV__US__US__JUL__2026____FRAME-1-EMPOWERMENT-&-CONFIDENCE-BUILDERS-PARAMOUNT__PCBV__P5,0.0
2026-08-12,__DEAL__PA__268936__TUBI__WPROMOTE__CONTEXTUAL-BRAND-CAMPAIGN-CTV-FRAME__US__US__SEPT__2026____DC-CTV-ASTONISHMENT-SURPRISE__PCBV__P5,0.0
2026-08-13,__DEAL__PA__237762__STANLEY-BLACK-&-DECKER__PMG__CRAFTSMAN-CTV__US__US__JUL__2026____FRAME-2-BESPOKE-MODERN-HOBBYIST__PCBV__P5,8.98
2026-07-27,2607 - MGMPLUS - JULY XCH  - MGMP23457-13 - SERIES,30.59
2026-07-26,__DEAL__PA__257696__BOARSHEAD__HORIZON__BTS-VIDEO CTV-CAMPAIGN__US__US__JUL__2026______PCOV-CTV__P5,0.0
2026-07-07,2607 - MGMPLUS - WESTIES - PROMO A - Pre-Premiere - MGMPHD363429 - SERIES,12.1
2026-07-27,Q3 Adte - Beeswax US,0.03
2026-07-05,2607 - MGMPLUS - WESTIES - PROMO A - Pre-Premiere - MGMPHD363429 - SERIES,16.26
2026-07-24,F0047466 90 LIGAS LUN MIE VIE 9 PM 30,0.0
2026-08-01,Viant - Summer Sports - Liz,0.0
2026-08-05,Kaiser Permanente Care Delivery H2 2026 - 6226,0.2
2026-07-14,__DEAL__PA__243767__FREDDYS__PMG__ARM-CANDY__US__US__JUL__2026____SODAS-&-REFRESHERS__PCBV__P5,0.0
2026-07-09,__DEAL__PA__260746__STANLEY-BLACK-&-DECKER__PMG__CRAFTSMAN-CTV__US__US__JUL__2026____FRAME-1-RESOURCEFUL-RENTERS-&-HOMEOWNERS__PCBV__P5,0.0
2026-08-12,__DEAL__PA__268937__TUBI__WPROMOTE__CONTEXTUAL-BRAND-CAMPAIGN-CTV-FRAME__US__US__SEPT__2026____SF-CTV-ASTONISHMENT-SURPRISE__PCBV__P5,0.0
2026-08-01,2607 - MGMPLUS - JULY XCH  - MGMP23457-13 - SERIES,4.28
2026-08-17,__DEAL__PA__237762__STANLEY-BLACK-&-DECKER__PMG__CRAFTSMAN-CTV__US__US__JUL__2026____FRAME-2-BESPOKE-DIY-MENTORSHIP-&-BUILDING-PARAMOUNT__PCBV__P5,207.95
2026-08-16,__DEAL____263014__SAN DIEGO TOURISM AUTHORITY__THE_SHIPYARD____RON_US__US__AUG__2026________P0,501.05
2026-08-09,Viant - Summer Travel - Liz,0.0
2026-08-15,Seedtag,21762.73
2026-08-10,__DEAL____263014__SAN DIEGO TOURISM AUTHORITY__THE_SHIPYARD____RON_US__US__AUG__2026________P0,284.57
2026-08-17,__DEAL__PA__237762__STANLEY-BLACK-&-DECKER__PMG__CRAFTSMAN-CTV__US__US__JUL__2026____FRAME-2-BESPOKE-RESOURCEFUL-RENTERS-&-HOMEOWNERS__PCBV__P5,78.43
2026-08-05,Viant - Summer Sports - Liz,0.0
2026-07-25,Viant - Jetsetters & Travel Enthusiasts -  Liz,0.0
2026-07-29,Viant - Summer Sports - Liz,0.0
2026-07-13,__DEAL__PA__260746__STANLEY-BLACK-&-DECKER__PMG__CRAFTSMAN-CTV__US__US__JUL__2026____FRAME-1-MODERN-HOBBYIST__PCBV__P5,0.0
2026-08-18,Viant - Jetsetters & Travel Enthusiasts -  Liz,0.0
2026-08-12,F0047705 FOX GOL FEMENIL GEN 29-07-26,0.0
2026-08-13,__DEAL__PA__268937__TUBI__WPROMOTE__CONTEXTUAL-BRAND-CAMPAIGN-CTV-FRAME__US__US__SEPT__2026____SF-CTV-TENDERNESS-FEELING-LOVE__PCBV__P5,0.0
2026-07-30,__DEAL__PA__243767__FREDDYS__PMG__ARM-CANDY__US__US__JUL__2026____LOW-CARB-ALTERNATIVES__PCBV__P5,0.43
2026-07-22,Seedtag,9361.57
2026-08-11,__DEAL__PA__237762__STANLEY-BLACK-&-DECKER__PMG__CRAFTSMAN-CTV__US__US__JUL__2026____FRAME-2-BESPOKE-RESOURCEFUL-RENTERS-&-HOMEOWNERS__PCBV__P5,63.71
2026-08-07,__DEAL__PA__237762__STANLEY-BLACK-&-DECKER__PMG__CRAFTSMAN-CTV__US__US__JUL__2026____FRAME-2-BESPOKE-DIY-MENTORSHIP-&-BUILDING-PARAMOUNT__PCBV__P5,92.5
2026-08-07,__DEAL__PA__232279__INTERMOUNTAIN__R&R__HEALTH-Q2-2026-CAMPAIGN__US__US__MAY__2026____MEDICAL-WEIGHT-DIABETES-CARE-CTV-MONTANA-STANDARD__PCOV__P5,48.27
2026-08-17,F0047494 FGM A26 DOMINGO 25,0.0
2026-08-16,__DEAL__PA__260746__STANLEY-BLACK-&-DECKER__PMG__CRAFTSMAN-CTV__US__US__JUL__2026____FRAME-1-MODERN-HOBBYIST-PARAMOUNT__PCBV__P5,0.8
2026-07-09,__DEAL__PA__247041__RIGHT-GUARD__EXVERUSMEDIA__EVERGREEN-AMAZON-CTV__US__US__JUN__2026____RIGHT-GUARD-WEEKEND-WARRIORS__PCOV-CTV__P5,0.0
2026-07-16,2607 - MGMPLUS - JULY XCH - MGMP23457-13 - MOVIES,10.37
2026-08-11,Audigent & Beachfront - AUD-089268 - Adlib - AdLib - Display SmartPMP - US - Audience Code bsy618 - Beeswax,0.0
2026-08-07,F0047517 LUP GENÉRICA PREGUNTAS NOCHES 30S,0.0
2026-08-19,__DEAL__PA__262975__SPECTRUM__HORIZON__MX-SPECTRUM-Q1-26-CTV__US__US__JAN__2026____SPORTS-ENTHUSIASTS__PCOV__P5,0.0
2026-07-14,Viant - Summer Sports - Liz,0.0
2026-07-27,Seedtag,8891.71
2026-07-21,__DEAL__PA__247041__RIGHT-GUARD__EXVERUSMEDIA__EVERGREEN-AMAZON-CTV__US__US__JUN__2026____RIGHT-GUARD-BLUE-COLLAR-BENS__PCOV-CTV__P5,0.0
2026-08-13,__DEAL____263014__SAN DIEGO TOURISM AUTHORITY__THE_SHIPYARD____Live Sports_US__US__AUG__2026________P0,33.67
2026-07-17,__DEAL__PA__194330__CICIS-PIZZA__ARM-CANDY__CTV-TIER-1__US__US__JUL__2026______PCOV__P5,5.71
2026-08-09,__DEAL__PA__260746__STANLEY-BLACK-&-DECKER__PMG__CRAFTSMAN-CTV__US__US__JUL__2026____FRAME-1-EMPOWERMENT-&-CONFIDENCE-BUILDERS-PARAMOUNT__PCBV__P5,0.0
2026-08-03,Adtelligent Sensitive Category Deal - Nicotine - CTV,0.32
2026-08-18,F0047462 FFC CATEGORIAS BOX SABADO 30 10-08-26,0.0
2026-08-04,__DEAL__PA__237762__STANLEY-BLACK-&-DECKER__PMG__CRAFTSMAN-CTV__US__US__JUL__2026____FRAME-2-BESPOKE-DIY-MENTORSHIP-&-BUILDING__PCBV__P5,66.34
2026-08-16,__DEAL__PA__260746__STANLEY-BLACK-&-DECKER__PMG__CRAFTSMAN-CTV__US__US__JUL__2026____FRAME-1-MODERN-HOBBYIST__PCBV__P5,0.0
2026-07-26,Adtelligent Sensitive Category Deal - Nicotine - CTV,2.92
2026-07-11,__DEAL__PA__260746__STANLEY-BLACK-&-DECKER__PMG__CRAFTSMAN-CTV__US__US__JUL__2026____FRAME-1-DIY-MENTORSHIP-&-BUILDING__PCBV__P5,0.0
2026-07-21,F0047462 FFC CATEGORIAS BOX SABADO 30,0.0
2026-07-25,Adtelligent Sensitive Categories Deal - Gambling - CTV,3.81
2026-07-21,Viant - Jetsetters & Travel Enthusiasts -  Liz,0.0
2026-08-09,__DEAL__PA__194330__CICIS-PIZZA__ARM-CANDY__CTV-TIER-1__US__US__JUL__2026______PCOV__P5,0.0
2026-08-15,__DEAL__PA__263210__CYERA__CLOSED-LOOP__Q3-CTV__US__US__AUG__2026______PCOV__P5,888.13
2026-08-18,__DEAL__PA__247041__RIGHT-GUARD__EXVERUSMEDIA__EVERGREEN-AMAZON-CTV__US__US__JUN__2026____RIGHT-GUARD-BLUE-COLLAR-BENS__PCOV-CTV__P5,0.0
2026-08-17,__DEAL__PA__268936__TUBI__WPROMOTE__CONTEXTUAL-BRAND-CAMPAIGN-CTV-FRAME__US__US__SEPT__2026____DC-CTV-PRIDE-ELATION__PCBV__P5,0.0
2026-08-13,__DEAL__PA__268935__TUBI__WPROMOTE__CONTEXTUAL-BRAND-CAMPAIGN-CTV-FRAME__US__US__SEPT__2026____CHICAGO-CTV-ASTONISHMENT-SURPRISE__PCBV__P5,0.0
2026-07-25,__DEAL____264958__ST. JOHN HEALTH__THE_SHIPYARD____US__US__JUL__2026________P0,0.0
2026-07-16,__DEAL__PA__237762__STANLEY-BLACK-&-DECKER__PMG__CRAFTSMAN-CTV__US__US__JUL__2026____FRAME-2-BESPOKE-EMPOWERMENT-&-CONFIDENCE-BUILDERS__PCBV__P5,0.15
2026-07-06,__DEAL__PA__194330__CICIS-PIZZA__ARM-CANDY__CTV-TIER-1__US__US__JUL__2026______PCOV__P5,1.43
2026-08-17,Viant - Summer Sports - Liz,0.0
2026-07-08,__DEAL__PA__260746__STANLEY-BLACK-&-DECKER__PMG__CRAFTSMAN-CTV__US__US__JUL__2026____FRAME-1-MODERN-HOBBYIST__PCBV__P5,0.0
2026-07-29,__DEAL__PA__243767__FREDDYS__PMG__ARM-CANDY__US__US__JUL__2026____SODAS-&-REFRESHERS__PCBV__P5,0.0
2026-08-04,Viant - Summer Travel - Liz,0.0
2026-07-20,__DEAL__PA__260746__STANLEY-BLACK-&-DECKER__PMG__CRAFTSMAN-CTV__US__US__JUL__2026____FRAME-1-DIY-MENTORSHIP-&-BUILDING__PCBV__P5,0.0
2026-08-15,__DEAL__PA__268937__TUBI__WPROMOTE__CONTEXTUAL-BRAND-CAMPAIGN-CTV-FRAME__US__US__SEPT__2026____SF-CTV-TENDERNESS-FEELING-LOVE__PCBV__P5,0.0
2026-08-11,Audigent & Beachfront - AUD-089272 - Adlib - AdLib - Native SmartPMP - US - Audience Code bsy618 - Yahoo,0.0
2026-08-07,__DEAL__PA__260746__STANLEY-BLACK-&-DECKER__PMG__CRAFTSMAN-CTV__US__US__JUL__2026____FRAME-1-RESOURCEFUL-RENTERS-&-HOMEOWNERS-PARAMOUNT__PCBV__P5,0.0
2026-08-12,__DEAL__PA__260746__STANLEY-BLACK-&-DECKER__PMG__CRAFTSMAN-CTV__US__US__JUL__2026____FRAME-1-RESOURCEFUL-RENTERS-&-HOMEOWNERS__PCBV__P5,154.87
2026-08-01,__DEAL__PA__243767__FREDDYS__PMG__ARM-CANDY__US__US__JUL__2026____SODAS-&-REFRESHERS__PCBV__P5,0.0
2026-08-17,__DEAL__PA__232279__INTERMOUNTAIN__R&R__HEALTH-Q2-2026-CAMPAIGN__US__US__MAY__2026____MEDICAL-WEIGHT-DIABETES-CARE-CTV-MONTANA-STANDARD__PCOV__P5,0.0
2026-08-17,__DEAL__PA__257930__RED ROBIN__SURFACE_AGENCY__Q2-2026__US__US__MAY__2026________P5,1561.33
2026-08-08,__DEAL__PA__260746__STANLEY-BLACK-&-DECKER__PMG__CRAFTSMAN-CTV__US__US__JUL__2026____FRAME-1-DIY-MENTORSHIP-&-BUILDING__PCBV__P5,202.9
2026-08-13,Viant - Jetsetters & Travel Enthusiasts -  Liz,0.0
2026-08-09,__DEAL__PA__247041__RIGHT-GUARD__EXVERUSMEDIA__EVERGREEN-AMAZON-CTV__US__US__JUN__2026____RIGHT-GUARD-WEEKEND-WARRIORS__PCOV-CTV__P5,0.0
2026-08-06,__DEAL__PA__268014__LOVESAC__HEARTS_&_SCIENCE__CTV-AUG-NOV-26__US__US__AUG__2026____AWR-PREMIUM-PRAGMATISTS____P5,0.0
2026-08-13,F0047850 NFL PRETEMP BRONCOS VS FALCONS DÍA  20S,0.0
2026-08-05,__DEAL__PA__257696__BOARSHEAD__HORIZON__BTS-VIDEO CTV-CAMPAIGN__US__US__JUL__2026______PCOV-CTV__P5,253.66
2026-07-20,Adtelligent Sensitive Category Deal - Nicotine - CTV,2.47
2026-08-19,__DEAL__PA__268937__TUBI__WPROMOTE__CONTEXTUAL-BRAND-CAMPAIGN-CTV-FRAME__US__US__SEPT__2026____SF-CTV-LONGING-NOSTALGIA__PCBV__P5,0.0
2026-08-09,F0047460 MLS LUN A VIE 6PM 15,0.0
2026-07-19,__DEAL__PA__237762__STANLEY-BLACK-&-DECKER__PMG__CRAFTSMAN-CTV__US__US__JUL__2026____FRAME-2-BESPOKE-MODERN-HOBBYIST__PCBV__P5,29.67
2026-07-28,__DEAL__PA__232279__INTERMOUNTAIN__R&R__HEALTH-Q2-2026-CAMPAIGN__US__US__MAY__2026____MEDICAL-WEIGHT-DIABETES-CARE-CTV-MONTANA-FRAME__PCOV__P5,159.18
2026-07-17,__DEAL__PA__247041__RIGHT-GUARD__EXVERUSMEDIA__EVERGREEN-AMAZON-CTV__US__US__JUN__2026____RIGHT-GUARD-BLUE-COLLAR-BENS__PCOV-CTV__P5,0.0
2026-07-29,F0047466 90 LIGAS LUN MIE VIE 9 PM 30,0.0
2026-08-09,__DEAL__PA__237762__STANLEY-BLACK-&-DECKER__PMG__CRAFTSMAN-CTV__US__US__JUL__2026____FRAME-2-BESPOKE-MODERN-HOBBYIST__PCBV__P5,142.19
2026-08-11,__DEAL__PA__268014__LOVESAC__HEARTS_&_SCIENCE__CTV-AUG-NOV-26__US__US__AUG__2026____AWR-STYLIST-SOPHISTICATES____P5,0.0
2026-08-12,Audigent & Beachfront - AUD-089270 - Adlib - AdLib - CTV SmartPMP - US - ctv - Audience Code bsy618 - Beeswax,0.0
2026-07-31,Adtelligent Sensitive Category Deal - Nicotine - CTV,0.14
2026-08-19,__DEAL__PA__247041__RIGHT-GUARD__EXVERUSMEDIA__EVERGREEN-AMAZON-CTV__US__US__JUN__2026____RIGHT-GUARD-BLUE-COLLAR-BENS__PCOV-CTV__P5,0.0
2026-08-19,__DEAL__PA__268936__TUBI__WPROMOTE__CONTEXTUAL-BRAND-CAMPAIGN-CTV-FRAME__US__US__SEPT__2026____DC-CTV-LONGING-NOSTALGIA__PCBV__P5,0.0
2026-08-09,2608 - WESTIES Critics Promo - AUG 2026 - MGMPHD363486 - SERIES,18.41
2026-08-07,Viant - Summer Sports - Liz,0.0
2026-08-16,Adte_Optimal_Political,0.0
2026-08-19,Audigent & Beachfront - AUD-089269 - Adlib - AdLib - Video SmartPMP - US - Audience Code bsy618 - Beeswax,0.0
2026-08-05,F0047509 CF JULIO 26 GENEROS LUN-DOM 30,0.0
2026-07-15,__DEAL__PA__260746__STANLEY-BLACK-&-DECKER__PMG__CRAFTSMAN-CTV__US__US__JUL__2026____FRAME-1-DIY-MENTORSHIP-&-BUILDING__PCBV__P5,0.0
2026-08-15,Audigent & Beachfront - AUD-089268 - Adlib - AdLib - Display SmartPMP - US - Audience Code bsy618 - Yahoo,0.0
2026-08-14,F0047466 90 LIGAS LUN MIE VIE 9 PM 30,0.0
2026-08-13,__DEAL__PA__268936__TUBI__WPROMOTE__CONTEXTUAL-BRAND-CAMPAIGN-CTV-FRAME__US__US__SEPT__2026____DC-CTV-WONDERMENT-FEELING-AWE__PCBV__P5,0.0
2026-07-14,Kaiser Permanente Care Delivery H2 2026 - 6226,0.0
2026-07-12,2607 - MGMPLUS - WESTIES - PROMO A - Pre-Premiere - MGMPHD363429 - MOVIES,15.94
2026-07-15,__DEAL__PA__247041__RIGHT-GUARD__EXVERUSMEDIA__EVERGREEN-AMAZON-CTV__US__US__JUN__2026____RIGHT-GUARD-BLUE-COLLAR-BENS__PCOV-CTV__P5,0.0
2026-08-19,__DEAL__PA__246118__HOKA__JELLYFISH__HUMAN-FLY-H2-CTV__US__US__AUG__2026____BROAD-FITNESS-&-RUNNING__PCOV__P5,0.04
2026-08-07,Audigent & Beachfront - AUD-089270 - Adlib - AdLib - CTV SmartPMP - US - ctv - Audience Code bsy618 - Beeswax,0.0
2026-08-03,__DEAL__PA__246118__HOKA__JELLYFISH__HUMAN-FLY-H2-CTV__US__US__AUG__2026____BROAD-FITNESS-&-RUNNING__PCOV__P5,1843.11
2026-08-12,__DEAL__PA__268935__TUBI__WPROMOTE__CONTEXTUAL-BRAND-CAMPAIGN-CTV-FRAME__US__US__SEPT__2026____CHICAGO-CTV-LONGING-NOSTALGIA__PCBV__P5,0.0
2026-08-13,__DEAL__PA__237762__STANLEY-BLACK-&-DECKER__PMG__CRAFTSMAN-CTV__US__US__JUL__2026____FRAME-2-BESPOKE-MODERN-HOBBYIST-PARAMOUNT__PCBV__P5,0.0
2026-08-11,F0047705 FOX GOL FEMENIL GEN 29-07-26,0.0
2026-08-07,F0047460 MLS LUN A VIE 6PM 15,0.0
2026-07-27,__DEAL____263014__SAN DIEGO TOURISM AUTHORITY__THE_SHIPYARD____families_US__US__AUG__2026________P0,0.0
2026-07-19,Kaiser Permanente Care Delivery H2 2026 - 6226,0.56
2026-08-18,__DEAL__PA__262975__SPECTRUM__HORIZON__MX-SPECTRUM-Q1-26-CTV__US__US__JAN__2026____SPORTS-ENTHUSIASTS__PCOV__P5,0.0
2026-08-01,__DEAL__PA__257930__RED ROBIN__SURFACE_AGENCY__Q2-2026__US__US__MAY__2026________P5,482.56
2026-08-17,Adtelligent Sensitive Category Deal - Nicotine - CTV,0.11
2026-07-27,Kaiser Permanente Care Delivery H2 2026 - 6226,0.06
2026-07-04,__DEAL__PA__194330__CICIS-PIZZA__ARM-CANDY__CTV-TIER-1__US__US__JUL__2026______PCOV__P5,0.48
2026-07-24,F0047460 MLS LUN A VIE 6PM 15,0.0
2026-08-08,__DEAL__PA__260746__STANLEY-BLACK-&-DECKER__PMG__CRAFTSMAN-CTV__US__US__JUL__2026____FRAME-1-DIY-MENTORSHIP-&-BUILDING-PARAMOUNT__PCBV__P5,0.0
2026-08-01,__DEAL__PA__257696__BOARSHEAD__HORIZON__BTS-VIDEO CTV-CAMPAIGN__US__US__JUL__2026______PCOV-CTV__P5,123.97
2026-07-12,__DEAL__PA__237762__STANLEY-BLACK-&-DECKER__PMG__CRAFTSMAN-CTV__US__US__JUL__2026____FRAME-2-BESPOKE-EMPOWERMENT-&-CONFIDENCE-BUILDERS__PCBV__P5,9.14
2026-08-17,__DEAL__PA__268937__TUBI__WPROMOTE__CONTEXTUAL-BRAND-CAMPAIGN-CTV-FRAME__US__US__SEPT__2026____SF-CTV-LONGING-NOSTALGIA__PCBV__P5,0.0
2026-08-16,__DEAL__PA__237762__STANLEY-BLACK-&-DECKER__PMG__CRAFTSMAN-CTV__US__US__JUL__2026____FRAME-2-BESPOKE-EMPOWERMENT-&-CONFIDENCE-BUILDERS-PARAMOUNT__PCBV__P5,0.12
2026-07-15,__DEAL__PA__247041__RIGHT-GUARD__EXVERUSMEDIA__EVERGREEN-AMAZON-CTV__US__US__JUN__2026____RIGHT-GUARD-WEEKEND-WARRIORS__PCOV-CTV__P5,0.0
2026-08-15,__DEAL__PA__268014__LOVESAC__HEARTS_&_SCIENCE__CTV-AUG-NOV-26__US__US__AUG__2026____AWR-FAMILY-PLEASERS____P5,0.0
2026-08-15,Audigent & Beachfront - AUD-089269 - Adlib - AdLib - Video SmartPMP - US - Audience Code bsy618 - Yahoo,0.0
2026-08-11,__DEAL__PA__237762__STANLEY-BLACK-&-DECKER__PMG__CRAFTSMAN-CTV__US__US__JUL__2026____FRAME-2-BESPOKE-EMPOWERMENT-&-CONFIDENCE-BUILDERS__PCBV__P5,27.02
2026-08-18,Audigent & Beachfront - AUD-089272 - Adlib - AdLib - Native SmartPMP - US - Audience Code bsy618 - Yahoo,0.0
2026-08-06,__DEAL__PA__257696__BOARSHEAD__HORIZON__BTS-VIDEO CTV-CAMPAIGN__US__US__JUL__2026______PCOV-CTV__P5,53.26
2026-08-01,TEST_ARI_DENIS_CTV_BFvsST_BF_DEAL,0.0
2026-08-02,__DEAL__PA__257930__RED ROBIN__SURFACE_AGENCY__Q2-2026__US__US__MAY__2026________P5,484.06
2026-08-05,__DEAL__PA__243767__FREDDYS__PMG__ARM-CANDY__US__US__JUL__2026____SODAS-&-REFRESHERS__PCBV__P5,0.0
2026-07-21,F0047517 LUP GENÉRICA PREGUNTAS NOCHES 30S,0.0
2026-08-07,__DEAL__PA__237762__STANLEY-BLACK-&-DECKER__PMG__CRAFTSMAN-CTV__US__US__JUL__2026____FRAME-2-BESPOKE-MODERN-HOBBYIST__PCBV__P5,49.61
2026-08-03,__DEAL____263014__SAN DIEGO TOURISM AUTHORITY__THE_SHIPYARD____Experience Seekers_US__US__AUG__2026________P0,1.76
2026-08-02,Seedtag,9356.93
2026-08-16,__DEAL__PA__247041__RIGHT-GUARD__EXVERUSMEDIA__EVERGREEN-AMAZON-CTV__US__US__JUN__2026____RIGHT-GUARD-BLUE-COLLAR-BENS__PCOV-CTV__P5,0.0
2026-08-15,__DEAL__PA__268937__TUBI__WPROMOTE__CONTEXTUAL-BRAND-CAMPAIGN-CTV-FRAME__US__US__SEPT__2026____SF-CTV-LONGING-NOSTALGIA__PCBV__P5,0.0
2026-07-25,Kaiser Permanente Care Delivery H2 2026 - 6226,0.07
2026-08-19,Viant - Summer Travel - Liz,0.0
2026-08-14,__DEAL__PA__237762__STANLEY-BLACK-&-DECKER__PMG__CRAFTSMAN-CTV__US__US__JUL__2026____FRAME-2-BESPOKE-EMPOWERMENT-&-CONFIDENCE-BUILDERS-PARAMOUNT__PCBV__P5,0.08
2026-08-18,__DEAL__PA__268937__TUBI__WPROMOTE__CONTEXTUAL-BRAND-CAMPAIGN-CTV-FRAME__US__US__SEPT__2026____SF-CTV-TENDERNESS-FEELING-LOVE__PCBV__P5,0.0
2026-08-11,__DEAL__PA__247041__RIGHT-GUARD__EXVERUSMEDIA__EVERGREEN-AMAZON-CTV__US__US__JUN__2026____RIGHT-GUARD-WEEKEND-WARRIORS__PCOV-CTV__P5,0.0
2026-08-01,Seedtag,8474.59
2026-07-17,Seedtag,10029.27
2026-07-24,__DEAL__PA__237762__STANLEY-BLACK-&-DECKER__PMG__CRAFTSMAN-CTV__US__US__JUL__2026____FRAME-2-BESPOKE-DIY-MENTORSHIP-&-BUILDING__PCBV__P5,0.0
2026-07-06,Kaiser Permanente Care Delivery H2 2026 - 6226,0.0
2026-08-09,__DEAL____263014__SAN DIEGO TOURISM AUTHORITY__THE_SHIPYARD____RON_US__US__AUG__2026________P0,296.15
2026-08-08,F0047523 FSR GENERICA VOCES 20 S,0.0
2026-08-17,__DEAL__PA__268936__TUBI__WPROMOTE__CONTEXTUAL-BRAND-CAMPAIGN-CTV-FRAME__US__US__SEPT__2026____DC-CTV-ENJOYMENT-PLEASURE__PCBV__P5,0.0
2026-08-16,__DEAL__PA__194330__CICIS-PIZZA__ARM-CANDY__CTV-TIER-1__US__US__JUL__2026______PCOV__P5,0.0
2026-07-29,__DEAL____264958__ST. JOHN HEALTH__THE_SHIPYARD____US__US__JUL__2026________P0,0.31
2026-07-14,__DEAL__PA__194330__CICIS-PIZZA__ARM-CANDY__CTV-TIER-1__US__US__JUL__2026______PCOV__P5,4.09
2026-07-26,Viant - Summer Travel - Liz,0.0
2026-08-18,F0047460 MLS LU A VIER 6PM 15 13-08-2026,0.0
2026-08-01,__DEAL__PA__257703__GOODFOOD__NEW-ENGEN__CTV-TEST__US__US__JUL__2026______PCOV__P10,0.0
2026-08-04,PRODUCT____264512__DATABRICKS__JUSTGLOBAL__OLV-CTV__US__US__AUG__OCT__2026______COV__,0.0
2026-08-17,__DEAL__PA__268014__LOVESAC__HEARTS_&_SCIENCE__CTV-AUG-NOV-26__US__US__AUG__2026____AWR-FAMILY-PLEASERS____P5,0.0
2026-07-31,__DEAL__PA__247041__RIGHT-GUARD__EXVERUSMEDIA__EVERGREEN-AMAZON-CTV__US__US__JUN__2026____RIGHT-GUARD-WEEKEND-WARRIORS__PCOV-CTV__P5,0.0
2026-08-15,__DEAL__PA__268935__TUBI__WPROMOTE__CONTEXTUAL-BRAND-CAMPAIGN-CTV-FRAME__US__US__SEPT__2026____CHICAGO-CTV-ASTONISHMENT-SURPRISE__PCBV__P5,0.0
2026-08-05,__DEAL__PA__260746__STANLEY-BLACK-&-DECKER__PMG__CRAFTSMAN-CTV__US__US__JUL__2026____FRAME-1-DIY-MENTORSHIP-&-BUILDING__PCBV__P5,397.89
2026-07-26,__DEAL__PA__232279__INTERMOUNTAIN__R&R__HEALTH-Q2-2026-CAMPAIGN__US__US__MAY__2026____MEDICAL-WEIGHT-DIABETES-CARE-CTV-MONTANA-STANDARD__PCOV__P5,65.1
2026-07-30,__DEAL____263014__SAN DIEGO TOURISM AUTHORITY__THE_SHIPYARD____Experience Seekers_US__US__AUG__2026________P0,0.03
2026-07-28,Viant - Summer Sports - Liz,0.0
2026-07-22,F0047460 MLS LUN A VIE 6PM 15,0.0
2026-08-15,__DEAL__PA__268937__TUBI__WPROMOTE__CONTEXTUAL-BRAND-CAMPAIGN-CTV-FRAME__US__US__SEPT__2026____SF-CTV-ENJOYMENT-PLEASURE__PCBV__P5,0.0
2026-08-18,__DEAL__PA__263210__CYERA__CLOSED-LOOP__Q3-CTV__US__US__AUG__2026____V2__PCOV__P5,894.68
2026-08-08,Adtelligent Sensitive Category Deal - Nicotine - CTV,0.19
2026-08-04,F0047466 90 LIGAS LUN MIE VIE 9 PM 30,0.0
2026-08-04,F0047517 LUP GENÉRICA PREGUNTAS NOCHES 30S,0.0
2026-08-02,Adte_Optimal_Political,0.0
2026-08-13,__DEAL__PA__268936__TUBI__WPROMOTE__CONTEXTUAL-BRAND-CAMPAIGN-CTV-FRAME__US__US__SEPT__2026____DC-CTV-LONGING-NOSTALGIA__PCBV__P5,0.0
2026-07-24,F0047509 CF JULIO 26 GENEROS LUN-DOM 30,0.0
2026-07-29,F0047509 CF JULIO 26 GENEROS LUN-DOM 30,0.0
2026-07-09,__DEAL__PA__243767__FREDDYS__PMG__ARM-CANDY__US__US__JUL__2026____LOW-CARB-ALTERNATIVES__PCBV__P5,0.0
2026-08-18,Adtelligent Sensitive Categories Deal - Gambling - CTV,0.45
2026-08-12,2608 - WESTIES Critics Promo - AUG 2026 - MGMPHD363486 - SERIES,10.73
2026-08-04,__DEAL__PA__247041__RIGHT-GUARD__EXVERUSMEDIA__EVERGREEN-AMAZON-CTV__US__US__JUN__2026____RIGHT-GUARD-BLUE-COLLAR-BENS__PCOV-CTV__P5,0.0
2026-07-14,__DEAL__PA__237762__STANLEY-BLACK-&-DECKER__PMG__CRAFTSMAN-CTV__US__US__JUL__2026____FRAME-2-BESPOKE-DIY-MENTORSHIP-&-BUILDING__PCBV__P5,0.5
2026-07-30,F0047424 AEW GRAND SLAM TALENTO FECHA 30,0.0
2026-07-29,__DEAL__PA__194330__CICIS-PIZZA__ARM-CANDY__CTV-TIER-1__US__US__JUL__2026______PCOV__P5,0.0
2026-07-02,Kaiser Permanente Care Delivery H2 2026 - 6226,0.0
2026-08-14,__DEAL__PA__194330__CICIS-PIZZA__ARM-CANDY__CTV-TIER-1__US__US__JUL__2026______PCOV__P5,0.0
2026-08-08,__DEAL__PA__243767__FREDDYS__PMG__ARM-CANDY__US__US__JUL__2026____SODAS-&-REFRESHERS__PCBV__P5,0.0
2026-08-04,__DEAL____263014__SAN DIEGO TOURISM AUTHORITY__THE_SHIPYARD____Live Sports_US__US__AUG__2026________P0,38.62
2026-07-18,__DEAL__PA__237762__STANLEY-BLACK-&-DECKER__PMG__CRAFTSMAN-CTV__US__US__JUL__2026____FRAME-2-BESPOKE-MODERN-HOBBYIST__PCBV__P5,26.0
2026-07-28,Viant - Summer Travel - Liz,0.0
2026-07-21,Seedtag,9449.38
2026-07-22,F0047509 CF JULIO 26 GENEROS LUN-DOM 30,0.0
2026-08-11,__DEAL__PA__232279__INTERMOUNTAIN__R&R__HEALTH-Q2-2026-CAMPAIGN__US__US__MAY__2026____MEDICAL-WEIGHT-DIABETES-CARE-CTV-MONTANA-FRAME__PCOV__P5,179.51
2026-08-14,Audigent & Beachfront - AUD-089269 - Adlib - AdLib - Video SmartPMP - US - Audience Code bsy618 - Yahoo,0.0
2026-07-25,Viant - Summer Travel - Liz,0.0
2026-07-17,__DEAL__PA__237762__STANLEY-BLACK-&-DECKER__PMG__CRAFTSMAN-CTV__US__US__JUL__2026____FRAME-2-BESPOKE-RESOURCEFUL-RENTERS-&-HOMEOWNERS__PCBV__P5,3.75
2026-08-02,__DEAL__PA__243767__FREDDYS__PMG__ARM-CANDY__US__US__JUL__2026____LOW-CARB-ALTERNATIVES__PCBV__P5,3.06
2026-08-17,__DEAL__PA__268937__TUBI__WPROMOTE__CONTEXTUAL-BRAND-CAMPAIGN-CTV-FRAME__US__US__SEPT__2026____SF-CTV-ENJOYMENT-PLEASURE__PCBV__P5,0.0
2026-08-17,__DEAL__PA__268937__TUBI__WPROMOTE__CONTEXTUAL-BRAND-CAMPAIGN-CTV-FRAME__US__US__SEPT__2026____SF-CTV-PRIDE-ELATION__PCBV__P5,0.0
2026-07-28,__DEAL__PA__243767__FREDDYS__PMG__ARM-CANDY__US__US__JUL__2026____SODAS-&-REFRESHERS__PCBV__P5,0.0
2026-08-18,Audigent & Beachfront - AUD-089272 - Adlib - AdLib - Native SmartPMP - US - Audience Code bsy618 - Beeswax,0.0
2026-08-08,__DEAL__PA__237762__STANLEY-BLACK-&-DECKER__PMG__CRAFTSMAN-CTV__US__US__JUL__2026____FRAME-2-BESPOKE-EMPOWERMENT-&-CONFIDENCE-BUILDERS__PCBV__P5,106.1
2026-08-06,__DEAL__PA__237762__STANLEY-BLACK-&-DECKER__PMG__CRAFTSMAN-CTV__US__US__JUL__2026____FRAME-2-BESPOKE-EMPOWERMENT-&-CONFIDENCE-BUILDERS-PARAMOUNT__PCBV__P5,0.0
2026-08-08,F0047705 FOX GOL FEMENIL GEN 29-07-26,0.0
2026-08-10,F0047460 MLS LUN A VIE 6PM 15,0.0
2026-08-10,F0047466 90 LIGAS LUN MIE VIE 9 PM 30,0.0
2026-08-05,F0047523 FSR GENERICA VOCES 20 S,0.0
2026-07-31,__DEAL__PA__257696__BOARSHEAD__HORIZON__BTS-VIDEO CTV-CAMPAIGN__US__US__JUL__2026______PCOV-CTV__P5,120.18
2026-07-12,__DEAL__PA__260746__STANLEY-BLACK-&-DECKER__PMG__CRAFTSMAN-CTV__US__US__JUL__2026____FRAME-1-DIY-MENTORSHIP-&-BUILDING__PCBV__P5,0.0
2026-07-28,Viant - Jetsetters & Travel Enthusiasts -  Liz,0.0
2026-07-13,__DEAL__PA__257930__RED ROBIN__SURFACE_AGENCY__Q2-2026__US__US__MAY__2026________P5,457.36
2026-08-15,__DEAL__PA__268935__TUBI__WPROMOTE__CONTEXTUAL-BRAND-CAMPAIGN-CTV-FRAME__US__US__SEPT__2026____CHICAGO-CTV-TENDERNESS-FEELING-LOVE__PCBV__P5,0.0
2026-08-15,F0047494 FGM A26 DOMINGO 25,0.0
2026-08-14,Adtelligent Sensitive Categories Deal - Alcohol - CTV,0.05
2026-08-14,__DEAL__PA__269645__WHITECLAW__HAWORTH-MEDIA__SURGE-COLLEGE-SPORTS-LIVE-CTV__US__US__AUG__2026______PCOV__P5,0.0
2026-08-18,Viant - Summer Travel - Liz,0.0
2026-08-17,__DEAL__PA__260746__STANLEY-BLACK-&-DECKER__PMG__CRAFTSMAN-CTV__US__US__JUL__2026____FRAME-1-DIY-MENTORSHIP-&-BUILDING__PCBV__P5,144.9
2026-08-16,__DEAL__PA__269645__WHITECLAW__HAWORTH-MEDIA__SURGE-COLLEGE-SPORTS-LIVE-CTV__US__US__AUG__2026______PCOV__P5,0.0
2026-07-26,Viant - Jetsetters & Travel Enthusiasts -  Liz,0.0
2026-08-15,Adtelligent Sensitive Category Deal - Nicotine - CTV,0.07
2026-08-11,__DEAL__PA__263210__CYERA__CLOSED-LOOP__Q3-CTV__US__US__AUG__2026______PCOV__P5,0.06
2026-08-14,__DEAL__PA__257696__BOARSHEAD__HORIZON__BTS-VIDEO CTV-CAMPAIGN__US__US__JUL__2026______PCOV-CTV__P5,229.73
2026-08-13,__DEAL__PA__232279__INTERMOUNTAIN__R&R__HEALTH-Q2-2026-CAMPAIGN__US__US__MAY__2026____MEDICAL-WEIGHT-DIABETES-CARE-CTV-MONTANA-FRAME__PCOV__P5,165.82
2026-07-31,2607 - MGMPLUS - JULY XCH  - MGMP23457-13 - SERIES,12.87
2026-07-10,__DEAL__PA__237762__STANLEY-BLACK-&-DECKER__PMG__CRAFTSMAN-CTV__US__US__JUL__2026____FRAME-2-BESPOKE-RESOURCEFUL-RENTERS-&-HOMEOWNERS__PCBV__P5,27.44
2026-07-13,__DEAL__PA__247041__RIGHT-GUARD__EXVERUSMEDIA__EVERGREEN-AMAZON-CTV__US__US__JUN__2026____RIGHT-GUARD-BLUE-COLLAR-BENS__PCOV-CTV__P5,0.0
2026-08-14,__DEAL__PA__268937__TUBI__WPROMOTE__CONTEXTUAL-BRAND-CAMPAIGN-CTV-FRAME__US__US__SEPT__2026____SF-CTV-ASTONISHMENT-SURPRISE__PCBV__P5,0.0
2026-08-04,__DEAL__PA__237762__STANLEY-BLACK-&-DECKER__PMG__CRAFTSMAN-CTV__US__US__JUL__2026____FRAME-2-BESPOKE-RESOURCEFUL-RENTERS-&-HOMEOWNERS__PCBV__P5,115.05
2026-08-13,Viant - Summer Travel - Liz,0.0
2026-08-16,F0047466 90 LIGAS LUN MIE VIE 9 PM 30,0.0
2026-07-26,Viant - Summer Sports - Liz,0.0
2026-07-24,Q3 Adte - Beeswax US,0.0
2026-08-15,__DEAL__PA__260746__STANLEY-BLACK-&-DECKER__PMG__CRAFTSMAN-CTV__US__US__JUL__2026____FRAME-1-DIY-MENTORSHIP-&-BUILDING__PCBV__P5,7.53
2026-08-12,__DEAL__PA__257696__BOARSHEAD__HORIZON__BTS-VIDEO CTV-CAMPAIGN__US__US__JUL__2026______PCOV-CTV__P5,107.63
2026-08-06,__DEAL__PA__260746__STANLEY-BLACK-&-DECKER__PMG__CRAFTSMAN-CTV__US__US__JUL__2026____FRAME-1-RESOURCEFUL-RENTERS-&-HOMEOWNERS__PCBV__P5,0.0
2026-08-15,__DEAL__PA__237762__STANLEY-BLACK-&-DECKER__PMG__CRAFTSMAN-CTV__US__US__JUL__2026____FRAME-2-BESPOKE-RESOURCEFUL-RENTERS-&-HOMEOWNERS__PCBV__P5,24.7
2026-08-01,__DEAL__PA__243767__FREDDYS__PMG__ARM-CANDY__US__US__JUL__2026____LOW-CARB-ALTERNATIVES__PCBV__P5,0.47
2026-08-17,__DEAL__PA__247041__RIGHT-GUARD__EXVERUSMEDIA__EVERGREEN-AMAZON-CTV__US__US__JUN__2026____RIGHT-GUARD-WEEKEND-WARRIORS__PCOV-CTV__P5,0.0
2026-07-14,__DEAL__PA__243767__FREDDYS__PMG__ARM-CANDY__US__US__JUL__2026____LOW-CARB-ALTERNATIVES__PCBV__P5,0.0
2026-07-16,Adtelligent Sensitive Category Deal - Nicotine - CTV,0.98
2026-07-15,Adtelligent Sensitive Category Deal - Nicotine - CTV,1.38
2026-08-12,Audigent & Beachfront - AUD-089269 - Adlib - AdLib - Video SmartPMP - US - Audience Code bsy618 - Beeswax,0.0
2026-08-10,__DEAL__PA__262975__SPECTRUM__HORIZON__MX-SPECTRUM-Q1-26-CTV__US__US__JAN__2026____SPORTS-ENTHUSIASTS__PCOV__P5,0.0
2026-07-31,__DEAL__PA__266990__LOVESAC__HEARTS_&_SCIENCE__CON-CTV-AUG-NOV-26__US__US__AUG__2026____PREMIUM-PRAGMATISTS____P5,0.0
2026-07-28,F0047523 FSR GENERICA VOCES 20 S,0.0
2026-07-29,__DEAL__PA__243767__FREDDYS__PMG__ARM-CANDY__US__US__JUL__2026____LOW-CARB-ALTERNATIVES__PCBV__P5,0.24
2026-08-01,Adte_Optimal_Political,0.0
2026-08-16,__DEAL__PA__257930__RED ROBIN__SURFACE_AGENCY__Q2-2026__US__US__MAY__2026________P5,1558.73
2026-07-31,__DEAL__PA__243767__FREDDYS__PMG__ARM-CANDY__US__US__JUL__2026____SODAS-&-REFRESHERS__PCBV__P5,0.0
2026-07-29,__DEAL____263014__SAN DIEGO TOURISM AUTHORITY__THE_SHIPYARD____Live Sports_US__US__AUG__2026________P0,0.08
2026-08-18,__DEAL__PA__268936__TUBI__WPROMOTE__CONTEXTUAL-BRAND-CAMPAIGN-CTV-FRAME__US__US__SEPT__2026____DC-CTV-LONGING-NOSTALGIA__PCBV__P5,0.0
2026-07-31,__DEAL__PA__257930__RED ROBIN__SURFACE_AGENCY__Q2-2026__US__US__MAY__2026________P5,479.03
2026-08-09,__DEAL__PA__232279__INTERMOUNTAIN__R&R__HEALTH-Q2-2026-CAMPAIGN__US__US__MAY__2026____MEDICAL-WEIGHT-DIABETES-CARE-CTV-MONTANA-STANDARD__PCOV__P5,48.94
2026-08-04,Adtelligent Sensitive Categories Deal - Gambling - CTV,0.37
2026-08-13,F0047460 MLS LU A VIER 6PM 15 13-08-2026,0.0
2026-08-16,__DEAL__PA__268936__TUBI__WPROMOTE__CONTEXTUAL-BRAND-CAMPAIGN-CTV-FRAME__US__US__SEPT__2026____DC-CTV-TENDERNESS-FEELING-LOVE__PCBV__P5,0.0
2026-07-18,F0047323 WWC U17 TEASER SEMI FIN,0.0
2026-07-15,__DEAL__PA__260746__STANLEY-BLACK-&-DECKER__PMG__CRAFTSMAN-CTV__US__US__JUL__2026____FRAME-1-MODERN-HOBBYIST__PCBV__P5,0.0
2026-07-10,__DEAL__PA__237762__STANLEY-BLACK-&-DECKER__PMG__CRAFTSMAN-CTV__US__US__JUL__2026____FRAME-2-BESPOKE-MODERN-HOBBYIST__PCBV__P5,0.08
2026-08-12,__DEAL__PA__268937__TUBI__WPROMOTE__CONTEXTUAL-BRAND-CAMPAIGN-CTV-FRAME__US__US__SEPT__2026____SF-CTV-LONGING-NOSTALGIA__PCBV__P5,0.0
2026-08-02,__DEAL__PA__257703__GOODFOOD__NEW-ENGEN__CTV-TEST__US__US__JUL__2026______PCOV__P10,0.0
2026-08-13,__DEAL__PA__268936__TUBI__WPROMOTE__CONTEXTUAL-BRAND-CAMPAIGN-CTV-FRAME__US__US__SEPT__2026____DC-CTV-WORRY-FEAR__PCBV__P5,0.0
2026-07-28,__DEAL__PA__247041__RIGHT-GUARD__EXVERUSMEDIA__EVERGREEN-AMAZON-CTV__US__US__JUN__2026____RIGHT-GUARD-WEEKEND-WARRIORS__PCOV-CTV__P5,0.0
2026-07-24,Adtelligent Sensitive Categories Deal - Alcohol - CTV,7.2
2026-07-10,__DEAL__PA__261391__SPECTRUM__HORIZON__MX-SPECTRUM-Q1-26-CTV__US__US__JAN__2026____SPORTS-ENTHUSIASTS__PCOV__P5,70.08
2026-07-13,__DEAL__PA__194330__CICIS-PIZZA__ARM-CANDY__CTV-TIER-1__US__US__JUL__2026______PCOV__P5,0.81
2026-08-01,__DEAL____263014__SAN DIEGO TOURISM AUTHORITY__THE_SHIPYARD____Live Sports_US__US__AUG__2026________P0,0.16
2026-07-20,__DEAL__PA__260746__STANLEY-BLACK-&-DECKER__PMG__CRAFTSMAN-CTV__US__US__JUL__2026____FRAME-1-EMPOWERMENT-&-CONFIDENCE-BUILDERS__PCBV__P5,0.0
2026-07-19,Viant - Jetsetters & Travel Enthusiasts -  Liz,0.0
2026-07-28,2607 - MGMPLUS - JULY XCH  - MGMP23457-13 - SERIES,19.79
2026-08-07,Viant - Summer Travel - Liz,0.0
2026-08-03,__DEAL__PA__262975__SPECTRUM__HORIZON__MX-SPECTRUM-Q1-26-CTV__US__US__JAN__2026____SPORTS-ENTHUSIASTS__PCOV__P5,8.29
2026-08-02,__DEAL__PA__247041__RIGHT-GUARD__EXVERUSMEDIA__EVERGREEN-AMAZON-CTV__US__US__JUN__2026____RIGHT-GUARD-BLUE-COLLAR-BENS__PCOV-CTV__P5,0.0
2026-08-05,__DEAL__PA__263210__CYERA__CLOSED-LOOP__Q3-CTV__US__US__AUG__2026______PCOV__P5,0.0
2026-07-12,Viant - Summer Travel - Liz,0.0
2026-07-18,Viant - Summer Travel - Liz,0.0
2026-07-11,__DEAL__PA__260746__STANLEY-BLACK-&-DECKER__PMG__CRAFTSMAN-CTV__US__US__JUL__2026____FRAME-1-EMPOWERMENT-&-CONFIDENCE-BUILDERS__PCBV__P5,0.0
2026-07-22,__DEAL__PA__262975__SPECTRUM__HORIZON__MX-SPECTRUM-Q1-26-CTV__US__US__JAN__2026____SPORTS-ENTHUSIASTS__PCOV__P5,8.02
2026-07-29,Seedtag,8946.49
2026-08-02,__DEAL__PA__257696__BOARSHEAD__HORIZON__BTS-VIDEO CTV-CAMPAIGN__US__US__JUL__2026______PCOV-CTV__P5,212.42
2026-07-27,F0047531 GOTF ASTANA ESTRENO 27-07-2026,0.0
2026-07-17,TEST_ARI_DENIS_CTV_BFvsST_BF_DEAL,0.0
2026-08-08,__DEAL__PA__263210__CYERA__CLOSED-LOOP__Q3-CTV__US__US__AUG__2026______PCOV__P5,0.0
2026-08-13,Kaiser Permanente Care Delivery H2 2026 - 6226,2.61
2026-08-05,__DEAL__PA__237762__STANLEY-BLACK-&-DECKER__PMG__CRAFTSMAN-CTV__US__US__JUL__2026____FRAME-2-BESPOKE-EMPOWERMENT-&-CONFIDENCE-BUILDERS__PCBV__P5,732.92
2026-08-19,__DEAL__PA__260746__STANLEY-BLACK-&-DECKER__PMG__CRAFTSMAN-CTV__US__US__JUL__2026____FRAME-1-MODERN-HOBBYIST-PARAMOUNT__PCBV__P5,613.01
2026-08-19,Audigent & Beachfront - AUD-089270 - Adlib - AdLib - CTV SmartPMP - US - ctv - Audience Code bsy618 - Beeswax,0.0
2026-08-09,Adtelligent Sensitive Categories Deal - Alcohol - CTV,0.92
2026-08-14,__DEAL__PA__259149__BELL-CANADA__DIRECT-CLIENT__WIRELINE-ALWAYS-ON-LAB-Q3-2026__CA__CA__AUG__2026____CTV-DEALS__PCBV__P5,0.0
2026-08-12,__DEAL__PA__257930__RED ROBIN__SURFACE_AGENCY__Q2-2026__US__US__MAY__2026________P5,1541.31
2026-08-02,TEST_ARI_DENIS_CTV_BFvsST_BF_DEAL,0.0
2026-07-20,2607 - MGMPLUS - JULY XCH - MGMP23457-13 - MOVIES,9.56
2026-07-23,F0047424 AEW GRAND SLAM TALENTO FECHA 30,0.0
2026-08-17,__DEAL__PA__268935__TUBI__WPROMOTE__CONTEXTUAL-BRAND-CAMPAIGN-CTV-FRAME__US__US__SEPT__2026____CHICAGO-CTV-ASTONISHMENT-SURPRISE__PCBV__P5,0.0
2026-08-16,__DEAL__PA__268014__LOVESAC__HEARTS_&_SCIENCE__CTV-AUG-NOV-26__US__US__AUG__2026____AWR-PREMIUM-PRAGMATISTS____P5,0.0
2026-08-11,2608 - WESTIES Critics Promo - AUG 2026 - MGMPHD363486 - MOVIES,8.74
2026-07-16,__DEAL__PA__260746__STANLEY-BLACK-&-DECKER__PMG__CRAFTSMAN-CTV__US__US__JUL__2026____FRAME-1-DIY-MENTORSHIP-&-BUILDING__PCBV__P5,0.0
2026-07-22,F0047531 GOTF ASTANA ESTRENO 25,0.0
2026-07-12,__DEAL__PA__247041__RIGHT-GUARD__EXVERUSMEDIA__EVERGREEN-AMAZON-CTV__US__US__JUN__2026____RIGHT-GUARD-WEEKEND-WARRIORS__PCOV-CTV__P5,0.0
2026-07-27,F0047517 LUP GENÉRICA PREGUNTAS NOCHES 30S,0.0
2026-08-15,__DEAL__PA__237762__STANLEY-BLACK-&-DECKER__PMG__CRAFTSMAN-CTV__US__US__JUL__2026____FRAME-2-BESPOKE-RESOURCEFUL-RENTERS-&-HOMEOWNERS-PARAMOUNT__PCBV__P5,0.15
2026-08-06,F0047494 FGM A26 DOMINGO 25 04/08/2026,0.0
2026-08-04,Adte RibEye Q3,2.0
2026-08-04,__DEAL____264958__ST. JOHN HEALTH__THE_SHIPYARD____US__US__JUL__2026________P0,503.37
2026-08-09,F0047509 CF JULIO 26 GENEROS LUN-DOM 30,0.0
2026-08-12,__DEAL__PA__268936__TUBI__WPROMOTE__CONTEXTUAL-BRAND-CAMPAIGN-CTV-FRAME__US__US__SEPT__2026____DC-CTV-ENJOYMENT-PLEASURE__PCBV__P5,0.0
2026-08-16,__DEAL__PA__268936__TUBI__WPROMOTE__CONTEXTUAL-BRAND-CAMPAIGN-CTV-FRAME__US__US__SEPT__2026____DC-CTV-ENJOYMENT-PLEASURE__PCBV__P5,0.0
2026-07-26,F0047523 FSR GENERICA VOCES 20 S,0.0
2026-08-19,__DEAL__PA__268937__TUBI__WPROMOTE__CONTEXTUAL-BRAND-CAMPAIGN-CTV-FRAME__US__US__SEPT__2026____SF-CTV-TENDERNESS-FEELING-LOVE__PCBV__P5,0.0
2026-08-18,__DEAL__PA__260746__STANLEY-BLACK-&-DECKER__PMG__CRAFTSMAN-CTV__US__US__JUL__2026____FRAME-1-MODERN-HOBBYIST-PARAMOUNT__PCBV__P5,0.15
2026-08-10,__DEAL__PA__232279__INTERMOUNTAIN__R&R__HEALTH-Q2-2026-CAMPAIGN__US__US__MAY__2026____MEDICAL-WEIGHT-DIABETES-CARE-CTV-MONTANA-STANDARD__PCOV__P5,41.7
2026-08-13,Audigent & Beachfront - AUD-089272 - Adlib - AdLib - Native SmartPMP - US - Audience Code bsy618 - Yahoo,0.0
2026-07-16,Adtelligent Sensitive Categories Deal - Alcohol - CTV,3.14
2026-07-26,__DEAL__PA__243767__FREDDYS__PMG__ARM-CANDY__US__US__JUL__2026____SODAS-&-REFRESHERS__PCBV__P5,0.0
2026-08-11,Adtelligent Sensitive Category Deal - Nicotine - CTV,0.91
2026-08-08,__DEAL__PA__247041__RIGHT-GUARD__EXVERUSMEDIA__EVERGREEN-AMAZON-CTV__US__US__JUN__2026____RIGHT-GUARD-WEEKEND-WARRIORS__PCOV-CTV__P5,0.0
2026-07-22,Adtelligent Sensitive Categories Deal - Gambling - CTV,2.91
2026-08-14,Adte_Optimal_Political,0.0
2026-08-10,F0047509 CF JULIO 26 GENEROS LUN-DOM 30,0.0
2026-08-17,Audigent & Beachfront - AUD-089269 - Adlib - AdLib - Video SmartPMP - US - Audience Code bsy618 - Yahoo,0.0
2026-07-14,Seedtag,6975.36
2026-07-20,__DEAL__PA__264233__MICHAELS__PMG__CELEBRATIONS-CTV__US__US__SEPT__2026____CTV-KNIT&SEW-SHOP__PCOV__P5,0.0
2026-07-23,PRODUCT____264513__VARIOUS__JUSTGLOBAL__EVERGREEN-CTV__US__US__AUG__OCT__2026______COV__,0.0
2026-07-24,__DEAL__PA__237762__STANLEY-BLACK-&-DECKER__PMG__CRAFTSMAN-CTV__US__US__JUL__2026____FRAME-2-BESPOKE-MODERN-HOBBYIST__PCBV__P5,0.0
2026-08-18,Audigent & Beachfront - AUD-089270 - Adlib - AdLib - CTV SmartPMP - US - ctv - Audience Code bsy618 - Beeswax,0.0
2026-08-10,Adtelligent Sensitive Categories Deal - Gambling - CTV,0.5
2026-08-10,Audigent & Beachfront - AUD-089272 - Adlib - AdLib - Native SmartPMP - US - Audience Code bsy618 - Beeswax,0.0
2026-08-05,Viant - Jetsetters & Travel Enthusiasts -  Liz,0.0
2026-07-29,__DEAL__PA__262975__SPECTRUM__HORIZON__MX-SPECTRUM-Q1-26-CTV__US__US__JAN__2026____SPORTS-ENTHUSIASTS__PCOV__P5,6.16
2026-07-31,F0047523 FSR GENERICA VOCES 20 S,0.0
2026-07-27,Viant - Jetsetters & Travel Enthusiasts -  Liz,0.0
2026-07-23,Adtelligent Sensitive Categories Deal - Gambling - CTV,3.18
2026-07-17,__DEAL__PA__257703__GOODFOOD__NEW-ENGEN__CTV-TEST__US__US__JUL__2026______PCOV__P10,499.16
2026-07-22,__DEAL__PA__232279__INTERMOUNTAIN__R&R__HEALTH-Q2-2026-CAMPAIGN__US__US__MAY__2026____MEDICAL-WEIGHT-DIABETES-CARE-CTV-MONTANA-STANDARD__PCOV__P5,0.0
2026-08-07,__DEAL____263014__SAN DIEGO TOURISM AUTHORITY__THE_SHIPYARD____RON_US__US__AUG__2026________P0,126.97
2026-08-14,__DEAL__PA__268935__TUBI__WPROMOTE__CONTEXTUAL-BRAND-CAMPAIGN-CTV-FRAME__US__US__SEPT__2026____CHICAGO-CTV-WONDERMENT-FEELING-AWE__PCBV__P5,0.0
2026-08-14,__DEAL__PA__243767__FREDDYS__PMG__ARM-CANDY__US__US__JUL__2026____LOW-CARB-ALTERNATIVES__PCBV__P5,3.53
2026-08-10,__DEAL____264958__ST. JOHN HEALTH__THE_SHIPYARD____US__US__JUL__2026________P0,219.53
2026-08-04,__DEAL__PA__260746__STANLEY-BLACK-&-DECKER__PMG__CRAFTSMAN-CTV__US__US__JUL__2026____FRAME-1-MODERN-HOBBYIST__PCBV__P5,1.59
2026-07-22,__DEAL__PA__246118__HOKA__JELLYFISH__HUMAN-FLY-H2-CTV__US__US__AUG__2026____BROAD-FITNESS-&-RUNNING__PCOV__P5,0.0
2026-08-10,Adte_Optimal_Political,0.0
2026-08-05,__DEAL__PA__247041__RIGHT-GUARD__EXVERUSMEDIA__EVERGREEN-AMAZON-CTV__US__US__JUN__2026____RIGHT-GUARD-WEEKEND-WARRIORS__PCOV-CTV__P5,0.0
2026-07-02,__DEAL__PA__259456__IRVINE-APARTMENT-COMMUNITIES__WPROMOTE__DISPLAY-CTV-Q3__US__US__JUL__2026______PCOV__P5,0.0
2026-08-11,__DEAL__PA__260746__STANLEY-BLACK-&-DECKER__PMG__CRAFTSMAN-CTV__US__US__JUL__2026____FRAME-1-DIY-MENTORSHIP-&-BUILDING__PCBV__P5,75.01
2026-08-03,Kaiser Permanente Care Delivery H2 2026 - 6226,0.18
2026-07-27,Adte RibEye Q3,0.06
2026-07-16,F0047323 WWC U17 TEASER SEMI FIN,0.0
2026-08-09,Viant - Summer Sports - Liz,0.0
2026-08-13,__DEAL__PA__237762__STANLEY-BLACK-&-DECKER__PMG__CRAFTSMAN-CTV__US__US__JUL__2026____FRAME-2-BESPOKE-DIY-MENTORSHIP-&-BUILDING-PARAMOUNT__PCBV__P5,58.97
2026-08-16,__DEAL__PA__268935__TUBI__WPROMOTE__CONTEXTUAL-BRAND-CAMPAIGN-CTV-FRAME__US__US__SEPT__2026____CHICAGO-CTV-LONGING-NOSTALGIA__PCBV__P5,0.0
2026-08-12,__DEAL__PA__268937__TUBI__WPROMOTE__CONTEXTUAL-BRAND-CAMPAIGN-CTV-FRAME__US__US__SEPT__2026____SF-CTV-PRIDE-ELATION__PCBV__P5,0.0
2026-08-02,F0047509 CF JULIO 26 GENEROS LUN-DOM 30,0.0
2026-08-17,Audigent & Beachfront - AUD-089269 - Adlib - AdLib - Video SmartPMP - US - Audience Code bsy618 - Beeswax,0.0
2026-07-20,__DEAL__PA__262975__SPECTRUM__HORIZON__MX-SPECTRUM-Q1-26-CTV__US__US__JAN__2026____SPORTS-ENTHUSIASTS__PCOV__P5,10.98
2026-07-30,__DEAL__PA__262975__SPECTRUM__HORIZON__MX-SPECTRUM-Q1-26-CTV__US__US__JAN__2026____SPORTS-ENTHUSIASTS__PCOV__P5,8.51
2026-07-15,__DEAL__PA__237762__STANLEY-BLACK-&-DECKER__PMG__CRAFTSMAN-CTV__US__US__JUL__2026____FRAME-2-BESPOKE-RESOURCEFUL-RENTERS-&-HOMEOWNERS__PCBV__P5,41.17
2026-08-19,Audigent & Beachfront - AUD-089268 - Adlib - AdLib - Display SmartPMP - US - Audience Code bsy618 - Beeswax,0.0
2026-08-14,__DEAL__PA__260746__STANLEY-BLACK-&-DECKER__PMG__CRAFTSMAN-CTV__US__US__JUL__2026____FRAME-1-DIY-MENTORSHIP-&-BUILDING-PARAMOUNT__PCBV__P5,0.0
2026-08-14,__DEAL__PA__268935__TUBI__WPROMOTE__CONTEXTUAL-BRAND-CAMPAIGN-CTV-FRAME__US__US__SEPT__2026____CHICAGO-CTV-PRIDE-ELATION__PCBV__P5,0.0
2026-08-10,__DEAL__PA__246118__HOKA__JELLYFISH__HUMAN-FLY-H2-CTV__US__US__AUG__2026____BROAD-FITNESS-&-RUNNING__PCOV__P5,2043.95
2026-07-21,2607 - MGMPLUS - JULY XCH - MGMP23457-13 - MOVIES,10.27
2026-08-11,Viant - Jetsetters & Travel Enthusiasts -  Liz,0.0
2026-08-04,TEST_ARI_DENIS_CTV_BFvsST_BF_DEAL,0.0
2026-08-13,F0047490 FGM A26 JUEVES 25 10-08-26,0.0
2026-07-19,__DEAL__PA__237762__STANLEY-BLACK-&-DECKER__PMG__CRAFTSMAN-CTV__US__US__JUL__2026____FRAME-2-BESPOKE-RESOURCEFUL-RENTERS-&-HOMEOWNERS__PCBV__P5,28.95
2026-07-17,Kaiser Permanente Care Delivery H2 2026 - 6226,0.08
2026-08-09,__DEAL__PA__263210__CYERA__CLOSED-LOOP__Q3-CTV__US__US__AUG__2026______PCOV__P5,0.0
2026-08-18,F0047517 LUP GENÉRICA PREGUNTAS NOCHES 30S,0.0
2026-08-16,__DEAL__PA__259149__BELL-CANADA__DIRECT-CLIENT__WIRELINE-ALWAYS-ON-LAB-Q3-2026__CA__CA__AUG__2026____CTV-DEALS__PCBV__P5,0.0
2026-07-31,__DEAL__PA__232279__INTERMOUNTAIN__R&R__HEALTH-Q2-2026-CAMPAIGN__US__US__MAY__2026____MEDICAL-WEIGHT-DIABETES-CARE-CTV-MONTANA-FRAME__PCOV__P5,218.89
2026-08-19,__DEAL__PA__260746__STANLEY-BLACK-&-DECKER__PMG__CRAFTSMAN-CTV__US__US__JUL__2026____FRAME-1-DIY-MENTORSHIP-&-BUILDING__PCBV__P5,84.81
2026-08-19,__DEAL__PA__268014__LOVESAC__HEARTS_&_SCIENCE__CTV-AUG-NOV-26__US__US__AUG__2026____AWR-STYLIST-SOPHISTICATES____P5,0.0
2026-07-11,__DEAL__PA__260746__STANLEY-BLACK-&-DECKER__PMG__CRAFTSMAN-CTV__US__US__JUL__2026____FRAME-1-MODERN-HOBBYIST__PCBV__P5,0.0
2026-07-13,__DEAL__PA__260746__STANLEY-BLACK-&-DECKER__PMG__CRAFTSMAN-CTV__US__US__JUL__2026____FRAME-1-RESOURCEFUL-RENTERS-&-HOMEOWNERS__PCBV__P5,0.0
2026-08-09,Viant - Political - All Voters ,0.0
2026-08-06,Viant - Political - All Voters ,0.0
2026-08-10,__DEAL__PA__247041__RIGHT-GUARD__EXVERUSMEDIA__EVERGREEN-AMAZON-CTV__US__US__JUN__2026____RIGHT-GUARD-BLUE-COLLAR-BENS__PCOV-CTV__P5,0.0
2026-08-17,__DEAL__PA__232279__INTERMOUNTAIN__R&R__HEALTH-Q2-2026-CAMPAIGN__US__US__MAY__2026____MEDICAL-WEIGHT-DIABETES-CARE-CTV-MONTANA-FRAME__PCOV__P5,0.0
2026-08-16,__DEAL__PA__268935__TUBI__WPROMOTE__CONTEXTUAL-BRAND-CAMPAIGN-CTV-FRAME__US__US__SEPT__2026____CHICAGO-CTV-PRIDE-ELATION__PCBV__P5,0.0
2026-08-15,Audigent & Beachfront - AUD-089269 - Adlib - AdLib - Video SmartPMP - US - Audience Code bsy618 - Beeswax,0.0
2026-08-03,Adtelligent Sensitive Categories Deal - Gambling - CTV,0.68
2026-07-08,Kaiser Permanente Care Delivery H2 2026 - 6226,0.0
2026-07-22,F0047424 AEW GRAND SLAM TALENTO FECHA 30,0.0
2026-08-07,__DEAL__PA__232279__INTERMOUNTAIN__R&R__HEALTH-Q2-2026-CAMPAIGN__US__US__MAY__2026____MEDICAL-WEIGHT-DIABETES-CARE-CTV-MONTANA-FRAME__PCOV__P5,202.23
2026-08-18,PRODUCT____264512__DATABRICKS__JUSTGLOBAL__OLV-CTV__US__US__AUG__OCT__2026______COV__,0.0
2026-08-12,__DEAL__PA__243767__FREDDYS__PMG__ARM-CANDY__US__US__JUL__2026____SODAS-&-REFRESHERS__PCBV__P5,0.0
2026-08-06,__DEAL__PA__237762__STANLEY-BLACK-&-DECKER__PMG__CRAFTSMAN-CTV__US__US__JUL__2026____FRAME-2-BESPOKE-EMPOWERMENT-&-CONFIDENCE-BUILDERS__PCBV__P5,0.0
2026-08-01,F0047466 90 LIGAS LUN MIE VIE 9 PM 30,0.0
2026-07-22,__DEAL__PA__194330__CICIS-PIZZA__ARM-CANDY__CTV-TIER-1__US__US__JUL__2026______PCOV__P5,0.0
2026-08-14,__DEAL__PA__268935__TUBI__WPROMOTE__CONTEXTUAL-BRAND-CAMPAIGN-CTV-FRAME__US__US__SEPT__2026____CHICAGO-CTV-ASTONISHMENT-SURPRISE__PCBV__P5,0.0
2026-08-16,Audigent & Beachfront - AUD-089270 - Adlib - AdLib - CTV SmartPMP - US - ctv - Audience Code bsy618 - Yahoo,0.0
2026-07-31,Adtelligent Sensitive Categories Deal - Alcohol - CTV,1.86
2026-07-20,TEST_ARI_DENIS_CTV_BFvsST_BF_DEAL,0.0
2026-07-21,Adtelligent Sensitive Category Deal - Nicotine - CTV,2.14
2026-07-23,__DEAL__PA__260746__STANLEY-BLACK-&-DECKER__PMG__CRAFTSMAN-CTV__US__US__JUL__2026____FRAME-1-EMPOWERMENT-&-CONFIDENCE-BUILDERS__PCBV__P5,0.0
2026-07-17,__DEAL__PA__260746__STANLEY-BLACK-&-DECKER__PMG__CRAFTSMAN-CTV__US__US__JUL__2026____FRAME-1-MODERN-HOBBYIST__PCBV__P5,0.0
2026-08-14,__DEAL__PA__268937__TUBI__WPROMOTE__CONTEXTUAL-BRAND-CAMPAIGN-CTV-FRAME__US__US__SEPT__2026____SF-CTV-PRIDE-ELATION__PCBV__P5,0.0
2026-08-17,Adtelligent Sensitive Categories Deal - Alcohol - CTV,0.28
2026-08-17,2608 - WESTIES Critics Promo - AUG 2026 - MGMPHD363486 - SERIES,13.18
2026-07-08,__DEAL__PA__247041__RIGHT-GUARD__EXVERUSMEDIA__EVERGREEN-AMAZON-CTV__US__US__JUN__2026____RIGHT-GUARD-WEEKEND-WARRIORS__PCOV-CTV__P5,0.0
2026-08-14,__DEAL__PA__268937__TUBI__WPROMOTE__CONTEXTUAL-BRAND-CAMPAIGN-CTV-FRAME__US__US__SEPT__2026____SF-CTV-WORRY-FEAR__PCBV__P5,0.0
2026-08-12,F0047846 NFL PRETEMP 3 JUEGOS DIA 30S,0.0
2026-07-13,__DEAL__PA__237762__STANLEY-BLACK-&-DECKER__PMG__CRAFTSMAN-CTV__US__US__JUL__2026____FRAME-2-BESPOKE-DIY-MENTORSHIP-&-BUILDING__PCBV__P5,8.95
2026-08-06,__DEAL__PA__243767__FREDDYS__PMG__ARM-CANDY__US__US__JUL__2026____LOW-CARB-ALTERNATIVES__PCBV__P5,7.81
2026-07-14,__DEAL__PA__260746__STANLEY-BLACK-&-DECKER__PMG__CRAFTSMAN-CTV__US__US__JUL__2026____FRAME-1-MODERN-HOBBYIST__PCBV__P5,0.0
2026-07-20,__DEAL__PA__246118__HOKA__JELLYFISH__HUMAN-FLY-H2-CTV__US__US__AUG__2026____BROAD-FITNESS-&-RUNNING__PCOV__P5,0.0
2026-07-10,Viant - Jetsetters & Travel Enthusiasts -  Liz,0.0
2026-08-15,PRODUCT____264512__DATABRICKS__JUSTGLOBAL__OLV-CTV__US__US__AUG__OCT__2026______COV__,0.0
2026-08-03,__DEAL____264958__ST. JOHN HEALTH__THE_SHIPYARD____US__US__JUL__2026________P0,412.7
2026-07-07,__DEAL__PA__237762__STANLEY-BLACK-&-DECKER__PMG__CRAFTSMAN-CTV__US__US__JUL__2026____FRAME-2-BESPOKE-MODERN-HOBBYIST__PCBV__P5,0.07
2026-07-29,__DEAL__PA__257703__GOODFOOD__NEW-ENGEN__CTV-TEST__US__US__JUL__2026______PCOV__P10,377.95
2026-08-07,2608 - WESTIES Critics Promo - AUG 2026 - MGMPHD363486 - MOVIES,9.02
2026-08-01,__DEAL__PA__194330__CICIS-PIZZA__ARM-CANDY__CTV-TIER-1__US__US__JUL__2026______PCOV__P5,0.0
2026-07-26,2607 - MGMPLUS - JULY XCH  - MGMP23457-13 - SERIES,35.15
2026-07-24,__DEAL__PA__232279__INTERMOUNTAIN__R&R__HEALTH-Q2-2026-CAMPAIGN__US__US__MAY__2026____MEDICAL-WEIGHT-DIABETES-CARE-CTV-MONTANA-STANDARD__PCOV__P5,37.15
2026-08-12,__DEAL__PA__268936__TUBI__WPROMOTE__CONTEXTUAL-BRAND-CAMPAIGN-CTV-FRAME__US__US__SEPT__2026____DC-CTV-WORRY-FEAR__PCBV__P5,0.0
2026-08-08,Audigent & Beachfront - AUD-089269 - Adlib - AdLib - Video SmartPMP - US - Audience Code bsy618 - Beeswax,0.0
2026-08-08,Viant - Jetsetters & Travel Enthusiasts -  Liz,0.0
2026-08-01,__DEAL____264958__ST. JOHN HEALTH__THE_SHIPYARD____US__US__JUL__2026________P0,130.8
2026-08-19,__DEAL__PA__268935__TUBI__WPROMOTE__CONTEXTUAL-BRAND-CAMPAIGN-CTV-FRAME__US__US__SEPT__2026____CHICAGO-CTV-TENDERNESS-FEELING-LOVE__PCBV__P5,0.0
2026-07-22,__DEAL__PA__247041__RIGHT-GUARD__EXVERUSMEDIA__EVERGREEN-AMAZON-CTV__US__US__JUN__2026____RIGHT-GUARD-BLUE-COLLAR-BENS__PCOV-CTV__P5,0.0
2026-07-22,F0047466 90 LIGAS LUN MIE VIE 9 PM 30,0.0
2026-08-12,__DEAL__PA__268936__TUBI__WPROMOTE__CONTEXTUAL-BRAND-CAMPAIGN-CTV-FRAME__US__US__SEPT__2026____DC-CTV-TENDERNESS-FEELING-LOVE__PCBV__P5,0.0
2026-08-04,Kaiser Permanente Care Delivery H2 2026 - 6226,0.1
2026-08-16,__DEAL__PA__268544__NASM__HARMELIN__CTV-Q3-26__US__US__AUG__2026____CONTEXTUAL-AUDIENCE__PCOV__P5,0.0
2026-08-16,F0047509 CF JULIO 26 GENEROS LUN-DOM 30,0.0
2026-07-14,TEST_ARI_DENIS_CTV_BFvsST_BF_DEAL,62.73
2026-07-28,__DEAL____263014__SAN DIEGO TOURISM AUTHORITY__THE_SHIPYARD____RON_US__US__AUG__2026________P0,0.03
2026-08-09,F0047523 FSR GENERICA VOCES 20 S,0.0
2026-08-13,__DEAL__PA__237762__STANLEY-BLACK-&-DECKER__PMG__CRAFTSMAN-CTV__US__US__JUL__2026____FRAME-2-BESPOKE-RESOURCEFUL-RENTERS-&-HOMEOWNERS-PARAMOUNT__PCBV__P5,12.15
2026-08-16,__DEAL__PA__268937__TUBI__WPROMOTE__CONTEXTUAL-BRAND-CAMPAIGN-CTV-FRAME__US__US__SEPT__2026____SF-CTV-WORRY-FEAR__PCBV__P5,0.0
2026-07-23,__DEAL__PA__260746__STANLEY-BLACK-&-DECKER__PMG__CRAFTSMAN-CTV__US__US__JUL__2026____FRAME-1-MODERN-HOBBYIST__PCBV__P5,0.0
2026-08-11,Viant - Summer Travel - Liz,0.0
2026-08-01,__DEAL____263014__SAN DIEGO TOURISM AUTHORITY__THE_SHIPYARD____Experience Seekers_US__US__AUG__2026________P0,0.28
2026-07-19,Viant - Summer Travel - Liz,0.0
2026-07-15,__DEAL__PA__261391__SPECTRUM__HORIZON__MX-SPECTRUM-Q1-26-CTV__US__US__JAN__2026____SPORTS-ENTHUSIASTS__PCOV__P5,33.4
2026-07-13,2607 - MGMPLUS - WESTIES - PROMO A - Pre-Premiere - MGMPHD363429 - MOVIES,4.03
2026-07-06,__DEAL__PA__237762__STANLEY-BLACK-&-DECKER__PMG__CRAFTSMAN-CTV__US__US__JUL__2026____FRAME-2-BESPOKE-RESOURCEFUL-RENTERS-&-HOMEOWNERS__PCBV__P5,0.0
2026-08-03,__DEAL__PA__257703__GOODFOOD__NEW-ENGEN__CTV-TEST__US__US__JUL__2026______PCOV__P10,0.0
2026-08-16,__DEAL__PA__260746__STANLEY-BLACK-&-DECKER__PMG__CRAFTSMAN-CTV__US__US__JUL__2026____FRAME-1-DIY-MENTORSHIP-&-BUILDING-PARAMOUNT__PCBV__P5,0.0
2026-07-29,TEST_ARI_DENIS_CTV_BFvsST_BF_DEAL,0.0
2026-08-11,F0047846 NFL PRETEMP 3 JUEGOS DIA 30S,0.0
2026-08-07,Adtelligent Sensitive Categories Deal - Alcohol - CTV,0.96
2026-07-14,__DEAL__PA__257703__GOODFOOD__NEW-ENGEN__CTV-TEST__US__US__JUL__2026______PCOV__P10,0.0
2026-07-29,Adtelligent Sensitive Categories Deal - Gambling - CTV,2.03
2026-08-07,2608 - WESTIES Critics Promo - AUG 2026 - MGMPHD363486 - SERIES,13.27
2026-08-12,__DEAL__PA__268935__TUBI__WPROMOTE__CONTEXTUAL-BRAND-CAMPAIGN-CTV-FRAME__US__US__SEPT__2026____CHICAGO-CTV-ENJOYMENT-PLEASURE__PCBV__P5,0.0
2026-07-24,__DEAL__PA__257930__RED ROBIN__SURFACE_AGENCY__Q2-2026__US__US__MAY__2026________P5,474.34
2026-07-22,__DEAL__PA__243767__FREDDYS__PMG__ARM-CANDY__US__US__JUL__2026____LOW-CARB-ALTERNATIVES__PCBV__P5,0.39
2026-07-03,2607 - MGMPLUS - WESTIES - PROMO A - Pre-Premiere - MGMPHD363429 - SERIES,15.18
2026-08-06,Adte_Optimal_Political,0.0
2026-08-13,__DEAL__PA__247041__RIGHT-GUARD__EXVERUSMEDIA__EVERGREEN-AMAZON-CTV__US__US__JUN__2026____RIGHT-GUARD-WEEKEND-WARRIORS__PCOV-CTV__P5,0.0
2026-08-16,__DEAL__PA__237762__STANLEY-BLACK-&-DECKER__PMG__CRAFTSMAN-CTV__US__US__JUL__2026____FRAME-2-BESPOKE-DIY-MENTORSHIP-&-BUILDING__PCBV__P5,93.83
2026-07-20,__DEAL__PA__257703__GOODFOOD__NEW-ENGEN__CTV-TEST__US__US__JUL__2026______PCOV__P10,437.59
2026-07-23,F0047466 90 LIGAS LUN MIE VIE 9 PM 30,0.0
2026-07-30,Seedtag,10071.16
2026-07-11,__DEAL__PA__257703__GOODFOOD__NEW-ENGEN__CTV-TEST__US__US__JUL__2026______PCOV__P10,0.0
2026-07-24,Viant - Summer Sports - Liz,0.0
2026-07-29,__DEAL__PA__246118__HOKA__JELLYFISH__HUMAN-FLY-H2-CTV__US__US__AUG__2026____BROAD-FITNESS-&-RUNNING__PCOV__P5,0.0
2026-08-14,F0047509 CF JULIO 26 GENEROS LUN-DOM 30,0.0
2026-08-06,F0047523 FSR GENERICA VOCES 20 S,0.0
2026-08-10,__DEAL__PA__243767__FREDDYS__PMG__ARM-CANDY__US__US__JUL__2026____LOW-CARB-ALTERNATIVES__PCBV__P5,0.99
2026-08-17,2608 - WESTIES Critics Promo - AUG 2026 - MGMPHD363486 - MOVIES,5.59
2026-08-13,__DEAL__PA__268935__TUBI__WPROMOTE__CONTEXTUAL-BRAND-CAMPAIGN-CTV-FRAME__US__US__SEPT__2026____CHICAGO-CTV-TENDERNESS-FEELING-LOVE__PCBV__P5,0.0
2026-07-11,TEST_ARI_DENIS_CTV_BFvsST_BF_DEAL,90.92
2026-07-09,__DEAL__PA__237762__STANLEY-BLACK-&-DECKER__PMG__CRAFTSMAN-CTV__US__US__JUL__2026____FRAME-2-BESPOKE-MODERN-HOBBYIST__PCBV__P5,0.01
2026-08-15,__DEAL__PA__247041__RIGHT-GUARD__EXVERUSMEDIA__EVERGREEN-AMAZON-CTV__US__US__JUN__2026____RIGHT-GUARD-WEEKEND-WARRIORS__PCOV-CTV__P5,0.0
2026-08-06,F0047509 CF JULIO 26 GENEROS LUN-DOM 30,0.0
2026-08-02,F0047466 90 LIGAS LUN MIE VIE 9 PM 30,0.0
2026-08-17,F0048276 LNBP TEMPORADA 2026 GENERICA 30,0.0
2026-07-29,__DEAL__PA__247041__RIGHT-GUARD__EXVERUSMEDIA__EVERGREEN-AMAZON-CTV__US__US__JUN__2026____RIGHT-GUARD-BLUE-COLLAR-BENS__PCOV-CTV__P5,0.0
2026-08-18,__DEAL__PA__268014__LOVESAC__HEARTS_&_SCIENCE__CTV-AUG-NOV-26__US__US__AUG__2026____AWR-STYLIST-SOPHISTICATES____P5,0.0
2026-08-19,F0047517 LUP GENÉRICA PREGUNTAS NOCHES 30S,0.0
2026-07-14,Adtelligent Sensitive Categories Deal - Gambling - CTV,0.08
2026-07-26,Q3 Adte - Beeswax US,0.0
2026-08-18,__DEAL__PA__268935__TUBI__WPROMOTE__CONTEXTUAL-BRAND-CAMPAIGN-CTV-FRAME__US__US__SEPT__2026____CHICAGO-CTV-TENDERNESS-FEELING-LOVE__PCBV__P5,0.0
2026-08-08,Adtelligent Sensitive Categories Deal - Alcohol - CTV,0.73
2026-08-17,Viant - Jetsetters & Travel Enthusiasts -  Liz,0.0
2026-08-16,__DEAL__PA__257696__BOARSHEAD__HORIZON__BTS-VIDEO CTV-CAMPAIGN__US__US__JUL__2026______PCOV-CTV__P5,144.21
2026-08-19,Audigent & Beachfront - AUD-089272 - Adlib - AdLib - Native SmartPMP - US - Audience Code bsy618 - Yahoo,0.0
2026-08-18,__DEAL__PA__268936__TUBI__WPROMOTE__CONTEXTUAL-BRAND-CAMPAIGN-CTV-FRAME__US__US__SEPT__2026____DC-CTV-WONDERMENT-FEELING-AWE__PCBV__P5,0.0
2026-08-18,NFL COMBO JET VS STE Y PAC VS BRO DIA,0.0
2026-08-03,TEST_ARI_DENIS_CTV_BFvsST_BF_DEAL,0.0
2026-08-12,Audigent & Beachfront - AUD-089269 - Adlib - AdLib - Video SmartPMP - US - Audience Code bsy618 - Yahoo,0.0
2026-08-05,__DEAL__PA__237762__STANLEY-BLACK-&-DECKER__PMG__CRAFTSMAN-CTV__US__US__JUL__2026____FRAME-2-BESPOKE-MODERN-HOBBYIST__PCBV__P5,773.25
2026-07-04,2607 - MGMPLUS - WESTIES - PROMO A - Pre-Premiere - MGMPHD363429 - SERIES,13.84
2026-07-23,__DEAL__PA__262975__SPECTRUM__HORIZON__MX-SPECTRUM-Q1-26-CTV__US__US__JAN__2026____SPORTS-ENTHUSIASTS__PCOV__P5,7.81
2026-07-15,2607 - MGMPLUS - JULY XCH - MGMP23457-13 - MOVIES,8.88
2026-07-22,__DEAL__PA__260746__STANLEY-BLACK-&-DECKER__PMG__CRAFTSMAN-CTV__US__US__JUL__2026____FRAME-1-RESOURCEFUL-RENTERS-&-HOMEOWNERS__PCBV__P5,0.0
2026-08-15,2608 - WESTIES Critics Promo - AUG 2026 - MGMPHD363486 - SERIES,12.61
2026-08-04,__DEAL__PA__268014__LOVESAC__HEARTS_&_SCIENCE__CTV-AUG-NOV-26__US__US__AUG__2026____AWR-STYLIST-SOPHISTICATES____P5,0.0
2026-07-14,__DEAL__PA__246118__HOKA__JELLYFISH__HUMAN-FLY-H2-CTV__US__US__AUG__2026____BROAD-FITNESS-&-RUNNING__PCOV__P5,0.0
2026-07-12,__DEAL__PA__237762__STANLEY-BLACK-&-DECKER__PMG__CRAFTSMAN-CTV__US__US__JUL__2026____FRAME-2-BESPOKE-MODERN-HOBBYIST__PCBV__P5,0.24
2026-07-23,F0047531 GOTF ASTANA ESTRENO 25,0.0
2026-08-03,__DEAL__PA__260746__STANLEY-BLACK-&-DECKER__PMG__CRAFTSMAN-CTV__US__US__JUL__2026____FRAME-1-MODERN-HOBBYIST__PCBV__P5,0.0
2026-08-08,2608 - WESTIES Critics Promo - AUG 2026 - MGMPHD363486 - MOVIES,14.47
2026-08-06,__DEAL__PA__243767__FREDDYS__PMG__ARM-CANDY__US__US__JUL__2026____SODAS-&-REFRESHERS__PCBV__P5,0.0
2026-07-18,Adtelligent Sensitive Categories Deal - Alcohol - CTV,2.61
2026-07-21,__DEAL__PA__237762__STANLEY-BLACK-&-DECKER__PMG__CRAFTSMAN-CTV__US__US__JUL__2026____FRAME-2-BESPOKE-RESOURCEFUL-RENTERS-&-HOMEOWNERS__PCBV__P5,0.0
2026-07-24,__DEAL__PA__237762__STANLEY-BLACK-&-DECKER__PMG__CRAFTSMAN-CTV__US__US__JUL__2026____FRAME-2-BESPOKE-EMPOWERMENT-&-CONFIDENCE-BUILDERS__PCBV__P5,0.61
2026-08-11,Audigent & Beachfront - AUD-089269 - Adlib - AdLib - Video SmartPMP - US - Audience Code bsy618 - Beeswax,0.0
2026-08-14,__DEAL__PA__259149__BELL-CANADA__DIRECT-CLIENT__WIRELINE-ALWAYS-ON-LAB-Q3-2026__CA__CA__AUG__2026____CTV-TECHNOLOGY-AND-GADGETS__PCBV__P5,0.0
2026-08-06,__DEAL__PA__260746__STANLEY-BLACK-&-DECKER__PMG__CRAFTSMAN-CTV__US__US__JUL__2026____FRAME-1-DIY-MENTORSHIP-&-BUILDING-PARAMOUNT__PCBV__P5,0.0
2026-08-01,__DEAL__PA__247041__RIGHT-GUARD__EXVERUSMEDIA__EVERGREEN-AMAZON-CTV__US__US__JUN__2026____RIGHT-GUARD-BLUE-COLLAR-BENS__PCOV-CTV__P5,0.0
2026-08-02,__DEAL__PA__194330__CICIS-PIZZA__ARM-CANDY__CTV-TIER-1__US__US__JUL__2026______PCOV__P5,0.0
2026-08-18,Audigent & Beachfront - AUD-089268 - Adlib - AdLib - Display SmartPMP - US - Audience Code bsy618 - Beeswax,0.0
2026-08-12,Adtelligent Sensitive Categories Deal - Alcohol - CTV,0.92
2026-08-12,__DEAL____263014__SAN DIEGO TOURISM AUTHORITY__THE_SHIPYARD____RON_US__US__AUG__2026________P0,441.6
2026-07-27,Viant - Summer Travel - Liz,0.0
2026-07-26,Adtelligent Sensitive Categories Deal - Alcohol - CTV,3.86
2026-08-04,Seedtag,11349.22
2026-08-09,__DEAL__PA__243767__FREDDYS__PMG__ARM-CANDY__US__US__JUL__2026____SODAS-&-REFRESHERS__PCBV__P5,0.0
2026-08-11,2608 - WESTIES Critics Promo - AUG 2026 - MGMPHD363486 - SERIES,13.97
2026-08-14,__DEAL__PA__268935__TUBI__WPROMOTE__CONTEXTUAL-BRAND-CAMPAIGN-CTV-FRAME__US__US__SEPT__2026____CHICAGO-CTV-WORRY-FEAR__PCBV__P5,0.0
2026-07-26,__DEAL__PA__232279__INTERMOUNTAIN__R&R__HEALTH-Q2-2026-CAMPAIGN__US__US__MAY__2026____MEDICAL-WEIGHT-DIABETES-CARE-CTV-MONTANA-FRAME__PCOV__P5,153.14
2026-07-30,__DEAL__PA__246118__HOKA__JELLYFISH__HUMAN-FLY-H2-CTV__US__US__AUG__2026____BROAD-FITNESS-&-RUNNING__PCOV__P5,0.0
2026-08-14,__DEAL__PA__237762__STANLEY-BLACK-&-DECKER__PMG__CRAFTSMAN-CTV__US__US__JUL__2026____FRAME-2-BESPOKE-EMPOWERMENT-&-CONFIDENCE-BUILDERS__PCBV__P5,43.47
2026-08-13,__DEAL__PA__260746__STANLEY-BLACK-&-DECKER__PMG__CRAFTSMAN-CTV__US__US__JUL__2026____FRAME-1-DIY-MENTORSHIP-&-BUILDING__PCBV__P5,254.23
2026-08-13,PRODUCT____264512__DATABRICKS__JUSTGLOBAL__OLV-CTV__US__US__AUG__OCT__2026______COV__,0.0
2026-08-13,__DEAL__PA__268014__LOVESAC__HEARTS_&_SCIENCE__CTV-AUG-NOV-26__US__US__AUG__2026____AWR-FAMILY-PLEASERS____P5,0.0
2026-08-19,Kaiser Permanente Care Delivery H2 2026 - 6226,0.04
2026-07-31,Q3 Adte - Beeswax US,0.19
2026-07-23,__DEAL__PA__257703__GOODFOOD__NEW-ENGEN__CTV-TEST__US__US__JUL__2026______PCOV__P10,443.88
2026-07-17,2607 - MGMPLUS - JULY XCH - MGMP23457-13 - MOVIES,11.36
2026-08-10,__DEAL__PA__237762__STANLEY-BLACK-&-DECKER__PMG__CRAFTSMAN-CTV__US__US__JUL__2026____FRAME-2-BESPOKE-DIY-MENTORSHIP-&-BUILDING__PCBV__P5,277.22
2026-08-17,__DEAL__PA__269962__LLBEAN__MEDIAHUB__ORION-CTV-AWARENESS-Q4-Q1__US__US__SEPT__2026____FRESH-AIR-FAMILIES__PCOV__P5,0.0
2026-08-19,__DEAL__PA__237762__STANLEY-BLACK-&-DECKER__PMG__CRAFTSMAN-CTV__US__US__JUL__2026____FRAME-2-BESPOKE-RESOURCEFUL-RENTERS-&-HOMEOWNERS-PARAMOUNT__PCBV__P5,3868.7
2026-07-11,Seedtag,8157.14
2026-08-06,__DEAL__PA__257930__RED ROBIN__SURFACE_AGENCY__Q2-2026__US__US__MAY__2026________P5,486.29
2026-08-05,2608 - WESTIES Critics Promo - AUG 2026 - MGMPHD363486 - MOVIES,2.99
2026-07-16,__DEAL__PA__247041__RIGHT-GUARD__EXVERUSMEDIA__EVERGREEN-AMAZON-CTV__US__US__JUN__2026____RIGHT-GUARD-WEEKEND-WARRIORS__PCOV-CTV__P5,0.0
2026-07-30,__DEAL____264958__ST. JOHN HEALTH__THE_SHIPYARD____US__US__JUL__2026________P0,38.72
2026-08-19,__DEAL__PA__260746__STANLEY-BLACK-&-DECKER__PMG__CRAFTSMAN-CTV__US__US__JUL__2026____FRAME-1-RESOURCEFUL-RENTERS-&-HOMEOWNERS-PARAMOUNT__PCBV__P5,2228.21
2026-08-14,__DEAL__PA__257930__RED ROBIN__SURFACE_AGENCY__Q2-2026__US__US__MAY__2026________P5,1530.63
2026-08-18,Kaiser Permanente Care Delivery H2 2026 - 6226,0.05
2026-08-13,F0047697 SUPER COPA CDMX 2026 FECHAS 20,0.0
2026-07-08,__DEAL__PA__260746__STANLEY-BLACK-&-DECKER__PMG__CRAFTSMAN-CTV__US__US__JUL__2026____FRAME-1-DIY-MENTORSHIP-&-BUILDING__PCBV__P5,0.0
2026-07-25,F0047482 LNBP FUERZA REGIA VS SOLES DOMINGO 15,0.0
2026-07-25,F0047517 LUP GENÉRICA PREGUNTAS NOCHES 30S,0.0
2026-07-23,TEST_ARI_DENIS_CTV_BFvsST_BF_DEAL,0.0
2026-07-30,Adtelligent Sensitive Categories Deal - Gambling - CTV,3.08
2026-07-21,Kaiser Permanente Care Delivery H2 2026 - 6226,0.35
2026-07-24,F0047523 FSR GENERICA VOCES 20 S,0.0
2026-07-29,__DEAL____263014__SAN DIEGO TOURISM AUTHORITY__THE_SHIPYARD____Experience Seekers_US__US__AUG__2026________P0,0.16
2026-08-11,F0047490 FGM A26 JUEVES 25 10-08-26,0.0
2026-08-14,__DEAL__PA__268936__TUBI__WPROMOTE__CONTEXTUAL-BRAND-CAMPAIGN-CTV-FRAME__US__US__SEPT__2026____DC-CTV-ENJOYMENT-PLEASURE__PCBV__P5,0.0
2026-08-16,__DEAL__PA__268936__TUBI__WPROMOTE__CONTEXTUAL-BRAND-CAMPAIGN-CTV-FRAME__US__US__SEPT__2026____DC-CTV-ASTONISHMENT-SURPRISE__PCBV__P5,0.0
2026-08-19,__DEAL__PA__237762__STANLEY-BLACK-&-DECKER__PMG__CRAFTSMAN-CTV__US__US__JUL__2026____FRAME-2-BESPOKE-DIY-MENTORSHIP-&-BUILDING-PARAMOUNT__PCBV__P5,375.06
2026-08-14,__DEAL__PA__268936__TUBI__WPROMOTE__CONTEXTUAL-BRAND-CAMPAIGN-CTV-FRAME__US__US__SEPT__2026____DC-CTV-TENDERNESS-FEELING-LOVE__PCBV__P5,0.0
2026-08-12,__DEAL__PA__237762__STANLEY-BLACK-&-DECKER__PMG__CRAFTSMAN-CTV__US__US__JUL__2026____FRAME-2-BESPOKE-MODERN-HOBBYIST__PCBV__P5,3.95
2026-08-06,Viant - Summer Sports - Liz,0.0
2026-08-16,__DEAL__PA__260746__STANLEY-BLACK-&-DECKER__PMG__CRAFTSMAN-CTV__US__US__JUL__2026____FRAME-1-RESOURCEFUL-RENTERS-&-HOMEOWNERS__PCBV__P5,181.38
2026-07-18,__DEAL__PA__232279__INTERMOUNTAIN__R&R__HEALTH-Q2-2026-CAMPAIGN__US__US__MAY__2026____MEDICAL-WEIGHT-DIABETES-CARE-CTV-MONTANA-FRAME__PCOV__P5,228.74
2026-07-20,Seedtag,7367.26
2026-07-24,__DEAL__PA__243767__FREDDYS__PMG__ARM-CANDY__US__US__JUL__2026____SODAS-&-REFRESHERS__PCBV__P5,0.0
2026-07-10,Viant - Summer Travel - Liz,0.0
2026-08-12,2608 - WESTIES Critics Promo - AUG 2026 - MGMPHD363486 - MOVIES,7.0
2026-08-10,__DEAL__PA__237762__STANLEY-BLACK-&-DECKER__PMG__CRAFTSMAN-CTV__US__US__JUL__2026____FRAME-2-BESPOKE-EMPOWERMENT-&-CONFIDENCE-BUILDERS-PARAMOUNT__PCBV__P5,0.05
2026-08-10,__DEAL__PA__260746__STANLEY-BLACK-&-DECKER__PMG__CRAFTSMAN-CTV__US__US__JUL__2026____FRAME-1-EMPOWERMENT-&-CONFIDENCE-BUILDERS-PARAMOUNT__PCBV__P5,0.0
2026-08-18,__DEAL__PA__260746__STANLEY-BLACK-&-DECKER__PMG__CRAFTSMAN-CTV__US__US__JUL__2026____FRAME-1-RESOURCEFUL-RENTERS-&-HOMEOWNERS-PARAMOUNT__PCBV__P5,0.0
2026-07-30,TEST_ARI_DENIS_CTV_BFvsST_BF_DEAL,0.0
2026-07-19,__DEAL__PA__260746__STANLEY-BLACK-&-DECKER__PMG__CRAFTSMAN-CTV__US__US__JUL__2026____FRAME-1-DIY-MENTORSHIP-&-BUILDING__PCBV__P5,0.0
2026-08-07,Audigent & Beachfront - AUD-089269 - Adlib - AdLib - Video SmartPMP - US - Audience Code bsy618 - Beeswax,0.0
2026-08-05,__DEAL__PA__232279__INTERMOUNTAIN__R&R__HEALTH-Q2-2026-CAMPAIGN__US__US__MAY__2026____MEDICAL-WEIGHT-DIABETES-CARE-CTV-MONTANA-FRAME__PCOV__P5,209.83
2026-08-14,__DEAL__PA__243767__FREDDYS__PMG__ARM-CANDY__US__US__JUL__2026____SODAS-&-REFRESHERS__PCBV__P5,0.0
2026-08-18,__DEAL__PA__237762__STANLEY-BLACK-&-DECKER__PMG__CRAFTSMAN-CTV__US__US__JUL__2026____FRAME-2-BESPOKE-RESOURCEFUL-RENTERS-&-HOMEOWNERS__PCBV__P5,4.75
2026-08-18,__DEAL__PA__270936__SUPERHUMAN__22SQUARED__2H-2026-CTV__US__US__SEPT__2026____EARLY-CAREER-PROFESSIONALS-CTV__PCOV__P5,0.0
2026-08-13,Audigent & Beachfront - AUD-089270 - Adlib - AdLib - CTV SmartPMP - US - ctv - Audience Code bsy618 - Beeswax,0.0
2026-07-19,Adtelligent Sensitive Category Deal - Nicotine - CTV,1.59
2026-07-22,__DEAL__PA__237762__STANLEY-BLACK-&-DECKER__PMG__CRAFTSMAN-CTV__US__US__JUL__2026____FRAME-2-BESPOKE-DIY-MENTORSHIP-&-BUILDING__PCBV__P5,8.21
2026-07-30,__DEAL__PA__257703__GOODFOOD__NEW-ENGEN__CTV-TEST__US__US__JUL__2026______PCOV__P10,435.18
2026-07-15,Kaiser Permanente Care Delivery H2 2026 - 6226,0.0
2026-07-21,F0047482 LNBP FUERZA REGIA VS SOLES DOMINGO 15,0.0
2026-08-14,F0047523 FSR GENERICA VOCES 20 S,0.0
2026-08-03,__DEAL____263014__SAN DIEGO TOURISM AUTHORITY__THE_SHIPYARD____Live Sports_US__US__AUG__2026________P0,0.25
2026-08-10,__DEAL__PA__194330__CICIS-PIZZA__ARM-CANDY__CTV-TIER-1__US__US__JUL__2026______PCOV__P5,0.0
2026-08-16,__DEAL__PA__268937__TUBI__WPROMOTE__CONTEXTUAL-BRAND-CAMPAIGN-CTV-FRAME__US__US__SEPT__2026____SF-CTV-ASTONISHMENT-SURPRISE__PCBV__P5,0.0
2026-08-19,__DEAL__PA__268936__TUBI__WPROMOTE__CONTEXTUAL-BRAND-CAMPAIGN-CTV-FRAME__US__US__SEPT__2026____DC-CTV-WONDERMENT-FEELING-AWE__PCBV__P5,0.0
2026-07-14,__DEAL__PA__247041__RIGHT-GUARD__EXVERUSMEDIA__EVERGREEN-AMAZON-CTV__US__US__JUN__2026____RIGHT-GUARD-BLUE-COLLAR-BENS__PCOV-CTV__P5,0.0
2026-07-12,Viant - Jetsetters & Travel Enthusiasts -  Liz,0.0
2026-07-10,__DEAL__PA__247041__RIGHT-GUARD__EXVERUSMEDIA__EVERGREEN-AMAZON-CTV__US__US__JUN__2026____RIGHT-GUARD-WEEKEND-WARRIORS__PCOV-CTV__P5,0.0
2026-07-13,2607 - MGMPLUS - WESTIES - PROMO A - Pre-Premiere - MGMPHD363429 - SERIES,18.92
2026-08-07,Viant - Jetsetters & Travel Enthusiasts -  Liz,0.0
2026-08-06,__DEAL__PA__232279__INTERMOUNTAIN__R&R__HEALTH-Q2-2026-CAMPAIGN__US__US__MAY__2026____MEDICAL-WEIGHT-DIABETES-CARE-CTV-MONTANA-STANDARD__PCOV__P5,50.38
2026-07-18,Viant - Jetsetters & Travel Enthusiasts -  Liz,0.0
2026-07-03,2607 - MGMPLUS - WESTIES - PROMO A - Pre-Premiere - MGMPHD363429 - MOVIES,12.91
2026-08-15,Viant - Summer Travel - Liz,0.0
2026-08-18,__DEAL__PA__237762__STANLEY-BLACK-&-DECKER__PMG__CRAFTSMAN-CTV__US__US__JUL__2026____FRAME-2-BESPOKE-DIY-MENTORSHIP-&-BUILDING-PARAMOUNT__PCBV__P5,0.78
2026-08-12,__DEAL__PA__268935__TUBI__WPROMOTE__CONTEXTUAL-BRAND-CAMPAIGN-CTV-FRAME__US__US__SEPT__2026____CHICAGO-CTV-ASTONISHMENT-SURPRISE__PCBV__P5,0.0
2026-08-08,__DEAL__PA__232279__INTERMOUNTAIN__R&R__HEALTH-Q2-2026-CAMPAIGN__US__US__MAY__2026____MEDICAL-WEIGHT-DIABETES-CARE-CTV-MONTANA-FRAME__PCOV__P5,201.27
2026-08-17,__DEAL__PA__268936__TUBI__WPROMOTE__CONTEXTUAL-BRAND-CAMPAIGN-CTV-FRAME__US__US__SEPT__2026____DC-CTV-WORRY-FEAR__PCBV__P5,0.0
2026-08-13,Adtelligent Sensitive Category Deal - Nicotine - CTV,0.08
2026-08-05,Adtelligent Sensitive Categories Deal - Alcohol - CTV,0.94
2026-07-14,__DEAL__PA__260746__STANLEY-BLACK-&-DECKER__PMG__CRAFTSMAN-CTV__US__US__JUL__2026____FRAME-1-EMPOWERMENT-&-CONFIDENCE-BUILDERS__PCBV__P5,0.0
2026-07-20,__DEAL__PA__260746__STANLEY-BLACK-&-DECKER__PMG__CRAFTSMAN-CTV__US__US__JUL__2026____FRAME-1-MODERN-HOBBYIST__PCBV__P5,0.0
2026-07-23,__DEAL__PA__246118__HOKA__JELLYFISH__HUMAN-FLY-H2-CTV__US__US__AUG__2026____BROAD-FITNESS-&-RUNNING__PCOV__P5,0.0
2026-08-09,__DEAL__PA__237762__STANLEY-BLACK-&-DECKER__PMG__CRAFTSMAN-CTV__US__US__JUL__2026____FRAME-2-BESPOKE-EMPOWERMENT-&-CONFIDENCE-BUILDERS__PCBV__P5,152.51
2026-08-15,F0047697 SUPER COPA CDMX 2026 FECHAS 20,0.0
2026-08-14,__DEAL__PA__268935__TUBI__WPROMOTE__CONTEXTUAL-BRAND-CAMPAIGN-CTV-FRAME__US__US__SEPT__2026____CHICAGO-CTV-LONGING-NOSTALGIA__PCBV__P5,0.0
2026-08-16,__DEAL__PA__268935__TUBI__WPROMOTE__CONTEXTUAL-BRAND-CAMPAIGN-CTV-FRAME__US__US__SEPT__2026____CHICAGO-CTV-WONDERMENT-FEELING-AWE__PCBV__P5,0.0
2026-08-16,__DEAL__PA__243767__FREDDYS__PMG__ARM-CANDY__US__US__JUL__2026____LOW-CARB-ALTERNATIVES__PCBV__P5,2.67
