quarter,advertiser,ad_name,rev_gross,rev_qtd_current,rev_qtd_prev_qtd,rev_qtd_prev_year,impressions
2026-04-01,Pubmatic,CTV SeedTag,1086148.97,,254438.09,,0
2026-04-01,Viant,Viant - CTV - 1st Price,850294.16,,273634.35,,0
2025-07-01,Viant,Viant - CTV - 1st Price,837228.04,,,236949.84,0
2025-10-01,TheTradeDesk,TTD - CTV (1st Price),772022.37,,,,0
2025-10-01,Viant,Viant - CTV - 1st Price,732169.46,,,,0
2025-01-01,Viant,Viant - CTV - 1st Price,726492.85,,,,0
2026-04-01,StackAdapt,StackAdapt - CTV - Open Auction,653158.22,,110167.86,,0
2025-04-01,Viant,Viant - CTV - 1st Price,648717.79,,,,0
2025-07-01,TheTradeDesk,TTD - CTV (1st Price),628795.89,,,157789.36,0
2026-01-01,Pubmatic,CTV SeedTag,551738.58,,,,0
2026-01-01,Viant,Viant - CTV - 1st Price,521454.41,,,,0
2025-10-01,Pubmatic,CTV SeedTag,517384.86,,,,0
2026-01-01,TheTradeDesk,TTD - CTV (1st Price),515489.42,,,,0
2025-04-01,TheTradeDesk,TTD - CTV (1st Price),513884.78,,,,0
2026-01-01,StackAdapt,StackAdapt - CTV - Open Auction,446024.25,,,,0
2025-01-01,TheTradeDesk,TTD - CTV (1st Price),418309.83,,,,0
2025-10-01,StackAdapt,StackAdapt - CTV - Open Auction,382867.33,,,,0
2026-04-01,TheTradeDesk,TTD - CTV (1st Price),351977.68,,79633.19,,0
2025-07-01,Epsilon (Conversant),Conversant - Web - Open Auction - Seedtag,273831.28,,,33416.88,0
2026-07-01,Pubmatic,CTV SeedTag,247252.81,247252.81,,,0
2025-07-01,Pubmatic,CTV SeedTag,231282.24,,,3.87,0
2026-07-01,StackAdapt,StackAdapt - CTV - Open Auction,225554.25,225554.25,,,0
2025-10-01,LoopMe,LoopMe - Open Auction - CTV,222608.37,,,,0
2025-01-01,Marketing Architects -RTB,Marketing Architects - CTV 1st Price,218721.89,,,,0
2025-04-01,SimpliFi,SimpliFi - CTV - 1st Price,205432.01,,,,0
2026-04-01,Beeswax,Beeswax - CTV - Open Auction EAST,204716.91,,83267.19,,0
2025-07-01,StackAdapt,StackAdapt - CTV - Open Auction,193883.27,,,59489.43,0
2025-04-01,Zeta DSP,Bidswitch - CTV - 1st Price,181928.01,,,,0
2025-04-01,Basis Technologies,Basis - CTV - oRTB - (US),168684.98,,,,0
2026-01-01,Amobee,Amobee - CTV - 1st Price,166137.93,,,,0
2025-07-01,SimpliFi,SimpliFi - CTV - 1st Price,165260.68,,,44828.73,0
2025-10-01,Amobee,Amobee - CTV - 1st Price,160900.29,,,,0
2025-01-01,Zeta DSP,Bidswitch - CTV - 1st Price,156185.31,,,,0
2026-01-01,Marketing Architects -RTB,Marketing Architects - CTV 1st Price,149503.29,,,,0
2025-10-01,Basis Technologies,Basis - CTV - oRTB - (US),149298.25,,,,0
2025-07-01,Basis Technologies,Basis - CTV - oRTB - (US),148690.22,,,31886.04,0
2025-04-01,Marketing Architects -RTB,Marketing Architects - CTV 1st Price,145212.04,,,,0
2026-07-01,Viant,Viant - CTV - 1st Price,144794.43,144794.43,,,0
2026-01-01,Beeswax,Beeswax - CTV - Open Auction EAST,140460.06,,,,0
2026-04-01,Amobee,Amobee - CTV - 1st Price,135177.92,,34381.91,,0
2025-01-01,Beeswax,Beeswax - CTV - Open Auction EAST,134734.43,,,,0
2026-01-01,Zeta DSP,Bidswitch - CTV - 1st Price,127194.32,,,,0
2025-10-01,Lemma DSP,Lemma DSP CTV Ad,120984.36,,,,0
2025-07-01,Marketing Architects -RTB,Marketing Architects - CTV 1st Price,120450.48,,,44999.35,0
2025-04-01,StackAdapt,StackAdapt - CTV - Open Auction,119340.46,,,,0
2025-07-01,LoopMe,LoopMe - Open Auction - CTV,119310.18,,,24483.02,0
2025-10-01,Beeswax,Beeswax - CTV - Open Auction EAST,115947.14,,,,0
2025-04-01,Epsilon (Conversant),Conversant - Web - Open Auction - Seedtag,114755.27,,,,0
2026-07-01,Pubmatic,Seedtag,113078.03,113078.03,,,0
2025-10-01,DV360,Bidswitch - CTV - 1st Price,112199.73,,,,0
2025-01-01,Epsilon (Conversant),Conversant - CTV - Open Auction,108863.59,,,,0
2025-10-01,SimpliFi,SimpliFi - CTV - 1st Price,102354.66,,,,0
2025-07-01,Zeta DSP,Bidswitch - CTV - 1st Price,97947.92,,,43960.67,0
2025-10-01,Epsilon (Conversant),Conversant - CTV - Open Auction,94128.33,,,,0
2025-10-01,Marketing Architects -RTB,Marketing Architects - CTV 1st Price,92085.11,,,,0
2025-01-01,Basis Technologies,Basis - CTV - oRTB - (US),90595.5,,,,0
2026-01-01,Basis Technologies,Basis - CTV - oRTB - (US),90166.34,,,,0
2026-07-01,TheTradeDesk,TTD - CTV (1st Price),87395.55,87395.55,,,0
2025-07-01,Lemma DSP,Lemma DSP CTV Ad,86676.82,,,29553.12,0
2025-01-01,Epsilon (Conversant),Conversant Pluto CTV (204778),86013.35,,,,0
2026-07-01,Amobee,Amobee - CTV - 1st Price,84360.69,84360.69,,,0
2025-10-01,Epsilon (Conversant),Conversant - Web - Open Auction - Seedtag,83357.19,,,,0
2025-04-01,LoopMe,LoopMe - Open Auction - CTV,81278.79,,,,0
2025-04-01,Epsilon (Conversant),Conversant - CTV - Open Auction,80806.41,,,,0
2025-07-01,Beeswax,Beeswax - CTV - Open Auction EAST,80548.81,,,8272.4,0
2025-07-01,DV360,Bidswitch - CTV - 1st Price,79284.29,,,27129.32,0
2025-07-01,Adtelligent,Adtelligent - CTV - A+E Networks $15,78019.52,,,26385.23,0
2025-04-01,Adtelligent,Adtelligent - CTV - A+E Networks $15,76484.78,,,,0
2025-07-01,Epsilon (Conversant),Conversant - CTV - Open Auction,74666.58,,,13472.27,0
2026-04-01,Beeswax,Beeswax UR Improvement Tier 1 (High UR),72443.27,,39769.2,,0
2025-07-01,TheTradeDesk,TTD - APP [Display],72434.24,,,27743.9,0
2025-10-01,Sharethrough,Sharethrough CTV Video,72355.07,,,,0
2025-04-01,Viant,Viant - MW,70604.72,,,,0
2025-04-01,Xandr,Xandr CTV,70478.15,,,,0
2025-04-01,Basis Technologies,Centro Video Web (1st Price),69850.64,,,,0
2025-04-01,Lemma DSP,Lemma DSP CTV Ad,69659.35,,,,0
2025-01-01,Viant,Viant - MW,69307.55,,,,0
2026-01-01,LoopMe,LoopMe - Open Auction - CTV,68511.43,,,,0
2025-04-01,TheTradeDesk,TTD - APP [Display],68491.03,,,,0
2025-10-01,Xandr,Xandr CTV,66091.95,,,,0
2025-04-01,Viant,Viant - Desktop,65928.35,,,,0
2025-01-01,LoopMe,LoopMe - Open Auction - CTV,64408.15,,,,0
2025-10-01,Zeta DSP,Bidswitch - CTV - 1st Price,63811.49,,,,0
2025-10-01,Yahoo DSP,Yahoo - In-App,63737.44,,,,0
2025-01-01,DV360,Bidswitch - CTV - 1st Price,62821.78,,,,0
2025-04-01,Basis Technologies,Centro Display Web,62052.85,,,,0
2025-01-01,Basis Technologies,Centro Video Web (1st Price),61199.87,,,,0
2025-04-01,GroundTruth,GroundTruth Video CTV,60923.33,,,,0
2026-04-01,Basis Technologies,Basis - CTV - oRTB - (US),60216.71,,14113.4,,0
2025-07-01,Amobee,Amobee - CTV - 1st Price,59019.82,,,19848.79,0
2025-01-01,StackAdapt,StackAdapt - CTV - Open Auction,58897.79,,,,0
2025-01-01,Basis Technologies,Centro Display Web,58633.14,,,,0
2025-07-01,Viant,Viant - MW,58354.72,,,14016.68,0
2026-04-01,Zeta DSP,Bidswitch - CTV - 1st Price,58107.54,,35175.85,,0
2025-01-01,Lemma DSP,Lemma DSP CTV Ad,57444.87,,,,0
2025-04-01,DV360,Bidswitch - CTV - 1st Price,56220.98,,,,0
2025-10-01,Amazon DSP,Bidswitch - Seedtag,55513.72,,,,0
2025-07-01,4INFO,4INFO - CTV - 1st Price,55162.75,,,4284.45,0
2026-04-01,Beeswax,Beeswax UR Improvement Tier 2 (Mid UR),55061.37,,17913.69,,0
2025-10-01,Beeswax,Beeswax UR Improvement Tier 1 (High UR),55056.2,,,,0
2025-04-01,Epsilon (Conversant),Conversant Pluto CTV (204778),53770.67,,,,0
2026-07-01,Beeswax,Beeswax - CTV - Open Auction EAST,53470.43,53470.43,,,0
2025-10-01,Beeswax,Beeswax UR Improvement Tier 2 (Mid UR),52688.32,,,,0
2025-01-01,Adtelligent,Adtelligent - CTV - A+E Networks $15,51856.03,,,,0
2026-01-01,Beeswax,Beeswax UR Improvement Tier 1 (High UR),51036.99,,,,0
2025-07-01,Sharethrough,Sharethrough CTV Video,50359.87,,,7594.33,0
2025-07-01,Amazon DSP,Bidswitch - APP 1st Price,50178.21,,,4754.46,0
2025-04-01,Beeswax,Beeswax - CTV - Open Auction EAST,49925.96,,,,0
2025-07-01,Beeswax,Beeswax UR Improvement Tier 1 (High UR),48410.52,,,3363.4,0
2026-01-01,Yahoo DSP,Yahoo - In-App,47935.54,,,,0
2025-07-01,DV360,Bidswitch - Seedtag,47674.08,,,14967.84,0
2026-04-01,Adtelligent,Adtelligent - CTV - A+E Networks $15,46356.77,,19084.73,,0
2025-10-01,Viant,Viant - MW,45994.34,,,,0
2025-04-01,Adtheorent,Ad Theorent - CTV - 1st Price,45503.33,,,,0
2025-01-01,Infillion,Bidswitch - CTV - 1st Price,44930.11,,,,0
2026-01-01,DV360,Bidswitch - Seedtag,44622.93,,,,0
2026-07-01,Beeswax,Beeswax - CTV - Open Auction WEST,43399.8,43399.8,,,0
2026-01-01,Xandr,Xandr CTV,42381.13,,,,0
2026-04-01,Beeswax,Beeswax - CTV - Open Auction WEST,42354.53,,273.82,,0
2025-07-01,Basis Technologies,Centro Video Web (1st Price),42055.61,,,11790.68,0
2025-10-01,Viant,Viant - MW - 1st Price,41869.34,,,,0
2025-01-01,Viant,Viant - Desktop,41752.49,,,,0
2025-07-01,Xandr,Xandr CTV,41404.62,,,15431.13,0
2025-01-01,Xandr,Xandr CTV,41205.0,,,,0
2026-01-01,TheTradeDesk,TTD - APP,41135.07,,,,0
2026-04-01,Yahoo DSP,Yahoo - In-App,40874.92,,7003.2,,0
2025-07-01,Viant,Viant - Desktop,40731.41,,,16423.51,0
2025-07-01,Basis Technologies,Centro Display Web,40697.25,,,12623.48,0
2026-01-01,Beeswax,Beeswax UR Improvement Tier 2 (Mid UR),40055.14,,,,0
2025-04-01,Amobee,Amobee - CTV - 1st Price,39451.27,,,,0
2025-10-01,Basis Technologies,Centro Video Web (1st Price),39067.85,,,,0
2026-01-01,Sharethrough,Sharethrough CTV Video,38880.56,,,,0
2025-10-01,Yahoo DSP,Yahoo - CTV - Open Auction,38801.14,,,,0
2026-04-01,Sharethrough,Sharethrough CTV Video,38557.57,,20501.13,,0
2026-01-01,Lemma DSP,Lemma DSP CTV Ad,38293.23,,,,0
2025-07-01,TheTradeDesk,TTD - APP,38003.95,,,12061.46,0
2025-04-01,Beeswax,Beeswax UR Improvement Tier 2 (Mid UR),37719.25,,,,0
2026-07-01,Pubmatic,SEEDTAG (DON'T USE),37233.06,37233.06,,,0
2026-07-01,Basis Technologies,Basis - CTV - oRTB - (US),36593.37,36593.37,,,0
2026-04-01,DV360,Bidswitch - CTV - 1st Price,36394.91,,5986.69,,0
2025-10-01,Adtelligent,Adtelligent - CTV - A+E Networks $15,36286.48,,,,0
2025-04-01,GroundTruth,GroundTruth Video CTV - No LatLong,35388.9,,,,0
2025-10-01,TheTradeDesk,TTD - APP,35346.22,,,,0
2025-04-01,TheTradeDesk,TTD - APP,35133.22,,,,0
2026-04-01,TheTradeDesk,TTD - APP [Display],34942.94,,9966.61,,0
2025-10-01,TheTradeDesk,TTD - APP [Display],34628.31,,,,0
2025-01-01,Adtheorent,Ad Theorent - Desktop/MW Display,34116.47,,,,0
2025-01-01,Epsilon (Conversant),Conversant - Web - Open Auction - Video,32728.78,,,,0
2025-10-01,GroundTruth,GroundTruth Video CTV,32145.59,,,,0
2026-01-01,Adtelligent,Adtelligent - CTV - A+E Networks $15,31489.85,,,,0
2026-07-01,Beeswax,Beeswax UR Improvement Tier 2 (Mid UR),31451.19,31451.19,,,0
2025-01-01,GroundTruth,GroundTruth Video CTV,31356.62,,,,0
2025-07-01,Beeswax,Beeswax UR Improvement Tier 2 (Mid UR),30946.39,,,5063.0,0
2025-04-01,Amazon DSP,Bidswitch - Seedtag,30453.0,,,,0
2025-01-01,SimpliFi,SimpliFi - CTV - 1st Price,30399.33,,,,0
2025-07-01,GroundTruth,GroundTruth Video CTV,30202.41,,,7966.27,0
2025-04-01,Amazon DSP,Bidswitch - APP 1st Price,28936.14,,,,0
2025-07-01,Walmart,TTD - CTV (1st Price),28641.7,,,19897.9,0
2025-01-01,TheTradeDesk,TTD - APP [Display],28431.74,,,,0
2025-10-01,Sharethrough,Sharethrough Web (Open Auction),27310.8,,,,0
2025-01-01,DV360,Bidswitch - Desktop - 1st Price (HB),26865.95,,,,0
2025-01-01,Yahoo DSP,Yahoo - CTV - Open Auction,26551.63,,,,0
2026-04-01,Xandr,Xandr CTV,26382.13,,10141.2,,0
2025-07-01,TheTradeDesk,TTD - Desktop - 1st Price (HB),26208.75,,,9842.35,0
2025-04-01,Sharethrough,Sharethrough Web (Open Auction),25973.27,,,,0
2025-01-01,Beeswax,Beeswax - CTV - Open Auction - Paramount,25778.73,,,,0
2025-07-01,Viant,Viant - MW - 1st Price,25393.85,,,18.64,0
2026-01-01,TheTradeDesk,TTD - APP [Display],24315.25,,,,0
2026-01-01,Basis Technologies,Centro Video Web (1st Price),24093.44,,,,0
2025-01-01,SundaySky,SundaySky - Desktop - 1st Price,23854.06,,,,0
2025-01-01,Amobee,Amobee - CTV - 1st Price,23844.94,,,,0
2025-04-01,DV360,Bidswitch - Seedtag,23811.84,,,,0
2025-07-01,Amazon DSP,Bidswitch - Seedtag,23716.91,,,6787.72,0
2026-01-01,Amazon DSP,Bidswitch - Seedtag,23296.89,,,,0
2025-01-01,Viant,Viant - APP,23121.94,,,,0
2025-01-01,GroundTruth,GroundTruth Video CTV - No LatLong,23054.67,,,,0
2026-01-01,DV360,Bidswitch - CTV - 1st Price,22947.96,,,,0
2025-07-01,Adtheorent,Ad Theorent - CTV - 1st Price,22709.76,,,10766.95,0
2026-01-01,StackAdapt,StackAdapt - CTV - Open Auction - Efficiency Monitoring,22276.0,,,,0
2026-04-01,Viant,Viant - CTV (Charter),22273.03,,7497.76,,0
2025-07-01,TheTradeDesk,TTD - CTV (LG Ads Only),22164.19,,,13118.0,0
2025-04-01,SmartyAds,SmartyAds - CTV (Samsung),22068.46,,,,0
2025-04-01,Walmart,TTD - CTV (1st Price),21872.67,,,,0
2025-10-01,DV360,Bidswitch - Seedtag,21758.45,,,,0
2025-01-01,TheTradeDesk,TTD - APP,21452.1,,,,0
2025-04-01,SimpliFi,SimpliFi - APP [Display],21071.47,,,,0
2025-04-01,Basis Technologies,Centro Display InApp,20745.94,,,,0
2025-01-01,Viant,Viant - MW [Display],20510.09,,,,0
2026-04-01,StackAdapt,StackAdapt - CTV - Open Auction - Efficiency Monitoring,20307.66,,6322.53,,0
2026-01-01,Viant,Viant - MW - 1st Price,20044.57,,,,0
2025-01-01,MadHive,MadHive - CTV - 1st Price,20017.68,,,,0
2025-04-01,TheTradeDesk,TTD - Desktop - 1st Price (HB),19583.34,,,,0
2025-04-01,Yahoo DSP,Yahoo - CTV - Open Auction,18856.36,,,,0
2026-07-01,DV360,Bidswitch - CTV - 1st Price,18848.95,18848.95,,,0
2026-04-01,Pubmatic,SEEDTAG (DON'T USE),18766.15,,,,0
2026-01-01,Viant,Viant - MW,18710.77,,,,0
2026-04-01,Adtelligent,Adtelligent - CTV (Price Targeted),18679.1,,5270.69,,0
2025-04-01,MadHive,MadHive - CTV - 1st Price,18141.71,,,,0
2026-07-01,StackAdapt,Seedtag,17994.14,17994.14,,,0
2025-10-01,SmartyAds,SmartyAds - CTV (Samsung),17932.55,,,,0
2025-10-01,TheTradeDesk,TTD - Desktop - 1st Price (HB),17832.01,,,,0
2025-07-01,Yahoo DSP,Yahoo - CTV - Open Auction,17808.06,,,4129.47,0
2025-07-01,Sharethrough,Sharethrough Web (Open Auction),17377.03,,,3349.31,0
2026-04-01,Lemma DSP,Lemma DSP CTV Ad,17319.05,,6290.66,,0
2025-01-01,TheTradeDesk,TTD - MW [Display],17248.85,,,,0
2025-10-01,StackAdapt,StackAdapt - CTV - Open Auction - Efficiency Monitoring,17121.87,,,,0
2026-01-01,StackAdapt,StackAdapt - CTV - Open Auction (Canada),16457.28,,,,0
2025-07-01,SmartyAds,SmartyAds - CTV (Samsung),16054.19,,,4955.11,0
2025-10-01,StackAdapt,StackAdapt - CTV - Open Auction (Canada),16016.79,,,,0
2025-07-01,SimpliFi,SimpliFi - Web (1st Price),15739.7,,,4022.1,0
2025-10-01,Yahoo DSP,Yahoo - Desktop MW - Open Auction,15667.88,,,,0
2025-10-01,Viant,Viant - Desktop,15429.85,,,,0
2026-07-01,Yahoo DSP,Yahoo - In-App,15230.42,15230.42,,,0
2025-04-01,Adtheorent,Ad Theorent - Desktop/MW Display,15222.54,,,,0
2025-07-01,Quantcast,Bidswitch - Seedtag,15120.17,,,3414.75,0
2025-04-01,Seedtag,Seedtag - Open Auction-  Ads.txt Updated CTV Supply  ,14942.23,,,,0
2025-04-01,SimpliFi,SimpliFi - Web (1st Price),14899.71,,,,0
2025-04-01,MadHive,MadHive - CTV - 1st Price (Paramount OA),14791.57,,,,0
2025-07-01,StackAdapt,StackAdapt - CTV - Open Auction - Efficiency Monitoring,14505.32,,,4514.83,0
2025-07-01,SundaySky,SundaySky - MW - 1st Price,14359.28,,,4416.66,0
2025-04-01,Sharethrough,Sharethrough InApp Video (Open Auction),14342.79,,,,0
2025-01-01,Seedtag,Seedtag - Open Auction - CTV,14213.18,,,,0
2025-07-01,Basis Technologies,Centro Display InApp,14176.13,,,4394.03,0
2025-10-01,Amazon DSP,Bidswitch - MW - 1st Price (HB),14124.97,,,,0
2025-04-01,Viant,Viant - APP [Display],13910.18,,,,0
2025-10-01,Adtheorent,Ad Theorent - CTV - 1st Price,13887.72,,,,0
2025-07-01,Amazon DSP,Bidswitch - MW - 1st Price (HB),13836.78,,,521.35,0
2025-01-01,Adtheorent,Ad Theorent - Desktop/MW - 1st Price,13815.1,,,,0
2025-01-01,Yahoo DSP,Yahoo - Desktop MW - Open Auction,13480.1,,,,0
2026-04-01,Adtheorent,Ad Theorent - CTV - 1st Price,13336.36,,1939.96,,0
2025-04-01,SundaySky,SundaySky - MW - 1st Price,13292.25,,,,0
2025-04-01,Adtheorent,Ad Theorent - Desktop/MW - 1st Price,13279.99,,,,0
2025-07-01,SundaySky,SundaySky - Desktop - 1st Price,13275.89,,,4683.8,0
2025-01-01,Basis Technologies,Centro Display InApp,13250.99,,,,0
2025-04-01,Marketing Architects -RTB,Marketing Architects - CTV - EW Scripps LAT,12992.87,,,,0
2025-07-01,LoopMe,LoopMe DSP Lottery Campaign copy (deal mimic),12645.8,,,1941.46,0
2025-07-01,SimpliFi,SimpliFi - APP [Display],12643.9,,,5419.27,0
2026-04-01,TheTradeDesk,TTD - APP,12331.25,,3603.51,,0
2025-01-01,Adtheorent,Ad Theorent - CTV - 1st Price,12222.47,,,,0
2025-01-01,Demandbase,DemandBase - CTV,11980.54,,,,0
2025-04-01,Sharethrough,Sharethrough CTV Video,11942.95,,,,0
2026-04-01,Viant,Viant - MW - 1st Price,11926.2,,3291.91,,0
2025-10-01,Viant,Viant - Desktop - 1st Price,11916.28,,,,0
2025-01-01,Viant,Viant - Desktop [Display],11870.75,,,,0
2025-10-01,Quantcast,Bidswitch - Seedtag,11848.98,,,,0
2025-07-01,TheTradeDesk,TTD - MW - 1st Price (HB),11832.96,,,3188.4,0
2026-01-01,Lemma DSP,Lemma DSP Inapp Video,11819.95,,,,0
2025-01-01,Sharethrough,Sharethrough InApp Video (Open Auction),11810.92,,,,0
2025-01-01,MadHive,MadHive - CTV - 1st Price (Paramount OA),11743.89,,,,0
2025-10-01,Basis Technologies,Centro Display InApp,11536.73,,,,0
2025-04-01,Infillion,Bidswitch - CTV - 1st Price,11526.9,,,,0
2025-01-01,SimpliFi,SimpliFi - APP [Display],11503.17,,,,0
2026-01-01,Viant,Viant - Desktop - 1st Price,11403.33,,,,0
2025-04-01,Viant,Viant - APP,11310.44,,,,0
2026-07-01,Adtelligent,Adtelligent - CTV - A+E Networks $15,11247.85,11247.85,,,0
2025-04-01,TheTradeDesk,TTD - MW [Display],11166.05,,,,0
2025-04-01,Amazon DSP,Bidswitch - MW - 1st Price (HB),11023.23,,,,0
2026-01-01,Sharethrough,Sharethrough Web (Open Auction),10940.0,,,,0
2026-01-01,Adtheorent,Ad Theorent - CTV - 1st Price,10877.45,,,,0
2025-07-01,Sharethrough,Sharethrough InApp Video (Open Auction),10865.36,,,2048.75,0
2025-04-01,Marketing Architects -RTB,Marketing Architects - OTT,10773.31,,,,0
2025-07-01,Sharethrough,Sharethrough CTV Video - Shamrock Farms Bundle Optimized,10674.47,,,4781.38,0
2026-04-01,Viant,Viant - MW,10564.17,,2918.79,,0
2025-04-01,Walmart,TTD - APP [Display],10541.76,,,,0
2025-04-01,SundaySky,SundaySky - Desktop - 1st Price,10532.98,,,,0
2025-01-01,SimpliFi,SimpliFi - Web (1st Price),10421.26,,,,0
2025-04-01,SimpliFi,SimpliFi - APP - 1st Price,10125.94,,,,0
2025-01-01,SmartyAds,SmartyAds - CTV (Samsung),9901.62,,,,0
2025-07-01,SimpliFi,SimpliFi - APP - 1st Price,9852.24,,,2672.95,0
2025-10-01,SimpliFi,SimpliFi - Web (1st Price),9815.63,,,,0
2025-04-01,TheTradeDesk,TTD - CTV (LG Ads Only),9694.7,,,,0
2025-10-01,Adtheorent,Ad Theorent - Desktop/MW - 1st Price,9605.09,,,,0
2025-07-01,Adtheorent,Ad Theorent - Desktop/MW - 1st Price,9572.0,,,3042.62,0
2026-01-01,Viant,Viant - CTV (Charter),9383.87,,,,0
2025-07-01,TheTradeDesk,TTD - CTV - oRTB (Canada),9196.52,,,,0
2025-04-01,Viant,Viant - MW [Display],9166.4,,,,0
2025-07-01,TheTradeDesk,TTD - MW [Display],9120.45,,,3424.46,0
2025-07-01,MadHive,MadHive - CTV - 1st Price,8983.18,,,4477.43,0
2025-10-01,SmartyAds,SmartyAds - CTV (Canada),8964.78,,,,0
2025-01-01,Sharethrough,Sharethrough Web (Open Auction),8783.81,,,,0
2025-07-01,Walmart,TTD - APP [Display],8519.93,,,3650.65,0
2025-07-01,Viant,Viant - Desktop - 1st Price,8518.56,,,30.75,0
2025-10-01,Infillion,Bidswitch - CTV - 1st Price,8290.06,,,,0
2026-01-01,Adtheorent,Ad Theorent - Desktop/MW - 1st Price,8103.11,,,,0
2026-01-01,Viant,Viant - Desktop,7942.79,,,,0
2025-01-01,TheTradeDesk,TTD - Desktop [Display],7763.52,,,,0
2025-04-01,Sharethrough,Sharethrough CTV Video - Shamrock Farms Bundle Optimized,7720.87,,,,0
2026-07-01,StackAdapt,StackAdapt - CTV - Open Auction - Efficiency Monitoring,7661.11,7661.11,,,0
2025-07-01,Walmart,TTD - APP,7612.08,,,505.34,0
2026-01-01,LoopMe,LoopMe DSP Lottery Campaign copy (deal mimic),7500.86,,,,0
2026-04-01,Adtheorent,Ad Theorent - Desktop/MW - 1st Price,7491.41,,4375.69,,0
2025-04-01,Beeswax,Beeswax UR Improvement Tier 1 (High UR),7473.88,,,,0
2025-01-01,Viant,Viant - APP [Display],7424.42,,,,0
2026-04-01,Marketing Architects -RTB,Marketing Architects - CTV 1st Price,7389.44,,5350.66,,0
2025-04-01,Seedtag,Seedtag - Open Auction - CTV,7360.35,,,,0
2025-10-01,SundaySky,SundaySky - Desktop - 1st Price,7357.72,,,,0
2026-04-01,Yahoo DSP,Yahoo - CTV - Open Auction- Efficiency Monitoring,7352.24,,769.54,,0
2026-01-01,TheTradeDesk,TTD - CTV - oRTB (Canada),7334.66,,,,0
2025-10-01,TheTradeDesk,TTD - MW - 1st Price (HB),7282.69,,,,0
2025-01-01,Epsilon (Conversant),Conversant - Web - Open Auction - Display,7182.51,,,,0
2025-01-01,Storygize,Storygize - MW (1st Price),7163.56,,,,0
2025-10-01,SimpliFi,SimpliFi - APP - 1st Price,7124.79,,,,0
2025-01-01,TheTradeDesk,TTD - CTV (Charter),7123.59,,,,0
2026-07-01,Yahoo DSP,Seedtag,7114.21,7114.21,,,0
2025-07-01,Adtheorent,Ad Theorent - Desktop/MW Display,7041.35,,,3081.15,0
2025-10-01,Epsilon (Conversant),Conversant - InApp - Open Auction,6986.92,,,,0
2025-10-01,Viant,Viant - CTV (Charter),6983.35,,,,0
2025-10-01,Demandbase,DemandBase - CTV,6916.53,,,,0
2026-07-01,LoopMe,LoopMe - Open Auction - CTV,6914.72,6914.72,,,0
2026-07-01,Adtheorent,Ad Theorent - CTV - 1st Price,6899.39,6899.39,,,0
2025-01-01,TheTradeDesk,TTD - CTV (LG Ads Only),6893.65,,,,0
2026-07-01,Beeswax,Beeswax UR Improvement Tier 1 (High UR),6845.82,6845.82,,,0
2025-10-01,SundaySky,SundaySky - MW - 1st Price,6840.34,,,,0
2025-04-01,SmartyAds,SmartyAds - CTV (Paramount),6765.35,,,,0
2026-04-01,StackAdapt,StackAdapt - CTV - Open Auction (Canada),6714.88,,1345.17,,0
2025-01-01,StackAdapt,StackAdapt - Desktop - Open Auction,6640.35,,,,0
2026-01-01,Epsilon (Conversant),Conversant - InApp - Open Auction,6622.94,,,,0
2025-07-01,Epsilon (Conversant),Conversant Pluto CTV (204778),6594.07,,,2975.27,0
2026-04-01,LoopMe,LoopMe - Open Auction - CTV,6591.98,,3437.2,,0
2026-01-01,Walmart,TTD - CTV (1st Price),6587.63,,,,0
2025-07-01,MadHive,MadHive - CTV - 1st Price (Paramount OA),6582.45,,,3730.58,0
2026-07-01,Xandr,Xandr CTV,6500.92,6500.92,,,0
2026-01-01,Epsilon (Conversant),Conversant - CTV - Open Auction,6483.02,,,,0
2025-01-01,SundaySky,SundaySky - MW - 1st Price,6446.53,,,,0
2026-01-01,TheTradeDesk,TTD - Desktop - 1st Price (HB),6445.74,,,,0
2026-04-01,,TrueX FireTV AVOD,6424.98,,1313.1,,0
2025-01-01,TheTradeDesk,TTD - MW - 1st Price (HB),6335.52,,,,0
2025-01-01,SimpliFi,SimpliFi - MW [Display],6328.83,,,,0
2026-07-01,TheTradeDesk,TTD - APP [Display],6297.67,6297.67,,,0
2025-01-01,Walmart,TTD - CTV (1st Price),6285.88,,,,0
2026-04-01,Lemma DSP,Lemma DSP Inapp Video,6269.04,,1883.47,,0
2025-07-01,SmartyAds,SmartyAds - CTV (Paramount),6178.04,,,1999.3,0
2026-01-01,Octillion,Octillion - CTV - Open,6141.13,,,,0
2026-01-01,,TrueX FireTV AVOD,6092.9,,,,0
2025-01-01,GroundTruth,GroundTruth Video CTV - Efficiency Monitoring,6021.47,,,,0
2025-01-01,TheTradeDesk,TTD - Desktop - 1st Price (HB),6018.53,,,,0
2026-01-01,Quantcast,Bidswitch - Seedtag,5986.28,,,,0
2026-01-01,TheTradeDesk,TTD - MW - 1st Price (HB),5828.87,,,,0
2025-04-01,TheTradeDesk,TTD - Desktop [Display],5767.68,,,,0
2025-07-01,Viant,Viant - APP,5675.46,,,1607.04,0
2025-01-01,DV360,Bidswitch - MW [Display],5620.8,,,,0
2026-01-01,TheTradeDesk,TTD - CTV (LG Ads Only),5598.48,,,,0
2025-10-01,TheTradeDesk,TTD - CTV (LG Ads Only),5593.31,,,,0
2026-07-01,Sharethrough,Sharethrough CTV Video,5500.22,5500.22,,,0
2025-10-01,Sharethrough,Sharethrough CTV Video - Shamrock Farms Bundle Optimized,5484.83,,,,0
2026-04-01,Epsilon (Conversant),Conversant - CTV - Open Auction,5294.83,,3047.19,,0
2025-07-01,SimpliFi,SimpliFi - MW [Display],5221.06,,,1533.05,0
2025-10-01,Basis Technologies,Centro Display Web,5195.09,,,,0
2025-10-01,TheTradeDesk,TTD - CTV - oRTB (Canada),5191.85,,,,0
2025-07-01,Viant,Viant - MW [Display],5164.45,,,2051.63,0
2025-10-01,Adtelligent,Adtelligent - CTV,5154.41,,,,0
2025-04-01,SmartyAds,SmartyAds - CTV (Streaming Apps),5139.83,,,,0
2025-01-01,SimpliFi,SimpliFi - APP - 1st Price,5127.86,,,,0
2026-07-01,StackAdapt,SEEDTAG (DON'T USE),5107.03,5107.03,,,0
2025-07-01,StackAdapt,StackAdapt - CTV - Open Auction (Canada),5044.66,,,,0
2025-01-01,SimpliFi,SimpliFi - CTV - 1st Price (Glewed),5009.02,,,,0
2026-07-01,Viant,Seedtag,4999.82,4999.82,,,0
2025-04-01,Viant,Viant - Desktop [Display],4997.01,,,,0
2026-07-01,Amobee,Seedtag,4929.01,4929.01,,,0
2026-04-01,SmartyAds,SmartyAds - CTV (Plex),4921.37,,818.54,,0
2025-04-01,StackAdapt,StackAdapt - Desktop - Open Auction,4838.21,,,,0
2026-01-01,Yahoo DSP,Yahoo - CTV - Open Auction,4783.17,,,,0
2026-04-01,OnSpot Data,Bidswitch - CTV - 1st Price,4726.98,,1457.64,,0
2026-04-01,Basis Technologies,Centro Video Web (1st Price),4720.01,,4440.92,,0
2025-04-01,StackAdapt,StackAdapt - CTV - Open Auction - Efficiency Monitoring,4707.33,,,,0
2025-04-01,SimpliFi,SimpliFi - MW [Display],4682.49,,,,0
2025-04-01,SmartyAds,SmartyAds - CTV (1st Price),4668.27,,,,0
2025-04-01,535Media,535Media - oRTB CTV,4651.16,,,,0
2025-07-01,Infillion,Bidswitch - CTV - 1st Price,4611.95,,,1602.67,0
2025-07-01,SimpliFi,SimpliFi - Seedtag,4574.47,,,1164.32,0
2026-04-01,Yahoo DSP,Yahoo - CTV - Open Auction,4572.18,,600.91,,0
2025-04-01,Epsilon (Conversant),Conversant - CTV - Open Auction (Charter),4557.02,,,,0
2025-04-01,SimpliFi,SimpliFi - Seedtag,4515.57,,,,0
2026-01-01,Basis Technologies,Centro Display InApp,4502.85,,,,0
2025-04-01,DV360,Bidswitch - MW [Display],4458.79,,,,0
2026-04-01,StackAdapt,SEEDTAG (DON'T USE),4423.76,,,,0
2025-04-01,Epsilon (Conversant),Conversant - InApp - Open Auction,4390.86,,,,0
2025-10-01,DV360,Bidswitch - Desktop - 1st Price (HB),4371.9,,,,0
2026-04-01,DV360,Bidswitch - Seedtag,4336.92,,4336.92,,0
2025-01-01,Seedtag,Seedtag - Open Auction-  Ads.txt Updated CTV Supply  ,4334.77,,,,0
2026-07-01,TheTradeDesk,TTD - APP,4326.8,4326.8,,,0
2026-07-01,Adtelligent,Adtelligent - CTV,4319.2,4319.2,,,0
2026-04-01,Adtelligent,Adtelligent - CTV,4289.31,,1110.76,,0
2025-01-01,SimpliFi,SimpliFi - Desktop [Display],4260.71,,,,0
2025-01-01,DV360,Bidswitch - Desktop [Display],4242.02,,,,0
2026-04-01,TheTradeDesk,TTD - Desktop - 1st Price (HB),4211.62,,1006.55,,0
2025-04-01,Adtheorent,Ad Theorent - APP [Display],4171.81,,,,0
2026-04-01,TheTradeDesk,TTD - CTV (UK) ,4167.93,,725.62,,0
2026-07-01,Adtelligent,Adtelligent - CTV (Price Targeted),4098.75,4098.75,,,0
2026-01-01,Epsilon (Conversant),Conversant - Web - Open Auction - Seedtag,4072.18,,,,0
2025-04-01,Epsilon (Conversant),Conversant - Web - Open Auction - Display,4058.18,,,,0
2025-10-01,Octillion,Octillion - CTV - Open,4029.29,,,,0
2026-01-01,Sharethrough,Sharethrough InApp Video (Open Auction),3985.81,,,,0
2025-10-01,Amazon DSP,Bidswitch - APP 1st Price,3966.11,,,,0
2026-04-01,Sharethrough,Sharethrough Web (Open Auction),3957.94,,2065.48,,0
2025-01-01,Amobee,Amobee - Desktop/MW [Display],3933.28,,,,0
2025-10-01,Yahoo DSP,Yahoo - CTV - Open Auction- Efficiency Monitoring,3928.98,,,,0
2025-07-01,Viant,Viant - APP [Display],3926.54,,,2375.53,0
2025-04-01,TheTradeDesk,TTD - CTV (Charter),3914.39,,,,0
2025-01-01,Adtheorent,Ad Theorent - APP [Display],3879.53,,,,0
2025-07-01,StackAdapt,StackAdapt - Desktop - Open Auction,3859.42,,,2352.48,0
2026-04-01,Demandbase,DemandBase - CTV,3857.77,,601.14,,0
2025-04-01,Beeswax,Beeswax - CTV - Open Auction - Paramount,3766.97,,,,0
2026-01-01,Beeswax,Beeswax UR Improvement Tier 3 (Low UR),3724.72,,,,0
2025-07-01,SimpliFi,SimpliFi - Desktop [Display],3723.39,,,912.83,0
2025-10-01,SmartyAds,SmartyAds - CTV (Plex),3722.28,,,,0
2025-10-01,Viant,Viant - MW [Display],3649.44,,,,0
2025-07-01,Adtelligent,Adtelligent - CTV,3640.08,,,8.84,0
2026-07-01,TheTradeDesk,TTD - CTV - oRTB (Canada),3617.66,3617.66,,,0
2026-04-01,Octillion,Octillion - CTV - Open,3501.23,,1939.49,,0
2025-07-01,Viant,Viant - APP - 1st Price,3491.91,,,1141.66,0
2025-01-01,Adtheorent,Ad Theorent - APP Video 1st Price,3449.21,,,,0
2025-04-01,TheTradeDesk,TTD - Seedtag - Pub ID Swap Test,3439.48,,,,0
2025-04-01,Amazon DSP,Bidswitch - APP,3421.47,,,,0
2025-01-01,OnSpot Data,Bidswitch - CTV - 1st Price,3405.38,,,,0
2025-01-01,Epsilon (Conversant),Conversant - InApp - Open Auction,3381.3,,,,0
2025-10-01,Yahoo DSP,Yahoo - Desktop MW - Open Auction - Efficiency Monitoring,3367.85,,,,0
2025-04-01,Walmart,TTD - APP,3363.92,,,,0
2025-04-01,SimpliFi,SimpliFi - Desktop [Display],3305.65,,,,0
2025-07-01,IPONWEB BidCore,Bidswitch - CTV - 1st Price,3281.85,,,1111.8,0
2025-10-01,TheTradeDesk,TTD - CTV (Charter),3268.07,,,,0
2026-07-01,Zeta DSP,Bidswitch - CTV - 1st Price,3261.4,3261.4,,,0
2026-04-01,TheTradeDesk,TTD - MW - 1st Price (HB),3260.38,,974.96,,0
2025-07-01,SmartyAds,SmartyAds - CTV (1st Price),3257.45,,,1306.77,0
2025-07-01,SmartyAds,SmartyAds - CTV (Streaming Apps),3224.79,,,1136.58,0
2026-04-01,GroundTruth,GroundTruth Video CTV,3212.31,,1654.6,,0
2026-07-01,DBM,Seedtag,3197.73,3197.73,,,0
2025-10-01,Viant,Viant - APP [Display],3191.07,,,,0
2025-04-01,Yahoo DSP,Yahoo - Desktop MW - Open Auction,3159.6,,,,0
2026-01-01,TheTradeDesk,TTD - MW [Display],3145.31,,,,0
2025-04-01,TheTradeDesk,TTD - MW - 1st Price (HB),3136.12,,,,0
2025-10-01,LoopMe,LoopMe DSP Lottery Campaign copy (deal mimic),3114.94,,,,0
2026-04-01,TheTradeDesk,TTD - MW [Display],3105.87,,1407.49,,0
2025-10-01,SmartyAds,SmartyAds - CTV (1st Price),3089.71,,,,0
2025-10-01,SmartyAds,SmartyAds - CTV (Paramount),3074.85,,,,0
2025-04-01,SmartyAds,SmartyAds - (Seedtag),3044.51,,,,0
2026-01-01,,TrueX FireTV Games ,3011.64,,,,0
2026-04-01,Yahoo DSP,Yahoo - Desktop MW - Open Auction - Efficiency Monitoring,3005.63,,370.26,,0
2025-04-01,DV360,Bidswitch - Desktop [Display],3000.7,,,,0
2026-01-01,Yahoo DSP,Yahoo - CTV - Open Auction- Efficiency Monitoring,2941.74,,,,0
2026-04-01,Viant,Viant - Desktop,2941.08,,1018.93,,0
2025-10-01,Walmart,TTD - APP [Display],2904.75,,,,0
2025-04-01,Viant,Viant - APP - 1st Price,2898.33,,,,0
2026-01-01,Viant,Viant - MW [Display],2897.51,,,,0
2025-01-01,StackAdapt,StackAdapt - CTV - Open Auction - Efficiency Monitoring,2893.32,,,,0
2025-07-01,GroundTruth,GroundTruth Video CTV - No LatLong,2843.97,,,2843.97,0
2025-07-01,DV360,Bidswitch - APP 1st Price,2807.73,,,322.25,0
2025-10-01,SmartyAds,SmartyAds - CTV (Streaming Apps),2789.78,,,,0
2026-04-01,Yahoo DSP,Yahoo - Desktop MW - Open Auction,2779.85,,358.13,,0
2026-07-01,Viant,Viant - MW - 1st Price,2776.26,2776.26,,,0
2025-04-01,DV360,Bidswitch - APP 1st Price,2757.91,,,,0
2025-01-01,Beeswax,Beeswax - App - Open Auction,2757.85,,,,0
2025-01-01,535Media,535Media - oRTB CTV,2740.25,,,,0
2025-04-01,DV360,Bidswitch - APP,2721.19,,,,0
2026-04-01,Epsilon (Conversant),Conversant - Web - Open Auction - Seedtag,2703.6,,2703.6,,0
2026-04-01,Viant,Viant - MW [Display],2698.63,,714.09,,0
2025-01-01,SmartyAds,SmartyAds - CTV (1st Price),2650.04,,,,0
2025-10-01,Marketing Architects -RTB,Marketing Architects - OTT,2649.73,,,,0
2025-07-01,SmartyAds,SmartyAds - (Seedtag),2597.73,,,805.32,0
2025-10-01,TheTradeDesk,TTD - MW [Display],2594.24,,,,0
2026-01-01,GroundTruth,GroundTruth Video CTV,2588.82,,,,0
2025-07-01,Epsilon (Conversant),Conversant - Web - Open Auction - Display,2560.45,,,754.82,0
2025-01-01,Beeswax,Beeswax - Display - Desktop/MW,2546.21,,,,0
2025-10-01,Lemma DSP,Lemma DSP Inapp Video,2535.41,,,,0
2026-01-01,TheTradeDesk,TTD - Desktop [Display],2517.64,,,,0
2025-10-01,Beeswax,Beeswax UR Improvement Tier 3 (Low UR),2511.0,,,,0
2026-07-01,Viant,Viant - MW,2487.72,2487.72,,,0
2026-01-01,Adtelligent,Adtelligent - CTV,2474.59,,,,0
2025-01-01,Adtelligent,Adtelligent - CTV,2469.23,,,,0
2025-01-01,SmartyAds,SmartyAds - CTV (Paramount),2464.42,,,,0
2025-07-01,Viant,Viant - CTV (Charter),2433.35,,,339.45,0
2025-04-01,Viant,Viant - CTV (Charter),2433.13,,,,0
2025-07-01,DV360,Bidswitch - MW [Display],2416.29,,,1398.92,0
2025-01-01,Storygize,Storygize - Desktop (1st Price),2396.76,,,,0
2026-01-01,Demandbase,DemandBase - CTV,2386.18,,,,0
2026-01-01,Basis Technologies,Basis - CTV - oRTB - (Canada),2368.93,,,,0
2026-04-01,TheTradeDesk,TTD - Desktop [Display],2367.17,,931.26,,0
2026-04-01,TheTradeDesk,TTD - CTV (LATAM),2353.86,,1024.41,,0
2025-01-01,Viant,Viant - CTV (Charter),2346.75,,,,0
2025-07-01,Krush Media,Krush Media Video - CTV Direct (700),2344.03,,,1321.23,0
2025-04-01,OnSpot Data,Bidswitch - CTV - 1st Price,2342.86,,,,0
2025-01-01,DV360,Bidswitch - MW - 1st Price (HB),2324.87,,,,0
2026-01-01,Adtelligent,Adtelligent - CTV (Price Targeted),2314.66,,,,0
2025-10-01,,TrueX FireTV Games ,2291.52,,,,0
2025-07-01,Yahoo DSP,Yahoo - Desktop MW - Open Auction,2269.7,,,492.06,0
2026-07-01,Yahoo DSP,SEEDTAG (DON'T USE),2267.57,2267.57,,,0
2026-01-01,Yahoo DSP,Yahoo - Desktop MW - Open Auction - Efficiency Monitoring,2264.28,,,,0
2025-10-01,DV360,Bidswitch - CTV - 1st Price (Bundle 151908),2256.39,,,,0
2025-07-01,Marketing Architects -RTB,Marketing Architects - CTV - EW Scripps LAT,2250.37,,,759.4,0
2026-04-01,,TrueX FireTV Games ,2225.82,,530.64,,0
2025-10-01,Adtelligent,Adtelligent - CTV (Price Targeted),2212.06,,,,0
2026-04-01,Basis Technologies,Centro Display InApp,2191.02,,83.14,,0
2025-01-01,DV360,Bidswitch - APP Display,2181.39,,,,0
2025-04-01,Krush Media,Krush Media Video - CTV Direct (700),2167.66,,,,0
2025-01-01,Sharethrough,Sharethrough CTV Video - Targeting away from Not Approved list,2162.91,,,,0
2025-01-01,Epsilon (Conversant),Conversant - CTV - Open Auction (Charter),2143.0,,,,0
2026-07-01,,TrueX FireTV AVOD,2123.16,2123.16,,,0
2026-04-01,Viant,Viant - Desktop - 1st Price,2117.99,,965.86,,0
2025-10-01,Sharethrough,Sharethrough InApp Video (Open Auction),2113.19,,,,0
2025-07-01,Epsilon (Conversant),Conversant - InApp - Open Auction,2099.19,,,742.18,0
2025-01-01,GroundTruth,GroundTruth Display,2094.19,,,,0
2026-04-01,Sharethrough,Sharethrough InApp Video (Open Auction),2043.75,,1283.99,,0
2025-04-01,4INFO,4INFO - CTV - 1st Price,2019.67,,,,0
2025-04-01,Epsilon (Conversant),Conversant - Web - Open Auction - Video,2011.92,,,,0
2025-01-01,Krush Media,Krush Media Video - CTV Direct (700),1979.4,,,,0
2026-04-01,Walmart,TTD - CTV (1st Price),1978.98,,657.1,,0
2025-10-01,IPONWEB BidCore,Bidswitch - CTV - 1st Price,1943.39,,,,0
2026-04-01,Yahoo DSP,SEEDTAG (DON'T USE),1919.74,,,,0
2025-07-01,Epsilon (Conversant),Conversant Philo CTV (125613),1892.97,,,995.94,0
2026-04-01,TheTradeDesk,SEEDTAG (DON'T USE),1874.46,,,,0
2026-07-01,Basis Technologies,Seedtag,1860.13,1860.13,,,0
2025-07-01,DV360,Bidswitch - Desktop [Display],1828.5,,,464.29,0
2026-01-01,Infillion,Bidswitch - CTV - 1st Price,1810.89,,,,0
2025-07-01,Beeswax,Beeswax UR Improvement Tier 3 (Low UR),1785.41,,,86.31,0
2026-01-01,Basis Technologies,Centro Display Web,1778.54,,,,0
2026-01-01,Viant,Viant - APP [Display],1745.49,,,,0
2026-04-01,Viant,Viant - APP [Display],1690.09,,239.98,,0
2025-10-01,Epsilon (Conversant),Conversant - Web - Open Auction - Display,1684.31,,,,0
2025-01-01,TheTradeDesk,TTD - Seedtag - Pub ID Swap Test,1666.47,,,,0
2026-07-01,Viant,SEEDTAG (DON'T USE),1649.98,1649.98,,,0
2025-04-01,GroundTruth,GroundTruth Video CTV - Efficiency Monitoring,1645.11,,,,0
2026-04-01,TheTradeDesk,TTD - CTV - oRTB (Canada),1634.96,,383.36,,0
2026-07-01,StackAdapt,StackAdapt - CTV - Open Auction (Canada),1633.89,1633.89,,,0
2026-04-01,Walmart,TTD - APP [Display],1625.27,,602.39,,0
2025-10-01,TheTradeDesk,TTD - Desktop [Display],1615.92,,,,0
2025-04-01,Adtelligent,Adtelligent - CTV,1612.02,,,,0
2025-04-01,SmartyAds,SmartyAds - Web [Display],1611.23,,,,0
2026-01-01,DeepIntent,DeepIntent CTV OLV Demand,1596.79,,,,0
2026-07-01,Yahoo DSP,Yahoo - Desktop MW - Open Auction,1589.14,1589.14,,,0
2025-01-01,Yahoo DSP,Yahoo - Desktop MW - Open Auction - Efficiency Monitoring,1566.76,,,,0
2026-01-01,TheTradeDesk,TTD - CTV (Charter),1533.82,,,,0
2026-04-01,Sharethrough,Sharethrough CTV Video - Shamrock Farms Bundle Optimized,1533.5,,5.84,,0
2026-07-01,DBM,SEEDTAG (DON'T USE),1530.02,1530.02,,,0
2025-10-01,DeepIntent,DeepIntent CTV OLV Demand,1516.88,,,,0
2025-01-01,Marketing Architects -RTB,Marketing Architects - CTV 1st Price (Hearst),1484.56,,,,0
2025-07-01,Viant,Viant - Desktop [Display],1477.47,,,547.84,0
2025-10-01,,0,1460.53,,,,0
2025-10-01,Knorex,Bidswitch - Seedtag,1449.71,,,,0
2025-04-01,Lemma DSP,Lemma DSP Inapp Video,1439.89,,,,0
2025-01-01,SmartyAds,SmartyAds - Web [Display],1435.3,,,,0
2026-01-01,TheTradeDesk,TTD - CTV (LATAM),1419.71,,,,0
2026-04-01,Viant,SEEDTAG (DON'T USE),1414.1,,,,0
2025-10-01,,TrueX FireTV AVOD,1410.08,,,,0
2025-07-01,Seedtag,Seedtag - Open Auction-  Ads.txt Updated CTV Supply  ,1405.73,,,1405.73,0
2025-04-01,Yahoo DSP,Yahoo - Desktop MW - Open Auction - Efficiency Monitoring,1400.36,,,,0
2025-04-01,Demandbase,DemandBase - CTV,1365.43,,,,0
2026-07-01,Adtheorent,Ad Theorent - Desktop/MW - 1st Price,1355.88,1355.88,,,0
2025-01-01,DV360,Bidswitch - Seedtag,1350.96,,,,0
2025-07-01,Epsilon (Conversant),Conversant Vizio CTV (203828),1347.56,,,630.28,0
2025-10-01,Krush Media,Krush Media Web Video,1321.24,,,,0
2025-07-01,TheTradeDesk,TTD - Desktop [Display],1300.23,,,589.65,0
2025-04-01,Beeswax,Beeswax UR Improvement Tier 3 (Low UR),1296.98,,,,0
2026-01-01,,Test PSA Ads,1295.35,,,,0
2025-07-01,OnSpot Data,Bidswitch - CTV - 1st Price,1293.37,,,393.99,0
2025-10-01,Krush Media,Krush Media Video - CTV Direct (700),1289.93,,,,0
2025-07-01,Demandbase,DemandBase - CTV,1285.82,,,430.53,0
2026-07-01,TheTradeDesk,TTD - Desktop - 1st Price (HB),1282.28,1282.28,,,0
2025-07-01,DV360,Bidswitch - Desktop - 1st Price (HB),1274.75,,,268.17,0
2026-01-01,Yahoo DSP,Yahoo - Desktop MW - Open Auction,1266.16,,,,0
2025-07-01,Krush Media,Krush Media Web Video,1242.57,,,90.03,0
2025-04-01,Epsilon (Conversant),Conversant Philo CTV (125613),1242.31,,,,0
2025-07-01,Epsilon (Conversant),Conversant - Web - Open Auction - Video,1235.1,,,332.92,0
2025-04-01,DV360,Bidswitch - APP Display,1233.52,,,,0
2026-01-01,Viant,Viant - APP - 1st Price,1221.23,,,,0
2025-10-01,DV360,Bidswitch - MW - 1st Price (HB),1207.59,,,,0
2025-01-01,Adtelligent,Adtelligent - CTV (Fubo),1207.42,,,,0
2026-01-01,Marketing Architects -RTB,Marketing Architects - OTT,1201.4,,,,0
2025-01-01,Amazon DSP,Bidswitch - APP 1st Price,1193.0,,,,0
2025-10-01,StackAdapt,StackAdapt - Desktop - Open Auction,1187.45,,,,0
2025-01-01,Beeswax,Beeswax Deal - CTV - TEGNA,1140.89,,,,0
2025-01-01,Viant,Viant - Desktop - 1st Price,1131.24,,,,0
2026-01-01,Viant,Viant - APP,1129.34,,,,0
2025-04-01,Amobee,Amobee - Desktop/MW [Display],1124.71,,,,0
2025-10-01,Viant,Viant - APP,1120.89,,,,0
2026-04-01,Epsilon (Conversant),Conversant - InApp - Open Auction,1120.45,,382.56,,0
2025-07-01,Yahoo DSP,Yahoo - CTV - Open Auction- Efficiency Monitoring,1114.56,,,58.27,0
2026-07-01,Walmart,TTD - CTV (1st Price),1099.8,1099.8,,,0
2025-10-01,Adtheorent,Ad Theorent - Desktop/MW Display,1095.4,,,,0
2026-04-01,DBM,SEEDTAG (DON'T USE),1094.53,,,,0
2025-10-01,Viant,Viant - Desktop [Display],1080.16,,,,0
2025-10-01,Viant,Viant - APP - 1st Price,1078.88,,,,0
2026-01-01,Walmart,TTD - APP [Display],1075.29,,,,0
2025-07-01,SmartyAds,SmartyAds - Web [Display],1072.47,,,386.95,0
2025-04-01,Storygize,Storygize - MW (1st Price),1071.02,,,,0
2025-01-01,SmartyAds,SmartyAds - (Seedtag),1066.66,,,,0
2025-04-01,Storygize,Storygize - Desktop (1st Price),1058.74,,,,0
2025-01-01,Amazon DSP,Bidswitch - MW - 1st Price (HB),1055.76,,,,0
2025-07-01,DV360,Bidswitch - MW - 1st Price (HB),1053.42,,,286.04,0
2025-07-01,SmartyAds,SmartyAds - CTV (Plex),1051.71,,,234.8,0
2025-07-01,Marketing Architects -RTB,Marketing Architects - OTT,1017.4,,,357.92,0
2025-07-01,Octillion,Octillion - CTV - Open,1014.84,,,117.16,0
2026-07-01,TheTradeDesk,TTD - CTV (Charter),1010.96,1010.96,,,0
2025-10-01,Walmart,TTD - Desktop - 1st Price (HB),1010.9,,,,0
2025-04-01,Beeswax,Beeswax - Display - Desktop/MW,1009.03,,,,0
2025-01-01,SmartyAds,SmartyAds - App [Display],1005.26,,,,0
2025-10-01,OnSpot Data,Bidswitch - CTV - 1st Price,1002.59,,,,0
2025-01-01,Amazon DSP,Bidswitch - APP,992.64,,,,0
2026-01-01,Viant,Viant - Desktop [Display],992.04,,,,0
2025-07-01,Yahoo DSP,Yahoo - Desktop MW - Open Auction - Efficiency Monitoring,986.57,,,152.96,0
2026-01-01,Walmart,TTD - APP,984.25,,,,0
2026-04-01,LoopMe,LoopMe DSP Lottery Campaign copy (deal mimic),978.97,,284.25,,0
2025-10-01,4INFO,4INFO - CTV - 1st Price,976.84,,,,0
2026-07-01,Yahoo DSP,Yahoo - Desktop MW - Open Auction - Efficiency Monitoring,950.03,950.03,,,0
2025-10-01,,The Smashing Machine,897.0,,,,0
2025-07-01,TheTradeDesk,TTD - CTV (Charter),887.27,,,225.67,0
2025-10-01,Epsilon (Conversant),Conversant - Web - Open Auction - Video,869.5,,,,0
2025-04-01,Octillion,Octillion - CTV - Open,862.48,,,,0
2025-10-01,Basis Technologies,Basis - CTV - oRTB - (Canada),854.34,,,,0
2026-04-01,,2605 - MGMPLUS - MAY 2026 - XCH - MGMP23448-13 - SERIES ,843.44,,,,0
2025-01-01,Yahoo DSP,Yahoo - CTV - Open Auction- Efficiency Monitoring,841.27,,,,0
2026-07-01,GroundTruth,GroundTruth Video CTV,839.82,839.82,,,0
2026-07-01,LoopMe,LoopMe DSP Lottery Campaign copy (deal mimic),826.74,826.74,,,0
2025-10-01,,2511 - MGMPLUS - ROBIN HOOD PROMO - MGMPHD363301-01  (SERIES),826.72,,,,0
2025-07-01,Lemma DSP,Lemma DSP Inapp Video,820.17,,,370.47,0
2026-01-01,SundaySky,SundaySky - MW - 1st Price,817.59,,,,0
2025-01-01,Walmart,TTD - APP [Display],806.13,,,,0
2026-01-01,Epsilon (Conversant),Conversant - Web - Open Auction - Display,802.99,,,,0
2026-04-01,Infillion,Bidswitch - CTV - 1st Price,798.44,,330.88,,0
2026-04-01,Knorex,Bidswitch - CTV - 1st Price,792.46,,279.24,,0
2025-01-01,Octillion,Octillion - CTV - Open,784.16,,,,0
2026-01-01,TheTradeDesk,TTD - CTV (UK) ,783.04,,,,0
2026-07-01,TheTradeDesk,Seedtag,782.58,782.58,,,0
2026-04-01,Basis Technologies,Centro Display Web,782.57,,214.29,,0
2026-07-01,Yahoo DSP,Yahoo - CTV - Open Auction,781.2,781.2,,,0
2025-04-01,DV360,Bidswitch - MW - 1st Price (HB),764.66,,,,0
2026-07-01,Viant,Viant - MW [Display],758.71,758.71,,,0
2026-04-01,Basis Technologies,Basis - CTV - oRTB - (Canada),753.71,,429.0,,0
2026-07-01,SmartyAds,SmartyAds - CTV (1st Price),751.56,751.56,,,0
2025-10-01,Adtheorent,Ad Theorent - APP [Display],741.84,,,,0
2026-01-01,SmartyAds,SmartyAds - CTV (Samsung),741.8,,,,0
2025-07-01,Walmart,TTD - Desktop - 1st Price (HB),731.25,,,334.42,0
2025-01-01,Beeswax,Beeswax - CTV - Open Auction - Efficiency Monitoring,714.19,,,,0
2026-04-01,Viant,Viant - APP - 1st Price,712.45,,213.61,,0
2025-01-01,Amobee,Amobee - Desktop/MW - 1st price,706.09,,,,0
2026-07-01,SmartyAds,SmartyAds - CTV (Plex),703.33,703.33,,,0
2025-04-01,LoopMe,LoopMe DSP Lottery Campaign copy (deal mimic),699.92,,,,0
2026-07-01,Demandbase,DemandBase - CTV,686.51,686.51,,,0
2026-07-01,Epsilon (Conversant),Conversant - CTV - Open Auction,678.06,678.06,,,0
2025-10-01,SimpliFi,SimpliFi - APP [Display],667.72,,,,0
2025-07-01,,TrueX FireTV Games ,667.26,,,140.22,0
2026-04-01,Beeswax,Beeswax UR Improvement Tier 3 (Low UR),648.74,,132.03,,0
2025-07-01,Epsilon (Conversant),Conversant - CTV - Open Auction (Charter),647.45,,,151.74,0
2025-07-01,535Media,535Media - oRTB CTV,644.87,,,644.87,0
2026-07-01,Yahoo DSP,Yahoo - CTV - Open Auction- Efficiency Monitoring,633.79,633.79,,,0
2026-04-01,Viant,Viant - APP,630.87,,184.5,,0
2026-01-01,SundaySky,SundaySky - Desktop - 1st Price,629.35,,,,0
2026-07-01,Marketing Architects -RTB,Marketing Architects - CTV 1st Price,627.64,627.64,,,0
2026-07-01,,TrueX FireTV Games ,621.72,621.72,,,0
2025-10-01,GroundTruth,GroundTruth Video CTV - Efficiency Monitoring,619.07,,,,0
2026-07-01,Viant,Viant - APP [Display],612.69,612.69,,,0
2026-04-01,TheTradeDesk,TTD - CTV (Charter),611.94,,109.38,,0
2026-07-01,TheTradeDesk,TTD - MW - 1st Price (HB),611.07,611.07,,,0
2026-07-01,Viant,Viant - Desktop,609.67,609.67,,,0
2025-04-01,IPONWEB BidCore,Bidswitch - CTV - 1st Price,604.86,,,,0
2025-01-01,SmartyAds,SmartyAds - Web Video,603.98,,,,0
2025-01-01,Walmart,TTD - APP,599.99,,,,0
2025-01-01,Krush Media,Krush Media Web Video,594.61,,,,0
2025-04-01,Beeswax,Beeswax Deal - CTV - TEGNA,594.5,,,,0
2026-07-01,Sharethrough,Sharethrough Web (Open Auction),593.41,593.41,,,0
2025-01-01,Beeswax,Beeswax - Desktop/MW - Open Auction,590.27,,,,0
2025-07-01,GroundTruth,GroundTruth Video CTV - Efficiency Monitoring,583.55,,,92.64,0
2025-04-01,Walmart,TTD - Desktop - 1st Price (HB),583.31,,,,0
2025-01-01,Unruly,Unruly CTV Video,580.13,,,,0
2026-01-01,Knorex,Bidswitch - CTV - 1st Price,575.83,,,,0
2025-04-01,Epsilon (Conversant),Conversant Vizio CTV (203828),571.28,,,,0
2025-04-01,Beeswax,Beeswax - Desktop/MW - Open Auction,566.81,,,,0
2025-10-01,Epsilon (Conversant),Conversant - CTV - Open Auction (Charter),565.39,,,,0
2025-01-01,Yahoo DSP,Yahoo - In-App,557.31,,,,0
2025-07-01,Samsung DSP,Bidswitch - CTV - 1st Price,556.06,,,149.52,0
2026-07-01,TheTradeDesk,TTD - MW [Display],555.95,555.95,,,0
2025-07-01,SmartyAds,SmartyAds - Web [Display] (Allow List 9.7.21),543.52,,,75.1,0
2026-04-01,StackAdapt,StackAdapt - Desktop - Open Auction,539.68,,90.31,,0
2026-07-01,Basis Technologies,Centro Display InApp,536.72,536.72,,,0
2025-10-01,Knorex,Bidswitch - CTV - 1st Price,529.13,,,,0
2026-07-01,Viant,Viant - CTV (Charter),518.66,518.66,,,0
2025-10-01,TheTradeDesk,TTD - CTV (LATAM),517.21,,,,0
2026-01-01,StackAdapt,StackAdapt - Desktop - Open Auction,514.02,,,,0
2026-01-01,,2601 - MGMPLUS - JAN 2026 XCH - MGMP23424-13 - MOVIES,509.89,,,,0
2025-07-01,Yahoo DSP,Yahoo - In-App,507.39,,,52.59,0
2025-10-01,SimpliFi,SimpliFi - MW [Display],507.0,,,,0
2025-10-01,Walmart,TTD - APP,505.42,,,,0
2025-01-01,Amobee,Amobee - APP 1st Price,504.89,,,,0
2026-01-01,SmartyAds,SmartyAds - CTV (1st Price),499.06,,,,0
2025-04-01,Yahoo DSP,Yahoo - CTV - Open Auction- Efficiency Monitoring,496.28,,,,0
2025-10-01,Streamworx Lda.,Bidswitch - CTV - 1st Price,488.06,,,,0
2026-04-01,Viant,Viant - Desktop [Display],487.68,,124.48,,0
2025-10-01,Walmart,TTD - CTV (1st Price),480.86,,,,0
2025-01-01,SimpliFi,SimpliFi - Seedtag,478.25,,,,0
2025-01-01,Viant,Viant - APP - 1st Price,476.59,,,,0
2025-04-01,SimpliFi,SimpliFi - CTV - 1st Price (Glewed),469.82,,,,0
2025-04-01,IPONWEB BidCore,Bidswitch - Seedtag,461.27,,,,0
2025-10-01,,2511 - MGMPLUS - ROBIN HOOD PROMO - MGMPHD363301-01 - MOVIES,457.34,,,,0
2026-04-01,Adtheorent,Ad Theorent - APP Video 1st Price,453.08,,77.36,,0
2026-04-01,,2606 - MGMPLUS - JUNE XCH - MGMP23455-13  -  SERIES,448.36,,,,0
2026-01-01,StackAdapt,StackAdapt - APP - Open Auction,448.02,,,,0
2026-07-01,Epsilon (Conversant),Conversant - InApp - Open Auction,437.56,437.56,,,0
2026-01-01,OnSpot Data,Bidswitch - CTV - 1st Price,437.44,,,,0
2025-01-01,Metax,MetaX Paramount $10.11,435.51,,,,0
2025-01-01,The Media Sense,The Media Sense DSP CTV Ads Direct,430.26,,,,0
2025-04-01,DV360,Bidswitch - Desktop - 1st Price (HB),429.79,,,,0
2025-01-01,Walmart,TTD - Desktop [Display],428.89,,,,0
2025-10-01,SimpliFi,SimpliFi - Desktop [Display],427.23,,,,0
2026-04-01,Adtheorent,Ad Theorent - Desktop/MW Display,422.16,,55.6,,0
2026-01-01,,2601 - MGMPLUS - JAN 2026 XCH - MGMP23424-13 - SERIES,418.08,,,,0
2025-10-01,SmartyAds,SmartyAds - Web (Taboola),416.47,,,,0
2025-04-01,Quantcast,Bidswitch - Seedtag,415.97,,,,0
2026-04-01,,2605 - MGMPLUS - MAY 2026 - XCH - MGMP23448-13 - MOVIES,411.41,,,,0
2026-07-01,,2607 - MGMPLUS - JULY XCH  - MGMP23457-13 - SERIES,410.3,410.3,,,0
2026-04-01,,"2605 - MGMPLUS - MAY 2026 - FROM S4 PROMO ""Lullabies"" - MGMPHDD363412 - SERIES",407.32,,,,0
2025-04-01,Yahoo DSP,Yahoo - In-App,403.54,,,,0
2025-07-01,Streamworx Lda.,Bidswitch - CTV - 1st Price,400.47,,,44.84,0
2026-07-01,Lemma DSP,Lemma DSP CTV Ad,400.11,400.11,,,0
2025-10-01,Metax,MetaX Paramount $10.11,397.91,,,,0
2026-04-01,Marketing Architects -RTB,Marketing Architects - CTV 1st Price - Roku Device Targeting Only,396.36,,258.16,,0
2025-04-01,Adtheorent,Ad Theorent - APP Video 1st Price,396.2,,,,0
2025-07-01,SmartyAds,SmartyAds - Web (Taboola),395.22,,,34.85,0
2026-04-01,Epsilon (Conversant),Conversant - Web - Open Auction - Display,388.71,,153.26,,0
2025-01-01,Walmart,TTD - MW [Display],377.51,,,,0
2025-07-01,,2507 - MGMPLUS - INSTITUTE S1 PROMO - SERIES - MGMPHD363209,367.33,,,320.95,0
2025-04-01,Beeswax,Beeswax - App - Open Auction,367.3,,,,0
2026-07-01,Viant,Viant - Desktop - 1st Price,360.3,360.3,,,0
2025-04-01,StackAdapt,StackAdapt - APP - Open Auction,359.99,,,,0
2026-04-01,Yahoo DSP,Verizon - CTV (Charter),359.44,,7.21,,0
2026-04-01,Amazon DSP,Bidswitch - Seedtag,354.27,,354.27,,0
2025-01-01,IQM,IQM - Display - Open Auction,351.72,,,,0
2025-01-01,Bidswitch,Bidswitch - Desktop - 1st Price (HB),348.37,,,,0
2026-04-01,,2604 - MGMPLUS - APRIL 2026 XCH - MGMP23440-13 - SERIES,345.49,,289.6,,0
2025-01-01,LoopMe,LoopMe DSP Lottery Campaign copy (deal mimic),344.83,,,,0
2025-07-01,Adtheorent,Ad Theorent - APP [Display],343.34,,,98.26,0
2026-04-01,Seedtag POC,SEEDTAG (DON'T USE),341.24,,0.0,,0
2025-04-01,Walmart,TTD - CTV (Charter),341.24,,,,0
2025-07-01,Walmart,TTD - CTV (LG Ads Only),339.63,,,254.3,0
2026-07-01,Walmart,TTD - APP [Display],332.92,332.92,,,0
2025-07-01,SmartyAds,SmartyAds - App (1st Price),332.0,,,33.67,0
2025-10-01,DV360,Bidswitch - APP 1st Price,331.63,,,,0
2026-07-01,TheTradeDesk,TTD - Desktop [Display],330.89,330.89,,,0
2025-04-01,Beeswax,Beeswax - CTV - Open Auction - Efficiency Monitoring,329.37,,,,0
2025-10-01,SmartyAds,SmartyAds - Web [Display],328.63,,,,0
2025-04-01,SmartyAds,SmartyAds - App [Display],328.05,,,,0
2026-04-01,DV360,Bidswitch - Desktop [Display],322.46,,9.65,,0
2025-01-01,IQM,IQM - Web Video - Open Auction,318.95,,,,0
2025-01-01,Samsung DSP,Bidswitch - CTV - 1st Price,314.76,,,,0
2026-01-01,Adtheorent,Ad Theorent - Desktop/MW Display,307.68,,,,0
2025-04-01,Walmart,TTD - Desktop [Display],307.58,,,,0
2026-07-01,,IDVx Vizio $8 US,294.15,294.15,,,0
2025-01-01,Yahoo DSP,Yahoo - Seedtag,292.22,,,,0
2025-01-01,DV360,Bidswitch - APP,288.97,,,,0
2026-04-01,Epsilon (Conversant),Conversant - Web - Open Auction - Video,288.13,,29.83,,0
2026-04-01,IQM,IQM - CTV - Open Auction,286.02,,86.42,,0
2026-01-01,Madopi,Bidswitch - Seedtag,284.29,,,,0
2025-10-01,,2512 - MGMPLUS - DECEMBER 2025 - ROBIN HOOD PP CRITICS PROMO - MGMPHD363339-01 - SERIES ,284.14,,,,0
2025-10-01,,2510 - MGMPLUS - BTK - S3  - Dead or Alive Promo - MGMPHD363273 - PP - (MOVIES),281.38,,,,0
2025-07-01,,2507 - MGMPLUS - INSTITUTE S1 PROMO - MOVIES - MGMPHD363209 ,280.3,,,242.81,0
2026-01-01,SmartyAds,SmartyAds - CTV (Plex),279.23,,,,0
2025-07-01,,2508 - MGMPLUS - AUG 2025 XCH - MGMP20323-10 - SERIES,278.72,,,,0
2025-04-01,Samsung DSP,Bidswitch - CTV - 1st Price,278.48,,,,0
2025-10-01,,2511 - MGMPLUS - NOVEMBER XCH - MGMP23418-13 (SERIES),278.13,,,,0
2026-04-01,StackAdapt,StackAdapt - APP - Open Auction,276.96,,59.75,,0
2025-07-01,Adtelligent,Adtelligent - CTV (Fubo),276.13,,,5.35,0
2025-07-01,DV360,Bidswitch - CTV - 1st Price (Bundle 151908),275.01,,,30.25,0
2026-01-01,IQM,IQM - CTV - Open Auction,273.32,,,,0
2025-01-01,TheTradeDesk,TTD - APP - 1st Price,260.71,,,,0
2026-01-01,SmartyAds,SmartyAds - Web [Display],256.28,,,,0
2025-01-01,DV360,Bidswitch - APP 1st Price,254.46,,,,0
2025-10-01,,2512 - MGMPLUS - DECEMBER 2025 XCH - MGMP23419-11 - SERIES,253.18,,,,0
2025-10-01,,2510 - MGMPLUS - BTK S3 - Dead or Alive Promo - PP - MGMPHD363273 - (SERIES),253.18,,,,0
2026-07-01,Infillion,Bidswitch - CTV - 1st Price,252.04,252.04,,,0
2026-04-01,SmartyAds,SmartyAds - CTV (Samsung),247.6,,167.88,,0
2025-07-01,Adtheorent,Ad Theorent - APP Video 1st Price,247.25,,,110.61,0
2026-07-01,TheTradeDesk,SEEDTAG (DON'T USE),246.18,246.18,,,0
2025-07-01,Zeta DSP,Bidswitch - CTV - 1st Price (Bundle 151908),244.65,,,58.65,0
2026-01-01,SmartyAds,SmartyAds - CTV (Paramount),244.1,,,,0
2025-10-01,Zeta DSP,Bidswitch - CTV - 1st Price (Bundle 151908),243.0,,,,0
2025-07-01,Basis Technologies,Basis - CTV - oRTB - (Canada),240.75,,,,0
2026-01-01,Marketing Architects -RTB,Marketing Architects - CTV 1st Price (Hearst),238.91,,,,0
2025-07-01,,2508 - MGMPLUS - INSTITUTE S1 PROMO - MGMPHD363209 - SERIES,238.0,,,,0
2025-01-01,Epsilon (Conversant),Conversant - Web - Open Auction - Seedtag,235.25,,,,0
2025-10-01,Walmart,TTD - MW - 1st Price (HB),234.38,,,,0
2025-04-01,Walmart,TTD - MW - 1st Price (HB),232.91,,,,0
2025-07-01,Storygize,Storygize - Desktop (1st Price),230.87,,,230.87,0
2025-04-01,Walmart,TTD - MW [Display],229.78,,,,0
2025-10-01,Amazon DSP,Bidswitch - Desktop - 1st Price (HB),228.06,,,,0
2025-10-01,OnSpot Data,Bidswitch - Desktop - 1st Price (HB),227.99,,,,0
2026-04-01,Walmart,TTD - APP,225.88,,54.69,,0
2026-01-01,Krush Media,Krush Media Web Video,224.32,,,,0
2025-04-01,SmartyAds,SmartyAds - Web Video,224.15,,,,0
2026-04-01,DV360,Bidswitch - APP Display,224.08,,86.49,,0
2025-01-01,StackAdapt,StackAdapt - APP - Open Auction,223.21,,,,0
2025-01-01,DeepIntent,DeepIntent CTV OLV Demand,220.64,,,,0
2025-01-01,,2501-MGMPLUS - JAN 2025 XCH - MGMP2030015 - MOVIES,217.67,,,,0
2025-10-01,IQM,IQM - CTV - Open Auction,213.61,,,,0
2025-10-01,,2512 - MGMPLUS - DECEMBER 2025 - ROBIN HOOD PP CRITICS PROMO - MGMPHD363339-01 - MOVIES,213.52,,,,0
2025-04-01,GroundTruth,GroundTruth Display,209.91,,,,0
2026-01-01,DV360,Bidswitch - Desktop [Display],209.17,,,,0
2025-01-01,SmartyAds,SmartyAds - App (1st Price),208.82,,,,0
2026-01-01,,2602 - MGMPLUS - FEB 2026 XCH - MGMP23430 - MOVIES,208.36,,,,0
2026-01-01,IPONWEB BidCore,Bidswitch - CTV - 1st Price,207.85,,,,0
2025-10-01,,2512 - MGMPLUS - DECEMBER 2025 XCH - MGMP23419-11 - MOVIES,206.72,,,,0
2025-07-01,,2508 - MGMPLUS - AUG 2025 XCH - MGMP20323-10 - MOVIES,206.31,,,,0
2026-07-01,Viant,Viant - APP - 1st Price,206.21,206.21,,,0
2025-07-01,,2509 - MGMPLUS - BILLY THE KID S3 TRAILER Cutdown - MGMPHD363273 - SERIES,204.19,,,,0
2025-04-01,DV360,Bidswitch - CTV - 1st Price (Bundle 151908),202.43,,,,0
2025-01-01,,2501-MGMPLUS - JAN 2025 XCH - MGMP2030015 - SERIES,202.35,,,,0
2026-01-01,,0326 - MGMPLUS -  AMERICAN CLASSIC PROMO - MGMPHD363384 - MOVIES ,202.17,,,,0
2025-07-01,DeepIntent,DeepIntent CTV OLV Demand,201.61,,,45.43,0
2025-07-01,StackAdapt,StackAdapt - APP - Open Auction,201.36,,,0.57,0
2025-10-01,Infillion,Bidswitch - Seedtag,200.17,,,,0
2025-07-01,Epsilon (Conversant),Conversant AMC CTV (205656),200.17,,,101.89,0
2026-04-01,DV360,Bidswitch - CTV (Charter),199.31,,72.08,,0
2025-10-01,StackAdapt,StackAdapt - APP - Open Auction,198.73,,,,0
2026-07-01,StackAdapt,StackAdapt - Desktop - Open Auction,197.88,197.88,,,0
2026-07-01,,2607 - MGMPLUS - WESTIES - PROMO A - Pre-Premiere - MGMPHD363429 - SERIES,196.36,196.36,,,0
2025-10-01,SimpliFi,SimpliFi - CTV - 1st Price (Glewed),196.04,,,,0
2026-07-01,Basis Technologies,Basis - CTV - oRTB - (Canada),195.2,195.2,,,0
2025-04-01,Infillion,Bidswitch - CTV - 1st Price (Bundle 151908),194.4,,,,0
2026-01-01,Adtheorent,Ad Theorent - APP [Display],194.14,,,,0
2025-01-01,Streamworx Lda.,Bidswitch - CTV - 1st Price,193.9,,,,0
2026-07-01,Viant,Viant - APP,193.46,193.46,,,0
2025-07-01,Walmart,TTD - CTV (Charter),192.79,,,190.64,0
2026-04-01,DeepIntent,DeepIntent CTV OLV Demand,192.75,,85.74,,0
2026-07-01,DV360,Bidswitch - Desktop [Display],189.43,189.43,,,0
2026-04-01,,2606 - MGMPLUS - WESTIES - Pre-Premiere Promo A -  MGMPHD363429 - MOVIES,189.0,,,,0
2026-04-01,Basis Technologies,Centro Video InApp,188.2,,79.18,,0
2025-01-01,MadHive,MadHive - APP - 1st Price,187.46,,,,0
2025-07-01,Epsilon (Conversant),Conversant Filmrise CTV (203765),184.23,,,81.25,0
2025-07-01,SmartyAds,SmartyAds - CTV (LG),183.53,,,127.05,0
2026-01-01,,0326 - MGMPLUS -  MARCH XCH - MGMP23433-13 - SERIES,183.12,,,,0
2026-01-01,Basis Technologies,Centro Video InApp,182.99,,,,0
2025-07-01,SmartyAds,SmartyAds - Web Video,182.46,,,48.37,0
2026-07-01,TheTradeDesk,TTD - CTV (UK) ,182.02,182.02,,,0
2026-04-01,,"2605 - MGMPLUS - MAY 2026 - FROM S4 PROMO ""Lullabies"" - MGMPHDD363412 - MOVIES",181.82,,,,0
2026-07-01,,2607 - MGMPLUS - JULY XCH - MGMP23457-13 - MOVIES,181.71,181.71,,,0
2025-10-01,SmartyAds,SmartyAds - App (1st Price),180.76,,,,0
2025-01-01,Epsilon (Conversant),Conversant AMC CTV (205656),179.85,,,,0
2025-07-01,Walmart,TTD - MW - 1st Price (HB),175.43,,,83.98,0
2026-01-01,,0326 - MGMPLUS -  MARCH XCH - MGMP23433-13 - MOVIES,173.87,,,,0
2026-01-01,,2602 - MGMPLUS  - FEB XCH - MGMP23430-13 - SERIES,173.84,,,,0
2026-07-01,Amazon DSP,Bidswitch - APP 1st Price,167.96,167.96,,,0
2026-07-01,Amazon DSP,Bidswitch - APP,167.25,167.25,,,0
2026-07-01,OnSpot Data,Bidswitch - CTV - 1st Price,164.84,164.84,,,0
2026-01-01,Sharethrough,Sharethrough CTV Video - Shamrock Farms Bundle Optimized,164.51,,,,0
2026-01-01,DV360,Bidswitch - Desktop - 1st Price (HB),163.99,,,,0
2025-10-01,SmartyAds,SmartyAds - Web Video,163.94,,,,0
2025-10-01,,2511 - MGMPLUS - NOVEMBER XCH - MGMP23418-13 - MOVIES,163.92,,,,0
2025-07-01,,2508 - MGMPLUS - INSTITUTE S1 PROMO - MGMPHD363209 - MOVIES,163.89,,,,0
2026-01-01,,2602 - MGMPLUS -  VANISHED Trailer - MGMPHD363360 - MOVIES,163.47,,,,0
2026-01-01,,2602 - MGMPLUS  - VANISHED Trailer - MGMPHD363360 - SERIES,163.08,,,,0
2025-10-01,IPONWEB BidCore,Bidswitch - CTV - 1st Price (Bundle 151908),162.02,,,,0
2025-10-01,SmartyAds,SmartyAds - (Seedtag),161.98,,,,0
2025-01-01,Epsilon (Conversant),Conversant Vizio CTV (203828),159.9,,,,0
2025-04-01,Amobee,Amobee - Desktop/MW - 1st price,159.8,,,,0
2026-07-01,AdElement,Bidswitch - MW [Display],159.56,159.56,,,0
2026-04-01,,2604 - MGMPLUS - AMERICAN CLASSIC PROMO - MGMPHD363418 - MOVIES,159.35,,159.35,,0
2025-04-01,OnSpot Data,Bidswitch - APP 1st Price,156.62,,,,0
2025-01-01,Epsilon (Conversant),Conversant Filmrise CTV (203765),156.3,,,,0
2025-07-01,,2509 - MGMPLUS - SEPT 2025 XCH - MGMP20329-12 - SERIES,155.62,,,,0
2025-07-01,Epsilon (Conversant),Conversant Philo CTV (125613) (b07bkpfxtj),154.17,,,92.08,0
2025-07-01,,2509 - MGMPLUS - SEPT 2025 XCH - MGMP20329-12 - MOVIES,152.27,,,,0
2026-01-01,DV360,Bidswitch - CTV - 1st Price (Bundle 151908),150.88,,,,0
2025-10-01,AdElement,Bidswitch - MW [Display],150.75,,,,0
2026-01-01,SmartyAds,SmartyAds - CTV (Canada),150.15,,,,0
2025-04-01,SmartyAds,SmartyAds - App (1st Price),149.99,,,,0
2025-04-01,Viant,Viant - Desktop - 1st Price,149.92,,,,0
2026-01-01,Krush Media,Krush Media Video - CTV Direct (700),149.09,,,,0
2025-04-01,SmartyAds,SmartyAds - CTV (LG),149.08,,,,0
2026-07-01,,2607 - MGMPLUS - WESTIES - PROMO A - Pre-Premiere - MGMPHD363429 - MOVIES,148.72,148.72,,,0
2025-04-01,Krush Media,Krush Media Web Video,147.93,,,,0
2026-07-01,Basis Technologies,Centro Display Web,146.55,146.55,,,0
2026-01-01,Samsung DSP,Bidswitch - CTV - 1st Price,145.35,,,,0
2025-07-01,,2509 - MGMPLUS - BILLY THE KID S3 TRAILER Cutdown - MGMPHD363273 (MOVIES),143.41,,,,0
2026-07-01,Adtheorent,Ad Theorent - APP Video 1st Price,141.6,141.6,,,0
2025-04-01,Epsilon (Conversant),Conversant AMC CTV (205656),141.39,,,,0
2026-04-01,,2604 - MGMPLUS - FROM S4 TRAILER - MGMPHD363410 - SERIES,140.29,,140.29,,0
2026-07-01,Knorex,Bidswitch - CTV - 1st Price,138.81,138.81,,,0
2025-10-01,Quantcast,Bidswitch - Desktop - 1st Price (HB),137.13,,,,0
2026-07-01,DeepIntent,DeepIntent CTV OLV Demand,135.9,135.9,,,0
2025-04-01,Epsilon (Conversant),Conversant Filmrise CTV (203765),134.41,,,,0
2025-04-01,OnSpot Data,Bidswitch - APP,133.4,,,,0
2026-07-01,Adtheorent,Ad Theorent - Desktop/MW Display,132.12,132.12,,,0
2026-04-01,SmartyAds,SmartyAds - CTV (Canada),131.29,,79.85,,0
2025-01-01,Epsilon (Conversant),Conversant Xumo CTV (203761),130.95,,,,0
2025-10-01,,2510 - MGMPLUS - OCTOBER XCH - MGMP20330-09 - (SERIES),130.32,,,,0
2025-04-01,Walmart,TTD - CTV (LG Ads Only),128.79,,,,0
2025-01-01,Unruly,Unruly Web 1st Price Video (Mobile Only),128.65,,,,0
2025-04-01,SmartyAds,SmartyAds - Web (Taboola),126.36,,,,0
2026-04-01,GroundTruth,GroundTruth Display,125.96,,36.27,,0
2026-04-01,SmartyAds,SmartyAds - CTV (1st Price),125.43,,48.84,,0
2026-04-01,,2606 - MGMPLUS - WESTIES PRE-PREMIERE - Promo A - MGMPHD363429 - SERIES,123.92,,,,0
2025-01-01,Amobee,Amobee - APP [Display],123.78,,,,0
2026-04-01,,2606 - MGMPLUS - JUNE 2026 XCH - MGMP23455-13 - MOVIES,123.71,,,,0
2025-10-01,SmartyAds,SmartyAds - CTV (LATAM),123.38,,,,0
2025-10-01,,2510 - MGMPLUS - OCTOBER XCH - MGMP20330-09 - (MOVIES),123.13,,,,0
2025-10-01,TheTradeDesk,TTD - APP - 1st Price,123.12,,,,0
2026-07-01,Basis Technologies,Centro Video Web (1st Price),123.11,123.11,,,0
2025-04-01,DeepIntent,DeepIntent CTV OLV Demand,122.96,,,,0
2025-04-01,Webeye,Bidswitch - APP Display,121.11,,,,0
2025-07-01,Infillion,Bidswitch - APP 1st Price,120.75,,,32.1,0
2026-01-01,,0326 - MGMPLUS - AMERICAN CLASSIC TRAILER - MGMPHD363384 - SERIES,118.69,,,,0
2026-01-01,SmartyAds,SmartyAds - CTV (Streaming Apps),118.18,,,,0
2025-01-01,IPONWEB BidCore,Bidswitch - Desktop [Display],118.03,,,,0
2025-01-01,Epsilon (Conversant),Conversant Philo CTV (202994),115.88,,,,0
2025-04-01,IQM,IQM - Web Video - Open Auction,115.03,,,,0
2025-07-01,AdElement,Bidswitch - MW [Display],115.0,,,,0
2026-01-01,Adtheorent,Ad Theorent - APP Video 1st Price,114.21,,,,0
2025-07-01,IQM,IQM - Web Video - Open Auction,113.12,,,33.63,0
2026-04-01,SmartClip,Philips_SC_Spain,112.84,,32.38,,0
2026-07-01,TheTradeDesk,TTD - APP - 1st Price,110.81,110.81,,,0
2026-04-01,Walmart,TTD - Desktop - 1st Price (HB),109.27,,17.91,,0
2025-04-01,TheTradeDesk,TTD - APP - 1st Price,109.25,,,,0
2026-04-01,,2604 - MGMPLUS - APRIL 2026 XCH - MGMP23440-13 - MOVIES,108.71,,87.38,,0
2025-04-01,DeepIntent,DeepIntent Web/InApp Display,107.27,,,,0
2025-04-01,Marketing Architects -RTB,Marketing Architects - CTV 1st Price (Hearst),107.2,,,,0
2025-04-01,Epsilon (Conversant),Conversant Newsy  CTV (204776),106.77,,,,0
2025-01-01,Webeye,Bidswitch - APP Display,106.33,,,,0
2026-07-01,TheTradeDesk,TTD - CTV (LATAM),105.9,105.9,,,0
2025-10-01,Cepia,Zhu Zhu Pets City November,105.87,,,,0
2026-07-01,DV360,Bidswitch - APP Display,101.29,101.29,,,0
2025-10-01,Adtheorent,Ad Theorent - APP Video 1st Price,100.69,,,,0
2026-04-01,,2604 - MGMPLUS - AMERICAN CLASSIC PROMO - MGMPHD363418 - SERIES,100.68,,100.68,,0
2025-10-01,Infillion,Bidswitch - Desktop - 1st Price (HB),100.0,,,,0
2025-10-01,Samsung DSP,Bidswitch - CTV - 1st Price,99.84,,,,0
2025-04-01,Epsilon (Conversant),Conversant Philo CTV (125613) (b07bkpfxtj),98.98,,,,0
2025-07-01,SimpliFi,SimpliFi - CTV - 1st Price (Glewed),98.55,,,35.75,0
2025-04-01,Epsilon (Conversant),Conversant Haystack CTV (204774),98.35,,,,0
2026-01-01,SmartyAds,SmartyAds - CTV (LATAM),97.88,,,,0
2025-04-01,Krush Media,Krush Media Web Display,97.57,,,,0
2025-01-01,Quantcast,Bidswitch - Desktop - 1st Price (HB),96.91,,,,0
2025-07-01,,2507 - MGMPLUS - JULY XCH - MOVIES - MGMPHD20311-12,96.53,,,96.53,0
2025-01-01,Epsilon (Conversant),Conversant Haystack CTV (204774),95.11,,,,0
2025-10-01,Cepia,Zhu Zhu Pets City October 2025,91.79,,,,0
2025-07-01,Knorex,Bidswitch - CTV - 1st Price,91.76,,,11.82,0
2026-01-01,Metax,MetaX Paramount $10.11,91.06,,,,0
2025-07-01,Amazon DSP,Bidswitch - APP,90.81,,,7.92,0
2025-07-01,Knorex,Bidswitch - Seedtag,90.61,,,,0
2025-10-01,Yahoo DSP,Verizon - CTV (Charter),88.87,,,,0
2025-04-01,Streamworx Lda.,Bidswitch - CTV - 1st Price,88.68,,,,0
2025-07-01,,2507 - MGMPLUS - JULY XCH - SERIES - MGMPHD20311-12,88.06,,,88.06,0
2025-07-01,Epsilon (Conversant),Conversant Philo CTV (202994),87.1,,,42.22,0
2025-01-01,Zeta DSP,Bidswitch - CTV - 1st Price (Bundle 151908),86.35,,,,0
2026-04-01,Madopi,Bidswitch - CTV - 1st Price,84.8,,0.02,,0
2025-04-01,Epsilon (Conversant),Conversant Philo CTV (202994),83.24,,,,0
2025-10-01,DeepIntent,DeepIntent Web/InApp Display,83.13,,,,0
2025-04-01,Epsilon (Conversant),Conversant Newsy  CTV (204775),81.8,,,,0
2025-04-01,Infillion,Bidswitch - APP 1st Price,81.75,,,,0
2025-04-01,Adtelligent,Adtelligent - CTV (Fubo),80.84,,,,0
2025-07-01,Epsilon (Conversant),Conversant Newsy  CTV (204776),80.55,,,31.25,0
2026-04-01,,2604 - MGMPLUS - FROM S4 TRAILER - MGMPHD363410 - MOVIES,79.41,,79.41,,0
2025-04-01,SmartyAds,SmartyAds - CTV (Vizio),79.19,,,,0
2025-07-01,Cepia,Zhu Zhu Pets City,79.06,,,69.52,0
2025-04-01,Cepia,Zhu Zhu Pets Animal City,77.74,,,,0
2026-04-01,,IDVx Vizio $8 US,77.55,,,,0
2026-07-01,DV360,Bidswitch - CTV (Charter),77.38,77.38,,,0
2025-10-01,Marketing Architects -RTB,Marketing Architects - CTV 1st Price (Hearst),77.21,,,,0
2025-07-01,SmartyAds,SmartyAds - App [Display],76.95,,,43.98,0
2025-04-01,IPONWEB BidCore,Bidswitch - MW [Display],76.84,,,,0
2026-01-01,Walmart,TTD - Desktop [Display],76.35,,,,0
2025-07-01,DeepIntent,DeepIntent Web/InApp Display,76.21,,,30.69,0
2025-04-01,Amobee,Amobee - APP [Display],74.35,,,,0
2025-01-01,Knorex,Bidswitch - APP Display,72.33,,,,0
2025-10-01,GroundTruth,GroundTruth Display,72.33,,,,0
2025-10-01,DV360,Bidswitch - Desktop [Display],72.01,,,,0
2026-01-01,DV360,Bidswitch - MW - 1st Price (HB),71.12,,,,0
2025-01-01,Infillion,Bidswitch - CTV - 1st Price (Bundle 151908),70.95,,,,0
2026-01-01,Yahoo DSP,Verizon - CTV (Charter),70.89,,,,0
2026-07-01,Sharethrough,Sharethrough CTV Video - Shamrock Farms Bundle Optimized,70.19,70.19,,,0
2025-01-01,Walmart,TTD - MW - 1st Price (HB),69.95,,,,0
2025-07-01,Marketing Architects -RTB,Marketing Architects - CTV 1st Price (Hearst),68.7,,,22.15,0
2025-07-01,Walmart,TTD - MW [Display],67.87,,,25.58,0
2025-01-01,Unruly,Unruly Web Display (Mobile Only),67.54,,,,0
2025-01-01,Krush Media,Krush Media Web Display,67.53,,,,0
2026-07-01,Octillion,Octillion - CTV - Open,67.06,67.06,,,0
2025-04-01,Yahoo DSP,Verizon - CTV (Charter),66.54,,,,0
2026-07-01,Amazon DSP,Bidswitch - Desktop - 1st Price (HB),66.46,66.46,,,0
2025-04-01,Sharethrough,Sharethrough CTV Video - Targeting away from Not Approved list,66.39,,,,0
2025-01-01,Walmart,TTD - CTV (Charter),66.27,,,,0
2025-04-01,Epsilon (Conversant),Conversant Philo Android CTV (202995),66.2,,,,0
2025-04-01,Epsilon (Conversant),Conversant Newsy CTV (203803),66.12,,,,0
2026-01-01,Epsilon (Conversant),Conversant - Web - Open Auction - Video,65.84,,,,0
2026-07-01,Basis Technologies,Centro Video InApp,64.75,64.75,,,0
2025-10-01,SmartyAds,SmartyAds - Web [Display] (Allow List 9.7.21),64.36,,,,0
2026-07-01,Viant,Viant - Desktop [Display],62.96,62.96,,,0
2026-04-01,Marketing Architects -RTB,Marketing Architects - OTT,62.25,,7.41,,0
2026-01-01,Infillion,Bidswitch - Seedtag,60.72,,,,0
2026-07-01,Beeswax,Beeswax UR Improvement Tier 3 (Low UR),60.39,60.39,,,0
2025-01-01,Quantcast,Bidswitch - Seedtag,59.66,,,,0
2025-07-01,Storygize,Storygize - MW (1st Price),59.48,,,59.48,0
2025-04-01,Infillion,Bidswitch - APP Display,58.78,,,,0
2025-04-01,Knorex,Bidswitch - CTV - 1st Price,58.77,,,,0
2025-04-01,Zeta DSP,Bidswitch - CTV - 1st Price (Bundle 151908),58.01,,,,0
2025-07-01,GroundTruth,GroundTruth Display,57.25,,,21.46,0
2025-04-01,SmartyAds,SmartyAds - CTV (Plex),57.03,,,,0
2026-04-01,Krush Media,Krush Media Web Display,56.54,,37.71,,0
2026-04-01,StackAdaptDSP,SEEDTAG (DON'T USE),55.75,,,,0
2026-04-01,Samsung DSP,Bidswitch - CTV - 1st Price,55.73,,25.41,,0
2025-07-01,IQM,IQM - CTV - Open Auction,55.66,,,13.84,0
2026-04-01,GroundTruth,GroundTruth Video CTV - Efficiency Monitoring,55.45,,5.32,,0
2026-01-01,DV360,Bidswitch - MW [Display],54.76,,,,0
2025-01-01,,TrueX FireTV Games ,54.4,,,,0
2026-04-01,Streamworx Lda.,Bidswitch - CTV - 1st Price,54.21,,54.11,,0
2025-01-01,Adtheorent,Ad Theorent - CTV (LQPS Audit),54.16,,,,0
2025-01-01,MadHive,Madhive - Desktop,53.79,,,,0
2025-07-01,Epsilon (Conversant),Conversant Haystack CTV (204774),53.72,,,12.86,0
2026-04-01,TheTradeDesk,TTD - APP - 1st Price,53.69,,6.4,,0
2025-07-01,Epsilon (Conversant),Conversant Newsy CTV (203803),53.5,,,21.27,0
2026-04-01,Adtheorent,Ad Theorent - APP [Display],53.21,,24.09,,0
2025-07-01,Webeye,Bidswitch - APP Display,52.93,,,21.15,0
2026-07-01,Walmart,TTD - APP,52.17,52.17,,,0
2026-04-01,Walmart,TTD - MW [Display],52.15,,20.38,,0
2026-07-01,DV360,Bidswitch - MW [Display],52.0,52.0,,,0
2025-07-01,Amazon DSP,Bidswitch - Desktop - 1st Price (HB),51.63,,,0.32,0
2025-01-01,Epsilon (Conversant),Conversant AMC CTV (205656) (G15147002586),51.4,,,,0
2025-07-01,Yahoo DSP,Verizon - CTV (Charter),51.35,,,34.86,0
2025-04-01,Adtheorent,Ad Theorent - CTV (LQPS Audit),50.01,,,,0
2025-07-01,Epsilon (Conversant),Conversant Newsy  CTV (204775),49.74,,,18.68,0
2026-04-01,DeepIntent,DeepIntent Web/InApp Display,49.44,,0.58,,0
2025-01-01,Epsilon (Conversant),Conversant Philo CTV (125613) (b07bkpfxtj),49.35,,,,0
2025-04-01,Epsilon (Conversant),Conversant Xumo CTV (203761),47.58,,,,0
2026-01-01,Walmart,TTD - MW [Display],46.7,,,,0
2025-10-01,SimpliFi,SimpliFi - Seedtag,46.47,,,,0
2025-07-01,,WINGSTOP LIGAMX FEMENIL_SEP_25,46.42,,,,0
2026-04-01,Walmart,TTD - Desktop [Display],46.37,,24.99,,0
2025-07-01,SmartyAds,SmartyAds - CTV (Vizio),46.0,,,5.8,0
2025-10-01,Infillion,Bidswitch - CTV - 1st Price (Bundle 151908),45.3,,,,0
2025-01-01,Walmart,TTD - CTV (LG Ads Only),45.15,,,,0
2025-04-01,MadHive,Madhive - Desktop,43.72,,,,0
2026-04-01,OnSpot Data,Bidswitch - CTV (Charter),43.58,,6.04,,0
2025-04-01,Infillion,Bidswitch - APP,43.33,,,,0
2026-07-01,SmartClip,Philips_SC_Spain,42.74,42.74,,,0
2026-07-01,StackAdapt,StackAdapt - APP - Open Auction,42.62,42.62,,,0
2025-01-01,Unruly,Unruly Web Display (Desktop Only),42.57,,,,0
2025-07-01,AdElement,Bidswitch - Desktop [Display],42.23,,,,0
2025-01-01,Epsilon (Conversant),Conversant Newsy  CTV (204776),42.22,,,,0
2025-01-01,DeepIntent,DeepIntent Web/InApp Display,42.16,,,,0
2026-07-01,Lemma DSP,Lemma DSP Inapp Video,41.86,41.86,,,0
2025-04-01,Epsilon (Conversant),Conversant AMC CTV (205656) (G15147002586),41.81,,,,0
2025-10-01,Adtelligent,Adtelligent - CTV (Fubo),41.44,,,,0
2025-10-01,DV360,Bidswitch - MW [Display],41.24,,,,0
2026-07-01,IQM,IQM - CTV - Open Auction,39.15,39.15,,,0
2026-01-01,Knorex,Bidswitch - Seedtag,39.14,,,,0
2025-07-01,Epsilon (Conversant),Conversant Future Today CTV (225478),37.98,,,11.16,0
2025-01-01,Epsilon (Conversant),Conversant Newsy  CTV (204775),37.36,,,,0
2026-07-01,GroundTruth,Seedtag,37.27,37.27,,,0
2026-04-01,Walmart,TTD - MW - 1st Price (HB),37.17,,2.46,,0
2026-01-01,AdElement,Bidswitch - MW [Display],36.49,,,,0
2025-01-01,Epsilon (Conversant),Conversant Future Today CTV (225478),36.39,,,,0
2025-04-01,Amobee,Amobee - APP 1st Price,36.36,,,,0
2025-01-01,Infillion,Bidswitch - Desktop [Display],35.5,,,,0
2025-01-01,Walmart,TTD - Desktop - 1st Price (HB),35.3,,,,0
2025-07-01,Epsilon (Conversant),Conversant AMC CTV (205656) (G15147002586),35.19,,,15.6,0
2025-04-01,Infillion,Bidswitch - Desktop [Display],35.16,,,,0
2025-04-01,Metax,MetaX Paramount $10.11,35.14,,,,0
2025-04-01,Streamworx Lda.,Bidswitch - Seedtag,34.81,,,,0
2025-04-01,Epsilon (Conversant),Conversant Future Today CTV (225478),34.35,,,,0
2026-07-01,Zeta DSP,Bidswitch - APP 1st Price,34.3,34.3,,,0
2026-04-01,SmartyAds,SmartyAds - CTV (Paramount),34.29,,17.56,,0
2025-01-01,Epsilon (Conversant),Conversant Cheddar CTV (225831),34.01,,,,0
2026-07-01,Marketing Architects -RTB,Marketing Architects - CTV 1st Price - Roku Device Targeting Only,33.28,33.28,,,0
2025-10-01,OnSpot Data,Bidswitch - CTV - 1st Price (Bundle 151908),33.27,,,,0
2025-01-01,IPONWEB BidCore,Bidswitch - MW [Display],33.04,,,,0
2025-04-01,Viant,Viant - MW - 1st Price,32.13,,,,0
2025-04-01,Inspiritum,Bidswitch - MW [Display],31.1,,,,0
2025-01-01,Beeswax,Beeswax - CTV - Open Auction (Charter Political),31.03,,,,0
2026-07-01,Zeta DSP,Bidswitch - APP,30.88,30.88,,,0
2025-07-01,Epsilon (Conversant),Conversant Philo Android CTV (202995),30.4,,,14.19,0
2025-10-01,Adtheorent,Ad Theorent - Desktop Video (LQPS Audit),30.13,,,,0
2025-10-01,IQM,IQM - Web Video - Open Auction,29.96,,,,0
2026-01-01,Krush Media,Krush Media Web Display,29.96,,,,0
2025-07-01,DV360,Bidswitch - APP Display,29.87,,,21.29,0
2026-04-01,Madopi,Bidswitch - Seedtag,29.77,,29.77,,0
2026-04-01,Metax,MetaX Paramount $10.11,29.48,,13.68,,0
2026-04-01,Infillion,Bidswitch - APP 1st Price,29.36,,29.04,,0
2025-07-01,Infillion,Bidswitch - Seedtag,29.34,,,7.92,0
2025-04-01,IPONWEB BidCore,Bidswitch - Desktop [Display],29.25,,,,0
2026-01-01,Quantcast,Bidswitch - Desktop - 1st Price (HB),29.18,,,,0
2025-01-01,OnSpot Data,Bidswitch - APP 1st Price,29.01,,,,0
2026-01-01,Zeta DSP,Bidswitch - CTV - 1st Price (Bundle 151908),28.87,,,,0
2025-10-01,,FS_VD_WINGSTOP_LIGAMX_OCT25,28.45,,,,0
2025-07-01,Infillion,Bidswitch - APP Display,27.79,,,0.37,0
2025-01-01,Streamworx Lda.,Bidswitch - Desktop [Display],27.78,,,,0
2025-07-01,Walmart,TTD - Desktop [Display],27.7,,,13.88,0
2025-01-01,Aceex,Aceex - (Samsung) CTV,27.61,,,,0
2025-04-01,OMG,Zhu Zhu Pets Animal City,27.43,,,,0
2025-01-01,Epsilon (Conversant),Conversant Newsy CTV (203803),27.12,,,,0
2025-10-01,Lemma DSP,Lemma DSP CTV Ad (COPPA),26.99,,,,0
2025-01-01,OnSpot Data,Bidswitch - APP,26.31,,,,0
2025-01-01,Viant,Viant - MW - 1st Price,26.31,,,,0
2026-04-01,Equative,Equative CTV Video (copy),25.77,,,,0
2026-07-01,Marketing Architects -RTB,Marketing Architects - OTT,25.62,25.62,,,0
2026-07-01,DeepIntent,DeepIntent Web/InApp Display,25.18,25.18,,,0
2025-04-01,IQM,IQM - CTV - Open Auction,24.97,,,,0
2026-01-01,TheTradeDesk,TTD - APP - 1st Price,24.73,,,,0
2026-01-01,IQM,IQM - Web Video - Open Auction,24.48,,,,0
2025-10-01,SmartyAds,SmartyAds - CTV (Vizio),24.44,,,,0
2026-07-01,SmartyAds,SmartyAds - CTV (Samsung),24.22,24.22,,,0
2026-04-01,Krush Media,Krush Media Web Video,24.17,,19.81,,0
2025-01-01,IQM,IQM - CTV - Open Auction,24.02,,,,0
2025-01-01,Knorex,Bidswitch - Desktop [Display],22.99,,,,0
2025-01-01,Epsilon (Conversant),Conversant Philo Android CTV (202995),22.96,,,,0
2025-04-01,IPONWEB BidCore,Bidswitch - MW - 1st Price (HB),22.36,,,,0
2026-01-01,Infillion,Bidswitch - APP 1st Price,22.06,,,,0
2025-01-01,OnSpot Data,Bidswitch - CTV (Charter),21.5,,,,0
2026-01-01,OnSpot Data,Bidswitch - APP 1st Price,21.22,,,,0
2025-10-01,Cepia,Mighty Wheels November 2025,21.08,,,,0
2026-01-01,Infillion,Bidswitch - APP,21.06,,,,0
2025-07-01,,0,20.94,,,3.96,0
2026-07-01,Walmart,TTD - Desktop - 1st Price (HB),20.85,20.85,,,0
2025-07-01,Infillion,Bidswitch - Desktop - 1st Price (HB),20.82,,,0.24,0
2025-10-01,Cepia,Mighty Wheels October 2025,20.79,,,,0
2025-04-01,The Media Sense,The Media Sense DSP CTV Ads Direct,20.72,,,,0
2025-10-01,Walmart,TTD - MW [Display],20.57,,,,0
2026-04-01,DV360,Bidswitch - MW [Display],20.55,,2.2,,0
2026-04-01,SmartyAds,SmartyAds - CTV (LATAM),18.98,,2.45,,0
2025-10-01,Cepia,Mighty Wheels December 2025,18.88,,,,0
2025-07-01,MadHive,Madhive - Desktop,18.75,,,13.08,0
2026-01-01,Webeye,Bidswitch - APP Display,18.65,,,,0
2026-01-01,GroundTruth,GroundTruth Video CTV - Efficiency Monitoring,18.46,,,,0
2026-01-01,OnSpot Data,Bidswitch - APP,18.39,,,,0
2025-10-01,Amazon DSP,Bidswitch - APP,18.34,,,,0
2025-07-01,IQM,IQM - Display - Open Auction,18.32,,,5.03,0
2025-01-01,Sharethrough,Sharethrough CTV Video,18.17,,,,0
2026-04-01,SmartyAds,SmartyAds - CTV (Streaming Apps),18.05,,10.51,,0
2025-10-01,Walmart,TTD - Desktop [Display],18.01,,,,0
2025-07-01,Infillion,Bidswitch - MW - 1st Price (HB),17.96,,,2.93,0
2025-07-01,Epsilon (Conversant),Conversant Xumo CTV (203761),17.91,,,4.89,0
2025-07-01,Bidswitch,Bidswitch - CTV - 1st Price,17.9,,,0.0,0
2025-01-01,Amazon DSP,Bidswitch - Desktop - 1st Price (HB),17.67,,,,0
2025-07-01,OnSpot Data,Bidswitch - CTV - 1st Price (Bundle 151908),17.49,,,0.73,0
2025-01-01,Epsilon (Conversant),Conversant Future Today CTV (225474),17.03,,,,0
2025-01-01,Streamworx Lda.,Bidswitch - MW [Display],16.88,,,,0
2026-01-01,GroundTruth,GroundTruth Display,16.86,,,,0
2025-10-01,AdElement,Bidswitch - Desktop [Display],16.75,,,,0
2026-07-01,Walmart,TTD - MW [Display],16.72,16.72,,,0
2026-07-01,DV360,Bidswitch - CTV (AMC),16.09,16.09,,,0
2025-04-01,Amazon DSP,Bidswitch - Desktop - 1st Price (HB),15.92,,,,0
2026-07-01,Walmart,TTD - MW - 1st Price (HB),15.57,15.57,,,0
2026-04-01,Knorex,Bidswitch - Seedtag,15.52,,15.52,,0
2026-07-01,Epsilon (Conversant),Conversant - Web - Open Auction - Display,15.44,15.44,,,0
2025-07-01,MadHive,MadHive - APP - 1st Price,15.39,,,7.31,0
2025-04-01,Epsilon (Conversant),Conversant Future Today CTV (225474),15.2,,,,0
2026-04-01,AdElement,Bidswitch - Desktop [Display],15.02,,2.17,,0
2025-10-01,SmartyAds,SmartyAds - CTV (LG),14.69,,,,0
2026-07-01,SmartyAds,SmartyAds - CTV (Paramount),14.69,14.69,,,0
2026-04-01,DV360,Bidswitch - CTV (AMC),14.66,,0.89,,0
2025-07-01,OnSpot Data,Bidswitch - Desktop [Display],14.65,,,2.31,0
2025-07-01,SmartyAds,SmartyAds - CTV (Fubo),14.64,,,0.38,0
2025-10-01,Bidswitch,Bidswitch - CTV - 1st Price,14.51,,,,0
2025-10-01,Samsung DSP,Bidswitch - CTV - 1st Price (Bundle 151908),14.25,,,,0
2025-07-01,Viant,AOD Deal - Viant - Cannabis Allowed ,14.18,,,14.18,0
2025-10-01,DV360,Bidswitch - CTV (AMC),14.06,,,,0
2026-07-01,GroundTruth,SEEDTAG (DON'T USE),14.01,14.01,,,0
2026-01-01,SmartyAds,SmartyAds - Web (Taboola),13.63,,,,0
2025-01-01,Yahoo DSP,Verizon - CTV (Charter),13.61,,,,0
2025-01-01,Amazon DSP,Bidswitch - Seedtag,13.59,,,,0
2025-01-01,Epsilon (Conversant),Conversant Newsy CTV (202814),13.57,,,,0
2026-01-01,Walmart,TTD - Desktop - 1st Price (HB),13.22,,,,0
2026-01-01,SmartClip,Philips_SC_Spain,13.22,,,,0
2025-07-01,Inspiritum,Bidswitch - MW [Display],13.01,,,6.93,0
2025-10-01,DV360,Bidswitch - APP Display,12.97,,,,0
2025-04-01,Streamworx Lda.,Bidswitch - MW [Display],12.84,,,,0
2025-01-01,Zeta DSP,Bidswitch - APP 1st Price,12.69,,,,0
2025-01-01,Streamworx Lda.,Bidswitch - Desktop - 1st Price (HB),12.56,,,,0
2026-04-01,OnSpot Data,Bidswitch - APP 1st Price,12.54,,12.01,,0
2025-01-01,IPONWEB BidCore,Bidswitch - APP Display,12.2,,,,0
2025-07-01,Samsung DSP,Bidswitch - CTV - 1st Price (Bundle 151908),12.19,,,2.53,0
2025-04-01,Stirista,Stirista - Open Auction - OLV (InApp),12.19,,,,0
2025-10-01,Webeye,Bidswitch - APP Display,12.11,,,,0
2025-04-01,Knorex,Bidswitch - APP Display,12.09,,,,0
2026-07-01,Yahoo DSP,Verizon - CTV (Charter),11.99,11.99,,,0
2025-01-01,MadHive,Madhive - MW,11.95,,,,0
2025-01-01,Quantcast,Bidswitch - MW - 1st Price (HB),11.9,,,,0
2025-01-01,Epsilon (Conversant),Conversant Happy Kids CTV (223878) (Bundle ID 32614),11.9,,,,0
2025-07-01,DV360,Bidswitch - APP,11.87,,,9.11,0
2026-04-01,Krush Media,Krush Media Video - CTV Direct (700),11.86,,6.55,,0
2026-04-01,AdIngenious,Bidswitch - APP Display,11.72,,,,0
2025-07-01,TheTradeDesk,TTD - APP - 1st Price,11.66,,,2.06,0
2025-04-01,Epsilon (Conversant),Conversant Newsy CTV (202814),11.58,,,,0
2025-04-01,MadHive,MadHive - APP - 1st Price,11.49,,,,0
2025-04-01,Knorex,Bidswitch - Desktop [Display],11.42,,,,0
2025-07-01,Epsilon (Conversant),Conversant Newsy CTV (202814),11.38,,,4.04,0
2025-07-01,Cepia,Mighty Wheels August 2025,11.36,,,,0
2025-10-01,Krush Media,Krush Media Web Display,11.24,,,,0
2025-01-01,Lowbrow Customs,LowBrow_30Sec_#1,11.22,,,,0
2025-07-01,Infillion,Bidswitch - APP,11.2,,,0.36,0
2025-04-01,Epsilon (Conversant),Conversant Future Today CTV (225473),11.12,,,,0
2025-04-01,DV360,Bidswitch - CTV (AMC),11.1,,,,0
2026-04-01,IQM,IQM - Web Video - Open Auction,11.05,,7.0,,0
2025-01-01,,0,10.99,,,,0
2025-10-01,DV360,Bidswitch - APP,10.81,,,,0
2025-07-01,Epsilon (Conversant),Conversant Future Today CTV (225474),10.73,,,4.17,0
2025-10-01,Infillion,Bidswitch - APP 1st Price,10.71,,,,0
2026-04-01,Metax,MetaX A&amp;E Networks $16,10.65,,0.14,,0
2025-01-01,Adtheorent,Ad Theorent - MW (LQPS Audit),10.48,,,,0
2025-07-01,Cepia,Mighty Wheels September 2025,10.45,,,,0
2026-04-01,GroundTruth,SEEDTAG (DON'T USE),10.41,,,,0
2026-04-01,OnSpot Data,Bidswitch - APP,10.37,,9.89,,0
2026-04-01,AdElement,Bidswitch - MW [Display],10.33,,0.5,,0
2025-04-01,IQM,IQM - Display - Open Auction,10.27,,,,0
2026-04-01,Webeye,Bidswitch - APP Display,10.18,,4.93,,0
2025-10-01,OnSpot Data,Bidswitch - APP 1st Price,10.1,,,,0
2026-07-01,Equative,Equative CTV Video (copy),9.99,9.99,,,0
2025-04-01,Viant,AOD Deal - Viant - Cannabis Allowed ,9.82,,,,0
2025-01-01,Bidswitch,Bidswitch - MW - 1st Price (HB),9.75,,,,0
2025-01-01,Walmart,TTD - Seedtag - Pub ID Swap Test,9.69,,,,0
2025-01-01,Epsilon (Conversant),Conversant Future Today CTV (225473),9.47,,,,0
2025-10-01,Madopi,Bidswitch - Seedtag,9.11,,,,0
2026-04-01,Equative,Equative CTV Main,8.73,,,,0
2026-07-01,Equative,Equative CTV Main,8.73,8.73,,,0
2026-04-01,Marketing Architects -RTB,Marketing Architects - CTV 1st Price (Hearst),8.55,,8.55,,0
2025-07-01,Cepia,Mighty Wheels September 2025 Dub01,8.55,,,,0
2026-07-01,Metax,MetaX A&amp;E Networks $16,8.54,8.54,,,0
2025-10-01,Infillion,Bidswitch - APP,8.5,,,,0
2025-01-01,Bidswitch,Bidswitch - Seedtag,8.44,,,,0
2026-07-01,Sharethrough,Sharethrough InApp Video (Open Auction),8.24,8.24,,,0
2025-01-01,Epsilon (Conversant),Conversant NBC CTV (203766),8.22,,,,0
2026-07-01,Walmart,TTD - Desktop [Display],8.01,8.01,,,0
2025-01-01,IPONWEB BidCore,Bidswitch - Seedtag,7.83,,,,0
2025-01-01,Quantcast,Bidswitch - Desktop [Display],7.78,,,,0
2025-01-01,Infillion,Bidswitch - MW [Display],7.77,,,,0
2025-01-01,Unruly,Unruly Web 1st Price Video (Desktop Only),7.67,,,,0
2025-04-01,Epsilon (Conversant),Conversant Happy Kids CTV (223878) (Bundle ID 32614),7.66,,,,0
2025-07-01,DV360,Bidswitch - CTV (AMC),7.52,,,1.01,0
2025-01-01,,2412-MGMPLUS-DEC 2024 XCH - MGMP20292-15 (SERIES),7.52,,,,0
2025-07-01,Epsilon (Conversant),Conversant Future Today CTV (225473),7.43,,,2.96,0
2025-01-01,SmartyAds,SmartyAds - CTV (Indirect),7.43,,,,0
2025-10-01,,2509 - MGMPLUS - BILLY THE KID S3 TRAILER Cutdown - MGMPHD363273 - SERIES,7.39,,,,0
2025-01-01,Aroscop,Bidswitch - APP Display,7.39,,,,0
2026-07-01,Metax,MetaX Paramount $10.11,7.36,7.36,,,0
2026-04-01,Zeasn,Philips Zeasn,7.33,,2.89,,0
2025-01-01,Infillion,Bidswitch - APP Display,7.3,,,,0
2026-07-01,SmartyAds,SmartyAds - CTV (Canada),7.28,7.28,,,0
2025-07-01,Quantcast,Bidswitch - Desktop - 1st Price (HB),7.2,,,1.53,0
2026-01-01,OnSpot Data,Bidswitch - CTV - 1st Price (Bundle 151908),7.16,,,,0
2025-04-01,Adtheorent,Ad Theorent - MW (LQPS Audit),7.11,,,,0
2025-07-01,,LEAP McDonalds (2026),7.06,,,3.43,0
2025-04-01,Epsilon (Conversant),Conversant Cheddar CTV (225831),6.69,,,,0
2025-04-01,Epsilon (Conversant),Conversant Future Today CTV (225391),6.67,,,,0
2025-04-01,Infillion,Bidswitch - MW [Display],6.39,,,,0
2025-07-01,Krush Media,Krush Media Web Display,6.2,,,1.54,0
2025-07-01,Quantcast,Bidswitch - Desktop [Display],6.2,,,4.26,0
2026-07-01,,2606 - MGMPLUS - WESTIES PRE-PREMIERE - Promo A - MGMPHD363429 - SERIES,6.18,6.18,,,0
2025-01-01,Epsilon (Conversant),Conversant Outside CTV (203821),6.1,,,,0
2026-07-01,SmartyAds,SmartyAds - CTV (Streaming Apps),6.1,6.1,,,0
2025-10-01,OnSpot Data,Bidswitch - APP,6.08,,,,0
2025-04-01,MadHive,Madhive - MW,6.05,,,,0
2025-07-01,Cepia,Mighty Wheels September 2025 Dub02,6.05,,,,0
2025-10-01,Stirista,Stirista - Desktop [Display],6.05,,,,0
2025-10-01,Stirista,Stirista - APP [Display],5.98,,,,0
2025-07-01,IPONWEB BidCore,Bidswitch - CTV - 1st Price (Bundle 151908),5.93,,,0.0,0
2026-07-01,Streamworx Lda.,Bidswitch - CTV - 1st Price,5.86,5.86,,,0
2025-07-01,IPONWEB BidCore,Bidswitch - MW - 1st Price (HB),5.8,,,3.93,0
2025-04-01,Walmart,TTD - Seedtag - Pub ID Swap Test,5.75,,,,0
2026-01-01,DeepIntent,DeepIntent Web/InApp Display,5.75,,,,0
2025-10-01,Streamworx Lda.,Bidswitch - CTV - 1st Price (Bundle 151908),5.72,,,,0
2025-04-01,Epsilon (Conversant),Conversant Outside CTV (203821),5.6,,,,0
2025-10-01,SmartyAds,SmartyAds - App [Display],5.55,,,,0
2026-07-01,SmartyAds,SmartyAds - CTV (LATAM),5.51,5.51,,,0
2026-07-01,GroundTruth,GroundTruth Video CTV - Efficiency Monitoring,5.49,5.49,,,0
2025-04-01,Epsilon (Conversant),Conversant OutsideTV CTV (204777),5.28,,,,0
2026-01-01,Lemma DSP,Lemma DSP CTV Ad (COPPA),5.2,,,,0
2026-04-01,Infillion,Bidswitch - APP Display,5.14,,1.39,,0
2025-07-01,IPONWEB BidCore,Bidswitch - MW [Display],5.12,,,1.35,0
2025-07-01,MadHive,Madhive - MW,5.1,,,2.65,0
2026-01-01,OnSpot Data,Bidswitch - Desktop [Display],5.09,,,,0
2026-04-01,Knorex,Bidswitch - CTV (Charter),5.09,,1.63,,0
2025-04-01,Adtheorent,Ad Theorent - APP Video (LQPS Audit),5.09,,,,0
2026-01-01,,2512 - MGMPLUS - DECEMBER 2025 - ROBIN HOOD PP CRITICS PROMO - MGMPHD363339-01 - SERIES ,5.04,,,,0
2026-04-01,DV360,Bidswitch - Desktop - 1st Price (HB),4.89,,4.25,,0
2026-07-01,Krush Media,Krush Media Web Display,4.83,4.83,,,0
2025-07-01,Infillion,Bidswitch - CTV - 1st Price (Bundle 151908),4.82,,,2.19,0
2025-04-01,Infillion,Bidswitch - Seedtag,4.79,,,,0
2025-07-01,OMG,Zombies 4  Day and Date Afternoon (Urgency),4.65,,,4.65,0
2025-01-01,Stirista,Stirista - Open Auction - OLV (InApp),4.51,,,,0
2025-04-01,Quantcast,Bidswitch - Desktop [Display],4.46,,,,0
2025-07-01,IQM,IQM - In-App Video - Open Auction,4.45,,,1.08,0
2025-01-01,Beeswax,Beeswax Deal - Desktop/MW,4.41,,,,0
2025-04-01,Quantcast,Bidswitch - APP Display,4.4,,,,0
2025-07-01,OMG,Zhu Zhu Pets City,4.35,,,4.35,0
2025-10-01,,LEAP McDonalds (2026),4.31,,,,0
2025-04-01,OnSpot Data,Bidswitch - Desktop [Display],4.3,,,,0
2025-04-01,Knorex,Bidswitch - Seedtag,4.27,,,,0
2025-07-01,Adtheorent,Ad Theorent - Desktop Video (LQPS Audit),4.26,,,0.98,0
2025-10-01,OnSpot Data,Bidswitch - Seedtag,4.24,,,,0
2025-01-01,DV360,Bidswitch - CTV (AMC),4.23,,,,0
2025-07-01,Epsilon (Conversant),Conversant Happy Kids CTV (223878) (Bundle ID 32614),4.19,,,1.42,0
2025-10-01,Infillion,Bidswitch - APP Display,4.17,,,,0
2025-07-01,Knorex,Bidswitch - APP 1st Price,4.17,,,,0
2026-04-01,OnSpot Data,Bidswitch - Desktop [Display],4.15,,1.36,,0
2025-04-01,Epsilon (Conversant),Conversant Future Today CTV (225477),4.15,,,,0
2026-07-01,Infillion,Bidswitch - Desktop - 1st Price (HB),4.08,4.08,,,0
2025-10-01,Metax,MetaX A&amp;E Networks $16,3.94,,,,0
2025-04-01,Epsilon (Conversant),Conversant NBC CTV (203766),3.91,,,,0
2026-01-01,Streamworx Lda.,Bidswitch - CTV - 1st Price,3.82,,,,0
2026-01-01,IQM,IQM - Display - Open Auction,3.75,,,,0
2025-01-01,Epsilon (Conversant),Conversant Future Today CTV (225477),3.75,,,,0
2025-01-01,Epsilon (Conversant),Conversant OutsideTV CTV (204777),3.68,,,,0
2025-04-01,IPONWEB BidCore,Bidswitch - APP Display,3.67,,,,0
2026-01-01,DV360,Bidswitch - CTV (AMC),3.63,,,,0
2025-04-01,Bidswitch,Bidswitch - APP Display,3.6,,,,0
2025-07-01,AdIngenious,Bidswitch - APP Display,3.59,,,,0
2025-04-01,OnSpot Data,Bidswitch - CTV - 1st Price (Bundle 151908),3.54,,,,0
2026-01-01,DV360,Bidswitch - APP Display,3.5,,,,0
2025-04-01,Basis Technologies,Centro Video InApp,3.44,,,,0
2026-01-01,AdElement,Bidswitch - Desktop [Display],3.43,,,,0
2026-04-01,Knorex,Bidswitch - APP Display,3.4,,1.74,,0
2026-04-01,OnSpot Data,Bidswitch - APP Display,3.38,,0.78,,0
2025-07-01,Epsilon (Conversant),Conversant Outside CTV (203821),3.38,,,0.92,0
2026-04-01,Zeta DSP,Bidswitch - MW [Display],3.36,,0.0,,0
2025-01-01,Basis Technologies,Centro Video InApp,3.36,,,,0
2025-07-01,Infillion,Bidswitch - Desktop [Display],3.3,,,0.76,0
2025-10-01,,F0044470 FFC ESPECIAL SABADO 15,3.26,,,,0
2025-04-01,Infillion,Bidswitch - CTV (Charter),3.14,,,,0
2026-04-01,Adtheorent,Ad Theorent - Desktop Video (LQPS Audit),3.09,,0.79,,0
2026-07-01,,2606 - MGMPLUS - WESTIES - Pre-Premiere Promo A -  MGMPHD363429 - MOVIES,3.07,3.07,,,0
2025-04-01,Infillion,Bidswitch - MW - 1st Price (HB),3.03,,,,0
2025-07-01,OMG,Zhu Zhu Pets Animal City,3.03,,,3.03,0
2026-07-01,OnSpot Data,Bidswitch - APP 1st Price,3.03,3.03,,,0
2025-01-01,Zeta DSP,Bidswitch - CTV (AMC),3.02,,,,0
2025-07-01,Epsilon (Conversant),Conversant Future Today CTV (225391),3.01,,,1.1,0
2025-07-01,Quantcast,Bidswitch - MW [Display],3.0,,,2.52,0
2026-07-01,OnSpot Data,Bidswitch - APP,2.99,2.99,,,0
2025-10-01,OnSpot Data,Bidswitch - Desktop [Display],2.98,,,,0
2025-10-01,IPONWEB BidCore,Bidswitch - Seedtag,2.98,,,,0
2025-10-01,Basis Technologies,Centro Video InApp,2.93,,,,0
2025-07-01,Knorex,Bidswitch - APP Display,2.91,,,0.96,0
2025-01-01,OnSpot Data,Bidswitch - Desktop [Display],2.9,,,,0
2025-10-01,Quantcast,Bidswitch - MW - 1st Price (HB),2.89,,,,0
2025-07-01,IPONWEB BidCore,Bidswitch - APP 1st Price,2.87,,,0.49,0
2025-04-01,Marketing Architects -RTB,Marketing Architects - PlayerWON,2.83,,,,0
2026-07-01,Epsilon (Conversant),Conversant - Web - Open Auction - Video,2.8,2.8,,,0
2025-01-01,,2412-MGMPLUS-DEC 2024 XCH - MGMP20292-15 (MOVIES),2.79,,,,0
2026-01-01,Streamworx Lda.,Bidswitch - Seedtag,2.76,,,,0
2025-10-01,Streamworx Lda.,Bidswitch - Seedtag,2.7,,,,0
2026-01-01,Walmart,TTD - MW - 1st Price (HB),2.66,,,,0
2025-10-01,IQM,IQM - Display - Open Auction,2.62,,,,0
2025-01-01,,LEAP McDonalds (2026),2.62,,,,0
2026-01-01,SmartyAds,SmartyAds - CTV (LG),2.59,,,,0
2026-04-01,IQM,IQM - Display - Open Auction,2.59,,1.09,,0
2025-04-01,Infillion,Bidswitch - Desktop - 1st Price (HB),2.56,,,,0
2025-07-01,IPONWEB BidCore,Bidswitch - APP Display,2.54,,,2.51,0
2025-04-01,Quantcast,Bidswitch - Desktop - 1st Price (HB),2.53,,,,0
2026-01-01,DV360,Bidswitch - APP,2.5,,,,0
2025-04-01,Knorex,Bidswitch - MW [Display],2.5,,,,0
2025-01-01,Bidswitch,Bidswitch - APP Display,2.48,,,,0
2025-07-01,OMG,Zombies 4 Now Available Afternoon (Urgency),2.48,,,2.48,0
2025-01-01,Streamworx Lda.,Bidswitch - MW - 1st Price (HB),2.47,,,,0
2026-01-01,Knorex,Bidswitch - APP Display,2.46,,,,0
2025-01-01,Walmart,TTD - APP - 1st Price,2.42,,,,0
2025-07-01,IPONWEB BidCore,Bidswitch - Desktop - 1st Price (HB),2.42,,,0.04,0
2025-10-01,Walmart,TTD - CTV (Charter),2.4,,,,0
2026-07-01,Stirista,Stirista - Open Auction - OLV (InApp),2.37,2.37,,,0
2026-01-01,Infillion,Bidswitch - APP Display,2.32,,,,0
2026-07-01,Krush Media,Krush Media Video - CTV Direct (700),2.31,2.31,,,0
2025-04-01,Knorex,Bidswitch - APP 1st Price,2.28,,,,0
2025-10-01,Streamworx Lda.,Bidswitch - MW - 1st Price (HB),2.26,,,,0
2025-01-01,Adtheorent,Ad Theorent - Desktop Video (LQPS Audit),2.22,,,,0
2025-04-01,Streamworx Lda.,Bidswitch - Desktop [Display],2.14,,,,0
2026-04-01,Amazon DSP,Bidswitch - APP,2.11,,0.74,,0
2025-07-01,Epsilon (Conversant),Conversant OutsideTV CTV (204777),2.1,,,0.51,0
2025-04-01,Amazon DSP,Bidswitch - Desktop [Display],2.08,,,,0
2025-01-01,Quantcast,Bidswitch - MW [Display],2.06,,,,0
2026-07-01,GroundTruth,GroundTruth Display,2.06,2.06,,,0
2026-04-01,,0326 - MGMPLUS -  AMERICAN CLASSIC PROMO - MGMPHD363384 - MOVIES ,2.06,,2.06,,0
2025-10-01,,2509 - MGMPLUS - BILLY THE KID S3 TRAILER Cutdown - MGMPHD363273 (MOVIES),2.06,,,,0
2025-04-01,Beeswax,Beeswax - CTV - Open Auction (Charter Political),2.01,,,,0
2025-07-01,Infillion,Bidswitch - MW [Display],2.0,,,0.06,0
2025-01-01,Bidswitch,Bidswitch - CTV - 1st Price,1.98,,,,0
2026-07-01,ZetaBidswitch,Seedtag,1.96,1.96,,,0
2026-01-01,Marketing Architects -RTB,Marketing Architects - CTV 1st Price - Roku Device Targeting Only,1.96,,,,0
2025-10-01,Stirista,Stirista - MW [Display],1.95,,,,0
2026-04-01,Zeta DSP,Bidswitch - APP 1st Price,1.93,,0.0,,0
2026-01-01,DV360,Bidswitch - APP 1st Price,1.91,,,,0
2025-01-01,Knorex,Bidswitch - MW [Display],1.89,,,,0
2025-04-01,GroundTruth,Groundtruth Video In-App,1.88,,,,0
2025-01-01,Epsilon (Conversant),Conversant Future Today CTV (225391),1.85,,,,0
2025-01-01,IQM,IQM - In-App Video - Open Auction,1.84,,,,0
2026-04-01,Amazon DSP,Bidswitch - APP 1st Price,1.82,,0.74,,0
2025-07-01,Basis Technologies,Centro Video InApp,1.8,,,0.75,0
2026-04-01,Zeta DSP,Bidswitch - APP,1.79,,0.0,,0
2025-07-01,Streamworx Lda.,Bidswitch - MW [Display],1.77,,,1.74,0
2026-07-01,Adtheorent,Ad Theorent - Desktop Video (LQPS Audit),1.72,1.72,,,0
2026-04-01,,0326 - MGMPLUS - AMERICAN CLASSIC TRAILER - MGMPHD363384 - SERIES,1.65,,1.65,,0
2025-04-01,Adform,Bidswitch - MW [Display],1.64,,,,0
2025-01-01,Media Pulse,Media Pulse - CTV (Samsung $15),1.61,,,,0
2025-01-01,IPONWEB BidCore,Bidswitch - CTV - 1st Price,1.61,,,,0
2026-07-01,IPONWEB BidCore,Bidswitch - CTV - 1st Price,1.6,1.6,,,0
2025-10-01,Knorex,Bidswitch - CTV - 1st Price (Bundle 151908),1.58,,,,0
2025-07-01,Marketing Architects -RTB,Marketing Architects - PlayerWON,1.54,,,0.89,0
2026-04-01,Lemma DSP,Lemma DSP CTV Ad (COPPA),1.53,,0.01,,0
2025-01-01,OnSpot Data,Bidswitch - CTV - 1st Price (Bundle 151908),1.52,,,,0
2026-04-01,Bidswitch,SEEDTAG (DON'T USE),1.52,,,,0
2026-01-01,AdIngenious,Bidswitch - APP Display,1.52,,,,0
2026-07-01,OnSpot Data,Bidswitch - CTV (Charter),1.5,1.5,,,0
2025-01-01,Marketing Architects -RTB,Marketing Architects - PlayerWON,1.48,,,,0
2025-01-01,GroundTruth,Groundtruth Video In-App,1.46,,,,0
2025-10-01,Walmart,TTD - CTV (LG Ads Only),1.46,,,,0
2026-01-01,Stirista,Stirista - Desktop [Display],1.45,,,,0
2025-07-01,OnSpot Data,Bidswitch - Desktop - 1st Price (HB),1.45,,,0.01,0
2026-07-01,Infillion,Bidswitch - APP 1st Price,1.44,1.44,,,0
2025-04-01,Adtheorent,Ad Theorent - Desktop Video (LQPS Audit),1.44,,,,0
2025-10-01,IQM,IQM - In-App Video - Open Auction,1.43,,,,0
2025-07-01,Stirista,Stirista - APP [Display],1.39,,,0.0,0
2026-01-01,Samsung DSP,Bidswitch - CTV - 1st Price (Bundle 151908),1.37,,,,0
2025-01-01,Lemma DSP,Lemma DSP Inapp Video,1.34,,,,0
2025-01-01,IPONWEB BidCore,Bidswitch - MW - 1st Price (HB),1.34,,,,0
2025-01-01,Adtheorent,Ad Theorent - APP Video (LQPS Audit),1.33,,,,0
2026-01-01,Stirista,Stirista - MW [Display],1.33,,,,0
2025-04-01,SmartyAds,SmartyAds - CTV (Fubo),1.33,,,,0
2025-10-01,IPONWEB BidCore,Bidswitch - APP 1st Price,1.32,,,,0
2025-07-01,OnSpot Data,Bidswitch - Seedtag,1.31,,,0.01,0
2025-04-01,Quantcast,Bidswitch - MW [Display],1.3,,,,0
2026-01-01,IQM,IQM - In-App Video - Open Auction,1.24,,,,0
2026-01-01,IPONWEB BidCore,Bidswitch - APP 1st Price,1.22,,,,0
2026-07-01,OnSpot Data,Bidswitch - APP Display,1.18,1.18,,,0
2025-07-01,Stirista,Stirista - Open Auction - OLV (InApp),1.17,,,0.17,0
2026-07-01,IQM,IQM - Web Video - Open Auction,1.15,1.15,,,0
2026-01-01,Quantcast,Bidswitch - MW - 1st Price (HB),1.15,,,,0
2025-10-01,Knorex,Bidswitch - APP 1st Price,1.15,,,,0
2025-01-01,Streamworx Lda.,Bidswitch - Seedtag,1.15,,,,0
2025-10-01,Knorex,Bidswitch - Desktop - 1st Price (HB),1.12,,,,0
2026-07-01,DV360,Bidswitch - Desktop - 1st Price (HB),1.11,1.11,,,0
2025-07-01,IPONWEB BidCore,Bidswitch - CTV (Charter),1.1,,,0.03,0
2026-04-01,Zeta DSP,Bidswitch - Desktop - 1st Price (HB),1.09,,,,0
2025-04-01,OnSpot Data,Bidswitch - CTV (Charter),1.08,,,,0
2026-04-01,Infillion,Bidswitch - APP,1.08,,0.83,,0
2026-01-01,OnSpot Data,Bidswitch - Desktop - 1st Price (HB),1.07,,,,0
2026-04-01,Bidswitch,Bidswitch - APP Display,1.06,,0.32,,0
2025-07-01,Stirista,Stirista - Desktop [Display],1.01,,,0.0,0
2026-01-01,SmartyAds,SmartyAds - CTV (Vizio),0.99,,,,0
2025-10-01,AdIngenious,Bidswitch - APP Display,0.93,,,,0
2025-07-01,IPONWEB BidCore,Bidswitch - Desktop [Display],0.92,,,0.54,0
2026-04-01,DV360,Bidswitch - APP,0.91,,0.08,,0
2025-04-01,AdElement,Bidswitch - MW [Display],0.87,,,,0
2026-01-01,Quantcast,Bidswitch - Desktop [Display],0.86,,,,0
2025-04-01,Media Pulse,Media Pulse - CTV (Samsung $15),0.84,,,,0
2026-07-01,Knorex,Bidswitch - CTV (Charter),0.83,0.83,,,0
2026-01-01,Metax,MetaX A&amp;E Networks $16,0.82,,,,0
2026-07-01,RtbHouse,Seedtag,0.81,0.81,,,0
2025-04-01,Epsilon (Conversant),Conversant Future Today CTV (225790),0.81,,,,0
2025-10-01,Quantcast,Bidswitch - Desktop [Display],0.81,,,,0
2026-07-01,OnSpot Data,Bidswitch - Desktop - 1st Price (HB),0.79,0.79,,,0
2026-01-01,DV360,Bidswitch - CTV (Charter),0.79,,,,0
2025-01-01,BizzClick,BizzClick - CTV (Indirect),0.78,,,,0
2026-04-01,DV360,Bidswitch - APP 1st Price,0.78,,0.12,,0
2026-07-01,Infillion,Bidswitch - APP,0.77,0.77,,,0
2026-01-01,Zeasn,Philips Zeasn,0.76,,,,0
2025-01-01,Infillion,Bidswitch - APP 1st Price,0.75,,,,0
2025-04-01,Between Exchange,Bidswitch - MW - 1st Price (HB),0.75,,,,0
2025-01-01,Epsilon (Conversant),Conversant  Newsy VIZIO CTV (203829),0.74,,,,0
2026-07-01,Infillion,Bidswitch - Desktop [Display],0.73,0.73,,,0
2025-04-01,IQM,IQM - In-App Video - Open Auction,0.71,,,,0
2025-10-01,SmartyAds,SmartyAds - CTV (Fubo),0.71,,,,0
2025-10-01,Knorex,Bidswitch - APP Display,0.71,,,,0
2025-04-01,Bidswitch,Bidswitch - Desktop [Display],0.7,,,,0
2026-04-01,Zeta DSP,Bidswitch - CTV (AMC),0.67,,0.14,,0
2025-04-01,Streamworx Lda.,Bidswitch - APP Display,0.66,,,,0
2026-01-01,Streamworx Lda.,Bidswitch - APP Display,0.66,,,,0
2026-01-01,Adtheorent,Ad Theorent - Desktop Video (LQPS Audit),0.66,,,,0
2025-01-01,Bidswitch,Bidswitch - APP 1st Price,0.66,,,,0
2025-10-01,Zeta DSP,Bidswitch - CTV (AMC),0.65,,,,0
2025-07-01,IPONWEB BidCore,Bidswitch - Seedtag,0.64,,,0.0,0
2025-04-01,Webeye,Bidswitch - APP 1st Price,0.64,,,,0
2025-04-01,Aroscop,Bidswitch - APP Display,0.63,,,,0
2026-04-01,Infillion,Bidswitch - Seedtag,0.6,,0.6,,0
2026-07-01,IQM,IQM - Display - Open Auction,0.59,0.59,,,0
2026-04-01,IPONWEB BidCore,Bidswitch - CTV - 1st Price,0.59,,0.3,,0
2026-07-01,Zeasn,Philips Zeasn,0.58,0.58,,,0
2025-04-01,Epsilon (Conversant),Conversant  Newsy VIZIO CTV (203829),0.56,,,,0
2025-01-01,,CUERVO_DOBEL_NFL_DIC24,0.56,,,,0
2025-10-01,DV360,Bidswitch - CTV (Charter),0.55,,,,0
2026-01-01,IPONWEB BidCore,Bidswitch - Seedtag,0.55,,,,0
2026-07-01,Zeta DSP,Bidswitch - Desktop - 1st Price (HB),0.54,0.54,,,0
2026-01-01,Stirista,Stirista - Open Auction - OLV (InApp),0.54,,,,0
2026-07-01,AdElement,Bidswitch - Desktop [Display],0.52,0.52,,,0
2025-01-01,IPONWEB BidCore,Bidswitch - CTV (Charter),0.52,,,,0
2025-04-01,Walmart,TTD - APP - 1st Price,0.51,,,,0
2026-01-01,Zeta DSP,Bidswitch - APP 1st Price,0.51,,,,0
2025-07-01,Quantcast,Bidswitch - MW - 1st Price (HB),0.51,,,0.1,0
2026-07-01,Samsung DSP,Bidswitch - CTV - 1st Price,0.5,0.5,,,0
2026-07-01,OnSpot Data,Bidswitch - Desktop [Display],0.49,0.49,,,0
2025-07-01,IPONWEB BidCore,Bidswitch - APP,0.49,,,0.0,0
2025-10-01,Madopi,Bidswitch - CTV - 1st Price,0.47,,,,0
2025-04-01,OnSpot Data,Bidswitch - Seedtag,0.46,,,,0
2026-04-01,,0,0.44,,0.28,,0
2026-01-01,,0,0.44,,,,0
2025-01-01,OnSpot Data,Bidswitch - APP Display,0.43,,,,0
2026-04-01,Marketing Architects -RTB,Marketing Architects - CTV 1st Price - Roku Bundles,0.43,,0.41,,0
2026-01-01,Infillion,Bidswitch - Desktop [Display],0.42,,,,0
2025-10-01,Streamworx Lda.,Bidswitch - APP 1st Price,0.42,,,,0
2026-04-01,Walmart,TTD - CTV - oRTB (Canada),0.42,,0.19,,0
2025-07-01,Streamworx Lda.,Bidswitch - Seedtag,0.42,,,,0
2025-04-01,Epsilon (Conversant),Conversant Pluto CTV (204778) (list targeted),0.41,,,,0
2025-01-01,Knorex,Bidswitch - Desktop - 1st Price (HB),0.39,,,,0
2025-01-01,Infillion,Bidswitch - MW - 1st Price (HB),0.39,,,,0
2026-01-01,Stirista,Stirista - APP [Display],0.39,,,,0
2025-01-01,Infillion,Bidswitch - CTV (Charter),0.37,,,,0
2025-07-01,Amazon DSP,Bidswitch - Desktop [Display],0.37,,,0.27,0
2025-01-01,Epsilon (Conversant),Conversant Future Today CTV (225790),0.37,,,,0
2025-10-01,IPONWEB BidCore,Bidswitch - CTV (Charter),0.36,,,,0
2026-07-01,AdIngenious,Bidswitch - APP Display,0.36,0.36,,,0
2025-07-01,Stirista,Stirista - MW [Display],0.35,,,0.0,0
2026-04-01,IQM,IQM - In-App Video - Open Auction,0.34,,0.23,,0
2025-01-01,SmartyAds,SmartyAds - DOOH,0.33,,,,0
2025-01-01,Sharethrough,Sharethrough CTV Video (Client Optimization),0.33,,,,0
2026-01-01,IPONWEB BidCore,Bidswitch - APP,0.32,,,,0
2026-01-01,Amazon DSP,Bidswitch - APP 1st Price,0.32,,,,0
2025-01-01,DeepIntent,DeepIntent - Seedtag,0.32,,,,0
2026-04-01,Quantcast,Bidswitch - APP Display,0.32,,0.0,,0
2025-07-01,OnSpot Data,Bidswitch - APP 1st Price,0.31,,,0.0,0
2026-01-01,Walmart,TTD - CTV (LG Ads Only),0.31,,,,0
2026-01-01,OnSpot Data,Bidswitch - Seedtag,0.31,,,,0
2025-04-01,Adform,Bidswitch - APP Display,0.3,,,,0
2025-07-01,Samsung DSP,Bidswitch - APP Display,0.3,,,0.3,0
2025-10-01,Zeta DSP,Bidswitch - Seedtag,0.3,,,,0
2025-10-01,Infillion,Bidswitch - MW - 1st Price (HB),0.3,,,,0
2025-04-01,OnSpot Data,Bidswitch - APP Display,0.3,,,,0
2026-07-01,DV360,Bidswitch - APP 1st Price,0.29,0.29,,,0
2026-01-01,Amazon DSP,Bidswitch - APP,0.29,,,,0
2026-04-01,Between Exchange,Bidswitch - Desktop [Display],0.29,,0.29,,0
2026-04-01,Knorex,Bidswitch - APP 1st Price,0.29,,0.29,,0
2025-01-01,Lift,Bidswitch - MW [Display],0.29,,,,0
2026-04-01,Stirista,Stirista - APP [Display],0.28,,0.0,,0
2025-10-01,Excelate,Bidswitch - APP Display,0.28,,,,0
2026-07-01,ZetaBidswitch,SEEDTAG (DON'T USE),0.27,0.27,,,0
2026-01-01,Knorex,Bidswitch - APP 1st Price,0.27,,,,0
2026-07-01,Infillion,Bidswitch - MW [Display],0.27,0.27,,,0
2026-01-01,OnSpot Data,Bidswitch - APP Display,0.27,,,,0
2025-01-01,Knorex,Bidswitch - CTV - 1st Price,0.27,,,,0
2026-07-01,Marketperf,Bidswitch - Desktop [Display],0.26,0.26,,,0
2025-04-01,DeepIntent,DeepIntent - Seedtag,0.26,,,,0
2026-07-01,Infillion,Bidswitch - APP Display,0.25,0.25,,,0
2025-01-01,AdElement,Bidswitch - APP Display,0.25,,,,0
2025-01-01,Lift,Bidswitch - Desktop [Display],0.24,,,,0
2025-01-01,Infillion,Bidswitch - APP,0.24,,,,0
2025-07-01,Webeye,Bidswitch - APP 1st Price,0.24,,,0.14,0
2025-10-01,Webeye,Bidswitch - APP 1st Price,0.24,,,,0
2025-04-01,Quantcast,Bidswitch - MW - 1st Price (HB),0.24,,,,0
2026-07-01,Amazon DSP,Bidswitch - MW - 1st Price (HB),0.23,0.23,,,0
2025-10-01,OnSpot Data,Bidswitch - APP Display,0.23,,,,0
2025-10-01,Quantcast,Bidswitch - MW [Display],0.23,,,,0
2026-04-01,Zeta DSP,Bidswitch - APP Display,0.23,,,,0
2025-07-01,Streamworx Lda.,Bidswitch - MW - 1st Price (HB),0.22,,,,0
2025-01-01,Knorex,Bidswitch - Seedtag,0.22,,,,0
2025-04-01,Zeta DSP,Bidswitch - APP 1st Price,0.22,,,,0
2026-04-01,Amazon DSP,Bidswitch - Desktop - 1st Price (HB),0.22,,0.04,,0
2026-01-01,Knorex,Bidswitch - CTV (Charter),0.22,,,,0
2026-01-01,Cepia,Mighty Wheels December 2025,0.22,,,,0
2026-07-01,DV360,Bidswitch - APP,0.21,0.21,,,0
2025-01-01,Aroscop,Bidswitch - Desktop [Display],0.21,,,,0
2025-10-01,Streamworx Lda.,Bidswitch - CTV (Charter),0.21,,,,0
2026-07-01,Walmart,TTD - CTV - oRTB (Canada),0.21,0.21,,,0
2026-04-01,Infillion,Bidswitch - Desktop [Display],0.21,,0.09,,0
2026-01-01,Knorex,Bidswitch - CTV - 1st Price (Bundle 151908),0.21,,,,0
2026-07-01,Adtheorent,Ad Theorent - APP [Display],0.2,0.2,,,0
2026-07-01,Zeta DSP,Bidswitch - CTV (AMC),0.2,0.2,,,0
2025-10-01,IPONWEB BidCore,Bidswitch - Desktop [Display],0.2,,,,0
2025-04-01,Zeta DSP,Bidswitch - CTV (AMC),0.2,,,,0
2026-07-01,Knorex,Bidswitch - APP Display,0.2,0.2,,,0
2025-07-01,Walmart,TTD - APP - 1st Price,0.2,,,0.18,0
2026-04-01,Aroscop,Bidswitch - APP Display,0.19,,0.0,,0
2025-10-01,IPONWEB BidCore,Bidswitch - MW - 1st Price (HB),0.19,,,,0
2025-10-01,IPONWEB BidCore,Bidswitch - APP,0.19,,,,0
2026-07-01,Walmart,TTD - CTV (LATAM),0.19,0.19,,,0
2026-01-01,Epsilon (Conversant),Conversant - CTV - Open Auction (Charter),0.18,,,,0
2025-10-01,Amazon DSP,Bidswitch - Desktop [Display],0.18,,,,0
2026-01-01,Zeta DSP,Bidswitch - CTV (AMC),0.18,,,,0
2025-01-01,Zeta DSP,Bidswitch - APP,0.17,,,,0
2026-07-01,Krush Media,Krush Media Web Video,0.17,0.17,,,0
2026-01-01,Amazon DSP,Bidswitch - Desktop - 1st Price (HB),0.17,,,,0
2026-04-01,Stirista,Stirista - Open Auction - OLV (InApp),0.17,,0.11,,0
2026-01-01,Madopi,Bidswitch - CTV - 1st Price,0.17,,,,0
2025-10-01,Marketing Architects -RTB,Marketing Architects - PlayerWON,0.16,,,,0
2025-07-01,Lift,Bidswitch - MW [Display],0.15,,,0.15,0
2025-10-01,OnSpot Data,Bidswitch - CTV (Charter),0.15,,,,0
2025-07-01,Adform,Bidswitch - Seedtag,0.14,,,0.03,0
2025-04-01,Bidswitch,Bidswitch - Seedtag,0.14,,,,0
2025-04-01,Streamworx Lda.,Bidswitch - Desktop - 1st Price (HB),0.14,,,,0
2025-04-01,Streamworx Lda.,Bidswitch - MW - 1st Price (HB),0.14,,,,0
2025-07-01,Zeta DSP,Bidswitch - Seedtag,0.14,,,0.1,0
2026-07-01,,0,0.14,0.14,,,0
2026-04-01,Infillion,Bidswitch - Desktop - 1st Price (HB),0.13,,0.01,,0
2026-04-01,ZetaBidswitch,SEEDTAG (DON'T USE),0.13,,,,0
2025-10-01,,1PlayWorks test,0.13,,,,0
2026-07-01,DV360,Bidswitch - MW - 1st Price (HB),0.13,0.13,,,0
2026-01-01,Walmart,TTD - CTV (Charter),0.13,,,,0
2026-01-01,4INFO,4INFO - CTV - 1st Price,0.13,,,,0
2025-07-01,Bidswitch,Bidswitch - APP Display,0.13,,,0.12,0
2025-07-01,OnSpot Data,Bidswitch - APP,0.12,,,,0
2025-10-01,Knorex,Bidswitch - CTV (Charter),0.12,,,,0
2026-04-01,Krush Media,Krush Media Inapp Video,0.12,,0.0,,0
2026-07-01,Zeta DSP,Bidswitch - APP Display,0.12,0.12,,,0
2026-01-01,OnSpot Data,Bidswitch - CTV (Charter),0.12,,,,0
2025-01-01,BizzClick,BizzClick - App (Indirect),0.12,,,,0
2025-04-01,AdElement,Bidswitch - APP Display,0.11,,,,0
2026-04-01,Amazon DSP,Bidswitch - MW - 1st Price (HB),0.11,,0.11,,0
2025-07-01,Between Exchange,Bidswitch - Desktop [Display],0.11,,,0.03,0
2025-07-01,Knorex,Bidswitch - Desktop - 1st Price (HB),0.11,,,,0
2026-01-01,Adform,Bidswitch - Seedtag,0.11,,,,0
2025-07-01,Samsung DSP,Bidswitch - APP,0.11,,,,0
2025-01-01,Infillion,Bidswitch - Desktop - 1st Price (HB),0.1,,,,0
2026-01-01,IPONWEB BidCore,Bidswitch - CTV (Charter),0.1,,,,0
2026-01-01,Walmart,TTD - CTV (UK) ,0.1,,,,0
2026-01-01,Infillion,Bidswitch - MW [Display],0.1,,,,0
2025-10-01,IPONWEB BidCore,Bidswitch - Desktop - 1st Price (HB),0.1,,,,0
2025-10-01,Adform,Bidswitch - Seedtag,0.1,,,,0
2026-04-01,IPONWEB BidCore,Bidswitch - APP Display,0.1,,0.05,,0
2026-01-01,IPONWEB BidCore,Bidswitch - CTV - 1st Price (Bundle 151908),0.1,,,,0
2025-01-01,Epsilon (Conversant),Conversant Pluto CTV (204778) (list targeted),0.09,,,,0
2025-04-01,Knorex,Bidswitch - Desktop - 1st Price (HB),0.09,,,,0
2025-10-01,Zeta DSP,Bidswitch - APP 1st Price,0.09,,,,0
2025-01-01,Unruly,Unruly InApp 1st Price Video,0.09,,,,0
2025-04-01,Amazon DSP,Bidswitch - MW [Display],0.09,,,,0
2025-04-01,Stirista,Stirista - Open Auction - OLV (Web),0.09,,,,0
2026-04-01,Equativ,SEEDTAG (DON'T USE),0.09,,,,0
2026-04-01,OnSpot Data,Bidswitch - Desktop - 1st Price (HB),0.08,,0.03,,0
2025-07-01,Streamworx Lda.,Bidswitch - APP 1st Price,0.08,,,,0
2026-07-01,Epsilon (Conversant),Conversant - CTV - Open Auction (Charter),0.08,0.08,,,0
2025-07-01,Samsung DSP,Bidswitch - APP 1st Price,0.08,,,,0
2025-04-01,Adform,Bidswitch - MW - 1st Price (HB),0.08,,,,0
2026-07-01,Madopi,Bidswitch - CTV - 1st Price,0.08,0.08,,,0
2025-01-01,Streamworx Lda.,Bidswitch - CTV - 1st Price (Bundle 151908),0.08,,,,0
2025-04-01,OnSpot Data,Bidswitch - Desktop - 1st Price (HB),0.07,,,,0
2025-04-01,Sharethrough,Sharethrough CTV Video (Client Optimization),0.07,,,,0
2025-01-01,IPONWEB BidCore,Bidswitch - Desktop - 1st Price (HB),0.07,,,,0
2026-04-01,Marketing Architects -RTB,Marketing Architects - PlayerWON,0.07,,0.07,,0
2025-07-01,Zeta DSP,Bidswitch - APP 1st Price,0.07,,,0.0,0
2025-10-01,Webeye,Bidswitch - APP,0.07,,,,0
2025-07-01,Zeta DSP,Bidswitch - APP,0.07,,,,0
2026-01-01,Marketing Architects -RTB,Marketing Architects - PlayerWON,0.07,,,,0
2025-07-01,,1PlayWorks test,0.07,,,0.0,0
2025-10-01,Madopi,Bidswitch - MW - 1st Price (HB),0.07,,,,0
2026-01-01,Quantcast,Bidswitch - APP Display,0.07,,,,0
2025-10-01,Walmart,TTD - APP - 1st Price,0.07,,,,0
2026-04-01,Samsung DSP,Bidswitch - APP,0.07,,0.04,,0
2025-07-01,Streamworx Lda.,Bidswitch - CTV - 1st Price (Bundle 151908),0.07,,,0.0,0
2025-07-01,Between Exchange,Bidswitch - Seedtag,0.06,,,0.02,0
2025-01-01,OnSpot Data,Bidswitch - Desktop - 1st Price (HB),0.06,,,,0
2026-04-01,Walmart,TTD - CTV (LATAM),0.06,,0.03,,0
2025-07-01,Stirista,Stirista - Open Auction - OLV (Web),0.06,,,0.01,0
2025-07-01,Bidswitch,Bidswitch - Desktop [Display],0.06,,,0.02,0
2025-07-01,Webeye,Bidswitch - APP,0.06,,,0.0,0
2025-07-01,Adform,Bidswitch - MW - 1st Price (HB),0.06,,,0.0,0
2026-04-01,Epsilon (Conversant),Conversant - CTV - Open Auction (Charter),0.06,,0.02,,0
2025-10-01,Samsung DSP,Bidswitch - Desktop - 1st Price (HB),0.06,,,,0
2025-10-01,Zeta DSP,Bidswitch - APP,0.06,,,,0
2025-10-01,IPONWEB BidCore,Bidswitch - CTV (AMC),0.06,,,,0
2025-04-01,IPONWEB BidCore,Bidswitch - CTV (Charter),0.06,,,,0
2026-01-01,,1PlayWorks test,0.06,,,,0
2026-07-01,Aroscop,Bidswitch - APP Display,0.05,0.05,,,0
2025-04-01,Knorex,Bidswitch - MW - 1st Price (HB),0.05,,,,0
2025-04-01,Epsilon (Conversant),Conversant Future Today CTV (225835),0.05,,,,0
2026-04-01,Webeye,Bidswitch - APP 1st Price,0.05,,0.0,,0
2026-01-01,Samsung DSP,Bidswitch - APP,0.05,,,,0
2026-04-01,Streamworx Lda.,Bidswitch - CTV (Charter),0.05,,0.05,,0
2026-07-01,IPONWEB BidCore,Bidswitch - APP Display,0.05,0.05,,,0
2026-04-01,DV360,Bidswitch - MW - 1st Price (HB),0.05,,0.03,,0
2026-07-01,Bidswitch,Bidswitch - APP Display,0.05,0.05,,,0
2025-10-01,Cepia,Mighty Wheels September 2025 Dub01,0.05,,,,0
2025-04-01,Samsung DSP,Bidswitch - CTV - 1st Price (Bundle 151908),0.04,,,,0
2025-01-01,Bidswitch,Bidswitch - Desktop [Display],0.04,,,,0
2026-04-01,Stirista,Stirista - Desktop [Display],0.04,,0.01,,0
2025-10-01,Samsung DSP,Bidswitch - APP,0.04,,,,0
2025-10-01,Cepia,Mighty Wheels September 2025,0.04,,,,0
2025-01-01,Amazon DSP,Bidswitch - Desktop [Display],0.04,,,,0
2025-04-01,Epsilon (Conversant),Conversant Future Today CTV (225834),0.04,,,,0
2025-01-01,Knorex,Bidswitch - MW - 1st Price (HB),0.04,,,,0
2025-04-01,Bidswitch,Bidswitch - APP 1st Price,0.04,,,,0
2026-01-01,Walmart,TTD - CTV - oRTB (Canada),0.04,,,,0
2025-04-01,Epsilon (Conversant),Conversant Future Today CTV (225389),0.04,,,,0
2026-01-01,Streamworx Lda.,Bidswitch - APP 1st Price,0.04,,,,0
2025-04-01,IPONWEB BidCore,Bidswitch - Desktop - 1st Price (HB),0.04,,,,0
2026-01-01,Zeta DSP,Bidswitch - APP,0.04,,,,0
2026-04-01,Stirista,Stirista - MW [Display],0.04,,0.0,,0
2026-07-01,Stirista,Stirista - Open Auction - OLV (Web),0.04,0.04,,,0
2026-04-01,Samsung DSP,Bidswitch - APP 1st Price,0.04,,0.03,,0
2026-01-01,Madopi,Bidswitch - Desktop [Display],0.04,,,,0
2026-01-01,Infillion,Bidswitch - CTV - 1st Price (Bundle 151908),0.04,,,,0
2026-04-01,Streamworx Lda.,Bidswitch - APP,0.03,,0.03,,0
2025-10-01,Infillion,Bidswitch - Desktop [Display],0.03,,,,0
2026-01-01,Madopi,Bidswitch - MW [Display],0.03,,,,0
2026-04-01,Streamworx Lda.,Bidswitch - APP 1st Price,0.03,,0.03,,0
2026-01-01,Bidswitch,Bidswitch - APP Display,0.03,,,,0
2025-07-01,DeepIntent,DeepIntent - Seedtag,0.03,,,0.01,0
2025-04-01,Adform,Bidswitch - Seedtag,0.03,,,,0
2025-01-01,Adform,Bidswitch - MW [Display],0.03,,,,0
2025-07-01,Knorex,Bidswitch - MW - 1st Price (HB),0.03,,,,0
2025-04-01,DV360,Bidswitch - CTV (Charter),0.03,,,,0
2025-07-01,Zeta DSP,Bidswitch - CTV (AMC),0.03,,,0.0,0
2026-07-01,Webeye,Bidswitch - APP Display,0.03,0.03,,,0
2025-07-01,Amazon DSP,Bidswitch -RTB- Getintent-Whitelist- Web Display,0.03,,,0.0,0
2025-01-01,Epsilon (Conversant),Conversant Future Today CTV (225389),0.03,,,,0
2025-10-01,Stirista,Stirista - Open Auction - OLV (InApp),0.03,,,,0
2025-10-01,Between Exchange,Bidswitch - Seedtag,0.03,,,,0
2026-04-01,Sharethrough,Equative CTV Video (copy),0.03,,,,0
2026-07-01,Stirista,Stirista - APP [Display],0.03,0.03,,,0
2026-01-01,Samsung DSP,Bidswitch - APP 1st Price,0.03,,,,0
2026-01-01,Samsung DSP,Bidswitch - Desktop - 1st Price (HB),0.03,,,,0
2025-10-01,Madopi,Bidswitch - CTV - 1st Price (Bundle 151908),0.03,,,,0
2025-01-01,Samsung DSP,Bidswitch - CTV - 1st Price (Bundle 151908),0.03,,,,0
2025-04-01,Epsilon (Conversant),Conversant Future Today CTV (225500),0.02,,,,0
2025-10-01,Adform,Bidswitch - Desktop [Display],0.02,,,,0
2026-01-01,Excelate,Bidswitch - Seedtag,0.02,,,,0
2025-01-01,Streamworx Lda.,Bidswitch - APP 1st Price,0.02,,,,0
2025-07-01,DV360,Bidswitch - CTV (Charter),0.02,,,0.0,0
2025-10-01,Amazon DSP,Bidswitch -RTB- Getintent-Whitelist- Web Display,0.02,,,,0
2025-04-01,Lift,Bidswitch - MW [Display],0.02,,,,0
2025-10-01,Cepia,Mighty Wheels September 2025 Dub02,0.02,,,,0
2026-04-01,Walmart,TTD - CTV (Charter),0.02,,0.0,,0
2026-07-01,Bidswitch,Bidswitch - Desktop [Display],0.02,0.02,,,0
2025-07-01,Adform,Bidswitch - MW [Display],0.02,,,0.0,0
2026-01-01,Knorex,Bidswitch - Desktop - 1st Price (HB),0.02,,,,0
2026-04-01,IPONWEB BidCore,Bidswitch - CTV (Charter),0.02,,,,0
2025-04-01,Between Exchange,Bidswitch - Seedtag,0.02,,,,0
2025-10-01,Samsung DSP,Bidswitch - MW - 1st Price (HB),0.02,,,,0
2025-01-01,Epsilon (Conversant),Conversant Future Today CTV (225834),0.02,,,,0
2026-01-01,IPONWEB BidCore,Bidswitch - Desktop [Display],0.02,,,,0
2025-10-01,Quantcast,Bidswitch - APP,0.02,,,,0
2025-04-01,Adform,Bidswitch - Desktop [Display],0.02,,,,0
2026-04-01,Infillion,Bidswitch - MW [Display],0.02,,0.01,,0
2026-07-01,Lemma DSP,Lemma DSP CTV Ad (COPPA),0.02,0.02,,,0
2026-04-01,Madopi,Bidswitch - CTV (Charter),0.02,,,,0
2025-07-01,Bidswitch,Bidswitch - Desktop - 1st Price (HB),0.02,,,0.0,0
2025-01-01,Metax,MetaX A&amp;E Networks $16,0.02,,,,0
2026-01-01,Marketing Architects -RTB,Marketing Architects - CTV 1st Price - Roku Bundles,0.02,,,,0
2025-04-01,Xandr,Xandr STB VOD,0.02,,,,0
2025-01-01,Bidswitch,Bidswitch - APP,0.02,,,,0
2025-10-01,Streamworx Lda.,Bidswitch - Desktop - 1st Price (HB),0.02,,,,0
2026-01-01,OnSpot Data,Bidswitch - MW - 1st Price (HB),0.02,,,,0
2025-01-01,Webeye,Bidswitch - APP 1st Price,0.02,,,,0
2025-04-01,Streamworx Lda.,Bidswitch - APP,0.02,,,,0
2025-10-01,Knorex,Bidswitch - MW - 1st Price (HB),0.02,,,,0
2026-04-01,Quantcast,Bidswitch - APP 1st Price,0.02,,0.0,,0
2026-07-01,IPONWEB BidCore,Bidswitch - Desktop - 1st Price (HB),0.02,0.02,,,0
2025-10-01,Madopi,Bidswitch - APP 1st Price,0.02,,,,0
2025-07-01,Infillion,Bidswitch - CTV (Charter),0.02,,,0.0,0
2025-10-01,Quantcast,Bidswitch - APP 1st Price,0.02,,,,0
2025-01-01,DV360,Bidswitch - STB VOD,0.02,,,,0
2025-07-01,Lift,Bidswitch - Desktop [Display],0.02,,,0.02,0
2026-01-01,IPONWEB BidCore,Bidswitch - Desktop - 1st Price (HB),0.02,,,,0
2025-10-01,Infillion,Bidswitch - CTV (Charter),0.02,,,,0
2025-01-01,Webeye,Bidswitch - APP,0.02,,,,0
2025-01-01,Epsilon (Conversant),Conversant Future Today CTV (225835),0.02,,,,0
2025-10-01,Adform,Bidswitch - CTV - 1st Price,0.02,,,,0
2025-04-01,Bidswitch,Bidswitch - CTV - 1st Price,0.02,,,,0
2026-04-01,Webeye,Bidswitch - CTV - 1st Price,0.02,,0.02,,0
2026-04-01,Bidswitch,Bidswitch - Desktop - 1st Price (HB),0.01,,0.0,,0
2025-07-01,Streamworx Lda.,Bidswitch - Desktop [Display],0.01,,,,0
2026-04-01,Between Exchange,Bidswitch - APP,0.01,,,,0
2025-10-01,Bidswitch,Bidswitch - Desktop - 1st Price (HB),0.01,,,,0
2025-04-01,Zeta DSP,Bidswitch - APP,0.01,,,,0
2025-10-01,Streamworx Lda.,Bidswitch - APP Display,0.01,,,,0
2025-07-01,Between Exchange,Bidswitch - Desktop - 1st Price (HB),0.01,,,,0
2025-10-01,OnSpot Data,Bidswitch - MW - 1st Price (HB),0.01,,,,0
2025-10-01,Samsung DSP,Bidswitch - APP 1st Price,0.01,,,,0
2025-04-01,Zeta DSP,Bidswitch - MW [Display],0.01,,,,0
2025-07-01,Quantcast,Bidswitch - APP Display,0.01,,,0.0,0
2025-10-01,Adform,Bidswitch - Desktop - 1st Price (HB),0.01,,,,0
2025-04-01,Bidswitch,Bidswitch - MW - 1st Price (HB),0.01,,,,0
2025-10-01,Bidswitch,Bidswitch - MW - 1st Price (HB),0.01,,,,0
2026-01-01,Walmart,TTD - CTV (LATAM),0.01,,,,0
2025-10-01,Between Exchange,Bidswitch - MW - 1st Price (HB),0.01,,,,0
2025-07-01,Zeta DSP,Bidswitch - MW - 1st Price (HB),0.01,,,,0
2026-07-01,IPONWEB BidCore,Bidswitch - CTV (Charter),0.01,0.01,,,0
2025-07-01,Knorex,Bidswitch - Desktop [Display],0.01,,,,0
2025-01-01,Amazon DSP,Bidswitch - APP Display,0.01,,,,0
2025-10-01,Bidswitch,Bidswitch - APP 1st Price,0.01,,,,0
2026-01-01,IPONWEB BidCore,Bidswitch - MW [Display],0.01,,,,0
2026-01-01,Amazon DSP,Bidswitch - MW - 1st Price (HB),0.01,,,,0
2025-07-01,Between Exchange,Bidswitch - MW [Display],0.01,,,0.0,0
2025-01-01,Stirista,Stirista - Open Auction - OLV (Web),0.01,,,,0
2026-07-01,SamsungBidswitch,Seedtag,0.01,0.01,,,0
2026-04-01,Equative,Equative InApp Video (Open Auction) (copy),0.01,,,,0
2026-01-01,Webeye,Bidswitch - APP,0.01,,,,0
2026-04-01,Knorex,Bidswitch - Desktop - 1st Price (HB),0.01,,0.01,,0
2026-01-01,IPONWEB BidCore,Bidswitch - APP Display,0.01,,,,0
2026-07-01,AdElement,Bidswitch - APP Display,0.01,0.01,,,0
2025-04-01,Samsung DSP,Bidswitch - APP 1st Price,0.01,,,,0
2026-04-01,Stirista,Stirista - Open Auction - OLV (Web),0.01,,0.0,,0
2025-01-01,Xandr,Xandr STB VOD,0.01,,,,0
2026-07-01,IPONWEB BidCore,Bidswitch - APP 1st Price,0.01,0.01,,,0
2025-04-01,Inspiritum,Bidswitch - APP Display,0.01,,,,0
2026-01-01,Quantcast,Bidswitch - MW [Display],0.01,,,,0
2026-07-01,Webeye,Bidswitch - APP 1st Price,0.01,0.01,,,0
2025-04-01,IPONWEB BidCore,Bidswitch - APP 1st Price,0.01,,,,0
2026-01-01,Webeye,Bidswitch - APP 1st Price,0.01,,,,0
2025-07-01,OnSpot Data,Bidswitch - APP Display,0.01,,,0.0,0
2026-07-01,Bidswitch,Bidswitch - CTV - 1st Price,0.01,0.01,,,0
2026-01-01,Madopi,Bidswitch - CTV - 1st Price (Bundle 151908),0.01,,,,0
2026-04-01,Knorex,Bidswitch - APP,0.01,,0.01,,0
2026-04-01,Quantcast,Bidswitch - APP,0.01,,0.01,,0
2025-04-01,IPONWEB BidCore,Bidswitch - CTV - 1st Price (Bundle 151908),0.01,,,,0
