quarter,advertiser,ad_name,rev_gross,rev_qtd_current,rev_qtd_prev_qtd,rev_qtd_prev_year,impressions
2026-04-01,PubMatic ST,CTV SeedTag,1086148.97,,150348.3,,0
2026-04-01,Viant,Viant - CTV - 1st Price,850294.16,,105412.7,,0
2025-07-01,Viant,Viant - CTV - 1st Price,837228.04,,,132581.83,0
2025-10-01,TheTradeDesk,TTD - CTV (1st Price),772022.37,,,,0
2025-10-01,Viant,Viant - CTV - 1st Price,732169.46,,,,0
2025-01-01,Viant,Viant - CTV - 1st Price,726492.85,,,,0
2026-04-01,StackAdapt,StackAdapt - CTV - Open Auction,653158.22,,62918.06,,0
2025-04-01,Viant,Viant - CTV - 1st Price,648717.79,,,,0
2025-07-01,TheTradeDesk,TTD - CTV (1st Price),628795.89,,,87190.39,0
2026-01-01,PubMatic ST,CTV SeedTag,551738.58,,,,0
2026-01-01,Viant,Viant - CTV - 1st Price,521454.41,,,,0
2025-10-01,PubMatic ST,CTV SeedTag,517384.86,,,,0
2026-01-01,TheTradeDesk,TTD - CTV (1st Price),515489.42,,,,0
2025-04-01,TheTradeDesk,TTD - CTV (1st Price),513884.78,,,,0
2026-01-01,StackAdapt,StackAdapt - CTV - Open Auction,446024.25,,,,0
2025-01-01,TheTradeDesk,TTD - CTV (1st Price),418309.83,,,,0
2025-10-01,StackAdapt,StackAdapt - CTV - Open Auction,382867.33,,,,0
2026-04-01,TheTradeDesk,TTD - CTV (1st Price),351977.68,,36553.58,,0
2025-07-01,Epsilon (Conversant),Conversant - Web - Open Auction - Seedtag,273831.28,,,12416.82,0
2025-07-01,PubMatic ST,CTV SeedTag,231282.24,,,,0
2025-10-01,LoopMe,LoopMe - Open Auction - CTV,222608.37,,,,0
2025-01-01,Marketing Architects -RTB,Marketing Architects - CTV 1st Price,218721.89,,,,0
2025-04-01,SimpliFi,SimpliFi - CTV - 1st Price,205432.01,,,,0
2026-04-01,Beeswax,Beeswax - CTV - Open Auction EAST,204716.91,,29405.4,,0
2025-07-01,StackAdapt,StackAdapt - CTV - Open Auction,193883.27,,,29262.35,0
2025-04-01,Zeta DSP,Bidswitch - CTV - 1st Price,181928.01,,,,0
2025-04-01,Basis Technologies,Basis - CTV - oRTB - (US),168684.98,,,,0
2026-01-01,Amobee,Amobee - CTV - 1st Price,166137.93,,,,0
2025-07-01,SimpliFi,SimpliFi - CTV - 1st Price,165260.68,,,22162.61,0
2025-10-01,Amobee,Amobee - CTV - 1st Price,160900.29,,,,0
2025-01-01,Zeta DSP,Bidswitch - CTV - 1st Price,156185.31,,,,0
2026-01-01,Marketing Architects -RTB,Marketing Architects - CTV 1st Price,149503.29,,,,0
2025-10-01,Basis Technologies,Basis - CTV - oRTB - (US),149298.25,,,,0
2025-07-01,Basis Technologies,Basis - CTV - oRTB - (US),148690.22,,,15848.57,0
2026-07-01,PubMatic ST,CTV SeedTag,145844.14,145844.14,,,0
2025-04-01,Marketing Architects -RTB,Marketing Architects - CTV 1st Price,145212.04,,,,0
2026-01-01,Beeswax,Beeswax - CTV - Open Auction EAST,140460.06,,,,0
2026-04-01,Amobee,Amobee - CTV - 1st Price,135177.92,,12130.13,,0
2025-01-01,Beeswax,Beeswax - CTV - Open Auction EAST,134734.43,,,,0
2026-01-01,Zeta DSP,Bidswitch - CTV - 1st Price,127194.32,,,,0
2025-10-01,Lemma DSP,Lemma DSP CTV Ad,120984.36,,,,0
2025-07-01,Marketing Architects -RTB,Marketing Architects - CTV 1st Price,120450.48,,,22067.58,0
2025-04-01,StackAdapt,StackAdapt - CTV - Open Auction,119340.46,,,,0
2025-07-01,LoopMe,LoopMe - Open Auction - CTV,119310.18,,,14473.43,0
2025-10-01,Beeswax,Beeswax - CTV - Open Auction EAST,115947.14,,,,0
2025-04-01,Epsilon (Conversant),Conversant - Web - Open Auction - Seedtag,114755.27,,,,0
2025-10-01,DV360,Bidswitch - CTV - 1st Price,112199.73,,,,0
2025-01-01,Epsilon (Conversant),Conversant - CTV - Open Auction,108863.59,,,,0
2025-10-01,SimpliFi,SimpliFi - CTV - 1st Price,102354.66,,,,0
2026-07-01,StackAdapt,StackAdapt - CTV - Open Auction,102027.86,102027.86,,,0
2025-07-01,Zeta DSP,Bidswitch - CTV - 1st Price,97947.92,,,21831.2,0
2025-10-01,Epsilon (Conversant),Conversant - CTV - Open Auction,94128.33,,,,0
2025-10-01,Marketing Architects -RTB,Marketing Architects - CTV 1st Price,92085.11,,,,0
2025-01-01,Basis Technologies,Basis - CTV - oRTB - (US),90595.5,,,,0
2026-01-01,Basis Technologies,Basis - CTV - oRTB - (US),90166.34,,,,0
2025-07-01,Lemma DSP,Lemma DSP CTV Ad,86676.82,,,12791.37,0
2025-01-01,Epsilon (Conversant),Conversant Pluto CTV (204778),86013.35,,,,0
2025-10-01,Epsilon (Conversant),Conversant - Web - Open Auction - Seedtag,83357.19,,,,0
2025-04-01,LoopMe,LoopMe - Open Auction - CTV,81278.79,,,,0
2025-04-01,Epsilon (Conversant),Conversant - CTV - Open Auction,80806.41,,,,0
2025-07-01,Beeswax,Beeswax - CTV - Open Auction EAST,80548.81,,,4026.06,0
2026-07-01,Viant,Viant - CTV - 1st Price,80219.05,80219.05,,,0
2025-07-01,DV360,Bidswitch - CTV - 1st Price,79284.29,,,13959.95,0
2025-07-01,Adtelligent,Adtelligent - CTV - A+E Networks $15,78019.52,,,12954.02,0
2025-04-01,Adtelligent,Adtelligent - CTV - A+E Networks $15,76484.78,,,,0
2025-07-01,Epsilon (Conversant),Conversant - CTV - Open Auction,74666.58,,,5260.65,0
2026-04-01,Beeswax,Beeswax UR Improvement Tier 1 (High UR),72443.27,,10565.34,,0
2025-07-01,TheTradeDesk,TTD - APP [Display],72434.24,,,13856.06,0
2025-10-01,Sharethrough,Sharethrough CTV Video,72355.07,,,,0
2025-04-01,Viant,Viant - MW,70604.72,,,,0
2025-04-01,Xandr,Xandr CTV,70478.15,,,,0
2025-04-01,Basis Technologies,Centro Video Web (1st Price),69850.64,,,,0
2025-04-01,Lemma DSP,Lemma DSP CTV Ad,69659.35,,,,0
2025-01-01,Viant,Viant - MW,69307.55,,,,0
2026-01-01,LoopMe,LoopMe - Open Auction - CTV,68511.43,,,,0
2025-04-01,TheTradeDesk,TTD - APP [Display],68491.03,,,,0
2025-10-01,Xandr,Xandr CTV,66091.95,,,,0
2025-04-01,Viant,Viant - Desktop,65928.35,,,,0
2025-01-01,LoopMe,LoopMe - Open Auction - CTV,64408.15,,,,0
2025-10-01,Zeta DSP,Bidswitch - CTV - 1st Price,63811.49,,,,0
2025-10-01,Yahoo DSP,Yahoo - In-App,63737.44,,,,0
2025-01-01,DV360,Bidswitch - CTV - 1st Price,62821.78,,,,0
2025-04-01,Basis Technologies,Centro Display Web,62052.85,,,,0
2025-01-01,Basis Technologies,Centro Video Web (1st Price),61199.87,,,,0
2025-04-01,GroundTruth,GroundTruth Video CTV,60923.33,,,,0
2026-04-01,Basis Technologies,Basis - CTV - oRTB - (US),60216.71,,7030.28,,0
2025-07-01,Amobee,Amobee - CTV - 1st Price,59019.82,,,9926.12,0
2025-01-01,StackAdapt,StackAdapt - CTV - Open Auction,58897.79,,,,0
2025-01-01,Basis Technologies,Centro Display Web,58633.14,,,,0
2025-07-01,Viant,Viant - MW,58354.72,,,6618.36,0
2026-04-01,Zeta DSP,Bidswitch - CTV - 1st Price,58107.54,,25976.32,,0
2025-01-01,Lemma DSP,Lemma DSP CTV Ad,57444.87,,,,0
2025-04-01,DV360,Bidswitch - CTV - 1st Price,56220.98,,,,0
2025-10-01,Amazon DSP,Bidswitch - Seedtag,55513.72,,,,0
2025-07-01,4INFO,4INFO - CTV - 1st Price,55162.75,,,2187.74,0
2026-04-01,Beeswax,Beeswax UR Improvement Tier 2 (Mid UR),55061.37,,5363.18,,0
2025-10-01,Beeswax,Beeswax UR Improvement Tier 1 (High UR),55056.2,,,,0
2025-04-01,Epsilon (Conversant),Conversant Pluto CTV (204778),53770.67,,,,0
2025-10-01,Beeswax,Beeswax UR Improvement Tier 2 (Mid UR),52688.32,,,,0
2025-01-01,Adtelligent,Adtelligent - CTV - A+E Networks $15,51856.03,,,,0
2026-01-01,Beeswax,Beeswax UR Improvement Tier 1 (High UR),51036.99,,,,0
2025-07-01,Sharethrough,Sharethrough CTV Video,50359.87,,,3441.03,0
2025-07-01,Amazon DSP,Bidswitch - APP 1st Price,50178.21,,,1736.63,0
2025-04-01,Beeswax,Beeswax - CTV - Open Auction EAST,49925.96,,,,0
2025-07-01,Beeswax,Beeswax UR Improvement Tier 1 (High UR),48410.52,,,1800.62,0
2026-01-01,Yahoo DSP,Yahoo - In-App,47935.54,,,,0
2025-07-01,DV360,Bidswitch - Seedtag,47674.08,,,6993.17,0
2026-04-01,Adtelligent,Adtelligent - CTV - A+E Networks $15,46356.77,,11283.06,,0
2025-10-01,Viant,Viant - MW,45994.34,,,,0
2025-04-01,Adtheorent,Ad Theorent - CTV - 1st Price,45503.33,,,,0
2025-01-01,Infillion,Bidswitch - CTV - 1st Price,44930.11,,,,0
2026-01-01,DV360,Bidswitch - Seedtag,44622.93,,,,0
2026-07-01,TheTradeDesk,TTD - CTV (1st Price),43547.45,43547.45,,,0
2026-01-01,Xandr,Xandr CTV,42381.13,,,,0
2026-04-01,Beeswax,Beeswax - CTV - Open Auction WEST,42354.53,,,,0
2025-07-01,Basis Technologies,Centro Video Web (1st Price),42055.61,,,6495.08,0
2025-10-01,Viant,Viant - MW - 1st Price,41869.34,,,,0
2025-01-01,Viant,Viant - Desktop,41752.49,,,,0
2025-07-01,Xandr,Xandr CTV,41404.62,,,11335.39,0
2025-01-01,Xandr,Xandr CTV,41205.0,,,,0
2026-01-01,TheTradeDesk,TTD - APP,41135.07,,,,0
2026-04-01,Yahoo DSP,Yahoo - In-App,40874.92,,3617.04,,0
2025-07-01,Viant,Viant - Desktop,40731.41,,,11352.84,0
2025-07-01,Basis Technologies,Centro Display Web,40697.25,,,6806.22,0
2026-01-01,Beeswax,Beeswax UR Improvement Tier 2 (Mid UR),40055.14,,,,0
2025-04-01,Amobee,Amobee - CTV - 1st Price,39451.27,,,,0
2025-10-01,Basis Technologies,Centro Video Web (1st Price),39067.85,,,,0
2026-01-01,Sharethrough,Sharethrough CTV Video,38880.56,,,,0
2025-10-01,Yahoo DSP,Yahoo - CTV - Open Auction,38801.14,,,,0
2026-04-01,Sharethrough,Sharethrough CTV Video,38557.57,,12766.8,,0
2026-01-01,Lemma DSP,Lemma DSP CTV Ad,38293.23,,,,0
2025-07-01,TheTradeDesk,TTD - APP,38003.95,,,6473.87,0
2025-04-01,Beeswax,Beeswax UR Improvement Tier 2 (Mid UR),37719.25,,,,0
2026-07-01,Pubmatic,SEEDTAG (DON'T USE),37233.06,37233.06,,,0
2026-07-01,Amobee,Amobee - CTV - 1st Price,36995.75,36995.75,,,0
2026-04-01,DV360,Bidswitch - CTV - 1st Price,36394.91,,2825.72,,0
2025-10-01,Adtelligent,Adtelligent - CTV - A+E Networks $15,36286.48,,,,0
2025-04-01,GroundTruth,GroundTruth Video CTV - No LatLong,35388.9,,,,0
2025-10-01,TheTradeDesk,TTD - APP,35346.22,,,,0
2025-04-01,TheTradeDesk,TTD - APP,35133.22,,,,0
2026-04-01,TheTradeDesk,TTD - APP [Display],34942.94,,5802.17,,0
2025-10-01,TheTradeDesk,TTD - APP [Display],34628.31,,,,0
2026-07-01,Pubmatic,Seedtag,34495.44,34495.44,,,0
2025-01-01,Adtheorent,Ad Theorent - Desktop/MW Display,34116.47,,,,0
2025-01-01,Epsilon (Conversant),Conversant - Web - Open Auction - Video,32728.78,,,,0
2025-10-01,GroundTruth,GroundTruth Video CTV,32145.59,,,,0
2026-01-01,Adtelligent,Adtelligent - CTV - A+E Networks $15,31489.85,,,,0
2025-01-01,GroundTruth,GroundTruth Video CTV,31356.62,,,,0
2025-07-01,Beeswax,Beeswax UR Improvement Tier 2 (Mid UR),30946.39,,,3301.2,0
2025-04-01,Amazon DSP,Bidswitch - Seedtag,30453.0,,,,0
2025-01-01,SimpliFi,SimpliFi - CTV - 1st Price,30399.33,,,,0
2025-07-01,GroundTruth,GroundTruth Video CTV,30202.41,,,4653.09,0
2025-04-01,Amazon DSP,Bidswitch - APP 1st Price,28936.14,,,,0
2025-07-01,Walmart,TTD - CTV (1st Price),28641.7,,,11561.2,0
2025-01-01,TheTradeDesk,TTD - APP [Display],28431.74,,,,0
2025-10-01,Sharethrough,Sharethrough Web (Open Auction),27310.8,,,,0
2025-01-01,DV360,Bidswitch - Desktop - 1st Price (HB),26865.95,,,,0
2025-01-01,Yahoo DSP,Yahoo - CTV - Open Auction,26551.63,,,,0
2026-07-01,Beeswax,Beeswax - CTV - Open Auction EAST,26405.28,26405.28,,,0
2026-04-01,Xandr,Xandr CTV,26382.13,,4685.9,,0
2025-07-01,TheTradeDesk,TTD - Desktop - 1st Price (HB),26208.75,,,4507.66,0
2025-04-01,Sharethrough,Sharethrough Web (Open Auction),25973.27,,,,0
2026-07-01,Beeswax,Beeswax - CTV - Open Auction WEST,25802.77,25802.77,,,0
2025-01-01,Beeswax,Beeswax - CTV - Open Auction - Paramount,25778.73,,,,0
2025-07-01,Viant,Viant - MW - 1st Price,25393.85,,,5.91,0
2026-01-01,TheTradeDesk,TTD - APP [Display],24315.25,,,,0
2026-01-01,Basis Technologies,Centro Video Web (1st Price),24093.44,,,,0
2025-01-01,SundaySky,SundaySky - Desktop - 1st Price,23854.06,,,,0
2025-01-01,Amobee,Amobee - CTV - 1st Price,23844.94,,,,0
2025-04-01,DV360,Bidswitch - Seedtag,23811.84,,,,0
2025-07-01,Amazon DSP,Bidswitch - Seedtag,23716.91,,,4495.46,0
2026-01-01,Amazon DSP,Bidswitch - Seedtag,23296.89,,,,0
2025-01-01,Viant,Viant - APP,23121.94,,,,0
2025-01-01,GroundTruth,GroundTruth Video CTV - No LatLong,23054.67,,,,0
2026-01-01,DV360,Bidswitch - CTV - 1st Price,22947.96,,,,0
2025-07-01,Adtheorent,Ad Theorent - CTV - 1st Price,22709.76,,,5754.61,0
2026-01-01,StackAdapt,StackAdapt - CTV - Open Auction - Efficiency Monitoring,22276.0,,,,0
2026-04-01,Viant,Viant - CTV (Charter),22273.03,,3003.51,,0
2025-07-01,TheTradeDesk,TTD - CTV (LG Ads Only),22164.19,,,8704.61,0
2025-04-01,SmartyAds,SmartyAds - CTV (Samsung),22068.46,,,,0
2025-04-01,Walmart,TTD - CTV (1st Price),21872.67,,,,0
2025-10-01,DV360,Bidswitch - Seedtag,21758.45,,,,0
2025-01-01,TheTradeDesk,TTD - APP,21452.1,,,,0
2025-04-01,SimpliFi,SimpliFi - APP [Display],21071.47,,,,0
2025-04-01,Basis Technologies,Centro Display InApp,20745.94,,,,0
2025-01-01,Viant,Viant - MW [Display],20510.09,,,,0
2026-04-01,StackAdapt,StackAdapt - CTV - Open Auction - Efficiency Monitoring,20307.66,,3699.32,,0
2026-01-01,Viant,Viant - MW - 1st Price,20044.57,,,,0
2025-01-01,MadHive,MadHive - CTV - 1st Price,20017.68,,,,0
2025-04-01,TheTradeDesk,TTD - Desktop - 1st Price (HB),19583.34,,,,0
2025-04-01,Yahoo DSP,Yahoo - CTV - Open Auction,18856.36,,,,0
2026-04-01,Pubmatic,SEEDTAG (DON'T USE),18766.15,,,,0
2026-01-01,Viant,Viant - MW,18710.77,,,,0
2026-04-01,Adtelligent,Adtelligent - CTV (Price Targeted),18679.1,,2695.04,,0
2025-04-01,MadHive,MadHive - CTV - 1st Price,18141.71,,,,0
2025-10-01,SmartyAds,SmartyAds - CTV (Samsung),17932.55,,,,0
2025-10-01,TheTradeDesk,TTD - Desktop - 1st Price (HB),17832.01,,,,0
2025-07-01,Yahoo DSP,Yahoo - CTV - Open Auction,17808.06,,,2292.95,0
2025-07-01,Sharethrough,Sharethrough Web (Open Auction),17377.03,,,1581.84,0
2026-04-01,Lemma DSP,Lemma DSP CTV Ad,17319.05,,2880.47,,0
2025-01-01,TheTradeDesk,TTD - MW [Display],17248.85,,,,0
2025-10-01,StackAdapt,StackAdapt - CTV - Open Auction - Efficiency Monitoring,17121.87,,,,0
2026-01-01,StackAdapt,StackAdapt - CTV - Open Auction (Canada),16457.28,,,,0
2025-07-01,SmartyAds,SmartyAds - CTV (Samsung),16054.19,,,736.6,0
2025-10-01,StackAdapt,StackAdapt - CTV - Open Auction (Canada),16016.79,,,,0
2025-07-01,SimpliFi,SimpliFi - Web (1st Price),15739.7,,,2104.08,0
2025-10-01,Yahoo DSP,Yahoo - Desktop MW - Open Auction,15667.88,,,,0
2025-10-01,Viant,Viant - Desktop,15429.85,,,,0
2025-04-01,Adtheorent,Ad Theorent - Desktop/MW Display,15222.54,,,,0
2025-07-01,Quantcast,Bidswitch - Seedtag,15120.17,,,1265.74,0
2025-04-01,Seedtag,Seedtag - Open Auction-  Ads.txt Updated CTV Supply  ,14942.23,,,,0
2025-04-01,SimpliFi,SimpliFi - Web (1st Price),14899.71,,,,0
2025-04-01,MadHive,MadHive - CTV - 1st Price (Paramount OA),14791.57,,,,0
2025-07-01,StackAdapt,StackAdapt - CTV - Open Auction - Efficiency Monitoring,14505.32,,,693.64,0
2025-07-01,SundaySky,SundaySky - MW - 1st Price,14359.28,,,2249.31,0
2025-04-01,Sharethrough,Sharethrough InApp Video (Open Auction),14342.79,,,,0
2025-01-01,Seedtag,Seedtag - Open Auction - CTV,14213.18,,,,0
2025-07-01,Basis Technologies,Centro Display InApp,14176.13,,,2174.64,0
2026-07-01,Beeswax,Beeswax UR Improvement Tier 2 (Mid UR),14128.37,14128.37,,,0
2025-10-01,Amazon DSP,Bidswitch - MW - 1st Price (HB),14124.97,,,,0
2025-04-01,Viant,Viant - APP [Display],13910.18,,,,0
2025-10-01,Adtheorent,Ad Theorent - CTV - 1st Price,13887.72,,,,0
2025-07-01,Amazon DSP,Bidswitch - MW - 1st Price (HB),13836.78,,,349.31,0
2025-01-01,Adtheorent,Ad Theorent - Desktop/MW - 1st Price,13815.1,,,,0
2025-01-01,Yahoo DSP,Yahoo - Desktop MW - Open Auction,13480.1,,,,0
2026-04-01,Adtheorent,Ad Theorent - CTV - 1st Price,13336.36,,1059.31,,0
2025-04-01,SundaySky,SundaySky - MW - 1st Price,13292.25,,,,0
2025-04-01,Adtheorent,Ad Theorent - Desktop/MW - 1st Price,13279.99,,,,0
2025-07-01,SundaySky,SundaySky - Desktop - 1st Price,13275.89,,,2343.14,0
2025-01-01,Basis Technologies,Centro Display InApp,13250.99,,,,0
2025-04-01,Marketing Architects -RTB,Marketing Architects - CTV - EW Scripps LAT,12992.87,,,,0
2025-07-01,LoopMe,LoopMe DSP Lottery Campaign copy (deal mimic),12645.8,,,110.54,0
2025-07-01,SimpliFi,SimpliFi - APP [Display],12643.9,,,3091.9,0
2026-04-01,TheTradeDesk,TTD - APP,12331.25,,1931.87,,0
2025-01-01,Adtheorent,Ad Theorent - CTV - 1st Price,12222.47,,,,0
2025-01-01,Demandbase,DemandBase - CTV,11980.54,,,,0
2025-04-01,Sharethrough,Sharethrough CTV Video,11942.95,,,,0
2026-04-01,Viant,Viant - MW - 1st Price,11926.2,,2283.49,,0
2025-10-01,Viant,Viant - Desktop - 1st Price,11916.28,,,,0
2025-01-01,Viant,Viant - Desktop [Display],11870.75,,,,0
2025-10-01,Quantcast,Bidswitch - Seedtag,11848.98,,,,0
2025-07-01,TheTradeDesk,TTD - MW - 1st Price (HB),11832.96,,,1335.98,0
2026-01-01,Lemma DSP,Lemma DSP Inapp Video,11819.95,,,,0
2025-01-01,Sharethrough,Sharethrough InApp Video (Open Auction),11810.92,,,,0
2025-01-01,MadHive,MadHive - CTV - 1st Price (Paramount OA),11743.89,,,,0
2025-10-01,Basis Technologies,Centro Display InApp,11536.73,,,,0
2025-04-01,Infillion,Bidswitch - CTV - 1st Price,11526.9,,,,0
2025-01-01,SimpliFi,SimpliFi - APP [Display],11503.17,,,,0
2026-01-01,Viant,Viant - Desktop - 1st Price,11403.33,,,,0
2025-04-01,Viant,Viant - APP,11310.44,,,,0
2025-04-01,TheTradeDesk,TTD - MW [Display],11166.05,,,,0
2025-04-01,Amazon DSP,Bidswitch - MW - 1st Price (HB),11023.23,,,,0
2026-07-01,Yahoo DSP,Yahoo - In-App,10974.33,10974.33,,,0
2026-01-01,Sharethrough,Sharethrough Web (Open Auction),10940.0,,,,0
2026-01-01,Adtheorent,Ad Theorent - CTV - 1st Price,10877.45,,,,0
2025-07-01,Sharethrough,Sharethrough InApp Video (Open Auction),10865.36,,,1032.03,0
2026-07-01,DV360,Bidswitch - CTV - 1st Price,10821.67,10821.67,,,0
2025-04-01,Marketing Architects -RTB,Marketing Architects - OTT,10773.31,,,,0
2025-07-01,Sharethrough,Sharethrough CTV Video - Shamrock Farms Bundle Optimized,10674.47,,,1873.03,0
2026-04-01,Viant,Viant - MW,10564.17,,2017.01,,0
2025-04-01,Walmart,TTD - APP [Display],10541.76,,,,0
2025-04-01,SundaySky,SundaySky - Desktop - 1st Price,10532.98,,,,0
2025-01-01,SimpliFi,SimpliFi - Web (1st Price),10421.26,,,,0
2025-04-01,SimpliFi,SimpliFi - APP - 1st Price,10125.94,,,,0
2026-07-01,Basis Technologies,Basis - CTV - oRTB - (US),9965.62,9965.62,,,0
2025-01-01,SmartyAds,SmartyAds - CTV (Samsung),9901.62,,,,0
2025-07-01,SimpliFi,SimpliFi - APP - 1st Price,9852.24,,,1339.81,0
2025-10-01,SimpliFi,SimpliFi - Web (1st Price),9815.63,,,,0
2025-04-01,TheTradeDesk,TTD - CTV (LG Ads Only),9694.7,,,,0
2025-10-01,Adtheorent,Ad Theorent - Desktop/MW - 1st Price,9605.09,,,,0
2025-07-01,Adtheorent,Ad Theorent - Desktop/MW - 1st Price,9572.0,,,1441.27,0
2026-01-01,Viant,Viant - CTV (Charter),9383.87,,,,0
2025-07-01,TheTradeDesk,TTD - CTV - oRTB (Canada),9196.52,,,,0
2025-04-01,Viant,Viant - MW [Display],9166.4,,,,0
2025-07-01,TheTradeDesk,TTD - MW [Display],9120.45,,,1701.73,0
2025-07-01,MadHive,MadHive - CTV - 1st Price,8983.18,,,1138.58,0
2025-10-01,SmartyAds,SmartyAds - CTV (Canada),8964.78,,,,0
2025-01-01,Sharethrough,Sharethrough Web (Open Auction),8783.81,,,,0
2025-07-01,Walmart,TTD - APP [Display],8519.93,,,1671.22,0
2025-07-01,Viant,Viant - Desktop - 1st Price,8518.56,,,17.81,0
2025-10-01,Infillion,Bidswitch - CTV - 1st Price,8290.06,,,,0
2026-01-01,Adtheorent,Ad Theorent - Desktop/MW - 1st Price,8103.11,,,,0
2026-01-01,Viant,Viant - Desktop,7942.79,,,,0
2025-01-01,TheTradeDesk,TTD - Desktop [Display],7763.52,,,,0
2025-04-01,Sharethrough,Sharethrough CTV Video - Shamrock Farms Bundle Optimized,7720.87,,,,0
2025-07-01,Walmart,TTD - APP,7612.08,,,323.17,0
2026-01-01,LoopMe,LoopMe DSP Lottery Campaign copy (deal mimic),7500.86,,,,0
2026-04-01,Adtheorent,Ad Theorent - Desktop/MW - 1st Price,7491.41,,2371.11,,0
2025-04-01,Beeswax,Beeswax UR Improvement Tier 1 (High UR),7473.88,,,,0
2025-01-01,Viant,Viant - APP [Display],7424.42,,,,0
2026-04-01,Marketing Architects -RTB,Marketing Architects - CTV 1st Price,7389.44,,2164.83,,0
2025-04-01,Seedtag,Seedtag - Open Auction - CTV,7360.35,,,,0
2025-10-01,SundaySky,SundaySky - Desktop - 1st Price,7357.72,,,,0
2026-04-01,Yahoo DSP,Yahoo - CTV - Open Auction- Efficiency Monitoring,7352.24,,378.67,,0
2026-01-01,TheTradeDesk,TTD - CTV - oRTB (Canada),7334.66,,,,0
2025-10-01,TheTradeDesk,TTD - MW - 1st Price (HB),7282.69,,,,0
2025-01-01,Epsilon (Conversant),Conversant - Web - Open Auction - Display,7182.51,,,,0
2025-01-01,Storygize,Storygize - MW (1st Price),7163.56,,,,0
2025-10-01,SimpliFi,SimpliFi - APP - 1st Price,7124.79,,,,0
2025-01-01,TheTradeDesk,TTD - CTV (Charter),7123.59,,,,0
2025-07-01,Adtheorent,Ad Theorent - Desktop/MW Display,7041.35,,,1964.43,0
2025-10-01,Epsilon (Conversant),Conversant - InApp - Open Auction,6986.92,,,,0
2025-10-01,Viant,Viant - CTV (Charter),6983.35,,,,0
2025-10-01,Demandbase,DemandBase - CTV,6916.53,,,,0
2025-01-01,TheTradeDesk,TTD - CTV (LG Ads Only),6893.65,,,,0
2025-10-01,SundaySky,SundaySky - MW - 1st Price,6840.34,,,,0
2025-04-01,SmartyAds,SmartyAds - CTV (Paramount),6765.35,,,,0
2026-04-01,StackAdapt,StackAdapt - CTV - Open Auction (Canada),6714.88,,542.54,,0
2025-01-01,StackAdapt,StackAdapt - Desktop - Open Auction,6640.35,,,,0
2026-01-01,Epsilon (Conversant),Conversant - InApp - Open Auction,6622.94,,,,0
2025-07-01,Epsilon (Conversant),Conversant Pluto CTV (204778),6594.07,,,1447.15,0
2026-04-01,LoopMe,LoopMe - Open Auction - CTV,6591.98,,2276.0,,0
2026-01-01,Walmart,TTD - CTV (1st Price),6587.63,,,,0
2025-07-01,MadHive,MadHive - CTV - 1st Price (Paramount OA),6582.45,,,1830.93,0
2026-01-01,Epsilon (Conversant),Conversant - CTV - Open Auction,6483.02,,,,0
2025-01-01,SundaySky,SundaySky - MW - 1st Price,6446.53,,,,0
2026-01-01,TheTradeDesk,TTD - Desktop - 1st Price (HB),6445.74,,,,0
2025-01-01,TheTradeDesk,TTD - MW - 1st Price (HB),6335.52,,,,0
2025-01-01,SimpliFi,SimpliFi - MW [Display],6328.83,,,,0
2025-01-01,Walmart,TTD - CTV (1st Price),6285.88,,,,0
2026-04-01,Lemma DSP,Lemma DSP Inapp Video,6269.04,,977.93,,0
2025-07-01,SmartyAds,SmartyAds - CTV (Paramount),6178.04,,,855.01,0
2026-01-01,Octillion,Octillion - CTV - Open,6141.13,,,,0
2025-01-01,GroundTruth,GroundTruth Video CTV - Efficiency Monitoring,6021.47,,,,0
2025-01-01,TheTradeDesk,TTD - Desktop - 1st Price (HB),6018.53,,,,0
2026-01-01,Quantcast,Bidswitch - Seedtag,5986.28,,,,0
2026-01-01,TheTradeDesk,TTD - MW - 1st Price (HB),5828.87,,,,0
2025-04-01,TheTradeDesk,TTD - Desktop [Display],5767.68,,,,0
2025-07-01,Viant,Viant - APP,5675.46,,,181.21,0
2025-01-01,DV360,Bidswitch - MW [Display],5620.8,,,,0
2026-01-01,TheTradeDesk,TTD - CTV (LG Ads Only),5598.48,,,,0
2025-10-01,TheTradeDesk,TTD - CTV (LG Ads Only),5593.31,,,,0
2025-10-01,Sharethrough,Sharethrough CTV Video - Shamrock Farms Bundle Optimized,5484.83,,,,0
2026-04-01,Epsilon (Conversant),Conversant - CTV - Open Auction,5294.83,,1877.7,,0
2026-07-01,Adtelligent,Adtelligent - CTV - A+E Networks $15,5283.32,5283.32,,,0
2025-07-01,SimpliFi,SimpliFi - MW [Display],5221.06,,,757.69,0
2025-10-01,Basis Technologies,Centro Display Web,5195.09,,,,0
2025-10-01,TheTradeDesk,TTD - CTV - oRTB (Canada),5191.85,,,,0
2025-07-01,Viant,Viant - MW [Display],5164.45,,,1121.97,0
2025-10-01,Adtelligent,Adtelligent - CTV,5154.41,,,,0
2025-04-01,SmartyAds,SmartyAds - CTV (Streaming Apps),5139.83,,,,0
2025-01-01,SimpliFi,SimpliFi - APP - 1st Price,5127.86,,,,0
2026-07-01,StackAdapt,SEEDTAG (DON'T USE),5107.03,5107.03,,,0
2025-07-01,StackAdapt,StackAdapt - CTV - Open Auction (Canada),5044.66,,,,0
2025-01-01,SimpliFi,SimpliFi - CTV - 1st Price (Glewed),5009.02,,,,0
2025-04-01,Viant,Viant - Desktop [Display],4997.01,,,,0
2026-04-01,SmartyAds,SmartyAds - CTV (Plex),4921.37,,153.4,,0
2025-04-01,StackAdapt,StackAdapt - Desktop - Open Auction,4838.21,,,,0
2026-01-01,Yahoo DSP,Yahoo - CTV - Open Auction,4783.17,,,,0
2026-04-01,OnSpot Data,Bidswitch - CTV - 1st Price,4726.98,,321.63,,0
2026-04-01,Basis Technologies,Centro Video Web (1st Price),4720.01,,2139.44,,0
2025-04-01,StackAdapt,StackAdapt - CTV - Open Auction - Efficiency Monitoring,4707.33,,,,0
2025-04-01,SimpliFi,SimpliFi - MW [Display],4682.49,,,,0
2025-04-01,SmartyAds,SmartyAds - CTV (1st Price),4668.27,,,,0
2025-04-01,535Media,535Media - oRTB CTV,4651.16,,,,0
2025-07-01,Infillion,Bidswitch - CTV - 1st Price,4611.95,,,1215.02,0
2025-07-01,SimpliFi,SimpliFi - Seedtag,4574.47,,,635.96,0
2026-04-01,Yahoo DSP,Yahoo - CTV - Open Auction,4572.18,,265.52,,0
2025-04-01,Epsilon (Conversant),Conversant - CTV - Open Auction (Charter),4557.02,,,,0
2025-04-01,SimpliFi,SimpliFi - Seedtag,4515.57,,,,0
2026-01-01,Basis Technologies,Centro Display InApp,4502.85,,,,0
2025-04-01,DV360,Bidswitch - MW [Display],4458.79,,,,0
2026-04-01,StackAdapt,SEEDTAG (DON'T USE),4423.76,,,,0
2025-04-01,Epsilon (Conversant),Conversant - InApp - Open Auction,4390.86,,,,0
2025-10-01,DV360,Bidswitch - Desktop - 1st Price (HB),4371.9,,,,0
2026-07-01,Xandr,Xandr CTV,4350.71,4350.71,,,0
2026-04-01,DV360,Bidswitch - Seedtag,4336.92,,2540.5,,0
2025-01-01,Seedtag,Seedtag - Open Auction-  Ads.txt Updated CTV Supply  ,4334.77,,,,0
2026-04-01,Adtelligent,Adtelligent - CTV,4289.31,,546.88,,0
2025-01-01,SimpliFi,SimpliFi - Desktop [Display],4260.71,,,,0
2025-01-01,DV360,Bidswitch - Desktop [Display],4242.02,,,,0
2026-04-01,TheTradeDesk,TTD - Desktop - 1st Price (HB),4211.62,,499.22,,0
2025-04-01,Adtheorent,Ad Theorent - APP [Display],4171.81,,,,0
2026-04-01,TheTradeDesk,TTD - CTV (UK) ,4167.93,,234.99,,0
2026-01-01,Epsilon (Conversant),Conversant - Web - Open Auction - Seedtag,4072.18,,,,0
2025-04-01,Epsilon (Conversant),Conversant - Web - Open Auction - Display,4058.18,,,,0
2025-10-01,Octillion,Octillion - CTV - Open,4029.29,,,,0
2026-01-01,Sharethrough,Sharethrough InApp Video (Open Auction),3985.81,,,,0
2025-10-01,Amazon DSP,Bidswitch - APP 1st Price,3966.11,,,,0
2026-04-01,Sharethrough,Sharethrough Web (Open Auction),3957.94,,1899.23,,0
2025-01-01,Amobee,Amobee - Desktop/MW [Display],3933.28,,,,0
2025-10-01,Yahoo DSP,Yahoo - CTV - Open Auction- Efficiency Monitoring,3928.98,,,,0
2025-07-01,Viant,Viant - APP [Display],3926.54,,,1215.11,0
2025-04-01,TheTradeDesk,TTD - CTV (Charter),3914.39,,,,0
2025-01-01,Adtheorent,Ad Theorent - APP [Display],3879.53,,,,0
2025-07-01,StackAdapt,StackAdapt - Desktop - Open Auction,3859.42,,,1231.89,0
2026-04-01,Demandbase,DemandBase - CTV,3857.77,,215.75,,0
2025-04-01,Beeswax,Beeswax - CTV - Open Auction - Paramount,3766.97,,,,0
2026-07-01,TheTradeDesk,TTD - APP [Display],3737.95,3737.95,,,0
2026-01-01,Beeswax,Beeswax UR Improvement Tier 3 (Low UR),3724.72,,,,0
2025-07-01,SimpliFi,SimpliFi - Desktop [Display],3723.39,,,440.89,0
2025-10-01,SmartyAds,SmartyAds - CTV (Plex),3722.28,,,,0
2025-10-01,Viant,Viant - MW [Display],3649.44,,,,0
2025-07-01,Adtelligent,Adtelligent - CTV,3640.08,,,1.09,0
2026-04-01,Octillion,Octillion - CTV - Open,3501.23,,790.56,,0
2025-07-01,Viant,Viant - APP - 1st Price,3491.91,,,1028.48,0
2026-07-01,Beeswax,Beeswax UR Improvement Tier 1 (High UR),3466.52,3466.52,,,0
2025-01-01,Adtheorent,Ad Theorent - APP Video 1st Price,3449.21,,,,0
2025-04-01,TheTradeDesk,TTD - Seedtag - Pub ID Swap Test,3439.48,,,,0
2026-07-01,StackAdapt,StackAdapt - CTV - Open Auction - Efficiency Monitoring,3431.11,3431.11,,,0
2025-04-01,Amazon DSP,Bidswitch - APP,3421.47,,,,0
2025-01-01,OnSpot Data,Bidswitch - CTV - 1st Price,3405.38,,,,0
2025-01-01,Epsilon (Conversant),Conversant - InApp - Open Auction,3381.3,,,,0
2025-10-01,Yahoo DSP,Yahoo - Desktop MW - Open Auction - Efficiency Monitoring,3367.85,,,,0
2025-04-01,Walmart,TTD - APP,3363.92,,,,0
2025-04-01,SimpliFi,SimpliFi - Desktop [Display],3305.65,,,,0
2025-07-01,IPONWEB BidCore,Bidswitch - CTV - 1st Price,3281.85,,,13.01,0
2025-10-01,TheTradeDesk,TTD - CTV (Charter),3268.07,,,,0
2026-04-01,TheTradeDesk,TTD - MW - 1st Price (HB),3260.38,,657.15,,0
2025-07-01,SmartyAds,SmartyAds - CTV (1st Price),3257.45,,,589.14,0
2026-07-01,StackAdapt,Seedtag,3232.12,3232.12,,,0
2025-07-01,SmartyAds,SmartyAds - CTV (Streaming Apps),3224.79,,,322.0,0
2026-04-01,GroundTruth,GroundTruth Video CTV,3212.31,,902.25,,0
2025-10-01,Viant,Viant - APP [Display],3191.07,,,,0
2026-07-01,Adtheorent,Ad Theorent - CTV - 1st Price,3180.76,3180.76,,,0
2025-04-01,Yahoo DSP,Yahoo - Desktop MW - Open Auction,3159.6,,,,0
2026-01-01,TheTradeDesk,TTD - MW [Display],3145.31,,,,0
2025-04-01,TheTradeDesk,TTD - MW - 1st Price (HB),3136.12,,,,0
2025-10-01,LoopMe,LoopMe DSP Lottery Campaign copy (deal mimic),3114.94,,,,0
2026-04-01,TheTradeDesk,TTD - MW [Display],3105.87,,945.83,,0
2025-10-01,SmartyAds,SmartyAds - CTV (1st Price),3089.71,,,,0
2025-10-01,SmartyAds,SmartyAds - CTV (Paramount),3074.85,,,,0
2025-04-01,SmartyAds,SmartyAds - (Seedtag),3044.51,,,,0
2026-07-01,Yahoo DSP,Seedtag,3030.83,3030.83,,,0
2026-04-01,Yahoo DSP,Yahoo - Desktop MW - Open Auction - Efficiency Monitoring,3005.63,,201.07,,0
2025-04-01,DV360,Bidswitch - Desktop [Display],3000.7,,,,0
2026-01-01,Yahoo DSP,Yahoo - CTV - Open Auction- Efficiency Monitoring,2941.74,,,,0
2026-04-01,Viant,Viant - Desktop,2941.08,,655.82,,0
2025-10-01,Walmart,TTD - APP [Display],2904.75,,,,0
2025-04-01,Viant,Viant - APP - 1st Price,2898.33,,,,0
2026-01-01,Viant,Viant - MW [Display],2897.51,,,,0
2025-01-01,StackAdapt,StackAdapt - CTV - Open Auction - Efficiency Monitoring,2893.32,,,,0
2025-07-01,GroundTruth,GroundTruth Video CTV - No LatLong,2843.97,,,2843.97,0
2025-07-01,DV360,Bidswitch - APP 1st Price,2807.73,,,225.39,0
2025-10-01,SmartyAds,SmartyAds - CTV (Streaming Apps),2789.78,,,,0
2026-04-01,Yahoo DSP,Yahoo - Desktop MW - Open Auction,2779.85,,203.03,,0
2025-04-01,DV360,Bidswitch - APP 1st Price,2757.91,,,,0
2025-01-01,Beeswax,Beeswax - App - Open Auction,2757.85,,,,0
2025-01-01,535Media,535Media - oRTB CTV,2740.25,,,,0
2025-04-01,DV360,Bidswitch - APP,2721.19,,,,0
2026-07-01,TheTradeDesk,TTD - CTV - oRTB (Canada),2705.88,2705.88,,,0
2026-04-01,Epsilon (Conversant),Conversant - Web - Open Auction - Seedtag,2703.6,,1295.42,,0
2026-04-01,Viant,Viant - MW [Display],2698.63,,413.47,,0
2025-01-01,SmartyAds,SmartyAds - CTV (1st Price),2650.04,,,,0
2025-10-01,Marketing Architects -RTB,Marketing Architects - OTT,2649.73,,,,0
2025-07-01,SmartyAds,SmartyAds - (Seedtag),2597.73,,,310.53,0
2025-10-01,TheTradeDesk,TTD - MW [Display],2594.24,,,,0
2026-01-01,GroundTruth,GroundTruth Video CTV,2588.82,,,,0
2025-07-01,Epsilon (Conversant),Conversant - Web - Open Auction - Display,2560.45,,,394.47,0
2025-01-01,Beeswax,Beeswax - Display - Desktop/MW,2546.21,,,,0
2025-10-01,Lemma DSP,Lemma DSP Inapp Video,2535.41,,,,0
2026-01-01,TheTradeDesk,TTD - Desktop [Display],2517.64,,,,0
2025-10-01,Beeswax,Beeswax UR Improvement Tier 3 (Low UR),2511.0,,,,0
2026-01-01,Adtelligent,Adtelligent - CTV,2474.59,,,,0
2025-01-01,Adtelligent,Adtelligent - CTV,2469.23,,,,0
2025-01-01,SmartyAds,SmartyAds - CTV (Paramount),2464.42,,,,0
2025-07-01,Viant,Viant - CTV (Charter),2433.35,,,122.16,0
2025-04-01,Viant,Viant - CTV (Charter),2433.13,,,,0
2025-07-01,DV360,Bidswitch - MW [Display],2416.29,,,951.73,0
2026-07-01,Adtelligent,Adtelligent - CTV (Price Targeted),2399.53,2399.53,,,0
2025-01-01,Storygize,Storygize - Desktop (1st Price),2396.76,,,,0
2026-01-01,Demandbase,DemandBase - CTV,2386.18,,,,0
2026-01-01,Basis Technologies,Basis - CTV - oRTB - (Canada),2368.93,,,,0
2026-04-01,TheTradeDesk,TTD - Desktop [Display],2367.17,,685.73,,0
2026-04-01,TheTradeDesk,TTD - CTV (LATAM),2353.86,,699.79,,0
2025-01-01,Viant,Viant - CTV (Charter),2346.75,,,,0
2025-07-01,Krush Media,Krush Media Video - CTV Direct (700),2344.03,,,578.56,0
2025-04-01,OnSpot Data,Bidswitch - CTV - 1st Price,2342.86,,,,0
2025-01-01,DV360,Bidswitch - MW - 1st Price (HB),2324.87,,,,0
2026-01-01,Adtelligent,Adtelligent - CTV (Price Targeted),2314.66,,,,0
2025-07-01,Yahoo DSP,Yahoo - Desktop MW - Open Auction,2269.7,,,254.19,0
2026-07-01,Yahoo DSP,SEEDTAG (DON'T USE),2267.57,2267.57,,,0
2026-01-01,Yahoo DSP,Yahoo - Desktop MW - Open Auction - Efficiency Monitoring,2264.28,,,,0
2025-10-01,DV360,Bidswitch - CTV - 1st Price (Bundle 151908),2256.39,,,,0
2025-07-01,Marketing Architects -RTB,Marketing Architects - CTV - EW Scripps LAT,2250.37,,,554.69,0
2025-10-01,Adtelligent,Adtelligent - CTV (Price Targeted),2212.06,,,,0
2026-04-01,Basis Technologies,Centro Display InApp,2191.02,,83.14,,0
2025-01-01,DV360,Bidswitch - APP Display,2181.39,,,,0
2025-04-01,Krush Media,Krush Media Video - CTV Direct (700),2167.66,,,,0
2025-01-01,Sharethrough,Sharethrough CTV Video - Targeting away from Not Approved list,2162.91,,,,0
2025-01-01,Epsilon (Conversant),Conversant - CTV - Open Auction (Charter),2143.0,,,,0
2026-04-01,Viant,Viant - Desktop - 1st Price,2117.99,,733.94,,0
2025-10-01,Sharethrough,Sharethrough InApp Video (Open Auction),2113.19,,,,0
2025-07-01,Epsilon (Conversant),Conversant - InApp - Open Auction,2099.19,,,373.39,0
2025-01-01,GroundTruth,GroundTruth Display,2094.19,,,,0
2026-07-01,Zeta DSP,Bidswitch - CTV - 1st Price,2062.85,2062.85,,,0
2026-04-01,Sharethrough,Sharethrough InApp Video (Open Auction),2043.75,,673.8,,0
2025-04-01,4INFO,4INFO - CTV - 1st Price,2019.67,,,,0
2025-04-01,Epsilon (Conversant),Conversant - Web - Open Auction - Video,2011.92,,,,0
2025-01-01,Krush Media,Krush Media Video - CTV Direct (700),1979.4,,,,0
2026-04-01,Walmart,TTD - CTV (1st Price),1978.98,,409.14,,0
2025-10-01,IPONWEB BidCore,Bidswitch - CTV - 1st Price,1943.39,,,,0
2026-04-01,Yahoo DSP,SEEDTAG (DON'T USE),1919.74,,,,0
2025-07-01,Epsilon (Conversant),Conversant Philo CTV (125613),1892.97,,,441.75,0
2026-04-01,TheTradeDesk,SEEDTAG (DON'T USE),1874.46,,,,0
2026-07-01,TheTradeDesk,TTD - APP,1829.3,1829.3,,,0
2025-07-01,DV360,Bidswitch - Desktop [Display],1828.5,,,255.78,0
2026-01-01,Infillion,Bidswitch - CTV - 1st Price,1810.89,,,,0
2026-07-01,Adtelligent,Adtelligent - CTV,1791.78,1791.78,,,0
2025-07-01,Beeswax,Beeswax UR Improvement Tier 3 (Low UR),1785.41,,,41.95,0
2026-01-01,Basis Technologies,Centro Display Web,1778.54,,,,0
2026-01-01,Viant,Viant - APP [Display],1745.49,,,,0
2026-04-01,Viant,Viant - APP [Display],1690.09,,136.31,,0
2025-10-01,Epsilon (Conversant),Conversant - Web - Open Auction - Display,1684.31,,,,0
2025-01-01,TheTradeDesk,TTD - Seedtag - Pub ID Swap Test,1666.47,,,,0
2026-07-01,Sharethrough,Sharethrough CTV Video,1650.06,1650.06,,,0
2026-07-01,Viant,SEEDTAG (DON'T USE),1649.98,1649.98,,,0
2025-04-01,GroundTruth,GroundTruth Video CTV - Efficiency Monitoring,1645.11,,,,0
2026-04-01,TheTradeDesk,TTD - CTV - oRTB (Canada),1634.96,,194.74,,0
2026-04-01,Walmart,TTD - APP [Display],1625.27,,324.18,,0
2025-10-01,TheTradeDesk,TTD - Desktop [Display],1615.92,,,,0
2025-04-01,Adtelligent,Adtelligent - CTV,1612.02,,,,0
2025-04-01,SmartyAds,SmartyAds - Web [Display],1611.23,,,,0
2026-01-01,DeepIntent,DeepIntent CTV OLV Demand,1596.79,,,,0
2025-01-01,Yahoo DSP,Yahoo - Desktop MW - Open Auction - Efficiency Monitoring,1566.76,,,,0
2026-01-01,TheTradeDesk,TTD - CTV (Charter),1533.82,,,,0
2026-04-01,Sharethrough,Sharethrough CTV Video - Shamrock Farms Bundle Optimized,1533.5,,4.21,,0
2026-07-01,DBM,SEEDTAG (DON'T USE),1530.02,1530.02,,,0
2025-10-01,DeepIntent,DeepIntent CTV OLV Demand,1516.88,,,,0
2025-01-01,Marketing Architects -RTB,Marketing Architects - CTV 1st Price (Hearst),1484.56,,,,0
2026-07-01,DBM,Seedtag,1481.84,1481.84,,,0
2025-07-01,Viant,Viant - Desktop [Display],1477.47,,,272.74,0
2025-10-01,Knorex,Bidswitch - Seedtag,1449.71,,,,0
2025-04-01,Lemma DSP,Lemma DSP Inapp Video,1439.89,,,,0
2025-01-01,SmartyAds,SmartyAds - Web [Display],1435.3,,,,0
2026-01-01,TheTradeDesk,TTD - CTV (LATAM),1419.71,,,,0
2026-04-01,Viant,SEEDTAG (DON'T USE),1414.1,,,,0
2025-07-01,Seedtag,Seedtag - Open Auction-  Ads.txt Updated CTV Supply  ,1405.73,,,1184.71,0
2025-04-01,Yahoo DSP,Yahoo - Desktop MW - Open Auction - Efficiency Monitoring,1400.36,,,,0
2026-07-01,Viant,Seedtag,1373.6,1373.6,,,0
2025-04-01,Demandbase,DemandBase - CTV,1365.43,,,,0
2025-01-01,DV360,Bidswitch - Seedtag,1350.96,,,,0
2025-07-01,Epsilon (Conversant),Conversant Vizio CTV (203828),1347.56,,,303.02,0
2025-10-01,Krush Media,Krush Media Web Video,1321.24,,,,0
2026-07-01,Viant,Viant - MW - 1st Price,1302.93,1302.93,,,0
2025-07-01,TheTradeDesk,TTD - Desktop [Display],1300.23,,,508.29,0
2025-04-01,Beeswax,Beeswax UR Improvement Tier 3 (Low UR),1296.98,,,,0
2025-07-01,OnSpot Data,Bidswitch - CTV - 1st Price,1293.37,,,175.86,0
2025-10-01,Krush Media,Krush Media Video - CTV Direct (700),1289.93,,,,0
2025-07-01,Demandbase,DemandBase - CTV,1285.82,,,355.51,0
2025-07-01,DV360,Bidswitch - Desktop - 1st Price (HB),1274.75,,,128.86,0
2026-01-01,Yahoo DSP,Yahoo - Desktop MW - Open Auction,1266.16,,,,0
2025-07-01,Krush Media,Krush Media Web Video,1242.57,,,46.41,0
2025-04-01,Epsilon (Conversant),Conversant Philo CTV (125613),1242.31,,,,0
2025-07-01,Epsilon (Conversant),Conversant - Web - Open Auction - Video,1235.1,,,147.74,0
2025-04-01,DV360,Bidswitch - APP Display,1233.52,,,,0
2026-01-01,Viant,Viant - APP - 1st Price,1221.23,,,,0
2025-10-01,DV360,Bidswitch - MW - 1st Price (HB),1207.59,,,,0
2025-01-01,Adtelligent,Adtelligent - CTV (Fubo),1207.42,,,,0
2026-01-01,Marketing Architects -RTB,Marketing Architects - OTT,1201.4,,,,0
2025-01-01,Amazon DSP,Bidswitch - APP 1st Price,1193.0,,,,0
2025-10-01,StackAdapt,StackAdapt - Desktop - Open Auction,1187.45,,,,0
2026-07-01,Viant,Viant - MW,1165.51,1165.51,,,0
2025-01-01,Beeswax,Beeswax Deal - CTV - TEGNA,1140.89,,,,0
2025-01-01,Viant,Viant - Desktop - 1st Price,1131.24,,,,0
2026-01-01,Viant,Viant - APP,1129.34,,,,0
2025-04-01,Amobee,Amobee - Desktop/MW [Display],1124.71,,,,0
2025-10-01,Viant,Viant - APP,1120.89,,,,0
2026-04-01,Epsilon (Conversant),Conversant - InApp - Open Auction,1120.45,,207.61,,0
2025-07-01,Yahoo DSP,Yahoo - CTV - Open Auction- Efficiency Monitoring,1114.56,,,20.47,0
2025-10-01,Adtheorent,Ad Theorent - Desktop/MW Display,1095.4,,,,0
2026-04-01,DBM,SEEDTAG (DON'T USE),1094.53,,,,0
2025-10-01,Viant,Viant - Desktop [Display],1080.16,,,,0
2025-10-01,Viant,Viant - APP - 1st Price,1078.88,,,,0
2026-01-01,Walmart,TTD - APP [Display],1075.29,,,,0
2025-07-01,SmartyAds,SmartyAds - Web [Display],1072.47,,,149.52,0
2025-04-01,Storygize,Storygize - MW (1st Price),1071.02,,,,0
2025-01-01,SmartyAds,SmartyAds - (Seedtag),1066.66,,,,0
2025-04-01,Storygize,Storygize - Desktop (1st Price),1058.74,,,,0
2025-01-01,Amazon DSP,Bidswitch - MW - 1st Price (HB),1055.76,,,,0
2025-07-01,DV360,Bidswitch - MW - 1st Price (HB),1053.42,,,104.37,0
2025-07-01,SmartyAds,SmartyAds - CTV (Plex),1051.71,,,179.67,0
2026-07-01,Yahoo DSP,Yahoo - Desktop MW - Open Auction,1050.08,1050.08,,,0
2025-07-01,Marketing Architects -RTB,Marketing Architects - OTT,1017.4,,,248.68,0
2025-07-01,Octillion,Octillion - CTV - Open,1014.84,,,51.27,0
2025-10-01,Walmart,TTD - Desktop - 1st Price (HB),1010.9,,,,0
2025-04-01,Beeswax,Beeswax - Display - Desktop/MW,1009.03,,,,0
2025-01-01,SmartyAds,SmartyAds - App [Display],1005.26,,,,0
2025-10-01,OnSpot Data,Bidswitch - CTV - 1st Price,1002.59,,,,0
2026-07-01,LoopMe,LoopMe - Open Auction - CTV,993.57,993.57,,,0
2025-01-01,Amazon DSP,Bidswitch - APP,992.64,,,,0
2026-01-01,Viant,Viant - Desktop [Display],992.04,,,,0
2025-07-01,Yahoo DSP,Yahoo - Desktop MW - Open Auction - Efficiency Monitoring,986.57,,,70.06,0
2026-01-01,Walmart,TTD - APP,984.25,,,,0
2026-04-01,LoopMe,LoopMe DSP Lottery Campaign copy (deal mimic),978.97,,149.47,,0
2025-10-01,4INFO,4INFO - CTV - 1st Price,976.84,,,,0
2025-07-01,TheTradeDesk,TTD - CTV (Charter),887.27,,,100.14,0
2025-10-01,Epsilon (Conversant),Conversant - Web - Open Auction - Video,869.5,,,,0
2025-04-01,Octillion,Octillion - CTV - Open,862.48,,,,0
2025-10-01,Basis Technologies,Basis - CTV - oRTB - (Canada),854.34,,,,0
2025-01-01,Yahoo DSP,Yahoo - CTV - Open Auction- Efficiency Monitoring,841.27,,,,0
2025-07-01,Lemma DSP,Lemma DSP Inapp Video,820.17,,,123.02,0
2026-01-01,SundaySky,SundaySky - MW - 1st Price,817.59,,,,0
2026-07-01,Adtheorent,Ad Theorent - Desktop/MW - 1st Price,817.49,817.49,,,0
2025-01-01,Walmart,TTD - APP [Display],806.13,,,,0
2026-01-01,Epsilon (Conversant),Conversant - Web - Open Auction - Display,802.99,,,,0
2026-04-01,Infillion,Bidswitch - CTV - 1st Price,798.44,,251.44,,0
2026-04-01,Knorex,Bidswitch - CTV - 1st Price,792.46,,87.18,,0
2025-01-01,Octillion,Octillion - CTV - Open,784.16,,,,0
2026-01-01,TheTradeDesk,TTD - CTV (UK) ,783.04,,,,0
2026-04-01,Basis Technologies,Centro Display Web,782.57,,112.93,,0
2025-04-01,DV360,Bidswitch - MW - 1st Price (HB),764.66,,,,0
2026-04-01,Basis Technologies,Basis - CTV - oRTB - (Canada),753.71,,153.91,,0
2025-10-01,Adtheorent,Ad Theorent - APP [Display],741.84,,,,0
2026-01-01,SmartyAds,SmartyAds - CTV (Samsung),741.8,,,,0
2025-07-01,Walmart,TTD - Desktop - 1st Price (HB),731.25,,,176.28,0
2025-01-01,Beeswax,Beeswax - CTV - Open Auction - Efficiency Monitoring,714.19,,,,0
2026-04-01,Viant,Viant - APP - 1st Price,712.45,,128.13,,0
2025-01-01,Amobee,Amobee - Desktop/MW - 1st price,706.09,,,,0
2025-04-01,LoopMe,LoopMe DSP Lottery Campaign copy (deal mimic),699.92,,,,0
2025-10-01,SimpliFi,SimpliFi - APP [Display],667.72,,,,0
2026-04-01,Beeswax,Beeswax UR Improvement Tier 3 (Low UR),648.74,,51.65,,0
2025-07-01,Epsilon (Conversant),Conversant - CTV - Open Auction (Charter),647.45,,,53.02,0
2026-07-01,TheTradeDesk,TTD - Desktop - 1st Price (HB),646.54,646.54,,,0
2025-07-01,535Media,535Media - oRTB CTV,644.87,,,641.2,0
2026-07-01,StackAdapt,StackAdapt - CTV - Open Auction (Canada),633.34,633.34,,,0
2026-04-01,Viant,Viant - APP,630.87,,107.22,,0
2026-01-01,SundaySky,SundaySky - Desktop - 1st Price,629.35,,,,0
2025-10-01,GroundTruth,GroundTruth Video CTV - Efficiency Monitoring,619.07,,,,0
2026-04-01,TheTradeDesk,TTD - CTV (Charter),611.94,,28.18,,0
2025-04-01,IPONWEB BidCore,Bidswitch - CTV - 1st Price,604.86,,,,0
2025-01-01,SmartyAds,SmartyAds - Web Video,603.98,,,,0
2025-01-01,Walmart,TTD - APP,599.99,,,,0
2025-01-01,Krush Media,Krush Media Web Video,594.61,,,,0
2025-04-01,Beeswax,Beeswax Deal - CTV - TEGNA,594.5,,,,0
2025-01-01,Beeswax,Beeswax - Desktop/MW - Open Auction,590.27,,,,0
2025-07-01,GroundTruth,GroundTruth Video CTV - Efficiency Monitoring,583.55,,,56.89,0
2025-04-01,Walmart,TTD - Desktop - 1st Price (HB),583.31,,,,0
2025-01-01,Unruly,Unruly CTV Video,580.13,,,,0
2026-01-01,Knorex,Bidswitch - CTV - 1st Price,575.83,,,,0
2025-04-01,Epsilon (Conversant),Conversant Vizio CTV (203828),571.28,,,,0
2025-04-01,Beeswax,Beeswax - Desktop/MW - Open Auction,566.81,,,,0
2025-10-01,Epsilon (Conversant),Conversant - CTV - Open Auction (Charter),565.39,,,,0
2025-01-01,Yahoo DSP,Yahoo - In-App,557.31,,,,0
2025-07-01,Samsung DSP,Bidswitch - CTV - 1st Price,556.06,,,56.42,0
2025-07-01,SmartyAds,SmartyAds - Web [Display] (Allow List 9.7.21),543.52,,,,0
2026-04-01,StackAdapt,StackAdapt - Desktop - Open Auction,539.68,,47.8,,0
2026-07-01,GroundTruth,GroundTruth Video CTV,534.14,534.14,,,0
2025-10-01,Knorex,Bidswitch - CTV - 1st Price,529.13,,,,0
2026-07-01,Demandbase,DemandBase - CTV,523.3,523.3,,,0
2025-10-01,TheTradeDesk,TTD - CTV (LATAM),517.21,,,,0
2026-01-01,StackAdapt,StackAdapt - Desktop - Open Auction,514.02,,,,0
2026-07-01,Yahoo DSP,Yahoo - Desktop MW - Open Auction - Efficiency Monitoring,507.64,507.64,,,0
2025-07-01,Yahoo DSP,Yahoo - In-App,507.39,,,27.4,0
2025-10-01,SimpliFi,SimpliFi - MW [Display],507.0,,,,0
2025-10-01,Walmart,TTD - APP,505.42,,,,0
2025-01-01,Amobee,Amobee - APP 1st Price,504.89,,,,0
2026-07-01,SmartyAds,SmartyAds - CTV (Plex),500.17,500.17,,,0
2026-01-01,SmartyAds,SmartyAds - CTV (1st Price),499.06,,,,0
2025-04-01,Yahoo DSP,Yahoo - CTV - Open Auction- Efficiency Monitoring,496.28,,,,0
2026-07-01,Yahoo DSP,Yahoo - CTV - Open Auction,494.34,494.34,,,0
2025-10-01,Streamworx Lda.,Bidswitch - CTV - 1st Price,488.06,,,,0
2026-04-01,Viant,Viant - Desktop [Display],487.68,,76.32,,0
2025-10-01,Walmart,TTD - CTV (1st Price),480.86,,,,0
2025-01-01,SimpliFi,SimpliFi - Seedtag,478.25,,,,0
2025-01-01,Viant,Viant - APP - 1st Price,476.59,,,,0
2025-04-01,SimpliFi,SimpliFi - CTV - 1st Price (Glewed),469.82,,,,0
2025-04-01,IPONWEB BidCore,Bidswitch - Seedtag,461.27,,,,0
2026-04-01,Adtheorent,Ad Theorent - APP Video 1st Price,453.08,,39.61,,0
2026-01-01,StackAdapt,StackAdapt - APP - Open Auction,448.02,,,,0
2026-01-01,OnSpot Data,Bidswitch - CTV - 1st Price,437.44,,,,0
2025-01-01,Metax,MetaX Paramount $10.11,435.51,,,,0
2025-01-01,The Media Sense,The Media Sense DSP CTV Ads Direct,430.26,,,,0
2025-04-01,DV360,Bidswitch - Desktop - 1st Price (HB),429.79,,,,0
2025-01-01,Walmart,TTD - Desktop [Display],428.89,,,,0
2025-10-01,SimpliFi,SimpliFi - Desktop [Display],427.23,,,,0
2026-04-01,Adtheorent,Ad Theorent - Desktop/MW Display,422.16,,26.56,,0
2025-10-01,SmartyAds,SmartyAds - Web (Taboola),416.47,,,,0
2025-04-01,Quantcast,Bidswitch - Seedtag,415.97,,,,0
2025-04-01,Yahoo DSP,Yahoo - In-App,403.54,,,,0
2025-07-01,Streamworx Lda.,Bidswitch - CTV - 1st Price,400.47,,,1.8,0
2025-10-01,Metax,MetaX Paramount $10.11,397.91,,,,0
2026-04-01,Marketing Architects -RTB,Marketing Architects - CTV 1st Price - Roku Device Targeting Only,396.36,,145.64,,0
2025-04-01,Adtheorent,Ad Theorent - APP Video 1st Price,396.2,,,,0
2026-07-01,Viant,Viant - APP [Display],395.85,395.85,,,0
2025-07-01,SmartyAds,SmartyAds - Web (Taboola),395.22,,,18.96,0
2026-04-01,Epsilon (Conversant),Conversant - Web - Open Auction - Display,388.71,,76.75,,0
2025-01-01,Walmart,TTD - MW [Display],377.51,,,,0
2026-07-01,Yahoo DSP,Yahoo - CTV - Open Auction- Efficiency Monitoring,374.63,374.63,,,0
2026-07-01,TheTradeDesk,TTD - MW - 1st Price (HB),371.07,371.07,,,0
2025-04-01,Beeswax,Beeswax - App - Open Auction,367.3,,,,0
2025-04-01,StackAdapt,StackAdapt - APP - Open Auction,359.99,,,,0
2026-04-01,Yahoo DSP,Verizon - CTV (Charter),359.44,,1.92,,0
2026-04-01,Amazon DSP,Bidswitch - Seedtag,354.27,,352.54,,0
2025-01-01,IQM,IQM - Display - Open Auction,351.72,,,,0
2025-01-01,Bidswitch,Bidswitch - Desktop - 1st Price (HB),348.37,,,,0
2026-07-01,Walmart,TTD - CTV (1st Price),345.37,345.37,,,0
2025-01-01,LoopMe,LoopMe DSP Lottery Campaign copy (deal mimic),344.83,,,,0
2025-07-01,Adtheorent,Ad Theorent - APP [Display],343.34,,,40.57,0
2026-04-01,Seedtag POC,SEEDTAG (DON'T USE),341.24,,,,0
2025-04-01,Walmart,TTD - CTV (Charter),341.24,,,,0
2025-07-01,Walmart,TTD - CTV (LG Ads Only),339.63,,,124.01,0
2026-07-01,Viant,Viant - Desktop,337.36,337.36,,,0
2025-07-01,SmartyAds,SmartyAds - App (1st Price),332.0,,,11.73,0
2025-10-01,DV360,Bidswitch - APP 1st Price,331.63,,,,0
2025-04-01,Beeswax,Beeswax - CTV - Open Auction - Efficiency Monitoring,329.37,,,,0
2025-10-01,SmartyAds,SmartyAds - Web [Display],328.63,,,,0
2025-04-01,SmartyAds,SmartyAds - App [Display],328.05,,,,0
2026-04-01,DV360,Bidswitch - Desktop [Display],322.46,,5.56,,0
2025-01-01,IQM,IQM - Web Video - Open Auction,318.95,,,,0
2025-01-01,Samsung DSP,Bidswitch - CTV - 1st Price,314.76,,,,0
2026-07-01,TheTradeDesk,TTD - MW [Display],312.67,312.67,,,0
2026-01-01,Adtheorent,Ad Theorent - Desktop/MW Display,307.68,,,,0
2025-04-01,Walmart,TTD - Desktop [Display],307.58,,,,0
2026-07-01,Basis Technologies,Centro Display InApp,299.37,299.37,,,0
2026-07-01,Viant,Viant - MW [Display],294.43,294.43,,,0
2026-07-01,Marketing Architects -RTB,Marketing Architects - CTV 1st Price,293.9,293.9,,,0
2025-01-01,Yahoo DSP,Yahoo - Seedtag,292.22,,,,0
2025-01-01,DV360,Bidswitch - APP,288.97,,,,0
2026-04-01,Epsilon (Conversant),Conversant - Web - Open Auction - Video,288.13,,3.42,,0
2026-07-01,Sharethrough,Sharethrough Web (Open Auction),286.33,286.33,,,0
2026-04-01,IQM,IQM - CTV - Open Auction,286.02,,44.14,,0
2026-01-01,Madopi,Bidswitch - Seedtag,284.29,,,,0
2026-07-01,TheTradeDesk,TTD - CTV (Charter),282.66,282.66,,,0
2026-07-01,Epsilon (Conversant),Conversant - CTV - Open Auction,281.46,281.46,,,0
2026-01-01,SmartyAds,SmartyAds - CTV (Plex),279.23,,,,0
2025-04-01,Samsung DSP,Bidswitch - CTV - 1st Price,278.48,,,,0
2026-04-01,StackAdapt,StackAdapt - APP - Open Auction,276.96,,37.45,,0
2025-07-01,Adtelligent,Adtelligent - CTV (Fubo),276.13,,,0.53,0
2025-07-01,DV360,Bidswitch - CTV - 1st Price (Bundle 151908),275.01,,,20.06,0
2026-01-01,IQM,IQM - CTV - Open Auction,273.32,,,,0
2026-07-01,Lemma DSP,Lemma DSP CTV Ad,263.47,263.47,,,0
2025-01-01,TheTradeDesk,TTD - APP - 1st Price,260.71,,,,0
2026-01-01,SmartyAds,SmartyAds - Web [Display],256.28,,,,0
2025-01-01,DV360,Bidswitch - APP 1st Price,254.46,,,,0
2026-04-01,SmartyAds,SmartyAds - CTV (Samsung),247.6,,142.8,,0
2025-07-01,Adtheorent,Ad Theorent - APP Video 1st Price,247.25,,,88.12,0
2026-07-01,TheTradeDesk,SEEDTAG (DON'T USE),246.18,246.18,,,0
2026-07-01,Viant,Viant - CTV (Charter),245.19,245.19,,,0
2025-07-01,Zeta DSP,Bidswitch - CTV - 1st Price (Bundle 151908),244.65,,,1.34,0
2026-01-01,SmartyAds,SmartyAds - CTV (Paramount),244.1,,,,0
2025-10-01,Zeta DSP,Bidswitch - CTV - 1st Price (Bundle 151908),243.0,,,,0
2025-07-01,Basis Technologies,Basis - CTV - oRTB - (Canada),240.75,,,,0
2026-01-01,Marketing Architects -RTB,Marketing Architects - CTV 1st Price (Hearst),238.91,,,,0
2025-01-01,Epsilon (Conversant),Conversant - Web - Open Auction - Seedtag,235.25,,,,0
2025-10-01,Walmart,TTD - MW - 1st Price (HB),234.38,,,,0
2025-04-01,Walmart,TTD - MW - 1st Price (HB),232.91,,,,0
2025-07-01,Storygize,Storygize - Desktop (1st Price),230.87,,,220.69,0
2025-04-01,Walmart,TTD - MW [Display],229.78,,,,0
2025-10-01,Amazon DSP,Bidswitch - Desktop - 1st Price (HB),228.06,,,,0
2025-10-01,OnSpot Data,Bidswitch - Desktop - 1st Price (HB),227.99,,,,0
2026-04-01,Walmart,TTD - APP,225.88,,25.02,,0
2026-01-01,Krush Media,Krush Media Web Video,224.32,,,,0
2025-04-01,SmartyAds,SmartyAds - Web Video,224.15,,,,0
2026-04-01,DV360,Bidswitch - APP Display,224.08,,66.45,,0
2025-01-01,StackAdapt,StackAdapt - APP - Open Auction,223.21,,,,0
2025-01-01,DeepIntent,DeepIntent CTV OLV Demand,220.64,,,,0
2025-10-01,IQM,IQM - CTV - Open Auction,213.61,,,,0
2025-04-01,GroundTruth,GroundTruth Display,209.91,,,,0
2026-01-01,DV360,Bidswitch - Desktop [Display],209.17,,,,0
2025-01-01,SmartyAds,SmartyAds - App (1st Price),208.82,,,,0
2026-01-01,IPONWEB BidCore,Bidswitch - CTV - 1st Price,207.85,,,,0
2026-07-01,Viant,Viant - Desktop - 1st Price,206.95,206.95,,,0
2025-04-01,DV360,Bidswitch - CTV - 1st Price (Bundle 151908),202.43,,,,0
2025-07-01,DeepIntent,DeepIntent CTV OLV Demand,201.61,,,27.1,0
2025-07-01,StackAdapt,StackAdapt - APP - Open Auction,201.36,,,0.55,0
2025-10-01,Infillion,Bidswitch - Seedtag,200.17,,,,0
2025-07-01,Epsilon (Conversant),Conversant AMC CTV (205656),200.17,,,44.76,0
2026-04-01,DV360,Bidswitch - CTV (Charter),199.31,,27.44,,0
2025-10-01,StackAdapt,StackAdapt - APP - Open Auction,198.73,,,,0
2025-10-01,SimpliFi,SimpliFi - CTV - 1st Price (Glewed),196.04,,,,0
2025-04-01,Infillion,Bidswitch - CTV - 1st Price (Bundle 151908),194.4,,,,0
2026-01-01,Adtheorent,Ad Theorent - APP [Display],194.14,,,,0
2025-01-01,Streamworx Lda.,Bidswitch - CTV - 1st Price,193.9,,,,0
2025-07-01,Walmart,TTD - CTV (Charter),192.79,,,187.49,0
2026-04-01,DeepIntent,DeepIntent CTV OLV Demand,192.75,,27.88,,0
2026-04-01,Basis Technologies,Centro Video InApp,188.2,,33.36,,0
2025-01-01,MadHive,MadHive - APP - 1st Price,187.46,,,,0
2026-07-01,TheTradeDesk,TTD - Desktop [Display],184.49,184.49,,,0
2025-07-01,Epsilon (Conversant),Conversant Filmrise CTV (203765),184.23,,,30.22,0
2026-07-01,TheTradeDesk,Seedtag,183.96,183.96,,,0
2025-07-01,SmartyAds,SmartyAds - CTV (LG),183.53,,,4.16,0
2026-01-01,Basis Technologies,Centro Video InApp,182.99,,,,0
2025-07-01,SmartyAds,SmartyAds - Web Video,182.46,,,19.6,0
2025-10-01,SmartyAds,SmartyAds - App (1st Price),180.76,,,,0
2025-01-01,Epsilon (Conversant),Conversant AMC CTV (205656),179.85,,,,0
2025-07-01,Walmart,TTD - MW - 1st Price (HB),175.43,,,41.88,0
2026-07-01,Walmart,TTD - APP [Display],165.57,165.57,,,0
2026-01-01,Sharethrough,Sharethrough CTV Video - Shamrock Farms Bundle Optimized,164.51,,,,0
2026-01-01,DV360,Bidswitch - Desktop - 1st Price (HB),163.99,,,,0
2025-10-01,SmartyAds,SmartyAds - Web Video,163.94,,,,0
2025-10-01,IPONWEB BidCore,Bidswitch - CTV - 1st Price (Bundle 151908),162.02,,,,0
2025-10-01,SmartyAds,SmartyAds - (Seedtag),161.98,,,,0
2025-01-01,Epsilon (Conversant),Conversant Vizio CTV (203828),159.9,,,,0
2025-04-01,Amobee,Amobee - Desktop/MW - 1st price,159.8,,,,0
2025-04-01,OnSpot Data,Bidswitch - APP 1st Price,156.62,,,,0
2025-01-01,Epsilon (Conversant),Conversant Filmrise CTV (203765),156.3,,,,0
2025-07-01,Epsilon (Conversant),Conversant Philo CTV (125613) (b07bkpfxtj),154.17,,,48.36,0
2026-01-01,DV360,Bidswitch - CTV - 1st Price (Bundle 151908),150.88,,,,0
2025-10-01,AdElement,Bidswitch - MW [Display],150.75,,,,0
2026-01-01,SmartyAds,SmartyAds - CTV (Canada),150.15,,,,0
2025-04-01,SmartyAds,SmartyAds - App (1st Price),149.99,,,,0
2025-04-01,Viant,Viant - Desktop - 1st Price,149.92,,,,0
2026-01-01,Krush Media,Krush Media Video - CTV Direct (700),149.09,,,,0
2025-04-01,SmartyAds,SmartyAds - CTV (LG),149.08,,,,0
2025-04-01,Krush Media,Krush Media Web Video,147.93,,,,0
2026-01-01,Samsung DSP,Bidswitch - CTV - 1st Price,145.35,,,,0
2025-04-01,Epsilon (Conversant),Conversant AMC CTV (205656),141.39,,,,0
2025-10-01,Quantcast,Bidswitch - Desktop - 1st Price (HB),137.13,,,,0
2025-04-01,Epsilon (Conversant),Conversant Filmrise CTV (203765),134.41,,,,0
2025-04-01,OnSpot Data,Bidswitch - APP,133.4,,,,0
2026-07-01,OnSpot Data,Bidswitch - CTV - 1st Price,132.16,132.16,,,0
2026-04-01,SmartyAds,SmartyAds - CTV (Canada),131.29,,33.01,,0
2025-01-01,Epsilon (Conversant),Conversant Xumo CTV (203761),130.95,,,,0
2025-04-01,Walmart,TTD - CTV (LG Ads Only),128.79,,,,0
2025-01-01,Unruly,Unruly Web 1st Price Video (Mobile Only),128.65,,,,0
2025-04-01,SmartyAds,SmartyAds - Web (Taboola),126.36,,,,0
2026-04-01,GroundTruth,GroundTruth Display,125.96,,13.42,,0
2026-04-01,SmartyAds,SmartyAds - CTV (1st Price),125.43,,37.67,,0
2025-01-01,Amobee,Amobee - APP [Display],123.78,,,,0
2025-10-01,SmartyAds,SmartyAds - CTV (LATAM),123.38,,,,0
2025-10-01,TheTradeDesk,TTD - APP - 1st Price,123.12,,,,0
2025-04-01,DeepIntent,DeepIntent CTV OLV Demand,122.96,,,,0
2026-07-01,LoopMe,LoopMe DSP Lottery Campaign copy (deal mimic),122.93,122.93,,,0
2026-07-01,Basis Technologies,Basis - CTV - oRTB - (Canada),121.51,121.51,,,0
2025-04-01,Webeye,Bidswitch - APP Display,121.11,,,,0
2025-07-01,Infillion,Bidswitch - APP 1st Price,120.75,,,1.86,0
2026-01-01,SmartyAds,SmartyAds - CTV (Streaming Apps),118.18,,,,0
2025-01-01,IPONWEB BidCore,Bidswitch - Desktop [Display],118.03,,,,0
2026-07-01,Viant,Viant - APP - 1st Price,117.95,117.95,,,0
2025-01-01,Epsilon (Conversant),Conversant Philo CTV (202994),115.88,,,,0
2025-04-01,IQM,IQM - Web Video - Open Auction,115.03,,,,0
2025-07-01,AdElement,Bidswitch - MW [Display],115.0,,,,0
2026-01-01,Adtheorent,Ad Theorent - APP Video 1st Price,114.21,,,,0
2025-07-01,IQM,IQM - Web Video - Open Auction,113.12,,,10.86,0
2026-04-01,SmartClip,Philips_SC_Spain,112.84,,15.05,,0
2026-07-01,Adtheorent,Ad Theorent - APP Video 1st Price,111.26,111.26,,,0
2026-04-01,Walmart,TTD - Desktop - 1st Price (HB),109.27,,1.98,,0
2025-04-01,TheTradeDesk,TTD - APP - 1st Price,109.25,,,,0
2026-07-01,Viant,Viant - APP,108.38,108.38,,,0
2025-04-01,DeepIntent,DeepIntent Web/InApp Display,107.27,,,,0
2025-04-01,Marketing Architects -RTB,Marketing Architects - CTV 1st Price (Hearst),107.2,,,,0
2025-04-01,Epsilon (Conversant),Conversant Newsy  CTV (204776),106.77,,,,0
2025-01-01,Webeye,Bidswitch - APP Display,106.33,,,,0
2025-10-01,Cepia,Zhu Zhu Pets City November,105.87,,,,0
2026-07-01,AdElement,Bidswitch - MW [Display],105.7,105.7,,,0
2025-10-01,Adtheorent,Ad Theorent - APP Video 1st Price,100.69,,,,0
2025-10-01,Infillion,Bidswitch - Desktop - 1st Price (HB),100.0,,,,0
2025-10-01,Samsung DSP,Bidswitch - CTV - 1st Price,99.84,,,,0
2025-04-01,Epsilon (Conversant),Conversant Philo CTV (125613) (b07bkpfxtj),98.98,,,,0
2025-07-01,SimpliFi,SimpliFi - CTV - 1st Price (Glewed),98.55,,,18.35,0
2025-04-01,Epsilon (Conversant),Conversant Haystack CTV (204774),98.35,,,,0
2026-01-01,SmartyAds,SmartyAds - CTV (LATAM),97.88,,,,0
2025-04-01,Krush Media,Krush Media Web Display,97.57,,,,0
2025-01-01,Quantcast,Bidswitch - Desktop - 1st Price (HB),96.91,,,,0
2026-07-01,Infillion,Bidswitch - CTV - 1st Price,96.26,96.26,,,0
2025-01-01,Epsilon (Conversant),Conversant Haystack CTV (204774),95.11,,,,0
2025-10-01,Cepia,Zhu Zhu Pets City October 2025,91.79,,,,0
2025-07-01,Knorex,Bidswitch - CTV - 1st Price,91.76,,,7.24,0
2026-01-01,Metax,MetaX Paramount $10.11,91.06,,,,0
2025-07-01,Amazon DSP,Bidswitch - APP,90.81,,,0.36,0
2025-07-01,Knorex,Bidswitch - Seedtag,90.61,,,,0
2025-10-01,Yahoo DSP,Verizon - CTV (Charter),88.87,,,,0
2025-04-01,Streamworx Lda.,Bidswitch - CTV - 1st Price,88.68,,,,0
2025-07-01,Epsilon (Conversant),Conversant Philo CTV (202994),87.1,,,23.38,0
2025-01-01,Zeta DSP,Bidswitch - CTV - 1st Price (Bundle 151908),86.35,,,,0
2026-04-01,Madopi,Bidswitch - CTV - 1st Price,84.8,,,,0
2026-07-01,StackAdapt,StackAdapt - Desktop - Open Auction,84.52,84.52,,,0
2025-04-01,Epsilon (Conversant),Conversant Philo CTV (202994),83.24,,,,0
2026-07-01,Basis Technologies,Centro Display Web,83.19,83.19,,,0
2025-10-01,DeepIntent,DeepIntent Web/InApp Display,83.13,,,,0
2026-07-01,Basis Technologies,Centro Video Web (1st Price),82.04,82.04,,,0
2025-04-01,Epsilon (Conversant),Conversant Newsy  CTV (204775),81.8,,,,0
2025-04-01,Infillion,Bidswitch - APP 1st Price,81.75,,,,0
2025-04-01,Adtelligent,Adtelligent - CTV (Fubo),80.84,,,,0
2025-07-01,Epsilon (Conversant),Conversant Newsy  CTV (204776),80.55,,,13.41,0
2025-04-01,SmartyAds,SmartyAds - CTV (Vizio),79.19,,,,0
2026-07-01,Epsilon (Conversant),Conversant - InApp - Open Auction,79.11,79.11,,,0
2025-07-01,Cepia,Zhu Zhu Pets City,79.06,,,29.17,0
2025-04-01,Cepia,Zhu Zhu Pets Animal City,77.74,,,,0
2025-10-01,Marketing Architects -RTB,Marketing Architects - CTV 1st Price (Hearst),77.21,,,,0
2025-07-01,SmartyAds,SmartyAds - App [Display],76.95,,,20.01,0
2025-04-01,IPONWEB BidCore,Bidswitch - MW [Display],76.84,,,,0
2026-01-01,Walmart,TTD - Desktop [Display],76.35,,,,0
2025-07-01,DeepIntent,DeepIntent Web/InApp Display,76.21,,,14.4,0
2025-04-01,Amobee,Amobee - APP [Display],74.35,,,,0
2026-07-01,TheTradeDesk,TTD - CTV (UK) ,72.86,72.86,,,0
2025-01-01,Knorex,Bidswitch - APP Display,72.33,,,,0
2025-10-01,GroundTruth,GroundTruth Display,72.33,,,,0
2025-10-01,DV360,Bidswitch - Desktop [Display],72.01,,,,0
2026-01-01,DV360,Bidswitch - MW - 1st Price (HB),71.12,,,,0
2025-01-01,Infillion,Bidswitch - CTV - 1st Price (Bundle 151908),70.95,,,,0
2026-01-01,Yahoo DSP,Verizon - CTV (Charter),70.89,,,,0
2025-01-01,Walmart,TTD - MW - 1st Price (HB),69.95,,,,0
2026-07-01,Adtheorent,Ad Theorent - Desktop/MW Display,68.71,68.71,,,0
2025-07-01,Marketing Architects -RTB,Marketing Architects - CTV 1st Price (Hearst),68.7,,,5.3,0
2025-07-01,Walmart,TTD - MW [Display],67.87,,,13.05,0
2025-01-01,Unruly,Unruly Web Display (Mobile Only),67.54,,,,0
2025-01-01,Krush Media,Krush Media Web Display,67.53,,,,0
2025-04-01,Yahoo DSP,Verizon - CTV (Charter),66.54,,,,0
2025-04-01,Sharethrough,Sharethrough CTV Video - Targeting away from Not Approved list,66.39,,,,0
2025-01-01,Walmart,TTD - CTV (Charter),66.27,,,,0
2025-04-01,Epsilon (Conversant),Conversant Philo Android CTV (202995),66.2,,,,0
2025-04-01,Epsilon (Conversant),Conversant Newsy CTV (203803),66.12,,,,0
2026-01-01,Epsilon (Conversant),Conversant - Web - Open Auction - Video,65.84,,,,0
2025-10-01,SmartyAds,SmartyAds - Web [Display] (Allow List 9.7.21),64.36,,,,0
2026-04-01,Marketing Architects -RTB,Marketing Architects - OTT,62.25,,0.63,,0
2026-01-01,Infillion,Bidswitch - Seedtag,60.72,,,,0
2026-07-01,DeepIntent,DeepIntent CTV OLV Demand,60.35,60.35,,,0
2025-01-01,Quantcast,Bidswitch - Seedtag,59.66,,,,0
2025-07-01,Storygize,Storygize - MW (1st Price),59.48,,,51.67,0
2025-04-01,Infillion,Bidswitch - APP Display,58.78,,,,0
2025-04-01,Knorex,Bidswitch - CTV - 1st Price,58.77,,,,0
2025-04-01,Zeta DSP,Bidswitch - CTV - 1st Price (Bundle 151908),58.01,,,,0
2025-07-01,GroundTruth,GroundTruth Display,57.25,,,17.03,0
2025-04-01,SmartyAds,SmartyAds - CTV (Plex),57.03,,,,0
2026-04-01,Krush Media,Krush Media Web Display,56.54,,7.3,,0
2026-04-01,StackAdaptDSP,SEEDTAG (DON'T USE),55.75,,,,0
2026-04-01,Samsung DSP,Bidswitch - CTV - 1st Price,55.73,,22.1,,0
2025-07-01,IQM,IQM - CTV - Open Auction,55.66,,,3.51,0
2026-04-01,GroundTruth,GroundTruth Video CTV - Efficiency Monitoring,55.45,,3.5,,0
2026-07-01,Knorex,Bidswitch - CTV - 1st Price,55.32,55.32,,,0
2026-01-01,DV360,Bidswitch - MW [Display],54.76,,,,0
2026-04-01,Streamworx Lda.,Bidswitch - CTV - 1st Price,54.21,,,,0
2025-01-01,Adtheorent,Ad Theorent - CTV (LQPS Audit),54.16,,,,0
2025-01-01,MadHive,Madhive - Desktop,53.79,,,,0
2025-07-01,Epsilon (Conversant),Conversant Haystack CTV (204774),53.72,,,4.44,0
2026-04-01,TheTradeDesk,TTD - APP - 1st Price,53.69,,1.81,,0
2025-07-01,Epsilon (Conversant),Conversant Newsy CTV (203803),53.5,,,9.47,0
2026-04-01,Adtheorent,Ad Theorent - APP [Display],53.21,,15.88,,0
2025-07-01,Webeye,Bidswitch - APP Display,52.93,,,17.38,0
2026-04-01,Walmart,TTD - MW [Display],52.15,,16.22,,0
2026-07-01,DV360,Bidswitch - Desktop [Display],51.86,51.86,,,0
2025-07-01,Amazon DSP,Bidswitch - Desktop - 1st Price (HB),51.63,,,0.15,0
2025-01-01,Epsilon (Conversant),Conversant AMC CTV (205656) (G15147002586),51.4,,,,0
2025-07-01,Yahoo DSP,Verizon - CTV (Charter),51.35,,,6.11,0
2025-04-01,Adtheorent,Ad Theorent - CTV (LQPS Audit),50.01,,,,0
2025-07-01,Epsilon (Conversant),Conversant Newsy  CTV (204775),49.74,,,8.72,0
2026-07-01,Octillion,Octillion - CTV - Open,49.5,49.5,,,0
2026-04-01,DeepIntent,DeepIntent Web/InApp Display,49.44,,0.52,,0
2025-01-01,Epsilon (Conversant),Conversant Philo CTV (125613) (b07bkpfxtj),49.35,,,,0
2025-04-01,Epsilon (Conversant),Conversant Xumo CTV (203761),47.58,,,,0
2026-07-01,DV360,Bidswitch - CTV (Charter),47.31,47.31,,,0
2026-01-01,Walmart,TTD - MW [Display],46.7,,,,0
2025-10-01,SimpliFi,SimpliFi - Seedtag,46.47,,,,0
2026-04-01,Walmart,TTD - Desktop [Display],46.37,,20.47,,0
2025-07-01,SmartyAds,SmartyAds - CTV (Vizio),46.0,,,1.48,0
2025-10-01,Infillion,Bidswitch - CTV - 1st Price (Bundle 151908),45.3,,,,0
2025-01-01,Walmart,TTD - CTV (LG Ads Only),45.15,,,,0
2026-07-01,Sharethrough,Sharethrough CTV Video - Shamrock Farms Bundle Optimized,45.04,45.04,,,0
2026-07-01,DV360,Bidswitch - APP Display,44.24,44.24,,,0
2025-04-01,MadHive,Madhive - Desktop,43.72,,,,0
2026-04-01,OnSpot Data,Bidswitch - CTV (Charter),43.58,,0.49,,0
2025-04-01,Infillion,Bidswitch - APP,43.33,,,,0
2025-01-01,Unruly,Unruly Web Display (Desktop Only),42.57,,,,0
2025-07-01,AdElement,Bidswitch - Desktop [Display],42.23,,,,0
2025-01-01,Epsilon (Conversant),Conversant Newsy  CTV (204776),42.22,,,,0
2025-01-01,DeepIntent,DeepIntent Web/InApp Display,42.16,,,,0
2025-04-01,Epsilon (Conversant),Conversant AMC CTV (205656) (G15147002586),41.81,,,,0
2025-10-01,Adtelligent,Adtelligent - CTV (Fubo),41.44,,,,0
2025-10-01,DV360,Bidswitch - MW [Display],41.24,,,,0
2026-07-01,Lemma DSP,Lemma DSP Inapp Video,39.14,39.14,,,0
2026-01-01,Knorex,Bidswitch - Seedtag,39.14,,,,0
2026-07-01,TheTradeDesk,TTD - APP - 1st Price,38.66,38.66,,,0
2025-07-01,Epsilon (Conversant),Conversant Future Today CTV (225478),37.98,,,4.32,0
2025-01-01,Epsilon (Conversant),Conversant Newsy  CTV (204775),37.36,,,,0
2026-04-01,Walmart,TTD - MW - 1st Price (HB),37.17,,0.6,,0
2026-01-01,AdElement,Bidswitch - MW [Display],36.49,,,,0
2025-01-01,Epsilon (Conversant),Conversant Future Today CTV (225478),36.39,,,,0
2025-04-01,Amobee,Amobee - APP 1st Price,36.36,,,,0
2026-07-01,Amobee,Seedtag,36.36,36.36,,,0
2025-01-01,Infillion,Bidswitch - Desktop [Display],35.5,,,,0
2025-01-01,Walmart,TTD - Desktop - 1st Price (HB),35.3,,,,0
2025-07-01,Epsilon (Conversant),Conversant AMC CTV (205656) (G15147002586),35.19,,,7.86,0
2025-04-01,Infillion,Bidswitch - Desktop [Display],35.16,,,,0
2025-04-01,Metax,MetaX Paramount $10.11,35.14,,,,0
2025-04-01,Streamworx Lda.,Bidswitch - Seedtag,34.81,,,,0
2025-04-01,Epsilon (Conversant),Conversant Future Today CTV (225478),34.35,,,,0
2026-04-01,SmartyAds,SmartyAds - CTV (Paramount),34.29,,15.81,,0
2025-01-01,Epsilon (Conversant),Conversant Cheddar CTV (225831),34.01,,,,0
2025-10-01,OnSpot Data,Bidswitch - CTV - 1st Price (Bundle 151908),33.27,,,,0
2025-01-01,IPONWEB BidCore,Bidswitch - MW [Display],33.04,,,,0
2025-04-01,Viant,Viant - MW - 1st Price,32.13,,,,0
2025-04-01,Inspiritum,Bidswitch - MW [Display],31.1,,,,0
2025-01-01,Beeswax,Beeswax - CTV - Open Auction (Charter Political),31.03,,,,0
2026-07-01,Beeswax,Beeswax UR Improvement Tier 3 (Low UR),30.9,30.9,,,0
2025-07-01,Epsilon (Conversant),Conversant Philo Android CTV (202995),30.4,,,6.62,0
2025-10-01,Adtheorent,Ad Theorent - Desktop Video (LQPS Audit),30.13,,,,0
2026-01-01,Krush Media,Krush Media Web Display,29.96,,,,0
2025-10-01,IQM,IQM - Web Video - Open Auction,29.96,,,,0
2025-07-01,DV360,Bidswitch - APP Display,29.87,,,16.97,0
2026-04-01,Madopi,Bidswitch - Seedtag,29.77,,29.6,,0
2026-04-01,Metax,MetaX Paramount $10.11,29.48,,1.68,,0
2026-04-01,Infillion,Bidswitch - APP 1st Price,29.36,,22.3,,0
2025-07-01,Infillion,Bidswitch - Seedtag,29.34,,,1.78,0
2025-04-01,IPONWEB BidCore,Bidswitch - Desktop [Display],29.25,,,,0
2026-01-01,Quantcast,Bidswitch - Desktop - 1st Price (HB),29.18,,,,0
2026-07-01,StackAdapt,StackAdapt - APP - Open Auction,29.15,29.15,,,0
2025-01-01,OnSpot Data,Bidswitch - APP 1st Price,29.01,,,,0
2026-01-01,Zeta DSP,Bidswitch - CTV - 1st Price (Bundle 151908),28.87,,,,0
2026-07-01,SmartClip,Philips_SC_Spain,28.01,28.01,,,0
2025-07-01,Infillion,Bidswitch - APP Display,27.79,,,0.13,0
2025-01-01,Streamworx Lda.,Bidswitch - Desktop [Display],27.78,,,,0
2025-07-01,Walmart,TTD - Desktop [Display],27.7,,,11.69,0
2025-01-01,Aceex,Aceex - (Samsung) CTV,27.61,,,,0
2026-07-01,Walmart,TTD - APP,27.59,27.59,,,0
2025-04-01,OMG,Zhu Zhu Pets Animal City,27.43,,,,0
2025-01-01,Epsilon (Conversant),Conversant Newsy CTV (203803),27.12,,,,0
2025-10-01,Lemma DSP,Lemma DSP CTV Ad (COPPA),26.99,,,,0
2025-01-01,OnSpot Data,Bidswitch - APP,26.31,,,,0
2025-01-01,Viant,Viant - MW - 1st Price,26.31,,,,0
2026-04-01,Equative,Equative CTV Video (copy),25.77,,,,0
2025-04-01,IQM,IQM - CTV - Open Auction,24.97,,,,0
2026-01-01,TheTradeDesk,TTD - APP - 1st Price,24.73,,,,0
2026-01-01,IQM,IQM - Web Video - Open Auction,24.48,,,,0
2025-10-01,SmartyAds,SmartyAds - CTV (Vizio),24.44,,,,0
2026-04-01,Krush Media,Krush Media Web Video,24.17,,12.89,,0
2025-01-01,IQM,IQM - CTV - Open Auction,24.02,,,,0
2026-07-01,Viant,Viant - Desktop [Display],23.58,23.58,,,0
2025-01-01,Knorex,Bidswitch - Desktop [Display],22.99,,,,0
2025-01-01,Epsilon (Conversant),Conversant Philo Android CTV (202995),22.96,,,,0
2025-04-01,IPONWEB BidCore,Bidswitch - MW - 1st Price (HB),22.36,,,,0
2026-01-01,Infillion,Bidswitch - APP 1st Price,22.06,,,,0
2026-07-01,IQM,IQM - CTV - Open Auction,22.01,22.01,,,0
2025-01-01,OnSpot Data,Bidswitch - CTV (Charter),21.5,,,,0
2026-01-01,OnSpot Data,Bidswitch - APP 1st Price,21.22,,,,0
2025-10-01,Cepia,Mighty Wheels November 2025,21.08,,,,0
2026-01-01,Infillion,Bidswitch - APP,21.06,,,,0
2025-07-01,Infillion,Bidswitch - Desktop - 1st Price (HB),20.82,,,0.06,0
2025-10-01,Cepia,Mighty Wheels October 2025,20.79,,,,0
2025-04-01,The Media Sense,The Media Sense DSP CTV Ads Direct,20.72,,,,0
2025-10-01,Walmart,TTD - MW [Display],20.57,,,,0
2026-04-01,DV360,Bidswitch - MW [Display],20.55,,0.99,,0
2026-04-01,SmartyAds,SmartyAds - CTV (LATAM),18.98,,2.06,,0
2025-10-01,Cepia,Mighty Wheels December 2025,18.88,,,,0
2025-07-01,MadHive,Madhive - Desktop,18.75,,,3.81,0
2026-01-01,Webeye,Bidswitch - APP Display,18.65,,,,0
2026-07-01,DV360,Bidswitch - MW [Display],18.57,18.57,,,0
2026-01-01,GroundTruth,GroundTruth Video CTV - Efficiency Monitoring,18.46,,,,0
2026-01-01,OnSpot Data,Bidswitch - APP,18.39,,,,0
2025-10-01,Amazon DSP,Bidswitch - APP,18.34,,,,0
2025-07-01,IQM,IQM - Display - Open Auction,18.32,,,2.62,0
2025-01-01,Sharethrough,Sharethrough CTV Video,18.17,,,,0
2026-07-01,DeepIntent,DeepIntent Web/InApp Display,18.07,18.07,,,0
2026-04-01,SmartyAds,SmartyAds - CTV (Streaming Apps),18.05,,8.73,,0
2026-07-01,Basis Technologies,Centro Video InApp,18.04,18.04,,,0
2025-10-01,Walmart,TTD - Desktop [Display],18.01,,,,0
2025-07-01,Infillion,Bidswitch - MW - 1st Price (HB),17.96,,,0.24,0
2025-07-01,Epsilon (Conversant),Conversant Xumo CTV (203761),17.91,,,1.92,0
2025-07-01,Bidswitch,Bidswitch - CTV - 1st Price,17.9,,,0.0,0
2025-01-01,Amazon DSP,Bidswitch - Desktop - 1st Price (HB),17.67,,,,0
2025-07-01,OnSpot Data,Bidswitch - CTV - 1st Price (Bundle 151908),17.49,,,0.2,0
2025-01-01,Epsilon (Conversant),Conversant Future Today CTV (225474),17.03,,,,0
2025-01-01,Streamworx Lda.,Bidswitch - MW [Display],16.88,,,,0
2026-01-01,GroundTruth,GroundTruth Display,16.86,,,,0
2025-10-01,AdElement,Bidswitch - Desktop [Display],16.75,,,,0
2025-04-01,Amazon DSP,Bidswitch - Desktop - 1st Price (HB),15.92,,,,0
2026-04-01,Knorex,Bidswitch - Seedtag,15.52,,14.42,,0
2025-07-01,MadHive,MadHive - APP - 1st Price,15.39,,,1.93,0
2025-04-01,Epsilon (Conversant),Conversant Future Today CTV (225474),15.2,,,,0
2026-04-01,AdElement,Bidswitch - Desktop [Display],15.02,,2.1,,0
2026-07-01,SmartyAds,SmartyAds - CTV (1st Price),14.81,14.81,,,0
2025-10-01,SmartyAds,SmartyAds - CTV (LG),14.69,,,,0
2026-04-01,DV360,Bidswitch - CTV (AMC),14.66,,0.81,,0
2025-07-01,OnSpot Data,Bidswitch - Desktop [Display],14.65,,,1.13,0
2025-07-01,SmartyAds,SmartyAds - CTV (Fubo),14.64,,,0.31,0
2025-10-01,Bidswitch,Bidswitch - CTV - 1st Price,14.51,,,,0
2026-07-01,TheTradeDesk,TTD - CTV (LATAM),14.51,14.51,,,0
2025-10-01,Samsung DSP,Bidswitch - CTV - 1st Price (Bundle 151908),14.25,,,,0
2025-07-01,Viant,AOD Deal - Viant - Cannabis Allowed ,14.18,,,14.18,0
2025-10-01,DV360,Bidswitch - CTV (AMC),14.06,,,,0
2026-07-01,GroundTruth,SEEDTAG (DON'T USE),14.01,14.01,,,0
2026-01-01,SmartyAds,SmartyAds - Web (Taboola),13.63,,,,0
2025-01-01,Yahoo DSP,Verizon - CTV (Charter),13.61,,,,0
2025-01-01,Amazon DSP,Bidswitch - Seedtag,13.59,,,,0
2025-01-01,Epsilon (Conversant),Conversant Newsy CTV (202814),13.57,,,,0
2026-01-01,Walmart,TTD - Desktop - 1st Price (HB),13.22,,,,0
2026-01-01,SmartClip,Philips_SC_Spain,13.22,,,,0
2025-07-01,Inspiritum,Bidswitch - MW [Display],13.01,,,2.25,0
2025-10-01,DV360,Bidswitch - APP Display,12.97,,,,0
2025-04-01,Streamworx Lda.,Bidswitch - MW [Display],12.84,,,,0
2025-01-01,Zeta DSP,Bidswitch - APP 1st Price,12.69,,,,0
2025-01-01,Streamworx Lda.,Bidswitch - Desktop - 1st Price (HB),12.56,,,,0
2026-04-01,OnSpot Data,Bidswitch - APP 1st Price,12.54,,5.1,,0
2025-01-01,IPONWEB BidCore,Bidswitch - APP Display,12.2,,,,0
2025-07-01,Samsung DSP,Bidswitch - CTV - 1st Price (Bundle 151908),12.19,,,2.04,0
2025-04-01,Stirista,Stirista - Open Auction - OLV (InApp),12.19,,,,0
2025-10-01,Webeye,Bidswitch - APP Display,12.11,,,,0
2025-04-01,Knorex,Bidswitch - APP Display,12.09,,,,0
2025-01-01,MadHive,Madhive - MW,11.95,,,,0
2025-01-01,Quantcast,Bidswitch - MW - 1st Price (HB),11.9,,,,0
2025-01-01,Epsilon (Conversant),Conversant Happy Kids CTV (223878) (Bundle ID 32614),11.9,,,,0
2025-07-01,DV360,Bidswitch - APP,11.87,,,7.21,0
2026-04-01,Krush Media,Krush Media Video - CTV Direct (700),11.86,,6.02,,0
2026-04-01,AdIngenious,Bidswitch - APP Display,11.72,,,,0
2025-07-01,TheTradeDesk,TTD - APP - 1st Price,11.66,,,0.56,0
2025-04-01,Epsilon (Conversant),Conversant Newsy CTV (202814),11.58,,,,0
2025-04-01,MadHive,MadHive - APP - 1st Price,11.49,,,,0
2025-04-01,Knorex,Bidswitch - Desktop [Display],11.42,,,,0
2025-07-01,Epsilon (Conversant),Conversant Newsy CTV (202814),11.38,,,2.0,0
2025-07-01,Cepia,Mighty Wheels August 2025,11.36,,,,0
2026-07-01,Marketing Architects -RTB,Marketing Architects - OTT,11.34,11.34,,,0
2025-10-01,Krush Media,Krush Media Web Display,11.24,,,,0
2025-01-01,Lowbrow Customs,LowBrow_30Sec_#1,11.22,,,,0
2025-07-01,Infillion,Bidswitch - APP,11.2,,,0.16,0
2025-04-01,Epsilon (Conversant),Conversant Future Today CTV (225473),11.12,,,,0
2025-04-01,DV360,Bidswitch - CTV (AMC),11.1,,,,0
2026-07-01,SmartyAds,SmartyAds - CTV (Samsung),11.09,11.09,,,0
2026-04-01,IQM,IQM - Web Video - Open Auction,11.05,,4.5,,0
2026-07-01,Walmart,TTD - Desktop - 1st Price (HB),11.03,11.03,,,0
2025-10-01,DV360,Bidswitch - APP,10.81,,,,0
2026-07-01,DV360,Bidswitch - CTV (AMC),10.74,10.74,,,0
2025-07-01,Epsilon (Conversant),Conversant Future Today CTV (225474),10.73,,,2.06,0
2025-10-01,Infillion,Bidswitch - APP 1st Price,10.71,,,,0
2026-04-01,Metax,MetaX A&amp;E Networks $16,10.65,,0.0,,0
2025-01-01,Adtheorent,Ad Theorent - MW (LQPS Audit),10.48,,,,0
2025-07-01,Cepia,Mighty Wheels September 2025,10.45,,,,0
2026-04-01,GroundTruth,SEEDTAG (DON'T USE),10.41,,,,0
2026-04-01,OnSpot Data,Bidswitch - APP,10.37,,4.24,,0
2026-04-01,AdElement,Bidswitch - MW [Display],10.33,,0.43,,0
2025-04-01,IQM,IQM - Display - Open Auction,10.27,,,,0
2026-04-01,Webeye,Bidswitch - APP Display,10.18,,2.53,,0
2025-10-01,OnSpot Data,Bidswitch - APP 1st Price,10.1,,,,0
2025-04-01,Viant,AOD Deal - Viant - Cannabis Allowed ,9.82,,,,0
2025-01-01,Bidswitch,Bidswitch - MW - 1st Price (HB),9.75,,,,0
2025-01-01,Walmart,TTD - Seedtag - Pub ID Swap Test,9.69,,,,0
2025-01-01,Epsilon (Conversant),Conversant Future Today CTV (225473),9.47,,,,0
2026-07-01,Walmart,TTD - MW [Display],9.32,9.32,,,0
2026-07-01,Yahoo DSP,Verizon - CTV (Charter),9.32,9.32,,,0
2025-10-01,Madopi,Bidswitch - Seedtag,9.11,,,,0
2026-07-01,Equative,Equative CTV Video (copy),8.81,8.81,,,0
2026-04-01,Equative,Equative CTV Main,8.73,,,,0
2026-07-01,Epsilon (Conversant),Conversant - Web - Open Auction - Display,8.57,8.57,,,0
2026-04-01,Marketing Architects -RTB,Marketing Architects - CTV 1st Price (Hearst),8.55,,4.83,,0
2025-07-01,Cepia,Mighty Wheels September 2025 Dub01,8.55,,,,0
2025-10-01,Infillion,Bidswitch - APP,8.5,,,,0
2025-01-01,Bidswitch,Bidswitch - Seedtag,8.44,,,,0
2025-01-01,Epsilon (Conversant),Conversant NBC CTV (203766),8.22,,,,0
2026-07-01,Marketing Architects -RTB,Marketing Architects - CTV 1st Price - Roku Device Targeting Only,8.06,8.06,,,0
2025-01-01,IPONWEB BidCore,Bidswitch - Seedtag,7.83,,,,0
2025-01-01,Quantcast,Bidswitch - Desktop [Display],7.78,,,,0
2025-01-01,Infillion,Bidswitch - MW [Display],7.77,,,,0
2025-01-01,Unruly,Unruly Web 1st Price Video (Desktop Only),7.67,,,,0
2025-04-01,Epsilon (Conversant),Conversant Happy Kids CTV (223878) (Bundle ID 32614),7.66,,,,0
2026-07-01,GroundTruth,Seedtag,7.53,7.53,,,0
2025-07-01,DV360,Bidswitch - CTV (AMC),7.52,,,0.08,0
2025-01-01,SmartyAds,SmartyAds - CTV (Indirect),7.43,,,,0
2025-07-01,Epsilon (Conversant),Conversant Future Today CTV (225473),7.43,,,1.33,0
2025-01-01,Aroscop,Bidswitch - APP Display,7.39,,,,0
2026-04-01,Zeasn,Philips Zeasn,7.33,,0.05,,0
2026-07-01,Equative,Equative CTV Main,7.32,7.32,,,0
2025-01-01,Infillion,Bidswitch - APP Display,7.3,,,,0
2025-07-01,Quantcast,Bidswitch - Desktop - 1st Price (HB),7.2,,,0.88,0
2026-01-01,OnSpot Data,Bidswitch - CTV - 1st Price (Bundle 151908),7.16,,,,0
2025-04-01,Adtheorent,Ad Theorent - MW (LQPS Audit),7.11,,,,0
2026-07-01,Walmart,TTD - MW - 1st Price (HB),6.88,6.88,,,0
2025-04-01,Epsilon (Conversant),Conversant Cheddar CTV (225831),6.69,,,,0
2025-04-01,Epsilon (Conversant),Conversant Future Today CTV (225391),6.67,,,,0
2025-04-01,Infillion,Bidswitch - MW [Display],6.39,,,,0
2025-07-01,Krush Media,Krush Media Web Display,6.2,,,0.87,0
2025-07-01,Quantcast,Bidswitch - Desktop [Display],6.2,,,3.92,0
2025-01-01,Epsilon (Conversant),Conversant Outside CTV (203821),6.1,,,,0
2025-10-01,OnSpot Data,Bidswitch - APP,6.08,,,,0
2025-10-01,Stirista,Stirista - Desktop [Display],6.05,,,,0
2025-04-01,MadHive,Madhive - MW,6.05,,,,0
2025-07-01,Cepia,Mighty Wheels September 2025 Dub02,6.05,,,,0
2025-10-01,Stirista,Stirista - APP [Display],5.98,,,,0
2026-07-01,SmartyAds,SmartyAds - CTV (Canada),5.95,5.95,,,0
2025-07-01,IPONWEB BidCore,Bidswitch - CTV - 1st Price (Bundle 151908),5.93,,,,0
2026-07-01,Sharethrough,Sharethrough InApp Video (Open Auction),5.92,5.92,,,0
2025-07-01,IPONWEB BidCore,Bidswitch - MW - 1st Price (HB),5.8,,,0.14,0
2025-04-01,Walmart,TTD - Seedtag - Pub ID Swap Test,5.75,,,,0
2026-01-01,DeepIntent,DeepIntent Web/InApp Display,5.75,,,,0
2025-10-01,Streamworx Lda.,Bidswitch - CTV - 1st Price (Bundle 151908),5.72,,,,0
2025-04-01,Epsilon (Conversant),Conversant Outside CTV (203821),5.6,,,,0
2025-10-01,SmartyAds,SmartyAds - App [Display],5.55,,,,0
2025-04-01,Epsilon (Conversant),Conversant OutsideTV CTV (204777),5.28,,,,0
2026-07-01,SmartyAds,SmartyAds - CTV (Paramount),5.23,5.23,,,0
2026-01-01,Lemma DSP,Lemma DSP CTV Ad (COPPA),5.2,,,,0
2026-04-01,Infillion,Bidswitch - APP Display,5.14,,1.01,,0
2025-07-01,IPONWEB BidCore,Bidswitch - MW [Display],5.12,,,0.36,0
2025-07-01,MadHive,Madhive - MW,5.1,,,0.95,0
2026-01-01,OnSpot Data,Bidswitch - Desktop [Display],5.09,,,,0
2026-04-01,Knorex,Bidswitch - CTV (Charter),5.09,,0.04,,0
2025-04-01,Adtheorent,Ad Theorent - APP Video (LQPS Audit),5.09,,,,0
2026-07-01,Streamworx Lda.,Bidswitch - CTV - 1st Price,4.95,4.95,,,0
2026-04-01,DV360,Bidswitch - Desktop - 1st Price (HB),4.89,,3.08,,0
2025-07-01,Infillion,Bidswitch - CTV - 1st Price (Bundle 151908),4.82,,,0.05,0
2025-04-01,Infillion,Bidswitch - Seedtag,4.79,,,,0
2025-07-01,OMG,Zombies 4  Day and Date Afternoon (Urgency),4.65,,,4.65,0
2025-01-01,Stirista,Stirista - Open Auction - OLV (InApp),4.51,,,,0
2025-04-01,Quantcast,Bidswitch - Desktop [Display],4.46,,,,0
2025-07-01,IQM,IQM - In-App Video - Open Auction,4.45,,,0.5,0
2025-01-01,Beeswax,Beeswax Deal - Desktop/MW,4.41,,,,0
2025-04-01,Quantcast,Bidswitch - APP Display,4.4,,,,0
2025-07-01,OMG,Zhu Zhu Pets City,4.35,,,4.35,0
2025-04-01,OnSpot Data,Bidswitch - Desktop [Display],4.3,,,,0
2026-07-01,Metax,MetaX Paramount $10.11,4.28,4.28,,,0
2025-04-01,Knorex,Bidswitch - Seedtag,4.27,,,,0
2025-07-01,Adtheorent,Ad Theorent - Desktop Video (LQPS Audit),4.26,,,0.32,0
2025-10-01,OnSpot Data,Bidswitch - Seedtag,4.24,,,,0
2025-01-01,DV360,Bidswitch - CTV (AMC),4.23,,,,0
2025-07-01,Epsilon (Conversant),Conversant Happy Kids CTV (223878) (Bundle ID 32614),4.19,,,0.69,0
2025-07-01,Knorex,Bidswitch - APP 1st Price,4.17,,,,0
2025-10-01,Infillion,Bidswitch - APP Display,4.17,,,,0
2025-04-01,Epsilon (Conversant),Conversant Future Today CTV (225477),4.15,,,,0
2026-04-01,OnSpot Data,Bidswitch - Desktop [Display],4.15,,0.93,,0
2026-07-01,Metax,MetaX A&amp;E Networks $16,4.03,4.03,,,0
2025-10-01,Metax,MetaX A&amp;E Networks $16,3.94,,,,0
2025-04-01,Epsilon (Conversant),Conversant NBC CTV (203766),3.91,,,,0
2026-01-01,Streamworx Lda.,Bidswitch - CTV - 1st Price,3.82,,,,0
2026-01-01,IQM,IQM - Display - Open Auction,3.75,,,,0
2025-01-01,Epsilon (Conversant),Conversant Future Today CTV (225477),3.75,,,,0
2026-07-01,Amazon DSP,Bidswitch - APP,3.7,3.7,,,0
2025-01-01,Epsilon (Conversant),Conversant OutsideTV CTV (204777),3.68,,,,0
2025-04-01,IPONWEB BidCore,Bidswitch - APP Display,3.67,,,,0
2026-01-01,DV360,Bidswitch - CTV (AMC),3.63,,,,0
2025-04-01,Bidswitch,Bidswitch - APP Display,3.6,,,,0
2025-07-01,AdIngenious,Bidswitch - APP Display,3.59,,,,0
2025-04-01,OnSpot Data,Bidswitch - CTV - 1st Price (Bundle 151908),3.54,,,,0
2026-01-01,DV360,Bidswitch - APP Display,3.5,,,,0
2025-04-01,Basis Technologies,Centro Video InApp,3.44,,,,0
2026-01-01,AdElement,Bidswitch - Desktop [Display],3.43,,,,0
2026-04-01,Knorex,Bidswitch - APP Display,3.4,,1.02,,0
2025-07-01,Epsilon (Conversant),Conversant Outside CTV (203821),3.38,,,0.49,0
2026-04-01,OnSpot Data,Bidswitch - APP Display,3.38,,0.55,,0
2025-01-01,Basis Technologies,Centro Video InApp,3.36,,,,0
2026-04-01,Zeta DSP,Bidswitch - MW [Display],3.36,,0.0,,0
2026-07-01,Walmart,TTD - Desktop [Display],3.36,3.36,,,0
2025-07-01,Infillion,Bidswitch - Desktop [Display],3.3,,,0.62,0
2025-04-01,Infillion,Bidswitch - CTV (Charter),3.14,,,,0
2026-04-01,Adtheorent,Ad Theorent - Desktop Video (LQPS Audit),3.09,,0.45,,0
2025-07-01,OMG,Zhu Zhu Pets Animal City,3.03,,,3.03,0
2025-04-01,Infillion,Bidswitch - MW - 1st Price (HB),3.03,,,,0
2025-01-01,Zeta DSP,Bidswitch - CTV (AMC),3.02,,,,0
2025-07-01,Epsilon (Conversant),Conversant Future Today CTV (225391),3.01,,,0.42,0
2025-07-01,Quantcast,Bidswitch - MW [Display],3.0,,,2.13,0
2025-10-01,OnSpot Data,Bidswitch - Desktop [Display],2.98,,,,0
2026-07-01,SmartyAds,SmartyAds - CTV (LATAM),2.98,2.98,,,0
2025-10-01,IPONWEB BidCore,Bidswitch - Seedtag,2.98,,,,0
2026-07-01,Krush Media,Krush Media Web Display,2.97,2.97,,,0
2025-10-01,Basis Technologies,Centro Video InApp,2.93,,,,0
2025-07-01,Knorex,Bidswitch - APP Display,2.91,,,0.35,0
2025-01-01,OnSpot Data,Bidswitch - Desktop [Display],2.9,,,,0
2025-10-01,Quantcast,Bidswitch - MW - 1st Price (HB),2.89,,,,0
2025-07-01,IPONWEB BidCore,Bidswitch - APP 1st Price,2.87,,,,0
2025-04-01,Marketing Architects -RTB,Marketing Architects - PlayerWON,2.83,,,,0
2026-01-01,Streamworx Lda.,Bidswitch - Seedtag,2.76,,,,0
2025-10-01,Streamworx Lda.,Bidswitch - Seedtag,2.7,,,,0
2026-01-01,Walmart,TTD - MW - 1st Price (HB),2.66,,,,0
2025-10-01,IQM,IQM - Display - Open Auction,2.62,,,,0
2026-04-01,IQM,IQM - Display - Open Auction,2.59,,0.75,,0
2026-01-01,SmartyAds,SmartyAds - CTV (LG),2.59,,,,0
2025-04-01,Infillion,Bidswitch - Desktop - 1st Price (HB),2.56,,,,0
2025-07-01,IPONWEB BidCore,Bidswitch - APP Display,2.54,,,2.51,0
2025-04-01,Quantcast,Bidswitch - Desktop - 1st Price (HB),2.53,,,,0
2026-01-01,DV360,Bidswitch - APP,2.5,,,,0
2025-04-01,Knorex,Bidswitch - MW [Display],2.5,,,,0
2025-01-01,Bidswitch,Bidswitch - APP Display,2.48,,,,0
2025-07-01,OMG,Zombies 4 Now Available Afternoon (Urgency),2.48,,,2.48,0
2025-01-01,Streamworx Lda.,Bidswitch - MW - 1st Price (HB),2.47,,,,0
2026-01-01,Knorex,Bidswitch - APP Display,2.46,,,,0
2025-01-01,Walmart,TTD - APP - 1st Price,2.42,,,,0
2025-07-01,IPONWEB BidCore,Bidswitch - Desktop - 1st Price (HB),2.42,,,0.03,0
2025-10-01,Walmart,TTD - CTV (Charter),2.4,,,,0
2026-01-01,Infillion,Bidswitch - APP Display,2.32,,,,0
2026-07-01,SmartyAds,SmartyAds - CTV (Streaming Apps),2.3,2.3,,,0
2025-04-01,Knorex,Bidswitch - APP 1st Price,2.28,,,,0
2025-10-01,Streamworx Lda.,Bidswitch - MW - 1st Price (HB),2.26,,,,0
2025-01-01,Adtheorent,Ad Theorent - Desktop Video (LQPS Audit),2.22,,,,0
2026-07-01,Epsilon (Conversant),Conversant - Web - Open Auction - Video,2.16,2.16,,,0
2025-04-01,Streamworx Lda.,Bidswitch - Desktop [Display],2.14,,,,0
2026-04-01,Amazon DSP,Bidswitch - APP,2.11,,0.52,,0
2025-07-01,Epsilon (Conversant),Conversant OutsideTV CTV (204777),2.1,,,0.19,0
2025-04-01,Amazon DSP,Bidswitch - Desktop [Display],2.08,,,,0
2025-01-01,Quantcast,Bidswitch - MW [Display],2.06,,,,0
2025-04-01,Beeswax,Beeswax - CTV - Open Auction (Charter Political),2.01,,,,0
2025-07-01,Infillion,Bidswitch - MW [Display],2.0,,,0.03,0
2025-01-01,Bidswitch,Bidswitch - CTV - 1st Price,1.98,,,,0
2026-01-01,Marketing Architects -RTB,Marketing Architects - CTV 1st Price - Roku Device Targeting Only,1.96,,,,0
2025-10-01,Stirista,Stirista - MW [Display],1.95,,,,0
2026-04-01,Zeta DSP,Bidswitch - APP 1st Price,1.93,,0.0,,0
2026-01-01,DV360,Bidswitch - APP 1st Price,1.91,,,,0
2025-01-01,Knorex,Bidswitch - MW [Display],1.89,,,,0
2025-04-01,GroundTruth,Groundtruth Video In-App,1.88,,,,0
2025-01-01,Epsilon (Conversant),Conversant Future Today CTV (225391),1.85,,,,0
2025-01-01,IQM,IQM - In-App Video - Open Auction,1.84,,,,0
2026-04-01,Amazon DSP,Bidswitch - APP 1st Price,1.82,,0.44,,0
2025-07-01,Basis Technologies,Centro Video InApp,1.8,,,0.14,0
2026-04-01,Zeta DSP,Bidswitch - APP,1.79,,0.0,,0
2025-07-01,Streamworx Lda.,Bidswitch - MW [Display],1.77,,,1.74,0
2026-07-01,Amazon DSP,Bidswitch - APP 1st Price,1.71,1.71,,,0
2026-07-01,GroundTruth,GroundTruth Video CTV - Efficiency Monitoring,1.66,1.66,,,0
2026-07-01,Amazon DSP,Bidswitch - Desktop - 1st Price (HB),1.64,1.64,,,0
2025-04-01,Adform,Bidswitch - MW [Display],1.64,,,,0
2025-01-01,Media Pulse,Media Pulse - CTV (Samsung $15),1.61,,,,0
2025-01-01,IPONWEB BidCore,Bidswitch - CTV - 1st Price,1.61,,,,0
2026-07-01,Krush Media,Krush Media Video - CTV Direct (700),1.59,1.59,,,0
2025-10-01,Knorex,Bidswitch - CTV - 1st Price (Bundle 151908),1.58,,,,0
2025-07-01,Marketing Architects -RTB,Marketing Architects - PlayerWON,1.54,,,0.27,0
2026-04-01,Lemma DSP,Lemma DSP CTV Ad (COPPA),1.53,,0.0,,0
2025-01-01,OnSpot Data,Bidswitch - CTV - 1st Price (Bundle 151908),1.52,,,,0
2026-01-01,AdIngenious,Bidswitch - APP Display,1.52,,,,0
2026-04-01,Bidswitch,SEEDTAG (DON'T USE),1.52,,,,0
2025-01-01,Marketing Architects -RTB,Marketing Architects - PlayerWON,1.48,,,,0
2025-01-01,GroundTruth,Groundtruth Video In-App,1.46,,,,0
2025-10-01,Walmart,TTD - CTV (LG Ads Only),1.46,,,,0
2025-07-01,OnSpot Data,Bidswitch - Desktop - 1st Price (HB),1.45,,,0.01,0
2026-01-01,Stirista,Stirista - Desktop [Display],1.45,,,,0
2026-07-01,Infillion,Bidswitch - Desktop - 1st Price (HB),1.45,1.45,,,0
2025-04-01,Adtheorent,Ad Theorent - Desktop Video (LQPS Audit),1.44,,,,0
2026-07-01,OnSpot Data,Bidswitch - CTV (Charter),1.44,1.44,,,0
2025-10-01,IQM,IQM - In-App Video - Open Auction,1.43,,,,0
2025-07-01,Stirista,Stirista - APP [Display],1.39,,,0.0,0
2026-01-01,Samsung DSP,Bidswitch - CTV - 1st Price (Bundle 151908),1.37,,,,0
2026-07-01,Stirista,Stirista - Open Auction - OLV (InApp),1.35,1.35,,,0
2025-01-01,Lemma DSP,Lemma DSP Inapp Video,1.34,,,,0
2025-01-01,IPONWEB BidCore,Bidswitch - MW - 1st Price (HB),1.34,,,,0
2025-04-01,SmartyAds,SmartyAds - CTV (Fubo),1.33,,,,0
2026-01-01,Stirista,Stirista - MW [Display],1.33,,,,0
2025-01-01,Adtheorent,Ad Theorent - APP Video (LQPS Audit),1.33,,,,0
2025-10-01,IPONWEB BidCore,Bidswitch - APP 1st Price,1.32,,,,0
2025-07-01,OnSpot Data,Bidswitch - Seedtag,1.31,,,0.01,0
2025-04-01,Quantcast,Bidswitch - MW [Display],1.3,,,,0
2026-01-01,IQM,IQM - In-App Video - Open Auction,1.24,,,,0
2026-01-01,IPONWEB BidCore,Bidswitch - APP 1st Price,1.22,,,,0
2025-07-01,Stirista,Stirista - Open Auction - OLV (InApp),1.17,,,0.17,0
2025-10-01,Knorex,Bidswitch - APP 1st Price,1.15,,,,0
2026-01-01,Quantcast,Bidswitch - MW - 1st Price (HB),1.15,,,,0
2025-01-01,Streamworx Lda.,Bidswitch - Seedtag,1.15,,,,0
2025-10-01,Knorex,Bidswitch - Desktop - 1st Price (HB),1.12,,,,0
2025-07-01,IPONWEB BidCore,Bidswitch - CTV (Charter),1.1,,,,0
2026-04-01,Zeta DSP,Bidswitch - Desktop - 1st Price (HB),1.09,,,,0
2026-04-01,Infillion,Bidswitch - APP,1.08,,0.63,,0
2025-04-01,OnSpot Data,Bidswitch - CTV (Charter),1.08,,,,0
2026-01-01,OnSpot Data,Bidswitch - Desktop - 1st Price (HB),1.07,,,,0
2026-04-01,Bidswitch,Bidswitch - APP Display,1.06,,0.0,,0
2026-07-01,IPONWEB BidCore,Bidswitch - CTV - 1st Price,1.02,1.02,,,0
2025-07-01,Stirista,Stirista - Desktop [Display],1.01,,,0.0,0
2026-01-01,SmartyAds,SmartyAds - CTV (Vizio),0.99,,,,0
2025-10-01,AdIngenious,Bidswitch - APP Display,0.93,,,,0
2025-07-01,IPONWEB BidCore,Bidswitch - Desktop [Display],0.92,,,0.3,0
2026-04-01,DV360,Bidswitch - APP,0.91,,0.03,,0
2026-07-01,Adtheorent,Ad Theorent - Desktop Video (LQPS Audit),0.89,0.89,,,0
2025-04-01,AdElement,Bidswitch - MW [Display],0.87,,,,0
2026-01-01,Quantcast,Bidswitch - Desktop [Display],0.86,,,,0
2025-04-01,Media Pulse,Media Pulse - CTV (Samsung $15),0.84,,,,0
2026-01-01,Metax,MetaX A&amp;E Networks $16,0.82,,,,0
2025-04-01,Epsilon (Conversant),Conversant Future Today CTV (225790),0.81,,,,0
2025-10-01,Quantcast,Bidswitch - Desktop [Display],0.81,,,,0
2026-01-01,DV360,Bidswitch - CTV (Charter),0.79,,,,0
2026-07-01,DV360,Bidswitch - Desktop - 1st Price (HB),0.79,0.79,,,0
2026-04-01,DV360,Bidswitch - APP 1st Price,0.78,,0.11,,0
2025-01-01,BizzClick,BizzClick - CTV (Indirect),0.78,,,,0
2026-01-01,Zeasn,Philips Zeasn,0.76,,,,0
2025-04-01,Between Exchange,Bidswitch - MW - 1st Price (HB),0.75,,,,0
2025-01-01,Infillion,Bidswitch - APP 1st Price,0.75,,,,0
2025-01-01,Epsilon (Conversant),Conversant  Newsy VIZIO CTV (203829),0.74,,,,0
2025-10-01,SmartyAds,SmartyAds - CTV (Fubo),0.71,,,,0
2025-10-01,Knorex,Bidswitch - APP Display,0.71,,,,0
2025-04-01,IQM,IQM - In-App Video - Open Auction,0.71,,,,0
2025-04-01,Bidswitch,Bidswitch - Desktop [Display],0.7,,,,0
2026-07-01,OnSpot Data,Bidswitch - APP Display,0.69,0.69,,,0
2026-04-01,Zeta DSP,Bidswitch - CTV (AMC),0.67,,0.1,,0
2026-01-01,Adtheorent,Ad Theorent - Desktop Video (LQPS Audit),0.66,,,,0
2025-04-01,Streamworx Lda.,Bidswitch - APP Display,0.66,,,,0
2025-01-01,Bidswitch,Bidswitch - APP 1st Price,0.66,,,,0
2026-07-01,GroundTruth,GroundTruth Display,0.66,0.66,,,0
2026-01-01,Streamworx Lda.,Bidswitch - APP Display,0.66,,,,0
2025-10-01,Zeta DSP,Bidswitch - CTV (AMC),0.65,,,,0
2025-07-01,IPONWEB BidCore,Bidswitch - Seedtag,0.64,,,0.0,0
2025-04-01,Webeye,Bidswitch - APP 1st Price,0.64,,,,0
2025-04-01,Aroscop,Bidswitch - APP Display,0.63,,,,0
2026-07-01,Knorex,Bidswitch - CTV (Charter),0.61,0.61,,,0
2026-04-01,Infillion,Bidswitch - Seedtag,0.6,,0.45,,0
2026-04-01,IPONWEB BidCore,Bidswitch - CTV - 1st Price,0.59,,0.18,,0
2025-04-01,Epsilon (Conversant),Conversant  Newsy VIZIO CTV (203829),0.56,,,,0
2026-01-01,IPONWEB BidCore,Bidswitch - Seedtag,0.55,,,,0
2025-10-01,DV360,Bidswitch - CTV (Charter),0.55,,,,0
2026-01-01,Stirista,Stirista - Open Auction - OLV (InApp),0.54,,,,0
2025-01-01,IPONWEB BidCore,Bidswitch - CTV (Charter),0.52,,,,0
2025-07-01,Quantcast,Bidswitch - MW - 1st Price (HB),0.51,,,0.01,0
2026-07-01,AdElement,Bidswitch - Desktop [Display],0.51,0.51,,,0
2025-04-01,Walmart,TTD - APP - 1st Price,0.51,,,,0
2026-01-01,Zeta DSP,Bidswitch - APP 1st Price,0.51,,,,0
2025-07-01,IPONWEB BidCore,Bidswitch - APP,0.49,,,,0
2025-10-01,Madopi,Bidswitch - CTV - 1st Price,0.47,,,,0
2026-07-01,IQM,IQM - Web Video - Open Auction,0.47,0.47,,,0
2025-04-01,OnSpot Data,Bidswitch - Seedtag,0.46,,,,0
2025-01-01,OnSpot Data,Bidswitch - APP Display,0.43,,,,0
2026-04-01,Marketing Architects -RTB,Marketing Architects - CTV 1st Price - Roku Bundles,0.43,,0.4,,0
2026-04-01,Walmart,TTD - CTV - oRTB (Canada),0.42,,0.08,,0
2025-10-01,Streamworx Lda.,Bidswitch - APP 1st Price,0.42,,,,0
2026-01-01,Infillion,Bidswitch - Desktop [Display],0.42,,,,0
2025-07-01,Streamworx Lda.,Bidswitch - Seedtag,0.42,,,,0
2025-04-01,Epsilon (Conversant),Conversant Pluto CTV (204778) (list targeted),0.41,,,,0
2026-07-01,Infillion,Bidswitch - Desktop [Display],0.39,0.39,,,0
2025-01-01,Infillion,Bidswitch - MW - 1st Price (HB),0.39,,,,0
2025-01-01,Knorex,Bidswitch - Desktop - 1st Price (HB),0.39,,,,0
2026-01-01,Stirista,Stirista - APP [Display],0.39,,,,0
2026-07-01,Zeasn,Philips Zeasn,0.38,0.38,,,0
2025-01-01,Epsilon (Conversant),Conversant Future Today CTV (225790),0.37,,,,0
2025-07-01,Amazon DSP,Bidswitch - Desktop [Display],0.37,,,0.22,0
2025-01-01,Infillion,Bidswitch - CTV (Charter),0.37,,,,0
2025-10-01,IPONWEB BidCore,Bidswitch - CTV (Charter),0.36,,,,0
2025-07-01,Stirista,Stirista - MW [Display],0.35,,,0.0,0
2026-04-01,IQM,IQM - In-App Video - Open Auction,0.34,,0.18,,0
2025-01-01,Sharethrough,Sharethrough CTV Video (Client Optimization),0.33,,,,0
2025-01-01,SmartyAds,SmartyAds - DOOH,0.33,,,,0
2025-01-01,DeepIntent,DeepIntent - Seedtag,0.32,,,,0
2026-01-01,Amazon DSP,Bidswitch - APP 1st Price,0.32,,,,0
2026-04-01,Quantcast,Bidswitch - APP Display,0.32,,0.0,,0
2026-01-01,IPONWEB BidCore,Bidswitch - APP,0.32,,,,0
2026-01-01,OnSpot Data,Bidswitch - Seedtag,0.31,,,,0
2025-07-01,OnSpot Data,Bidswitch - APP 1st Price,0.31,,,0.0,0
2026-01-01,Walmart,TTD - CTV (LG Ads Only),0.31,,,,0
2025-04-01,OnSpot Data,Bidswitch - APP Display,0.3,,,,0
2026-07-01,IQM,IQM - Display - Open Auction,0.3,0.3,,,0
2025-07-01,Samsung DSP,Bidswitch - APP Display,0.3,,,0.23,0
2025-10-01,Infillion,Bidswitch - MW - 1st Price (HB),0.3,,,,0
2025-04-01,Adform,Bidswitch - APP Display,0.3,,,,0
2025-10-01,Zeta DSP,Bidswitch - Seedtag,0.3,,,,0
2026-07-01,OnSpot Data,Bidswitch - Desktop [Display],0.3,0.3,,,0
2026-07-01,OnSpot Data,Bidswitch - Desktop - 1st Price (HB),0.3,0.3,,,0
2026-04-01,Between Exchange,Bidswitch - Desktop [Display],0.29,,0.29,,0
2026-01-01,Amazon DSP,Bidswitch - APP,0.29,,,,0
2025-01-01,Lift,Bidswitch - MW [Display],0.29,,,,0
2026-04-01,Knorex,Bidswitch - APP 1st Price,0.29,,0.12,,0
2025-10-01,Excelate,Bidswitch - APP Display,0.28,,,,0
2026-04-01,Stirista,Stirista - APP [Display],0.28,,0.0,,0
2026-01-01,OnSpot Data,Bidswitch - APP Display,0.27,,,,0
2026-07-01,ZetaBidswitch,SEEDTAG (DON'T USE),0.27,0.27,,,0
2026-01-01,Knorex,Bidswitch - APP 1st Price,0.27,,,,0
2025-01-01,Knorex,Bidswitch - CTV - 1st Price,0.27,,,,0
2025-04-01,DeepIntent,DeepIntent - Seedtag,0.26,,,,0
2026-07-01,OnSpot Data,Bidswitch - APP 1st Price,0.25,0.25,,,0
2025-01-01,AdElement,Bidswitch - APP Display,0.25,,,,0
2025-01-01,Lift,Bidswitch - Desktop [Display],0.24,,,,0
2026-07-01,ZetaBidswitch,Seedtag,0.24,0.24,,,0
2025-10-01,Webeye,Bidswitch - APP 1st Price,0.24,,,,0
2025-01-01,Infillion,Bidswitch - APP,0.24,,,,0
2025-04-01,Quantcast,Bidswitch - MW - 1st Price (HB),0.24,,,,0
2025-07-01,Webeye,Bidswitch - APP 1st Price,0.24,,,0.0,0
2026-04-01,Zeta DSP,Bidswitch - APP Display,0.23,,,,0
2025-10-01,OnSpot Data,Bidswitch - APP Display,0.23,,,,0
2025-10-01,Quantcast,Bidswitch - MW [Display],0.23,,,,0
2025-01-01,Knorex,Bidswitch - Seedtag,0.22,,,,0
2025-04-01,Zeta DSP,Bidswitch - APP 1st Price,0.22,,,,0
2026-04-01,Amazon DSP,Bidswitch - Desktop - 1st Price (HB),0.22,,0.03,,0
2025-07-01,Streamworx Lda.,Bidswitch - MW - 1st Price (HB),0.22,,,,0
2026-01-01,Knorex,Bidswitch - CTV (Charter),0.22,,,,0
2026-07-01,Zeta DSP,Bidswitch - APP,0.22,0.22,,,0
2026-01-01,Cepia,Mighty Wheels December 2025,0.22,,,,0
2026-04-01,Infillion,Bidswitch - Desktop [Display],0.21,,0.09,,0
2025-01-01,Aroscop,Bidswitch - Desktop [Display],0.21,,,,0
2025-10-01,Streamworx Lda.,Bidswitch - CTV (Charter),0.21,,,,0
2026-01-01,Knorex,Bidswitch - CTV - 1st Price (Bundle 151908),0.21,,,,0
2026-07-01,Samsung DSP,Bidswitch - CTV - 1st Price,0.21,0.21,,,0
2025-04-01,Zeta DSP,Bidswitch - CTV (AMC),0.2,,,,0
2025-07-01,Walmart,TTD - APP - 1st Price,0.2,,,0.1,0
2026-07-01,DV360,Bidswitch - APP 1st Price,0.2,0.2,,,0
2025-10-01,IPONWEB BidCore,Bidswitch - Desktop [Display],0.2,,,,0
2025-10-01,IPONWEB BidCore,Bidswitch - MW - 1st Price (HB),0.19,,,,0
2025-10-01,IPONWEB BidCore,Bidswitch - APP,0.19,,,,0
2026-04-01,Aroscop,Bidswitch - APP Display,0.19,,0.0,,0
2026-07-01,Knorex,Bidswitch - APP Display,0.19,0.19,,,0
2025-10-01,Amazon DSP,Bidswitch - Desktop [Display],0.18,,,,0
2026-01-01,Epsilon (Conversant),Conversant - CTV - Open Auction (Charter),0.18,,,,0
2026-01-01,Zeta DSP,Bidswitch - CTV (AMC),0.18,,,,0
2026-07-01,Adtheorent,Ad Theorent - APP [Display],0.18,0.18,,,0
2025-01-01,Zeta DSP,Bidswitch - APP,0.17,,,,0
2026-04-01,Stirista,Stirista - Open Auction - OLV (InApp),0.17,,0.05,,0
2026-01-01,Amazon DSP,Bidswitch - Desktop - 1st Price (HB),0.17,,,,0
2026-07-01,OnSpot Data,Bidswitch - APP,0.17,0.17,,,0
2026-01-01,Madopi,Bidswitch - CTV - 1st Price,0.17,,,,0
2026-07-01,Infillion,Bidswitch - APP 1st Price,0.16,0.16,,,0
2025-10-01,Marketing Architects -RTB,Marketing Architects - PlayerWON,0.16,,,,0
2025-10-01,OnSpot Data,Bidswitch - CTV (Charter),0.15,,,,0
2025-07-01,Lift,Bidswitch - MW [Display],0.15,,,,0
2026-07-01,Zeta DSP,Bidswitch - APP 1st Price,0.15,0.15,,,0
2025-04-01,Streamworx Lda.,Bidswitch - MW - 1st Price (HB),0.14,,,,0
2025-04-01,Streamworx Lda.,Bidswitch - Desktop - 1st Price (HB),0.14,,,,0
2025-07-01,Adform,Bidswitch - Seedtag,0.14,,,0.01,0
2025-04-01,Bidswitch,Bidswitch - Seedtag,0.14,,,,0
2025-07-01,Zeta DSP,Bidswitch - Seedtag,0.14,,,0.01,0
2026-01-01,4INFO,4INFO - CTV - 1st Price,0.13,,,,0
2026-04-01,ZetaBidswitch,SEEDTAG (DON'T USE),0.13,,,,0
2025-07-01,Bidswitch,Bidswitch - APP Display,0.13,,,0.1,0
2026-04-01,Infillion,Bidswitch - Desktop - 1st Price (HB),0.13,,0.01,,0
2026-01-01,Walmart,TTD - CTV (Charter),0.13,,,,0
2026-07-01,Infillion,Bidswitch - APP Display,0.13,0.13,,,0
2025-10-01,Knorex,Bidswitch - CTV (Charter),0.12,,,,0
2026-01-01,OnSpot Data,Bidswitch - CTV (Charter),0.12,,,,0
2026-04-01,Krush Media,Krush Media Inapp Video,0.12,,0.0,,0
2026-07-01,Infillion,Bidswitch - MW [Display],0.12,0.12,,,0
2025-01-01,BizzClick,BizzClick - App (Indirect),0.12,,,,0
2025-07-01,OnSpot Data,Bidswitch - APP,0.12,,,,0
2026-04-01,Amazon DSP,Bidswitch - MW - 1st Price (HB),0.11,,0.04,,0
2025-07-01,Knorex,Bidswitch - Desktop - 1st Price (HB),0.11,,,,0
2025-07-01,Between Exchange,Bidswitch - Desktop [Display],0.11,,,0.0,0
2025-04-01,AdElement,Bidswitch - APP Display,0.11,,,,0
2026-01-01,Adform,Bidswitch - Seedtag,0.11,,,,0
2025-07-01,Samsung DSP,Bidswitch - APP,0.11,,,,0
2025-01-01,Infillion,Bidswitch - Desktop - 1st Price (HB),0.1,,,,0
2026-01-01,Walmart,TTD - CTV (UK) ,0.1,,,,0
2025-10-01,IPONWEB BidCore,Bidswitch - Desktop - 1st Price (HB),0.1,,,,0
2026-01-01,IPONWEB BidCore,Bidswitch - CTV (Charter),0.1,,,,0
2026-04-01,IPONWEB BidCore,Bidswitch - APP Display,0.1,,0.03,,0
2025-10-01,Adform,Bidswitch - Seedtag,0.1,,,,0
2026-01-01,Infillion,Bidswitch - MW [Display],0.1,,,,0
2026-01-01,IPONWEB BidCore,Bidswitch - CTV - 1st Price (Bundle 151908),0.1,,,,0
2025-01-01,Unruly,Unruly InApp 1st Price Video,0.09,,,,0
2025-04-01,Amazon DSP,Bidswitch - MW [Display],0.09,,,,0
2025-01-01,Epsilon (Conversant),Conversant Pluto CTV (204778) (list targeted),0.09,,,,0
2026-07-01,Krush Media,Krush Media Web Video,0.09,0.09,,,0
2026-07-01,Zeta DSP,Bidswitch - CTV (AMC),0.09,0.09,,,0
2025-10-01,Zeta DSP,Bidswitch - APP 1st Price,0.09,,,,0
2025-04-01,Knorex,Bidswitch - Desktop - 1st Price (HB),0.09,,,,0
2025-04-01,Stirista,Stirista - Open Auction - OLV (Web),0.09,,,,0
2026-04-01,Equativ,SEEDTAG (DON'T USE),0.09,,,,0
2025-04-01,Adform,Bidswitch - MW - 1st Price (HB),0.08,,,,0
2025-07-01,Samsung DSP,Bidswitch - APP 1st Price,0.08,,,,0
2026-04-01,OnSpot Data,Bidswitch - Desktop - 1st Price (HB),0.08,,0.01,,0
2026-07-01,Infillion,Bidswitch - APP,0.08,0.08,,,0
2025-07-01,Streamworx Lda.,Bidswitch - APP 1st Price,0.08,,,,0
2026-07-01,Marketperf,Bidswitch - Desktop [Display],0.08,0.08,,,0
2025-01-01,Streamworx Lda.,Bidswitch - CTV - 1st Price (Bundle 151908),0.08,,,,0
2025-01-01,IPONWEB BidCore,Bidswitch - Desktop - 1st Price (HB),0.07,,,,0
2025-10-01,Walmart,TTD - APP - 1st Price,0.07,,,,0
2026-01-01,Quantcast,Bidswitch - APP Display,0.07,,,,0
2025-07-01,Zeta DSP,Bidswitch - APP 1st Price,0.07,,,0.0,0
2025-10-01,Webeye,Bidswitch - APP,0.07,,,,0
2025-04-01,OnSpot Data,Bidswitch - Desktop - 1st Price (HB),0.07,,,,0
2026-01-01,Marketing Architects -RTB,Marketing Architects - PlayerWON,0.07,,,,0
2025-04-01,Sharethrough,Sharethrough CTV Video (Client Optimization),0.07,,,,0
2025-07-01,Zeta DSP,Bidswitch - APP,0.07,,,,0
2026-04-01,Marketing Architects -RTB,Marketing Architects - PlayerWON,0.07,,0.04,,0
2025-10-01,Madopi,Bidswitch - MW - 1st Price (HB),0.07,,,,0
2026-07-01,DV360,Bidswitch - APP,0.07,0.07,,,0
2026-07-01,Walmart,TTD - CTV - oRTB (Canada),0.07,0.07,,,0
2026-04-01,Samsung DSP,Bidswitch - APP,0.07,,0.02,,0
2025-07-01,Streamworx Lda.,Bidswitch - CTV - 1st Price (Bundle 151908),0.07,,,0.0,0
2025-01-01,OnSpot Data,Bidswitch - Desktop - 1st Price (HB),0.06,,,,0
2025-07-01,Between Exchange,Bidswitch - Seedtag,0.06,,,0.01,0
2026-04-01,Epsilon (Conversant),Conversant - CTV - Open Auction (Charter),0.06,,0.0,,0
2026-04-01,Walmart,TTD - CTV (LATAM),0.06,,0.0,,0
2025-07-01,Stirista,Stirista - Open Auction - OLV (Web),0.06,,,0.01,0
2025-07-01,Bidswitch,Bidswitch - Desktop [Display],0.06,,,0.01,0
2025-07-01,Webeye,Bidswitch - APP,0.06,,,,0
2025-10-01,IPONWEB BidCore,Bidswitch - CTV (AMC),0.06,,,,0
2025-07-01,Adform,Bidswitch - MW - 1st Price (HB),0.06,,,0.0,0
2025-04-01,IPONWEB BidCore,Bidswitch - CTV (Charter),0.06,,,,0
2025-10-01,Zeta DSP,Bidswitch - APP,0.06,,,,0
2025-10-01,Samsung DSP,Bidswitch - Desktop - 1st Price (HB),0.06,,,,0
2025-04-01,Knorex,Bidswitch - MW - 1st Price (HB),0.05,,,,0
2026-01-01,Samsung DSP,Bidswitch - APP,0.05,,,,0
2025-10-01,Cepia,Mighty Wheels September 2025 Dub01,0.05,,,,0
2025-04-01,Epsilon (Conversant),Conversant Future Today CTV (225835),0.05,,,,0
2026-04-01,Streamworx Lda.,Bidswitch - CTV (Charter),0.05,,,,0
2026-04-01,DV360,Bidswitch - MW - 1st Price (HB),0.05,,0.02,,0
2026-04-01,Webeye,Bidswitch - APP 1st Price,0.05,,0.0,,0
2025-04-01,Samsung DSP,Bidswitch - CTV - 1st Price (Bundle 151908),0.04,,,,0
2025-04-01,IPONWEB BidCore,Bidswitch - Desktop - 1st Price (HB),0.04,,,,0
2026-01-01,Zeta DSP,Bidswitch - APP,0.04,,,,0
2026-01-01,Madopi,Bidswitch - Desktop [Display],0.04,,,,0
2026-04-01,Stirista,Stirista - Desktop [Display],0.04,,0.0,,0
2025-01-01,Amazon DSP,Bidswitch - Desktop [Display],0.04,,,,0
2025-01-01,Knorex,Bidswitch - MW - 1st Price (HB),0.04,,,,0
2025-04-01,Bidswitch,Bidswitch - APP 1st Price,0.04,,,,0
2025-04-01,Epsilon (Conversant),Conversant Future Today CTV (225834),0.04,,,,0
2026-07-01,IPONWEB BidCore,Bidswitch - APP Display,0.04,0.04,,,0
2026-01-01,Walmart,TTD - CTV - oRTB (Canada),0.04,,,,0
2025-04-01,Epsilon (Conversant),Conversant Future Today CTV (225389),0.04,,,,0
2025-10-01,Cepia,Mighty Wheels September 2025,0.04,,,,0
2026-04-01,Samsung DSP,Bidswitch - APP 1st Price,0.04,,0.02,,0
2026-01-01,Streamworx Lda.,Bidswitch - APP 1st Price,0.04,,,,0
2025-10-01,Samsung DSP,Bidswitch - APP,0.04,,,,0
2026-04-01,Stirista,Stirista - MW [Display],0.04,,0.0,,0
2025-01-01,Bidswitch,Bidswitch - Desktop [Display],0.04,,,,0
2026-01-01,Infillion,Bidswitch - CTV - 1st Price (Bundle 151908),0.04,,,,0
2026-01-01,Samsung DSP,Bidswitch - Desktop - 1st Price (HB),0.03,,,,0
2025-10-01,Stirista,Stirista - Open Auction - OLV (InApp),0.03,,,,0
2025-01-01,Epsilon (Conversant),Conversant Future Today CTV (225389),0.03,,,,0
2026-04-01,Sharethrough,Equative CTV Video (copy),0.03,,,,0
2026-04-01,Streamworx Lda.,Bidswitch - APP 1st Price,0.03,,,,0
2026-07-01,Aroscop,Bidswitch - APP Display,0.03,0.03,,,0
2026-07-01,Stirista,Stirista - APP [Display],0.03,0.03,,,0
2026-01-01,Madopi,Bidswitch - MW [Display],0.03,,,,0
2025-07-01,Zeta DSP,Bidswitch - CTV (AMC),0.03,,,0.0,0
2026-01-01,Bidswitch,Bidswitch - APP Display,0.03,,,,0
2025-07-01,Amazon DSP,Bidswitch -RTB- Getintent-Whitelist- Web Display,0.03,,,,0
2026-01-01,Samsung DSP,Bidswitch - APP 1st Price,0.03,,,,0
2025-07-01,Knorex,Bidswitch - MW - 1st Price (HB),0.03,,,,0
2025-04-01,Adform,Bidswitch - Seedtag,0.03,,,,0
2026-07-01,Stirista,Stirista - Open Auction - OLV (Web),0.03,0.03,,,0
2025-01-01,Adform,Bidswitch - MW [Display],0.03,,,,0
2025-07-01,DeepIntent,DeepIntent - Seedtag,0.03,,,0.01,0
2025-04-01,DV360,Bidswitch - CTV (Charter),0.03,,,,0
2025-10-01,Infillion,Bidswitch - Desktop [Display],0.03,,,,0
2025-10-01,Between Exchange,Bidswitch - Seedtag,0.03,,,,0
2026-04-01,Streamworx Lda.,Bidswitch - APP,0.03,,,,0
2025-10-01,Madopi,Bidswitch - CTV - 1st Price (Bundle 151908),0.03,,,,0
2025-01-01,Samsung DSP,Bidswitch - CTV - 1st Price (Bundle 151908),0.03,,,,0
2025-10-01,Infillion,Bidswitch - CTV (Charter),0.02,,,,0
2025-10-01,Amazon DSP,Bidswitch -RTB- Getintent-Whitelist- Web Display,0.02,,,,0
2026-01-01,Knorex,Bidswitch - Desktop - 1st Price (HB),0.02,,,,0
2025-10-01,Knorex,Bidswitch - MW - 1st Price (HB),0.02,,,,0
2025-10-01,Quantcast,Bidswitch - APP,0.02,,,,0
2026-04-01,IPONWEB BidCore,Bidswitch - CTV (Charter),0.02,,,,0
2025-10-01,Streamworx Lda.,Bidswitch - Desktop - 1st Price (HB),0.02,,,,0
2026-04-01,Madopi,Bidswitch - CTV (Charter),0.02,,,,0
2025-01-01,Bidswitch,Bidswitch - APP,0.02,,,,0
2026-04-01,Walmart,TTD - CTV (Charter),0.02,,0.0,,0
2026-04-01,Infillion,Bidswitch - MW [Display],0.02,,0.0,,0
2025-04-01,Between Exchange,Bidswitch - Seedtag,0.02,,,,0
2026-04-01,Quantcast,Bidswitch - APP 1st Price,0.02,,0.0,,0
2025-04-01,Streamworx Lda.,Bidswitch - APP,0.02,,,,0
2025-07-01,DV360,Bidswitch - CTV (Charter),0.02,,,0.0,0
2025-07-01,Lift,Bidswitch - Desktop [Display],0.02,,,0.02,0
2025-01-01,Webeye,Bidswitch - APP 1st Price,0.02,,,,0
2026-01-01,OnSpot Data,Bidswitch - MW - 1st Price (HB),0.02,,,,0
2025-10-01,Adform,Bidswitch - Desktop [Display],0.02,,,,0
2025-10-01,Cepia,Mighty Wheels September 2025 Dub02,0.02,,,,0
2025-01-01,DV360,Bidswitch - STB VOD,0.02,,,,0
2025-04-01,Epsilon (Conversant),Conversant Future Today CTV (225500),0.02,,,,0
2026-07-01,DV360,Bidswitch - MW - 1st Price (HB),0.02,0.02,,,0
2025-01-01,Streamworx Lda.,Bidswitch - APP 1st Price,0.02,,,,0
2026-01-01,IPONWEB BidCore,Bidswitch - Desktop - 1st Price (HB),0.02,,,,0
2025-04-01,Lift,Bidswitch - MW [Display],0.02,,,,0
2026-01-01,Excelate,Bidswitch - Seedtag,0.02,,,,0
2025-07-01,Infillion,Bidswitch - CTV (Charter),0.02,,,,0
2025-10-01,Madopi,Bidswitch - APP 1st Price,0.02,,,,0
2025-01-01,Webeye,Bidswitch - APP,0.02,,,,0
2025-07-01,Adform,Bidswitch - MW [Display],0.02,,,0.0,0
2025-01-01,Metax,MetaX A&amp;E Networks $16,0.02,,,,0
2025-10-01,Quantcast,Bidswitch - APP 1st Price,0.02,,,,0
2025-04-01,Xandr,Xandr STB VOD,0.02,,,,0
2025-10-01,Samsung DSP,Bidswitch - MW - 1st Price (HB),0.02,,,,0
2025-04-01,Adform,Bidswitch - Desktop [Display],0.02,,,,0
2025-07-01,Bidswitch,Bidswitch - Desktop - 1st Price (HB),0.02,,,0.0,0
2025-01-01,Epsilon (Conversant),Conversant Future Today CTV (225834),0.02,,,,0
2026-07-01,Lemma DSP,Lemma DSP CTV Ad (COPPA),0.02,0.02,,,0
2026-01-01,Marketing Architects -RTB,Marketing Architects - CTV 1st Price - Roku Bundles,0.02,,,,0
2026-01-01,IPONWEB BidCore,Bidswitch - Desktop [Display],0.02,,,,0
2025-01-01,Epsilon (Conversant),Conversant Future Today CTV (225835),0.02,,,,0
2026-07-01,Epsilon (Conversant),Conversant - CTV - Open Auction (Charter),0.02,0.02,,,0
2025-10-01,Adform,Bidswitch - CTV - 1st Price,0.02,,,,0
2025-04-01,Bidswitch,Bidswitch - CTV - 1st Price,0.02,,,,0
2026-04-01,Webeye,Bidswitch - CTV - 1st Price,0.02,,0.0,,0
2025-01-01,Stirista,Stirista - Open Auction - OLV (Web),0.01,,,,0
2025-07-01,Streamworx Lda.,Bidswitch - Desktop [Display],0.01,,,,0
2025-07-01,Quantcast,Bidswitch - APP Display,0.01,,,0.0,0
2025-07-01,Zeta DSP,Bidswitch - MW - 1st Price (HB),0.01,,,,0
2026-07-01,IPONWEB BidCore,Bidswitch - Desktop - 1st Price (HB),0.01,0.01,,,0
2026-01-01,Webeye,Bidswitch - APP,0.01,,,,0
2026-01-01,Webeye,Bidswitch - APP 1st Price,0.01,,,,0
2025-07-01,Knorex,Bidswitch - Desktop [Display],0.01,,,,0
2026-04-01,Stirista,Stirista - Open Auction - OLV (Web),0.01,,0.0,,0
2026-07-01,AdIngenious,Bidswitch - APP Display,0.01,0.01,,,0
2026-01-01,IPONWEB BidCore,Bidswitch - MW [Display],0.01,,,,0
2025-07-01,OnSpot Data,Bidswitch - APP Display,0.01,,,0.0,0
2025-10-01,Adform,Bidswitch - Desktop - 1st Price (HB),0.01,,,,0
2025-04-01,Zeta DSP,Bidswitch - MW [Display],0.01,,,,0
2025-07-01,Between Exchange,Bidswitch - MW [Display],0.01,,,0.0,0
2025-10-01,Bidswitch,Bidswitch - Desktop - 1st Price (HB),0.01,,,,0
2025-01-01,Xandr,Xandr STB VOD,0.01,,,,0
2026-01-01,Quantcast,Bidswitch - MW [Display],0.01,,,,0
2025-04-01,Samsung DSP,Bidswitch - APP 1st Price,0.01,,,,0
2025-10-01,Bidswitch,Bidswitch - MW - 1st Price (HB),0.01,,,,0
2025-10-01,Samsung DSP,Bidswitch - APP 1st Price,0.01,,,,0
2025-10-01,Streamworx Lda.,Bidswitch - APP Display,0.01,,,,0
2026-01-01,Amazon DSP,Bidswitch - MW - 1st Price (HB),0.01,,,,0
2026-04-01,Bidswitch,Bidswitch - Desktop - 1st Price (HB),0.01,,0.0,,0
2025-04-01,Zeta DSP,Bidswitch - APP,0.01,,,,0
2025-10-01,OnSpot Data,Bidswitch - MW - 1st Price (HB),0.01,,,,0
2026-01-01,IPONWEB BidCore,Bidswitch - APP Display,0.01,,,,0
2026-04-01,Equative,Equative InApp Video (Open Auction) (copy),0.01,,,,0
2025-04-01,IPONWEB BidCore,Bidswitch - APP 1st Price,0.01,,,,0
2026-04-01,Between Exchange,Bidswitch - APP,0.01,,,,0
2026-04-01,Knorex,Bidswitch - Desktop - 1st Price (HB),0.01,,0.0,,0
2025-04-01,Bidswitch,Bidswitch - MW - 1st Price (HB),0.01,,,,0
2025-01-01,Amazon DSP,Bidswitch - APP Display,0.01,,,,0
2026-07-01,Bidswitch,Bidswitch - Desktop [Display],0.01,0.01,,,0
2025-04-01,Inspiritum,Bidswitch - APP Display,0.01,,,,0
2025-07-01,Between Exchange,Bidswitch - Desktop - 1st Price (HB),0.01,,,,0
2026-01-01,Walmart,TTD - CTV (LATAM),0.01,,,,0
2026-07-01,Walmart,TTD - CTV (LATAM),0.01,0.01,,,0
2025-10-01,Between Exchange,Bidswitch - MW - 1st Price (HB),0.01,,,,0
2025-10-01,Bidswitch,Bidswitch - APP 1st Price,0.01,,,,0
2026-01-01,Madopi,Bidswitch - CTV - 1st Price (Bundle 151908),0.01,,,,0
2026-04-01,Knorex,Bidswitch - APP,0.01,,0.01,,0
2026-04-01,Quantcast,Bidswitch - APP,0.01,,0.01,,0
2025-04-01,IPONWEB BidCore,Bidswitch - CTV - 1st Price (Bundle 151908),0.01,,,,0
