m,bl,dsp,cva,ad,did,rev
2026-07-01,Open Auction - BFM,Viant,—,Viant - Desktop [Display],,86.88
2025-12-01,Select - BFM,DV360,MultiLocal,T9_mlm_TA_CA_CT_CTV_BF_MLMBRID4972,Multi25,523.15
2025-12-01,DSP Marketplace - BFM,Viant,Beachfront Deal Migration,Viant Deal - CTV - Content Object Removed,918860075162,8654.37
2025-10-01,Select - BFM,Walmart,Chief Media,TTD - Chief Media - Walmart - CTV - Pub Targeting - Deal,476519491695,18921.13
2025-07-01,DSP Marketplace - BFM,DV360,—,Deal Library - CTV - Women&#039;s History Month (Genre Targeting),BFM041,204.66
2025-07-01,DSP Marketplace - BFM,StackAdapt,—,StackAdapt Deal - CTV (AMC Networks Only),266007710126,24.37
2025-07-01,Select - BFM,TheTradeDesk,Strategus,Strategus - TTD Deal - SlingTV - Bundle List - CTV,Strat72,9.45
2025-07-01,Select - BFM,TheTradeDesk,Strategus,TTD Deal - CTV - Wades RV - National News - Live,Strat56,341.54
2025-12-01,DSP Marketplace - BFM,JamLoop OpenRTB,—,JamLoop Deal - CTV - Cable Broadcast - Scripps-Newsy,855918727592,1316.02
2025-10-01,Select - BFM,Xandr,IRIS,MNI - Health & Wellness CTV_BFM,IRIS74,0.0
2025-07-01,Select - BFM,Xandr,Quorum,Quorum Optimized > MSFT > High Index Zips - Casino Visitors - Banner,Quoru42,0.0
2025-11-01,DSP Marketplace - BFM,Octillion,Beachfront Deal Migration,0,976384276675,0.0
2026-07-01,DSP Marketplace - BFM,LoopMe,Beachfront Deal Curation,Seedtag CTV - LoopMe - MLS,SeedtagCTV5742927131,0.0
2025-07-01,Open Auction - BFM,GroundTruth,—,GroundTruth Display,,22.45
2025-11-01,Select - BFM,Bidswitch,Quorum,Quorum > Halloween Shoppers > Physical Visitors,Quoru196,0.0
2025-11-01,Select - BFM,AdElement,Quorum,Quorum > Holiday Shoppers > Physical Visitors,Quoru198,0.0
2025-11-01,DSP Marketplace - BFM,Viant,—,Viant Deal - CTV - Travel,BFM056,519.1
2026-08-01,DSP Marketplace - BFM,Basis Technologies,—,Basis Deal - CTV (Tastemade),BFM067,0.0
2026-08-01,Open Auction - BFM,Equative,—,Equative CTV Video (copy),,0.08
2026-08-01,Open Auction - BFM,SmartyAds,—,SmartyAds - CTV (Sports),,0.0
2026-08-01,Open Auction - BFM,TheTradeDesk,—,TTD - CTV (LATAM),,12.44
2026-07-01,Open Auction - BFM,TheTradeDesk,—,SEEDTAG (DON'T USE),,246.18
2025-07-01,DSP Marketplace - BFM,Basis Technologies,Beachfront Deal Curation,Basis Deal - CTV - Skechers 2025 - Men 45+ - Entertainment,242487362196,1214.71
2025-12-01,Select - BFM,Viant,Plex,Plex_Adelphic_$22,Plex2,43.12
2025-09-01,DSP Marketplace - BFM,Bidswitch,—,Bidswitch Deal - Zeta - CTV - $9 Fixed (Spanish Language),021402842725,0.0
2025-11-01,DSP Marketplace - BFM,TheTradeDesk,Beachfront Deal Curation,Strategus - Food & Drink Contextual Deal - $17 CPM,Strat3548981493,0.0
2025-07-01,Open Auction - BFM,—,—,F0034089 AEW GEN PROPIEDADES,,0.0
2025-09-01,Open Auction - BFM,Streamworx Lda.,—,Bidswitch - Seedtag,,0.42
2025-08-01,Select - BFM,Xandr,Quorum,Quorum Optimized > MSFT > High Index Zips - Jaguar/Land Rover Dealership Visitors - CTV,Quoru126,0.0
2026-07-01,DSP Marketplace - BFM,DV360,Beachfront Deal Curation,Seedtag NeuroX | Always-On | Health Coverage Seekers - Connected TV,STNXCTV024,4.0
2026-07-01,DSP Marketplace - BFM,Bidswitch,Beachfront Deal Curation,Seedtag NeuroX | Always-On | Health Coverage Seekers - Connected TV,STNXCTV024,0.0
2026-07-01,DSP Marketplace - BFM,Epsilon (Conversant),Beachfront Deal Curation,Conversant Pharma Category Targeting - Video/CTV,Beach115,39.53
2025-11-01,Select - BFM,Viant,Viant,Rightwing tv,BFRightWing,1.86
2025-12-01,DSP Marketplace - BFM,Basis Technologies,Beachfront Deal Curation,Basis Deal - CTV - Skechers 2025 - Women 45+ - Lifestyle,662154926548,15558.74
2025-12-01,Open Auction - BFM,Unruly,—,Unruly Web 1st Price Video (Desktop Only),,0.0
2025-10-01,Open Auction - BFM,SimpliFi,—,SimpliFi - CTV - 1st Price (Glewed),,132.0
2025-08-01,DSP Marketplace - BFM,TheTradeDesk,—,TTD Deal - Walmart - Premium CTV,785432338,0.0
2025-08-01,DSP Marketplace - BFM,SimpliFi,—,Simpli.fi Deal - CTV (LG Ads),225331237285,26.74
2026-08-01,DSP Marketplace - BFM,StackAdapt,Beachfront Deal Migration,StackAdapt Deal - CTV (Non-News),674172181259,149.77
2026-08-01,DSP Marketplace - BFM,StackAdapt,Beachfront Deal Migration,StackAdapt Deal - CTV - Sports Genre + Live Sports,983805237051,18.68
2026-08-01,DSP Marketplace - BFM,TheTradeDesk,BFM Internal,TTD Deal - HavasEdge - FEP Univision Spanish Inventory,618884101622,0.0
2025-10-01,DSP Marketplace - BFM,Beeswax,Beachfront Deal Curation,MLB - CTV - Contextual - Tentpole Deal - VideoAmp,Beach150,0.64
2025-11-01,DSP Marketplace - BFM,JamLoop OpenRTB,—,JamLoop Deal - CTV - LG Ads - $14,533370911919,2025.85
2025-12-01,Open Auction - BFM,Infillion,—,Bidswitch - Desktop - 1st Price (HB),,80.41
2025-12-01,DSP Marketplace - BFM,StackAdapt,—,StackAdapt Deal - CTV - Hallmark (Network),545977539514,1240.42
2025-11-01,DSP Marketplace - BFM,TheTradeDesk,BFM Internal,TTD Deal - CTV - MiQ Fubo Extension,770425332965,1137.64
2025-11-01,DSP Marketplace - BFM,Yahoo DSP,Beachfront Deal Curation,Yahoo Deal - CTV - Zeta (Political),984632781291,0.11
2025-10-01,DSP Marketplace - BFM,Octillion,BFM Internal,Octillion Deal - CTV - HGTV - Network Adjust,747279147158,191.2
2025-12-01,Open Auction - BFM,Octillion,—,Octillion - CTV - Open,,176.51
2025-08-01,Select - BFM,TheTradeDesk,IRIS,GumGum - CrossMedia Nascar 2025 - Sports CTV_BFM,IRIS00303,1562.04
2025-08-01,Select - BFM,Xandr,Quorum,Quorum Optimized > MSFT > High Index Zips - Jaguar/Land Rover Dealership Visitors - Banner,Quoru125,0.0
2025-10-01,Open Auction - BFM,Xandr,—,Xandr STB VOD,,0.0
2025-09-01,Select - BFM,Bidswitch,33Across,33Across_Quantum_CustomComfortMattress__OLV_BFM,33Acr40,0.0
2025-09-01,DSP Marketplace - BFM,Beeswax,Beachfront Deal Curation,Datafy - Holiday Travel Seasonal - Q4,Datafy6204970307,0.0
2025-11-01,Open Auction - BFM,Cepia,—,Mighty Wheels October 2025,,0.19
2026-07-01,Open Auction - BFM,Amobee,—,Seedtag,,6401.42
2026-07-01,Open Auction - BFM,OnSpot Data,—,Bidswitch - Desktop [Display],,0.58
2026-07-01,DSP Marketplace - BFM,Bidswitch,Beachfront Deal Curation,Seedtag NeuroX | Always-On | Maternal & Family Health Advocates - Connected TV,STNXCTV025,0.0
2026-07-01,Open Auction - BFM,AdIngenious,—,Bidswitch - APP Display,,0.66
2026-07-01,Open Auction - BFM,Seedtag POC,—,Seedtag,,0.0
2025-09-01,Open Auction - BFM,Bidswitch,—,Bidswitch - Desktop [Display],,0.02
2025-09-01,Select - BFM,Viant,IRIS,Viant - Sonnys BBQ - Emotional CTV_BFM,IRIS00352,342.63
2025-09-01,Open Auction - BFM,Stirista,—,Stirista - MW [Display],,0.35
2025-07-01,DSP Marketplace - BFM,4INFO,—,4INFO Deal - CTV - T1 Indirect - (COOK),117310551350,0.0
2026-08-01,DSP Marketplace - BFM,Bidswitch,Beachfront Deal Curation,Seedtag NeuroX | Always-On | Family-Focused Shoppers - Connected TV,STNXCTV030,0.0
2026-08-01,Open Auction - BFM,Zeta DSP,—,Bidswitch - Desktop - 1st Price (HB),,0.7
2025-10-01,Select - BFM,TheTradeDesk,Media Culture,INSP,Media14,0.23
2025-10-01,Open Auction - BFM,Viant,—,Viant - MW [Display],,525.03
2025-09-01,Select - BFM,TheTradeDesk,Strategus,TTD Deal - Strategus - Web/App Display - $2-$5,Strat63,0.0
2025-09-01,DSP Marketplace - BFM,Viant,—,Viant - Linear (Adults),316829879699,0.0
2025-09-01,Open Auction - BFM,Viant,—,Viant - Desktop - 1st Price,,3605.48
2025-11-01,Open Auction - BFM,Zeta DSP,—,Bidswitch - CTV (AMC),,0.13
2025-08-01,DSP Marketplace - BFM,Viant,—,Viant Deal - CTV (Sports - Live Game),966310467171,0.0
2025-10-01,DSP Marketplace - BFM,Basis Technologies,Beachfront Deal Curation,Basis Deal - OTT - Skechers 2025 - Men 45+ - Sports,343798267566,0.0
2025-08-01,Open Auction - BFM,Amobee,—,0,,0.0
2025-12-01,Select - BFM,DV360,Infillion Demand,Pulte RON - Display 2,InfPulteRON2,137.48
2025-07-01,Open Auction - BFM,Viant,—,0,389866043594,0.0
2025-12-01,Open Auction - BFM,BizzClick,—,BizzClick - App (Indirect),,0.0
2025-11-01,Open Auction - BFM,Samsung DSP,—,Bidswitch - Seedtag,,0.0
2026-07-01,Open Auction - BFM,StackAdapt,—,StackAdapt - CTV - Open Auction - Efficiency Monitoring,,9850.7
2025-09-01,DSP Marketplace - BFM,IQM,BFM Internal,IQM - CTV - AMC Network - Channel - Adjusted - Politics Allowed,IQM002,0.96
2025-12-01,Open Auction - BFM,Basis Technologies,—,Centro Display InApp,,4941.24
2025-12-01,Select - BFM,Bidswitch,IRIS,GumGum - Cendyn - Royalton - Brand Safe CTV_BFM,IRIS00290,0.0
2025-08-01,Open Auction - BFM,—,—,F0037326 FSR GENÉRICA V2 TEXTOS 25S,,0.0
2026-08-01,Open Auction - BFM,Beeswax,—,Beeswax UR Improvement Tier 2 (Mid UR),,7603.97
2026-08-01,Open Auction - BFM,Between Exchange,—,Bidswitch - Desktop [Display],,0.0
2026-08-01,DSP Marketplace - BFM,SmartyAds,Beachfront Deal Curation,SmartyAds Bravo Deals - CTV,Beach206,0.0
2025-12-01,Open Auction - BFM,SundaySky,—,SundaySky - MW - 1st Price,,1403.29
2025-10-01,Open Auction - BFM,Bidswitch,—,Bidswitch - MW [Display],,0.0
2025-09-01,Open Auction - BFM,Adtelligent,—,Adtelligent - CTV (Fubo),,85.58
2025-09-01,DSP Marketplace - BFM,Beeswax,—,TMS_Beeswax_May,437268540530,0.0
2025-09-01,Select - BFM,TheTradeDesk,Aki,Aki Deal - CTV - Daytime TV,Aki6,0.03
2025-12-01,Open Auction - BFM,Zeta DSP,—,Bidswitch - CTV - 1st Price (Bundle 151908),,59.61
2025-09-01,DSP Marketplace - BFM,SimpliFi,BFM Internal,Simpli.Fi Deal - Univision,318028617508,2.92
2025-07-01,Open Auction - BFM,—,—,VTV VERTA  Dummy Ad_New Test,,0.0
2025-08-01,Open Auction - BFM,Viant,—,Viant - APP - 1st Price,,914.11
2025-07-01,Open Auction - BFM,IPONWEB BidCore,—,Bidswitch - Seedtag,,0.0
2025-07-01,DSP Marketplace - BFM,Epsilon (Conversant),Beachfront Deal Curation,Conversant Deal - CTV - Fox (Exlcuding Fox Sports),581367911451,0.82
2025-07-01,DSP Marketplace - BFM,Octillion,—,Octillion Deal - CTV - Hearst,976376076663,4.71
2025-07-01,DSP Marketplace - BFM,Octillion,Beachfront Deal Curation,Octillion Deal - CTV - Tubi - Channel Targeted,397917904122,21.72
2025-12-01,Open Auction - BFM,—,—,Yahoo - CTV - Open Auction,,0.0
2025-09-01,Open Auction - BFM,—,—,F0040337 NFL PHIL VS BUCS + RAV VS CHIE FS DOMINGO 30,,0.0
2025-07-01,DSP Marketplace - BFM,SimpliFi,Beachfront Deal Curation,Simpli.Fi Deal - CTV - WURL,938325696044,0.0
2025-07-01,DSP Marketplace - BFM,TheTradeDesk,Beachfront Deal Curation,TTD Deal - HavasEdge - CTV (Hearst News),312505503259,0.0
2025-08-01,Open Auction - BFM,StackAdapt,—,StackAdapt Deal - CTV (Spanish Language),298330405897,0.0
2026-07-01,DSP Marketplace - BFM,MadHive,BFM Internal,MadHive Deal - CTV - Vizio - No Content Data,848047441598,461.39
2025-09-01,Open Auction - BFM,OnSpot Data,—,Bidswitch - CTV - 1st Price,,463.37
2025-09-01,Select - BFM,Stirista,Audigent,Audigent & Beachfront - AUD-066529 - Optimum Media - Multiple Brands - CTV ContextualPMP - Spanish Language Sports US - ctv,Audig1782,0.0
2025-08-01,DSP Marketplace - BFM,Octillion,Beachfront Deal Migration,Octillion Deal - CTV - AMC,135878418139,1783.98
2025-11-01,DSP Marketplace - BFM,Epsilon (Conversant),Beachfront Deal Curation,Conversant Gambling and Sports Betting Category Targeting - Video/CTV,Beach113,4272.4
2026-08-01,DSP Marketplace - BFM,DV360,Beachfront Deal Curation,Seedtag NeuroX | Always-On | Financial Professionals & Advisors - Connected TV,STNXCTV010,0.03
2026-08-01,DSP Marketplace - BFM,Epsilon (Conversant),Beachfront Deal Curation,Conversant - Seedtag Q1 Tentpole - Tax Season - Contextual CTV,Beach221,0.28
2026-08-01,Select - BFM,TheTradeDesk,Strategus,Strategus - TTD Deal - Tubi - Bundle List - CTV,Strat70,0.0
2025-11-01,DSP Marketplace - BFM,SimpliFi,BFM Internal,Simpli.Fi Deal - FOX,277471236734,19.42
2025-12-01,Open Auction - BFM,Bidswitch,—,Bidswitch -RTB- Getintent-Whitelist- Web Display,,0.0
2025-12-01,DSP Marketplace - BFM,Bidswitch,—,Bidswitch Deal - CTV - Roku - MIQ - Mexico,778660458515,0.0
2025-11-01,DSP Marketplace - BFM,GroundTruth,Beachfront Deal Curation,GroundTruth Deal - Desktop Web - Always On - Video,Beach189,0.0
2025-12-01,DSP Marketplace - BFM,TheTradeDesk,Beachfront Deal Migration,TTD - CTV - Captify $15 Below,730946633654,13.06
2025-07-01,Open Auction - BFM,Walmart,—,TTD - APP - 1st Price,,0.18
2025-10-01,Open Auction - BFM,Epsilon (Conversant),—,Conversant - Web - Open Auction - Display,,330.32
2025-08-01,Select - BFM,TheTradeDesk,Aki,Aki Deal - CTV - Morning News,Aki5,184.88
2025-12-01,Open Auction - BFM,Beeswax,—,Beeswax Deal - CTV - VideoAmp - FEP,118866276082,0.0
2025-08-01,DSP Marketplace - BFM,Yahoo DSP,Beachfront Deal Curation,Yahoo - Casual IQ - Sports Content  - CTV - Contextual,473918206754,0.0
2025-09-01,DSP Marketplace - BFM,TheTradeDesk,—,TTD Deal - Desktop [Display] (RON DSPolitical),991281702111,0.0
2025-10-01,DSP Marketplace - BFM,Basis Technologies,Beachfront Deal Curation,Basis Deal - CTV - Skechers 2025 - Men 45+ - Sports,558690500585,9.57
2025-07-01,Open Auction - BFM,IPONWEB BidCore,—,Bidswitch - CTV (Charter),,0.03
2026-07-01,DSP Marketplace - BFM,Basis Technologies,BFM Internal,Basis Deal - CTV Genre - News,BFM025,1022.92
2025-11-01,DSP Marketplace - BFM,StackAdapt,Beachfront Deal Curation,StackAdapt_Standard Inventory Packages_Beachfront_2025_Entertainment,Beach164,364.61
2025-09-01,Select - BFM,Xandr,Quorum,Quorum Optimized > MSFT > High Index Zips - Chick-fil-A Visitors - Banner,Quoru91,0.0
2025-09-01,Select - BFM,Xandr,Quorum,Quorum Optimized > MSFT > High Index Zips - Dairy Queen Visitors - CTV,Quoru94,0.42
2025-09-01,Open Auction - BFM,Lemma DSP,—,Lemma DSP CTV Ad,,33300.82
2025-11-01,Select - BFM,AdElement,Quorum,Quorum > Weekend Shoppers > Physical Visitors,Quoru202,0.0
2026-08-01,DSP Marketplace - BFM,DV360,Beachfront Deal Curation,Seedtag NeuroX | Always-On | Health & Wellness Food Advocates - Connected TV,STNXCTV027,0.01
2025-11-01,Open Auction - BFM,Marketing Architects -RTB,—,0,,0.0
2025-10-01,Open Auction - BFM,Epsilon (Conversant),—,Conversant - Web - Open Auction - Video,,577.63
2025-09-01,Select - BFM,TheTradeDesk,Infillion Demand,ez cater | HR Leaders | CTV,ezCBizInfilBeachHRVidCTV,0.0
2025-10-01,DSP Marketplace - BFM,Viant,Beachfront Deal Curation,Magnolia and HGTV - CTV - Viant Deal,738509621475,88.16
2025-09-01,Select - BFM,TheTradeDesk,Strategus,Strategus Deal - CTV - $0-$17 (No Samsung/Paramount),Strat37,11.48
2025-09-01,Select - BFM,TheTradeDesk,Strategus,Strategus Deal - CTV - Baseball Live - Channel + Networks,Strat75,1.58
2025-07-01,DSP Marketplace - BFM,Epsilon (Conversant),Beachfront Deal Curation,NBA - Live - CTV - Contextual - Tentpole Deal - Conversant,Beach129,7.81
2025-07-01,DSP Marketplace - BFM,JamLoop OpenRTB,Beachfront Deal Curation,JamLoop Deal -  OLV - Yakima-Pasco-Rchlnd-Knnwck DMA,517332759399,0.0
2025-09-01,DSP Marketplace - BFM,SimpliFi,Beachfront Deal Migration,SimpliFi Deal - CTV Roku,542169059668,6623.73
2025-10-01,Open Auction - BFM,OnSpot Data,—,Bidswitch - APP Display,,0.0
2025-09-01,Open Auction - BFM,Streamworx Lda.,—,Bidswitch - MW - 1st Price (HB),,0.22
2025-09-01,DSP Marketplace - BFM,MadHive,Beachfront Deal Migration,MadHive Deal - CTV (Alcohol),110295217642,724.41
2025-10-01,Open Auction - BFM,Yahoo DSP,—,Yahoo - CTV - Open Auction,,7613.11
2025-10-01,DSP Marketplace - BFM,Basis Technologies,Beachfront Deal Curation,Basis Deal - CTV (P)-SPF,430109082311,4831.32
2025-07-01,Select - BFM,Xandr,Quorum,Quorum Optimized > MSFT > High Index Zips - Baskin Robbins Visitors - CTV,Quoru86,0.33
2025-07-01,DSP Marketplace - BFM,Octillion,Beachfront Deal Curation,Octillion Deal - CTV - Fawesome TV - Bundles,630236677403,0.0
2025-08-01,DSP Marketplace - BFM,SimpliFi,—,Simplifi Deal - Fubo CTV (Sports),514795661260,3.47
2025-08-01,DSP Marketplace - BFM,—,Beachfront Deal Curation,Conversant Deal - CTV - Political RON,513073226453,0.0
2026-07-01,DSP Marketplace - BFM,TheTradeDesk,BFM Internal,TTD Deal - Bully Pulpit CTV (Local News),154412565624,61.81
2025-11-01,Open Auction - BFM,Amazon DSP,—,Bidswitch - Desktop [Display],,0.0
2025-11-01,Open Auction - BFM,TheTradeDesk,—,TTD - CTV (1st Price),,198342.82
2025-12-01,Select - BFM,Bidswitch,MultiLocal,T9_mlm_TA_CA_CT_CTV_BF_MLMBRID4972,Multi25,0.0
2025-12-01,Select - BFM,TheTradeDesk,Quorum,Quorum - Sports Fans - Physical Visitors,Quoru227,0.0
2026-08-01,DSP Marketplace - BFM,JamLoop OpenRTB,BFM Internal,JamLoop Deal - CTV - Cable Broadcast - Scripps-Newsy,855918727592,12.72
2026-08-01,Open Auction - BFM,Sharethrough,—,Sharethrough CTV Video,,484.31
2025-11-01,DSP Marketplace - BFM,SimpliFi,Beachfront Deal Migration,SimpliFi Deal - CTV (RON),546471010694,4189.76
2025-10-01,Open Auction - BFM,Viant,—,Viant - MW - 1st Price,,12599.69
2025-09-01,Select - BFM,TheTradeDesk,Strategus,TTD - Strategus - CTV - $12 and Below,STRAT002,32639.27
2025-07-01,DSP Marketplace - BFM,StackAdapt,Beachfront Deal Curation,StackAdapt Deal - CTV - AMC Networks - Political,346689052286,25.99
2025-11-01,DSP Marketplace - BFM,GroundTruth,Beachfront Deal Migration,GroundTruth Deal - CTV - Premium Bundles List,783317263332,15003.46
2025-09-01,Open Auction - BFM,OnSpot Data,—,Bidswitch - APP 1st Price,,0.23
2025-12-01,DSP Marketplace - BFM,TheTradeDesk,—,TTD Deal - HavasEdge - FEP Univision Spanish Inventory,618884101622,0.0
2025-12-01,DSP Marketplace - BFM,Octillion,BFM Internal,Octillion Deal - CTV - A&E Network Adjust,747279147159,5.05
2025-09-01,Open Auction - BFM,SmartyAds,—,SmartyAds - Web [Display],,278.99
2025-07-01,Select - BFM,Yahoo DSP,Camelot,PMG - Pub Targeting,PMGPub,59737.17
2025-07-01,Open Auction - BFM,—,—,F0036102 F2 Y F3 GENÉRICA PILOTOS MEXICANOS 20S,,0.0
2025-09-01,Open Auction - BFM,Marketperf,—,Bidswitch -RTB- Getintent-Whitelist- Web Display,,0.0
2026-08-01,DSP Marketplace - BFM,MadHive,BFM Internal,MadHive Deal - CTV - Frndly - With Content Data,492043061198,0.0
2026-08-01,Open Auction - BFM,TheTradeDesk,—,TTD - Desktop - 1st Price (HB),,131.95
2025-08-01,Select - BFM,Xandr,Quorum,Quorum Optimized > MSFT > High Index Zips - Resorts World Visitors - CTV,Quoru50,16.92
2025-08-01,DSP Marketplace - BFM,Octillion,Beachfront Deal Curation,Octillion Deal - CTV - Fox Local TV,638579853073,8931.91
2025-10-01,Open Auction - BFM,StackAdapt,—,0,,0.0
2025-12-01,Open Auction - BFM,Adtelligent,—,Adtelligent - CTV,,1845.75
2025-08-01,DSP Marketplace - BFM,Walmart,—,TTD Deal - Walmart - Premium CTV,785432338,6.62
2025-08-01,Open Auction - BFM,Demandbase,—,DemandBase - CTV,,384.86
2025-09-01,Select - BFM,Bidswitch,MultiLocal,mCanvas_mlm_Roku_US_CTV_BF_MLMBRID7304,Multi42,0.0
2025-07-01,Open Auction - BFM,—,—,F0035630 MLB PEPE SEGARRA GENERICA 2025 10,,0.0
2025-11-01,DSP Marketplace - BFM,Viant,Beachfront Deal Migration,Viant Deal - CTV - Golf (Master&#039;s Enthusiast Segment),408551131456,657.17
2025-10-01,DSP Marketplace - BFM,Basis Technologies,Beachfront Deal Migration,Basis Deal - CTV RON - $10 Floor,893090891708,1197.96
2025-10-01,Select - BFM,Xandr,Quorum,Quorum Optimized > MSFT > High Index Zips - Arby's Visitors - CTV,Quoru78,0.0
2025-10-01,Select - BFM,Xandr,Quorum,Quorum Optimized > MSFT > High Index Zips - Friendly's Visitors - CTV,Quoru96,1.01
2025-09-01,Open Auction - BFM,Promo-PSA,—,Test Ad: PSA :30 (ready.gov) #9,,0.0
2025-09-01,Open Auction - BFM,—,—,F0040263 NFL RAMS VS EAG + BRON VS CHARG FS2 DOMINGO 30,,0.0
2025-09-01,DSP Marketplace - BFM,Viant,—,Viant Deal - CTV - Sports Genre,361724531028,1.29
2025-09-01,Open Auction - BFM,Infillion,—,Bidswitch - CTV (Charter),,0.0
2025-07-01,DSP Marketplace - BFM,Zeta DSP,Beachfront Deal Curation,Bidswitch Deal - Zeta - CTV - Political (Pol),542428290418,0.0
2026-07-01,Open Auction - BFM,Zeasn,—,Philips Zeasn,,0.69
2026-07-01,Select - BFM,TheTradeDesk,Chief Media,TTD - Chief Media - Walmart - CTV - Pub Targeting - Deal,476519491695,0.0
2026-07-01,DSP Marketplace - BFM,Viant,Beachfront Deal Curation,Viant - Political - All Voters ,263290147805,0.0
2025-09-01,DSP Marketplace - BFM,GroundTruth,Beachfront Deal Curation,MLB - CTV - Contextual - Tentpole Deal - GroundTruth,Beach140,14.74
2025-09-01,Open Auction - BFM,Yahoo DSP,—,Yahoo - Desktop MW - Open Auction - Efficiency Monitoring,,429.02
2025-09-01,Open Auction - BFM,—,—,CTV SeedTag,,0.0
2025-08-01,Open Auction - BFM,SmartyAds,—,SmartyAds - CTV (1st Price),,1129.78
2025-12-01,Open Auction - BFM,Walmart,—,TTD - CTV (1st Price),,16.17
2025-11-01,DSP Marketplace - BFM,TheTradeDesk,—,TTD Deal - CTV - Seedtag Priority Pubs,122056032436,0.65
2025-08-01,DSP Marketplace - BFM,SimpliFi,—,Simpli.Fi Deal - Politics Allowed CTV (Comscore Data),418855721664,0.0
2025-12-01,DSP Marketplace - BFM,MadHive,—,MadHive Deal - CTV - Frndly - With Content Data,492043061198,0.0
2025-07-01,DSP Marketplace - BFM,TheTradeDesk,—,TTD Deal - CTV - Lockard & Wechsler - $7 PP,356251814318,0.0
2025-07-01,Open Auction - BFM,Stirista,—,Stirista - APP [Display],,0.0
2025-09-01,Select - BFM,TheTradeDesk,Infillion Demand,ez cater | Business Professionals | CTV,ezCBizInfilBeachVidCTV,0.0
2025-07-01,Open Auction - BFM,GroundTruth,—,GroundTruth Video CTV - No LatLong,,2843.97
2025-09-01,Select - BFM,IPONWEB BidCore,Infillion Demand,Pulte RON - Display 2,InfPulteRON2,0.0
2025-07-01,DSP Marketplace - BFM,TheTradeDesk,Beachfront Deal Migration,0,"730946633654, 747415045888",0.0
2025-12-01,Open Auction - BFM,Adform,—,Bidswitch - Desktop - 1st Price (HB),,0.01
2025-09-01,Select - BFM,Marketperf,Infillion Demand,Pulte RON - Display 2,InfPulteRON2,0.0
2026-07-01,Open Auction - BFM,Epsilon (Conversant),—,Conversant - CTV - Open Auction,,994.67
2026-08-01,Open Auction - BFM,Basis Technologies,—,Basis - CTV - oRTB - (Canada),,11.89
2026-08-01,DSP Marketplace - BFM,Bidswitch,Beachfront Deal Curation,Seedtag NeuroX | Always-On | Event Hosts & Planners - Connected TV,STNXCTV038,0.0
2026-08-01,Open Auction - BFM,Knorex,—,Bidswitch - CTV - 1st Price,,4.43
2025-10-01,Open Auction - BFM,Walmart,—,TTD - APP [Display],,1064.03
2025-09-01,DSP Marketplace - BFM,JamLoop OpenRTB,—,JamLoop Deal - CTV - EW Scripps - Vegas Golden Knights,612418020365,132.79
2025-08-01,DSP Marketplace - BFM,Octillion,Beachfront Deal Migration,Octillion Deal - CTV - WeatherGroup,370043533271,226.07
2025-08-01,DSP Marketplace - BFM,4INFO,—,4INFO Deal - CTV - T1 Indirect - (FOOD),182093321207,0.0
2025-08-01,DSP Marketplace - BFM,Yahoo DSP,Beachfront Deal Curation,Yahoo - Casual IQ - Gearheads  - CTV - Contextual,860327194583,0.0
2025-08-01,Open Auction - BFM,Krush Media,—,Krush Media Inapp Video,,0.0
2025-09-01,Open Auction - BFM,DV360,—,Bidswitch - APP Display,,3.9
2025-09-01,DSP Marketplace - BFM,Beeswax,Beachfront Deal Migration,Beeswax Deal - CTV - Datafy - Women - Audience Targeted,976376076662,6614.67
2025-12-01,Open Auction - BFM,—,—,LiveRamp CTV Pixel,,0.0
2025-09-01,DSP Marketplace - BFM,GroundTruth,Beachfront Deal Curation,GroundTruth Deal - Desktop Web - Always On - Display,Beach190,0.84
2025-07-01,DSP Marketplace - BFM,Viant,—,Viant Deal - Desktop/MW (Video RON  - Policital Allowed Pubs Only),827453121055,11.81
2025-10-01,DSP Marketplace - BFM,Epsilon (Conversant),Beachfront Deal Curation,Conversant Cryptocurrency Category Targeting - Video/CTV,Beach112,1267.15
2025-09-01,Select - BFM,TheTradeDesk,Aki,Aki Deal - CTV - Munchies Moment,Aki17,0.15
2025-10-01,Open Auction - BFM,—,—,F0041121 NFL WEEK 7 FS2 COMBO PATRIOTS VS TITANS + COLTS VS CHARGERS DOMINGO 30,,0.0
2026-07-01,DSP Marketplace - BFM,Beeswax,Beachfront Deal Curation,Beeswax Deal - CTV - Univision Demand - Political,601346667710,0.19
2026-08-01,DSP Marketplace - BFM,DV360,Beachfront Deal Curation,Seedtag NeuroX | Always-On | Beauty & Cosmetics Enthusiasts - Connected TV,STNXCTV001,0.65
2026-08-01,Open Auction - BFM,Lemma DSP,—,Lemma DSP CTV Ad (COPPA),,0.0
2026-08-01,Open Auction - BFM,StackAdapt,—,StackAdapt - Desktop - Open Auction,,16.09
2025-11-01,Open Auction - BFM,SmartyAds,—,SmartyAds - CTV (LATAM),,49.84
2025-09-01,Open Auction - BFM,Stirista,—,Stirista - Open Auction - OLV (Web),,0.03
2025-11-01,Open Auction - BFM,Walmart,—,TTD - CTV (1st Price),,110.65
2025-08-01,Select - BFM,Yahoo DSP,Camelot,0,"PMGPub, PMGLGAds, PMGCuratedCTV",0.0
2025-07-01,DSP Marketplace - BFM,4INFO,—,Cadent_MTV_PMP,876751591431,-0.0
2025-08-01,DSP Marketplace - BFM,GroundTruth,Beachfront Deal Curation,GroundTruth Deal - CTV - RON - Canada,340423331748,556.36
2025-07-01,DSP Marketplace - BFM,TheTradeDesk,Beachfront Deal Migration,TTD Deal - CTV ($Other MiQ),841987070336,147.37
2025-07-01,DSP Marketplace - BFM,MadHive,BFM Internal,MadHive - CTV - Pluto Bundle Override (Price Targeted),MH32,27706.39
2025-11-01,DSP Marketplace - BFM,Bidswitch,Beachfront Deal Curation,SamsungAds Efficiency Line,314668390400,0.0
2025-07-01,DSP Marketplace - BFM,Basis Technologies,—,Basis Deal - (All Spanish CTV/OTT) (Spanish Networks),141086649977,0.0
2025-07-01,Select - BFM,TheTradeDesk,IRIS,IRIS.TV - Sheppard Pratt CTV_BFM,IRIS00365,0.0
2025-10-01,Open Auction - BFM,DV360,—,Bidswitch - MW [Display],,0.57
2025-12-01,Open Auction - BFM,—,—,DemandBase - CTV,,0.0
2025-07-01,Open Auction - BFM,—,—,F0038238 LFA 2025 FINAL SABADO 20SEG,,0.0
2025-11-01,DSP Marketplace - BFM,—,Beachfront Deal Curation,Viant Deal - CTV - Targeting away from Political (IRIS),,0.0
2026-08-01,DSP Marketplace - BFM,TheTradeDesk,BFM Internal,TTD Deal - CTV - Goodway Group (<$15),778377951937,0.0
2025-08-01,DSP Marketplace - BFM,4INFO,—,Cadent_BBC_PMP,811267808163,0.0
2025-09-01,Open Auction - BFM,DV360,—,Bidswitch - Desktop [Display],,267.08
2025-09-01,DSP Marketplace - BFM,IQM,—,IQM Deal - CTV - Battle States - Pennsylvania PA - Politics Allowed (Deal Library),BFM070,0.0
2025-09-01,DSP Marketplace - BFM,Xandr,Beachfront Deal Migration,Xandr Deal - CTV ($15 MiQ),499078560247,688.7
2025-12-01,Open Auction - BFM,Epsilon (Conversant),—,Conversant - CTV - Open Auction,,2486.18
2025-09-01,DSP Marketplace - BFM,Octillion,Beachfront Deal Migration,Octillion Deal - CTV - EW Scripps,976384276675,12519.66
2025-07-01,DSP Marketplace - BFM,StackAdapt,Beachfront Deal Curation,StackAdapt_Standard Inventory Packages_Beachfront_2025_Travel,Beach156,22.67
2025-07-01,Select - BFM,Viant,IRIS,IRIS.TV - Viant - Travel CTV_BFM,IRIS00315,228.12
2025-07-01,Select - BFM,Xandr,Quorum,Quorum Optimized > MSFT > High Index Zips - JCPenny Visitors - Banner,Quoru36,0.0
2025-07-01,Select - BFM,Stirista,Audigent,Audigent & Beachfront - AUD-066519 - Optimum Media - Multiple Brands - CTV SmartPMP - US - CTV + OTT - RON,Audig1775,4.05
2025-11-01,DSP Marketplace - BFM,Beeswax,—,Beeswax Deal - VideoAmp - CTV - Always On (Efficiency Monitoring),112854873831,318.42
2025-10-01,Open Auction - BFM,IPONWEB BidCore,—,Bidswitch - Desktop - 1st Price (HB),,0.08
2025-10-01,Select - BFM,TheTradeDesk,Chief Media,TTD - Chief Media - Walmart - CTV - Pub Targeting - Deal,476519491695,0.0
2025-10-01,Select - BFM,Viant,IRIS,IRIS.TV - Viant - Wyndham Contextual CTV_BFM,IRIS00358,9.89
2025-12-01,Open Auction - BFM,AdIngenious,—,Bidswitch - APP Display,,0.93
2025-11-01,Select - BFM,JamLoop OpenRTB,Hearst News,Hearst - Jamloop $14 Floor CTV,Hearst2,2.21
2025-10-01,Open Auction - BFM,—,—,Bidswitch - Seedtag,,0.0
2026-07-01,DSP Marketplace - BFM,DV360,Beachfront Deal Curation,Seedtag NeuroX | Always-On | Maternal & Family Health Advocates - Connected TV,STNXCTV025,3.63
2026-07-01,Select - BFM,Viant,Viant,Fox News,BFViantFoxNews2024,505.62
2026-08-01,DSP Marketplace - BFM,Beeswax,Beachfront Deal Curation,"Datafy - Entertainment, Video-Level Contextual - Q4",Datafy2255792809,22.01
2026-08-01,Open Auction - BFM,TheTradeDesk,—,TTD - CTV (Charter),,318.18
2026-07-01,Open Auction - BFM,Beeswax,—,Beeswax - CTV - Open Auction WEST,,47460.01
2026-07-01,Open Auction - BFM,Pubmatic,—,SEEDTAG (DON'T USE),,37233.06
2025-08-01,DSP Marketplace - BFM,4INFO,—,Cadent_Food Network_PMP,598939543123,0.0
2025-08-01,DSP Marketplace - BFM,SimpliFi,Beachfront Deal Curation,SimpliFi Deal - CTV - A+E Networks (Obfuscation),894567458141,76.36
2025-08-01,Open Auction - BFM,—,—,BEISBOL EL SHOW 2025 SABADO 20,,0.0
2025-09-01,Open Auction - BFM,DV360,—,Bidswitch - CTV (AMC),,2.75
2025-08-01,Open Auction - BFM,Bidswitch,—,Bidswitch - Desktop [Display],,0.02
2025-08-01,DSP Marketplace - BFM,SimpliFi,Beachfront Deal Curation,SimpliFi Deal - Newsy - CTV,984160496885,6.55
2025-07-01,Open Auction - BFM,Bidswitch,—,Deal Library - CTV - Politics Allowed - Super Tuesday,,0.0
2025-11-01,Select - BFM,TheTradeDesk,IRIS,IRIS.TV - Quantum11 - Potbelly Sentiment CTV_BFM,IRIS00283,9.95
2025-10-01,Open Auction - BFM,Viant,—,Viant - APP,,332.46
2025-07-01,DSP Marketplace - BFM,4INFO,—,Cadent_truTV_PMP_Testv2,"016687997449, 16687997449",0.0
2025-08-01,Select - BFM,Knorex,Infillion Demand,Pulte RON - Display 2,InfPulteRON2,0.0
2026-07-01,Select - BFM,Bidswitch,IRIS,GumGum - Cendyn - Royalton - Brand Safe CTV_BFM,IRIS00290,0.0
2026-07-01,Open Auction - BFM,TheTradeDesk,—,TTD - APP [Display],,7219.23
2026-08-01,DSP Marketplace - BFM,Bidswitch,Beachfront Deal Curation,Bidswitch Deal - Infillion -  CTV/InApp - FEP/CTV $10 and below (Average Clearing Pice),223910661417,0.0
2025-09-01,Open Auction - BFM,IQM,—,IQM - Display - Open Auction,,6.86
2025-08-01,DSP Marketplace - BFM,StackAdapt,Beachfront Deal Migration,StackAdapt Deal - CTV,443119806437,9871.5
2025-08-01,Select - BFM,Xandr,Quorum,Quorum Optimized > MSFT > High Index Zips - Arby's Visitors - Banner,Quoru77,0.0
2025-08-01,Open Auction - BFM,Yahoo DSP,—,Verizon - CTV (Charter),,13.57
2025-08-01,Open Auction - BFM,—,—,F0033691 FFC GENERICA SABADO 25 v3,,0.0
2025-09-01,Open Auction - BFM,Walmart,—,TTD - Desktop [Display],,4.45
2025-07-01,DSP Marketplace - BFM,SimpliFi,BFM Internal,Simpli.Fi Deal - Philo,667896312331,764.34
2025-07-01,DSP Marketplace - BFM,SimpliFi,—,Simplifi Deal - OTT,468896186068,0.0
2025-10-01,DSP Marketplace - BFM,Basis Technologies,—,Basis Deal - Network CTV (Warner Bros Discovery),BFMNET010,3322.29
2025-07-01,DSP Marketplace - BFM,Viant,—,Viant - Linear (Entertainment),236570734372,0.0
2025-07-01,Select - BFM,Marketing Architects -RTB,TV One,Marketing Architects 2024,MarketingArchitectsTVOne2024,0.0
2025-08-01,Open Auction - BFM,Zeta DSP,—,Bidswitch - APP,,0.06
2025-09-01,Open Auction - BFM,Zeta DSP,—,Bidswitch - APP,,0.01
2026-07-01,DSP Marketplace - BFM,SmartyAds,Beachfront Deal Curation,SmartyAds - Coachella - 2026 Deal,Beach259,59.71
2026-07-01,DSP Marketplace - BFM,Viant,Beachfront Deal Migration,Viant Deal - CTV - Content Object Removed,918860075162,7541.85
2026-08-01,DSP Marketplace - BFM,Viant,Beachfront Deal Curation,Viant DirectTV CTV Deal,482917560394,0.0
2025-10-01,Open Auction - BFM,TheTradeDesk,—,TTD - APP [Display],,10319.44
2025-09-01,Select - BFM,Yahoo DSP,Audigent,PMG & Beachfront - SDEAL-21050 - PMG - PMG - PMG - ctv SmartPMP - High Credit Card Score US,Audig1763,0.0
2025-09-01,Open Auction - BFM,—,—,F0039506 MLS TIPSTERS NEW GENERICA 30,,0.0
2025-08-01,Open Auction - BFM,Stirista,—,Stirista - Open Auction - OLV (Web),,0.02
2025-08-01,Open Auction - BFM,TheTradeDesk,—,TTD - Desktop [Display],,389.56
2025-07-01,Open Auction - BFM,SmartyAds,—,SmartyAds - App [Display],,47.27
2025-08-01,DSP Marketplace - BFM,Epsilon (Conversant),Beachfront Deal Curation,MLB - CTV - Contextual - Tentpole Deal - Conversant,Beach133,7.06
2025-09-01,DSP Marketplace - BFM,StackAdapt,Beachfront Deal Curation,StackAdapt_Standard Inventory Packages_Beachfront_2025_Nature,Beach179,0.03
2025-07-01,DSP Marketplace - BFM,StackAdapt,Beachfront Deal Curation,StackAdapt Deal - CTV - FuboTV - Political,363780806613,115.45
2025-11-01,Select - BFM,AdElement,Quorum,Quorum > DIY Home Renovators > Physical Visitors,Quoru193,0.0
2025-08-01,Select - BFM,TheTradeDesk,Chief Media,TTD - Chief Media - CTV - CBS News- Deal,536458915612,0.0
2025-11-01,Open Auction - BFM,Samsung DSP,—,Bidswitch - MW - 1st Price (HB),,0.01
2025-08-01,Open Auction - BFM,—,—,MadHive - CTV - 1st Price,,0.0
2025-07-01,Open Auction - BFM,Quantcast,—,Bidswitch - APP 1st Price,,0.0
2025-10-01,DSP Marketplace - BFM,SimpliFi,—,0,993808143903,0.0
2026-07-01,DSP Marketplace - BFM,Amobee,BFM Internal,Amobee Deal - CTV (Politics Allowed),BFM017,1342.26
2026-07-01,DSP Marketplace - BFM,Bidswitch,Beachfront Deal Curation,SamsungAds Efficiency Line,314668390400,0.0
2026-07-01,DSP Marketplace - BFM,TheTradeDesk,Beachfront Deal Migration,TTD - CTV - Captify $15 Below,730946633654,0.0
2026-08-01,Open Auction - BFM,Infillion,—,Bidswitch - APP,,0.01
2025-07-01,DSP Marketplace - BFM,Basis Technologies,Beachfront Deal Curation,Basis Deal - CTV - Skechers 2025 - Men 45+ - News,154877815199,2915.69
2025-10-01,DSP Marketplace - BFM,JamLoop OpenRTB,—,JamLoop Deal - CTV - Fuse TV,187878729747,95.11
2026-07-01,Open Auction - BFM,StackAdapt,—,0,,0.0
2025-11-01,Select - BFM,Bidswitch,Infillion Demand,Signet Jewelers | Men's Fashion | Desktop/Mobile,SignetInfilBeachDeskMob,0.0
2025-07-01,Open Auction - BFM,IPONWEB BidCore,—,Bidswitch - MW - 1st Price (HB),,3.95
2025-07-01,DSP Marketplace - BFM,IQM,—,IQM Deal - CTV - Battle States - Georgia GA - Politics Allowed (Deal Library),BFM069,0.14
2025-08-01,Open Auction - BFM,Lemma DSP,—,Lemma DSP CTV Ad,,22126.29
2025-08-01,Select - BFM,Xandr,Quorum,Quorum Optimized > MSFT > High Index Zips - Carl's Jr Visitors - CTV,Quoru90,0.6
2025-11-01,DSP Marketplace - BFM,TheTradeDesk,BFM Internal,TTD Deal - Food Lion - CTV (RON),569371033244,0.0
2025-12-01,DSP Marketplace - BFM,LoopMe,Beachfront Deal Curation,Seedtag CTV - LoopMe - MLB Spring Training/Opening,SeedtagCTV5399948113,0.0
2025-11-01,DSP Marketplace - BFM,Viant,Beachfront Deal Curation,Viant Deal - CTV - Spanish Political CTV,445972645214,191.66
2025-09-01,DSP Marketplace - BFM,Octillion,Beachfront Deal Migration,Octillion Deal - CTV - WeatherGroup,370043533271,317.64
2025-10-01,DSP Marketplace - BFM,Viant,Beachfront Deal Curation,Viant Deal - Walter County Tourism (Bundles),196835969212,3.44
2025-12-01,Select - BFM,TheTradeDesk,Mavern Media,Mavern Media & Beachfront - MJA - TTD - Multiple - RON - CTV - 20250124,MVRN000026,0.0
2025-09-01,DSP Marketplace - BFM,Bidswitch,—,T-Ads_CTV_Beachfront_AMC_$17.50,628070269578,0.0
2025-10-01,Open Auction - BFM,—,—,TrueX FireTV Games ,,732.06
2025-10-01,Open Auction - BFM,DV360,—,Bidswitch - CTV (Charter),,0.02
2025-09-01,Select - BFM,Xandr,Quorum,Quorum Optimized > MSFT > High Index Zips - Lexus Dealership Visitors - Banner,Quoru129,0.0
2025-09-01,Open Auction - BFM,—,—,F0022311 UFC MARCA GENÉRICA 2025-1 30,,0.0
2025-09-01,Select - BFM,—,Camelot,PMG - Pub Targeting,,0.0
2025-11-01,Select - BFM,DV360,MultiLocal,T9_mlm_TA_CA_CT_CTV_BF_MLMBRID4972,Multi25,44.28
2025-10-01,Open Auction - BFM,—,—,SundaySky - Desktop - 1st Price,,0.0
2025-09-01,DSP Marketplace - BFM,Basis Technologies,Beachfront Deal Curation,Basis Deal - Political Allowed CTV - Independents,591174215952,0.1
2025-11-01,DSP Marketplace - BFM,Bidswitch,—,Roku Deal - CTV (Political - Left Leaning) (MiQ),890620965784,0.0
2025-12-01,Select - BFM,Quantcast,Quorum,Quorum > Food Lovers > Physical Visitors,Quoru195,0.0
2026-07-01,Open Auction - BFM,Adtelligent,—,Adtelligent - CTV,,4510.39
2026-07-01,DSP Marketplace - BFM,Octillion,Beachfront Deal Migration,Octillion Deal - CTV - AMC - Network Targeting,135878418139,13.58
2026-07-01,Select - BFM,TheTradeDesk,Media Culture,Sports - Contextual - CTV Deal,Media26,0.0
2026-08-01,Select - BFM,TheTradeDesk,Strategus,Strategus Deal - CTV - Non-political inventory,Strat30,0.05
2026-08-01,DSP Marketplace - BFM,Viant,Beachfront Deal Migration,Viant Deal - Charter,310648224343,113.75
2025-12-01,Open Auction - BFM,Viant,—,Viant - MW [Display],,2310.98
2025-12-01,DSP Marketplace - BFM,JamLoop OpenRTB,—,JamLoop Deal - CTV - LG Ads - $14,533370911919,3747.28
2025-07-01,DSP Marketplace - BFM,StackAdapt,Beachfront Deal Curation,StackAdapt_Standard Inventory Packages_Beachfront_2025_Food,Beach165,1613.4
2025-08-01,Select - BFM,Xandr,Quorum,Quorum Optimized > MSFT > High Index Zips - Ford/Lincoln Dealership Visitors - Banner,Quoru115,0.0
2025-08-01,Open Auction - BFM,—,—,VTV_Smartclip_O&amp;O_$8,,0.0
2025-07-01,Select - BFM,JamLoop OpenRTB,TEGNA,Jamloop - AO - News - OTT CTV - Political - TEGNASOURCED 062922,TEGNA4,0.0
2025-11-01,Select - BFM,TheTradeDesk,Infillion Demand,WeatherTech | Holiday Genre | CTV,WTholidayCTVbf,0.0
2025-08-01,DSP Marketplace - BFM,StackAdapt,—,StackAdapt Deal - CTV (Premium),109040994585,6.27
2025-10-01,Open Auction - BFM,—,—,F0031633 PFL GENERICO 25,,0.0
2025-10-01,Open Auction - BFM,Infillion,—,Bidswitch - APP 1st Price,,1.37
2025-10-01,DSP Marketplace - BFM,Basis Technologies,Beachfront Deal Curation,Basis Deal - CTV - Skechers 2025 - Women 45+ - Reality (Hallmark),711907073746,0.48
2025-08-01,Select - BFM,Viant,Audigent,Audigent & Beachfront - AUD-066527 - Optimum Media - Multiple Brands - CTV ContextualPMP - English Language US - ctv,Audig1776,0.0
2025-11-01,Select - BFM,Xandr,Quorum,Quorum Optimized > MSFT > High Index Zips - Mercedes-Benz Dealership Visitors - CTV,Quoru134,0.5
2025-07-01,Select - BFM,TheTradeDesk,Chief Media,TTD - Chief Media - CTV - Paramount - Channel/Network Targeting - Deal,778185575390,2.13
2025-08-01,DSP Marketplace - BFM,StackAdapt,Beachfront Deal Curation,StackAdapt Deal - CTV - Local News - Political,BFMSA002,23.55
2025-09-01,Select - BFM,Stirista,Audigent,Audigent & Beachfront - AUD-066529 - Optimum Media - Multiple Brands - CTV ContextualPMP - Basketball US - ctv,Audig1784,0.0
2025-09-01,Open Auction - BFM,—,—,F0033691 FFC GENERICA SABADO 25 v3,,0.0
2025-12-01,DSP Marketplace - BFM,Epsilon (Conversant),Beachfront Deal Curation,Conversant Cryptocurrency Category Targeting - Video/CTV,Beach112,241.86
2025-08-01,DSP Marketplace - BFM,TheTradeDesk,—,TTD Deal - Desktop [Display] (RON DSPolitical),991281702111,0.0
2025-08-01,Open Auction - BFM,Knorex,—,Bidswitch -RTB- Getintent-Whitelist- Web Display,,0.0
2025-08-01,Select - BFM,Viant,IRIS,0,IRIS00314,0.0
2026-07-01,Open Auction - BFM,Unruly,—,Unruly Web 1st Price Video (Desktop Only),,0.0
2026-08-01,DSP Marketplace - BFM,Bidswitch,Beachfront Deal Curation,Seedtag NeuroX | Always-On | Chronic Condition Managers - Connected TV,STNXCTV028,0.0
2026-08-01,Open Auction - BFM,Viant,—,Viant - Linear (Entertainment),,0.0
2025-10-01,Open Auction - BFM,DV360,—,Bidswitch - MW - 1st Price (HB),,726.61
2025-12-01,Open Auction - BFM,TheTradeDesk,—,TTD - CTV (1st Price),,210136.49
2025-11-01,Select - BFM,DV360,IRIS,GumGum - Cendyn - Royalton - Brand Safe CTV_BFM,IRIS00290,858.09
2025-12-01,Open Auction - BFM,OnSpot Data,—,Bidswitch - Desktop [Display],,2.62
2025-07-01,DSP Marketplace - BFM,Bidswitch,Beachfront Deal Curation,Bidswitch Deal - Zeta - CTV - RON (Curation Seat),447383266136,0.0
2025-07-01,Open Auction - BFM,Adtelligent,—,Adtelligent - CTV - A+E Networks $15,,30482.27
2025-08-01,Select - BFM,Xandr,Quorum,Quorum Optimized > MSFT > High Index Zips - Dairy Queen Visitors - CTV,Quoru94,0.59
2025-09-01,Open Auction - BFM,Bidswitch,—,Bidswitch - CTV (AMC),,0.0
2025-11-01,Open Auction - BFM,IPONWEB BidCore,—,Bidswitch - CTV - 1st Price (Bundle 151908),,0.44
2025-11-01,Select - BFM,TheTradeDesk,Media Culture,Sports - Contextual - CTV Deal,Media26,74.17
2025-08-01,Open Auction - BFM,Adform,—,Bidswitch - MW [Display],,0.02
2025-08-01,Select - BFM,TheTradeDesk,Aki,Aki Deal - CTV - Daytime TV,Aki6,1.84
2026-08-01,DSP Marketplace - BFM,Basis Technologies,Beachfront Deal Migration,Basis Deal - Local News CTV,724834360400,26.98
2026-08-01,DSP Marketplace - BFM,JamLoop OpenRTB,BFM Internal,Jamloop Deal - CTV - Network-Channel-Newsmax,914358280972,11.7
2026-08-01,DSP Marketplace - BFM,Viant,Beachfront Deal Migration,Viant Deal - CTV - Political Approved Pubs RON,554902786103,262.6
2026-08-01,Open Auction - BFM,—,—,IDVx Roku $8 US,,0.0
2025-10-01,Open Auction - BFM,SmartyAds,—,SmartyAds - CTV (Plex),,1317.82
2025-11-01,Select - BFM,Bidswitch,IRIS,GumGum - Cendyn - Royalton - Brand Safe CTV_BFM,IRIS00290,0.0
2025-08-01,Open Auction - BFM,Epsilon (Conversant),—,Conversant - Web - Open Auction - Seedtag,,150301.76
2025-08-01,DSP Marketplace - BFM,Bidswitch,—,Bidswitch Deal - Zeta - CTV - $9 Fixed (Spanish Language),021402842725,0.0
2025-08-01,Open Auction - BFM,—,—,LEAP 2025 Improve SA Campaigns,,0.0
2025-12-01,Open Auction - BFM,Madopi,—,Bidswitch - CTV - 1st Price (Bundle 151908),,0.03
2025-12-01,DSP Marketplace - BFM,LoopMe,Beachfront Deal Curation,Seedtag CTV - LoopMe - MLS,SeedtagCTV5742927131,0.0
2025-07-01,DSP Marketplace - BFM,Viant,Beachfront Deal Curation,Viant Deal - CTV - HGTV,429035289354,0.37
2025-07-01,DSP Marketplace - BFM,Viant,Beachfront Deal Curation,Viant Deal - CTV - Oceania Cruises,179734962394,11.73
2025-09-01,Select - BFM,Viant,Audigent,Audigent & Beachfront - AUD-066527 - Optimum Media - Multiple Brands - CTV ContextualPMP - English Language US - ctv,Audig1776,0.0
2025-09-01,Select - BFM,Xandr,Quorum,Quorum Optimized > MSFT > High Index Zips - Carl's Jr Visitors - Banner,Quoru89,0.0
2025-08-01,Select - BFM,TheTradeDesk,Strategus,Strategus Deal - CTV - $0-$17 (No Samsung/Paramount),Strat37,59.03
2025-08-01,Open Auction - BFM,—,—,F0033719 FGM C25 DOMINGO 20,,0.0
2025-07-01,Select - BFM,TheTradeDesk,Aki,Aki Deal - CTV - Weekend Morning Moments,Aki14,10.15
2025-12-01,Open Auction - BFM,—,—,Conversant - Web - Open Auction - Display,,0.0
2025-12-01,Open Auction - BFM,—,—,F0044646 LATITUD ESPECIAL SELECCIONES SABADO 25,,0.0
2026-07-01,Select - BFM,Bidswitch,MultiLocal,T9_mlm_TA_CA_CT_CTV_BF_MLMBRID4972,Multi25,0.0
2026-07-01,DSP Marketplace - BFM,JamLoop OpenRTB,BFM Internal,Jamloop Deal - CTV - Frndly - MeTV - Adjust,205969889099,0.0
2026-08-01,DSP Marketplace - BFM,StackAdapt,Beachfront Deal Migration,StackAdapt Deal - CTV - Hispanic Audience,160021598282,0.25
2025-08-01,DSP Marketplace - BFM,JamLoop OpenRTB,BFM Internal,Jamloop Deal - CTV - Syncbak - Local News Adjust,137695710557,1.05
2025-08-01,DSP Marketplace - BFM,SimpliFi,Beachfront Deal Migration,SimpliFi Deal - CTV Roku,542169059668,8741.46
2025-08-01,Select - BFM,Xandr,Quorum,Quorum Optimized > MSFT > High Index Zips - Dunkin Donuts Visitors - CTV,Quoru62,0.0
2025-07-01,Select - BFM,Xandr,Quorum,Quorum Optimized > MSFT > High Index Zips - BMW/Mini Dealership Visitors - Banner,Quoru111,0.0
2025-08-01,DSP Marketplace - BFM,4INFO,—,Cadent_FOX_Broadcast_National_PMP,775906525872,0.0
2025-10-01,Open Auction - BFM,LoopMe,—,0,,0.0
2025-10-01,Select - BFM,Viant,IRIS,Viant - Sonny's BBQ - Contextual CTV_BFM,IRIS00351,758.18
2025-08-01,Open Auction - BFM,DV360,—,Bidswitch - Desktop [Display],,1056.01
2025-08-01,Open Auction - BFM,Sharethrough,—,0,,0.0
2025-10-01,Open Auction - BFM,Adtelligent,—,Adtelligent - CTV,,1224.09
2025-12-01,DSP Marketplace - BFM,Epsilon (Conversant),Beachfront Deal Curation,Conversant Pharma Category Targeting - Video/CTV,Beach115,355.75
2025-07-01,Open Auction - BFM,Adtheorent,—,Ad Theorent - CTV - 1st Price,,11617.07
2025-07-01,Open Auction - BFM,SmartyAds,—,SmartyAds - CTV (Fubo),,4.34
2025-12-01,DSP Marketplace - BFM,TheTradeDesk,—,TTD - OLV - Hispanic RON (Converge Direct),795529357355,0.0
2025-08-01,Select - BFM,TheTradeDesk,Aki,Aki Deal - CTV - Game Time Moments,Aki21,111.56
2025-08-01,DSP Marketplace - BFM,4INFO,—,Cadent_CBSS_PMP,065683922203,0.0
2025-09-01,Open Auction - BFM,Between Exchange,—,Bidswitch - Desktop - 1st Price (HB),,0.01
2025-08-01,Open Auction - BFM,Webeye,—,Bidswitch - APP,,0.0
2025-11-01,Open Auction - BFM,—,—,Lemma DSP CTV Ad,,0.0
2025-08-01,Select - BFM,TheTradeDesk,SilverBack,TTD Deal - Display - Silverback (RON) - Select,617075785160,165.82
2025-10-01,Open Auction - BFM,—,—,Conversant - CTV - Open Auction,,0.0
2026-07-01,DSP Marketplace - BFM,Bidswitch,Beachfront Deal Curation,Seedtag NeuroX | Always-On | Major League Sports Enthusiasts - Connected TV,STNXCTV032,0.0
2026-07-01,Open Auction - BFM,Epsilon (Conversant),—,Conversant - Web - Open Auction - Video,,2.87
2026-07-01,Select - BFM,Viant,Plex,Plex_Adelphic_$22,Plex2,0.02
2025-08-01,DSP Marketplace - BFM,Basis Technologies,Beachfront Deal Curation,Basis Deal - CTV - Catawba Two Kings Casino 2025,589953934941,510.1
2026-07-01,Open Auction - BFM,Viant,—,Viant - Linear (Adults),,0.0
2025-07-01,DSP Marketplace - BFM,SimpliFi,Beachfront Deal Curation,Simpli.Fi Deal - CTV - Puerto Costa Mexico CTV,376852766795,0.34
2025-08-01,Select - BFM,Xandr,Quorum,Quorum Optimized > MSFT > High Index Zips - Chick-fil-A Visitors - Banner,Quoru91,0.0
2025-09-01,Open Auction - BFM,TheTradeDesk,—,TTD - Desktop [Display],,318.61
2025-07-01,Open Auction - BFM,Sharethrough,—,Sharethrough Web (Open Auction),,4158.43
2025-11-01,DSP Marketplace - BFM,Beeswax,Beachfront Deal Curation,Beeswax Deal - CTV - Univision Demand - Political,601346667710,204.55
2025-12-01,Select - BFM,Viant,IRIS,IRIS.TV - Viant - Wyndham Contextual CTV_BFM,IRIS00358,0.0
2025-07-01,Open Auction - BFM,—,—,VTV VERTA  Dummy Ad,,0.0
2025-10-01,DSP Marketplace - BFM,Octillion,Beachfront Deal Migration,Octillion Deal - CTV - Newsy,376929459164,81.81
2025-12-01,Open Auction - BFM,Media Pulse,—,Rogers iCTV,,0.0
2025-09-01,Select - BFM,Yahoo DSP,Camelot,0,"PMGPub, PMGLGAds, PMGCuratedCTV",0.0
2025-11-01,Open Auction - BFM,—,—,Viant - MW,,0.0
2026-07-01,DSP Marketplace - BFM,Basis Technologies,Beachfront Deal Migration,Basis Deal - CTV RON - $10 Floor,893090891708,1444.84
2026-07-01,DSP Marketplace - BFM,Beeswax,Beachfront Deal Curation,MLB - CTV - Contextual - Tentpole Deal - VideoAmp,Beach150,0.0
2026-07-01,DSP Marketplace - BFM,GroundTruth,Beachfront Deal Curation,GroundTruth - Deal - CTV - Apple TV,BFMGT001,320.3
2026-07-01,Open Auction - BFM,StackAdapt,—,StackAdapt - CTV - Open Auction,,290495.63
2026-07-01,Select - BFM,TheTradeDesk,Strategus,Strategus - TTD - Political Allowed - CTV Deal,Strat85,0.09
2026-08-01,Open Auction - BFM,Quantcast,—,Bidswitch - APP Display,,0.0
2025-10-01,Open Auction - BFM,SmartyAds,—,SmartyAds - CTV (LG),,3.39
2025-11-01,DSP Marketplace - BFM,MadHive,Beachfront Deal Curation,MadHive Deal - CTV RON,983264025678,12854.02
2025-12-01,Open Auction - BFM,DV360,—,Bidswitch - MW [Display],,40.39
2025-12-01,Open Auction - BFM,DV360,—,Bidswitch -RTB- Getintent-Whitelist- Web Display,,0.0
2025-08-01,Open Auction - BFM,Amazon DSP,—,Bidswitch - APP 1st Price,,43580.82
2025-07-01,DSP Marketplace - BFM,SimpliFi,Beachfront Deal Curation,Simpli.Fi Deal - CTV - Stadium,501170943430,2.07
2025-08-01,DSP Marketplace - BFM,TheTradeDesk,—,TTD Deal - CTV - Lockard &amp; Wechsler - $7 Fox,520826425909,0.0
2025-08-01,Select - BFM,Xandr,Quorum,Quorum Optimized > MSFT > High Index Zips - Lexus Dealership Visitors - CTV,Quoru130,0.16
2025-09-01,Open Auction - BFM,Infillion,—,Bidswitch - Seedtag,,20.54
2025-09-01,DSP Marketplace - BFM,TheTradeDesk,—,TTD Deal - Comcast Playworks,991133437221,105.42
2025-07-01,Select - BFM,Xandr,Quorum,Quorum Optimized > MSFT > High Index Zips - McDonald's Visitors - CTV,Quoru56,0.75
2025-11-01,Select - BFM,TheTradeDesk,Strategus,Strategus Deal - CTV - $15-$17.99,Strat33,0.0
2025-09-01,Select - BFM,TheTradeDesk,Sightly,Northwestern Mutual,SightlyNWM,0.0
2025-10-01,Select - BFM,Bidswitch,Finstream,Nationwide Insurance,Finst2,0.0
2025-09-01,Open Auction - BFM,—,—,BEISBOL EL SHOW 2025 SABADO 20,,0.0
2025-12-01,Select - BFM,Bidswitch,Quorum,Quorum > Halloween Shoppers > Physical Visitors,Quoru196,0.0
2025-09-01,Open Auction - BFM,Viant,—,Viant - CTV - 1st Price,,271205.84
2025-09-01,DSP Marketplace - BFM,—,Beachfront Deal Migration,TTD Deal - Competitive Conquest Subaru - CTV,,0.0
2025-07-01,Open Auction - BFM,—,—,Integration TEST DEAL,,0.0
2026-07-01,Open Auction - BFM,Viant,—,Viant - APP,,229.68
2026-08-01,DSP Marketplace - BFM,Bidswitch,Beachfront Deal Curation,Seedtag NeuroX | Always-On | Health & Wellness Food Advocates - Connected TV,STNXCTV027,0.0
2026-08-01,Open Auction - BFM,SmartyAds,—,SmartyAds - CTV (Streaming Apps),,0.19
2025-12-01,Open Auction - BFM,StackAdapt,—,StackAdapt - CTV - Open Auction - Efficiency Monitoring,,7717.28
2025-11-01,Select - BFM,Viant,Viant,Fox News,BFViantFoxNews2024,555.36
2025-08-01,DSP Marketplace - BFM,Beeswax,—,Beeswax Deal - CTV - VideoAmp - FEP,118866276082,1760.6
2025-12-01,Open Auction - BFM,TheTradeDesk,—,TTD - APP [Display],,20540.51
2025-07-01,DSP Marketplace - BFM,Basis Technologies,—,Basis Deal - CTV (MLB),BFM059,0.0
2025-07-01,Select - BFM,TheTradeDesk,IRIS,IRIS.TV - Q11 Crunch - Contextual CTV_BFM,IRIS00244,4660.38
2025-10-01,DSP Marketplace - BFM,Octillion,Beachfront Deal Migration,Octillion Deal - CTV - AMC - Network Targeting,135878418139,3171.03
2025-09-01,DSP Marketplace - BFM,SimpliFi,Beachfront Deal Curation,Simpli.Fi Deal - CTV - Thanksgiving,503894398514,0.0
2025-09-01,DSP Marketplace - BFM,StackAdapt,Beachfront Deal Curation,StackAdapt Deal - CTV - Sports - Political,BFMSA005,20.58
2025-07-01,DSP Marketplace - BFM,SimpliFi,Beachfront Deal Curation,SimpliFi Deal - Gearheads CTV - Contextual,248292939179,1.06
2025-12-01,Open Auction - BFM,Streamworx Lda.,—,Bidswitch - Desktop - 1st Price (HB),,0.02
2025-10-01,Select - BFM,Viant,IRIS,IRIS.TV - Viant - Family & Relationships CTV_BFM,IRIS00316,158.71
2025-10-01,Select - BFM,Xandr,Quorum,Quorum Optimized > MSFT > High Index Zips - Red Robin Burgers Visitors - CTV,Quoru84,0.08
2025-10-01,Open Auction - BFM,—,—,F0039514 90 GENERICO LUN MIER VIER 15,,0.0
2025-11-01,Open Auction - BFM,Krush Media,—,Krush Media Web Display,,0.38
2025-08-01,Open Auction - BFM,IPONWEB BidCore,—,Bidswitch -RTB- Getintent-Whitelist- Web Display,,0.0
2025-07-01,Select - BFM,TheTradeDesk,Strategus,TTD - Strategus - CTV - $10 Below,STRAT001,13.96
2025-07-01,Select - BFM,TheTradeDesk,Strategus,Strategus - NYSERDA - KSV Agency - CTV + App Deal - Cooking Genre,Strat57,0.0
2025-11-01,Open Auction - BFM,Excelate,—,Bidswitch - Seedtag,,0.0
2026-07-01,DSP Marketplace - BFM,JamLoop OpenRTB,BFM Internal,JamLoop Deal - CTV OLV - All Spanish / Hispanic,048375798890,1256.36
2026-08-01,Open Auction - BFM,DV360,—,Bidswitch - CTV (Charter),,31.22
2026-08-01,DSP Marketplace - BFM,SmartyAds,Beachfront Deal Curation,SmartyAds - Sport Hockey - 2026 Deal,Beach255,0.0
2026-08-01,DSP Marketplace - BFM,Viant,BFM Internal,Viant Deal - CTV - Travel,BFM056,0.1
2025-07-01,Open Auction - BFM,Samsung DSP,—,Bidswitch - CTV - 1st Price,,176.5
2025-11-01,Select - BFM,Bidswitch,Infillion Demand,Pulte RON - Display 2,InfPulteRON2,0.0
2025-11-01,DSP Marketplace - BFM,GroundTruth,Beachfront Deal Curation,GroundTruth - Deal - CTV - Apple TV,BFMGT001,108.73
2025-11-01,DSP Marketplace - BFM,TheTradeDesk,—,TTD Deal - HavasEdge - FEP Univision Spanish Inventory,618884101622,0.0
2025-10-01,Open Auction - BFM,Bidswitch,—,Bidswitch - MW - 1st Price (HB),,0.01
2025-10-01,Open Auction - BFM,Bidswitch,—,Bidswitch - CTV (Charter),,0.0
2025-07-01,DSP Marketplace - BFM,Viant,—,Viant Deal - CTV (Cannabis Allowed),863781217269,2.79
2025-09-01,Select - BFM,Bidswitch,Infillion Demand,Signet Jewelers | Men's Fashion | CTV,SignetInfilBeachCTV,0.0
2025-09-01,DSP Marketplace - BFM,Octillion,Beachfront Deal Migration,Octillion Deal - CTV - AMC,135878418139,4483.03
2025-07-01,Select - BFM,Xandr,Quorum,Quorum Optimized > MSFT > High Index Zips - Papa John's Visitors - CTV,Quoru102,0.04
2025-09-01,DSP Marketplace - BFM,TheTradeDesk,Beachfront Deal Curation,TTD Deal - Casual IQ - Sports Content  - CTV - Contextual,859310837419,0.0
2025-07-01,Select - BFM,TheTradeDesk,Aki,0,"Aki1, Aki4",0.0
2025-07-01,Open Auction - BFM,Walmart,—,0,,0.0
2025-07-01,DSP Marketplace - BFM,Xandr,Beachfront Deal Curation,Xandr Deal - Compulse - Univision-14848,COMPULSE2,0.0
2025-12-01,Open Auction - BFM,Samsung DSP,—,Bidswitch - Seedtag,,0.0
2026-08-01,DSP Marketplace - BFM,JamLoop OpenRTB,BFM Internal,JamLoop Deal - CTV - LG Ads - $14,533370911919,3.61
2026-08-01,DSP Marketplace - BFM,SmartyAds,Beachfront Deal Curation,SmartyAds - World Health Day - 2026 Deal,Beach264,0.01
2026-08-01,DSP Marketplace - BFM,StackAdapt,Beachfront Deal Curation,StackAdapt_Standard Inventory Packages_Beachfront_2025_LDA Approved,Beach170,34.04
2025-11-01,Select - BFM,SimpliFi,33Across,33Across - Simplifi - CTV - Sports Audience - BF,33Acr1,3.51
2025-12-01,Open Auction - BFM,Epsilon (Conversant),—,Conversant - Web - Open Auction - Video,,65.41
2025-08-01,Open Auction - BFM,SmartyAds,—,SmartyAds - App (1st Price),,20.41
2025-11-01,Open Auction - BFM,Unruly,—,Unruly InApp 1st Price Video,,0.0
2025-08-01,DSP Marketplace - BFM,Epsilon (Conversant),Beachfront Deal Curation,Conversant Deal - CTV - Political RON,513073226453,2808.76
2025-12-01,Select - BFM,JamLoop OpenRTB,Hearst News,Hearst - Jamloop $14 Floor CTV,Hearst2,0.74
2025-10-01,Select - BFM,DV360,IRIS,IRIS.TV - OMD - National Guard - Sentiment CTV_BFM,IRIS00270,5.68
2025-10-01,Select - BFM,Bidswitch,Infillion Demand,Pulte RON - Display 2,InfPulteRON2,0.0
2026-07-01,Open Auction - BFM,Viant,—,Viant - Linear (Women),,0.0
2025-12-01,Select - BFM,Viant,Viant,the first,TheFirstTV,0.0
2025-12-01,Open Auction - BFM,Xandr,—,Xandr STB VOD,,0.0
2025-12-01,Open Auction - BFM,Basis Technologies,—,0,,0.0
2025-09-01,Open Auction - BFM,—,—,Ad Theorent - CTV - 1st Price,,0.0
2026-08-01,DSP Marketplace - BFM,Bidswitch,Beachfront Deal Curation,Seedtag NeuroX | Always-On | Savvy Shoppers - Connected TV,STNXCTV031,0.0
2026-08-01,Open Auction - BFM,Bidswitch,—,Bidswitch - CTV (Charter),,0.0
2026-08-01,Select - BFM,TheTradeDesk,IRIS,IRIS.TV - Q11 - West Coast College - Graduates Contextual CTV_BFM,IRIS00360,82.38
2026-08-01,Select - BFM,Yahoo DSP,Camelot,PMG - LG - Hardees,PMGLGAdsHardees,0.0
2025-11-01,DSP Marketplace - BFM,Epsilon (Conversant),Beachfront Deal Curation,NBA - CTV - Contextual -  Tentpole Deal - Conversant,Beach130,0.3
2025-12-01,Open Auction - BFM,Webeye,—,Bidswitch - APP Display,,6.28
2025-12-01,Open Auction - BFM,SmartyAds,—,SmartyAds - CTV (LATAM),,30.92
2025-11-01,Open Auction - BFM,—,—,F0034009 AEW SHOW 2025-1 LUNES 30’,,0.0
2025-12-01,Open Auction - BFM,Viant,—,Viant - MW - 1st Price,,16528.86
2025-07-01,DSP Marketplace - BFM,Viant,—,Viant Deal - CTV (Genre: Entertainment),577096258514,12.8
2025-07-01,DSP Marketplace - BFM,Bidswitch,—,BidSwitch Deal - CTV (Plex Samsung Ads),377917241993,0.0
2025-07-01,DSP Marketplace - BFM,Basis Technologies,Beachfront Deal Curation,Basis Deal - CTV - Fingerlakes Gaming 2025,332440817016,1368.27
2025-07-01,DSP Marketplace - BFM,Basis Technologies,—,Basis Deal - Fubo CTV (RON),BFM062,244.38
2025-09-01,Open Auction - BFM,OTT Advisors (Demand),—,OTT Advisors Deal - CTV - (Univision) (Bundles),,0.0
2025-08-01,Open Auction - BFM,Stirista,—,Stirista - MW [Display],,0.0
2025-08-01,Open Auction - BFM,Stirista,—,Stirista - Open Auction - OLV (InApp),,0.1
2025-08-01,Select - BFM,Stirista,Audigent,Audigent & Beachfront - AUD-066529 - Optimum Media - Multiple Brands - CTV ContextualPMP - Spanish Language Sports US - ctv,Audig1782,0.04
2025-07-01,Open Auction - BFM,—,—,F0038408 F1 INVITACIONAL DIEGO MEJIA GP BELGICA 15s,,0.0
2025-07-01,Open Auction - BFM,Lift,—,Bidswitch - Desktop [Display],,0.02
2025-11-01,Select - BFM,Quantcast,Quorum,Quorum > Interior Designers > Physical Visitors,Quoru199,0.0
2025-09-01,Open Auction - BFM,Amobee,—,0,,0.0
2025-09-01,DSP Marketplace - BFM,Basis Technologies,Beachfront Deal Curation,0,"242487362196, 430109082311",0.0
2025-07-01,Open Auction - BFM,OnSpot Data,—,Bidswitch -RTB- Getintent-Whitelist- Web Display,,0.0
2025-10-01,Open Auction - BFM,—,—,LoopMe - Open Auction - CTV,,0.0
2026-07-01,DSP Marketplace - BFM,Viant,Beachfront Deal Curation,Viant Deal - CTV - Spanish Political CTV,445972645214,0.0
2026-08-01,DSP Marketplace - BFM,Basis Technologies,Beachfront Deal Migration,Basis Deal - Hispanic CTV,532371564041,73.45
2026-08-01,DSP Marketplace - BFM,MadHive,Beachfront Deal Curation,Madhive Deal - CTV - Spanish Channels & Networks,735504792609,3.27
2026-07-01,Select - BFM,DV360,MultiLocal,T9_mlm_TA_CA_CT_CTV_BF_MLMBRID4972,Multi25,38.28
2025-11-01,DSP Marketplace - BFM,StackAdapt,—,StackAdapt Deal - CTV - Hallmark (Network),545977539514,182.42
2025-07-01,DSP Marketplace - BFM,Beeswax,Beachfront Deal Migration,Beeswax Deal - CTV - AudienceXpress - RON,765218873628,18.7
2025-08-01,DSP Marketplace - BFM,GroundTruth,—,GroundTruth Deal - CTV - 90% VCR,480630561397,2209.67
2025-08-01,DSP Marketplace - BFM,MadHive,Beachfront Deal Migration,MadHive Deal - CTV (Alcohol),110295217642,1230.47
2025-11-01,Select - BFM,Bidswitch,MultiLocal,T9_mlm_TA_CA_CT_CTV_BF_MLMBRID4972,Multi25,0.0
2025-12-01,DSP Marketplace - BFM,Viant,—,Viant Deal - CTV - Travel,BFM056,1402.82
2025-08-01,Select - BFM,Viant,IRIS,IRIS.TV - Viant - Joy - Emotional Sentiment CTV_BFM,IRIS00317,256.68
2025-10-01,DSP Marketplace - BFM,Epsilon (Conversant),Beachfront Deal Curation,Conversant Pharma Category Targeting - Video/CTV,Beach115,258.01
2025-07-01,Open Auction - BFM,Zeta DSP,—,Bidswitch - MW [Display],,0.0
2025-07-01,Open Auction - BFM,Adform,—,Bidswitch - Seedtag,,0.03
2025-08-01,DSP Marketplace - BFM,Basis Technologies,—,Basis Deal - (All Spanish CTV/OTT),141086649977,0.0
2025-08-01,Select - BFM,TheTradeDesk,Infillion Demand,ez cater | HR Leaders | CTV,ezCBizInfilBeachHRVidCTV,0.0
2025-10-01,Open Auction - BFM,—,—,F0034009 AEW SHOW 2025-1 LUNES 30’,,0.0
2025-07-01,DSP Marketplace - BFM,StackAdapt,—,StackAdapt Deal - MW - 60%+ VCR,700027738308,23.57
2025-09-01,DSP Marketplace - BFM,Viant,—,Viant Deal - CTV (Sports - Live Game),966310467171,0.0
2025-09-01,Open Auction - BFM,Walmart,—,0,,0.0
2025-09-01,DSP Marketplace - BFM,Basis Technologies,Beachfront Deal Curation,Basis Deal - CTV - Fingerlakes Gaming 2025,332440817016,421.37
2025-08-01,DSP Marketplace - BFM,4INFO,—,Cadent_TBS_PMP_Test,270445115621,0.0
2025-12-01,Open Auction - BFM,StackAdapt,—,0,564909187691,0.0
2025-10-01,Open Auction - BFM,BizzClick,—,BizzClick - App (Indirect),,0.0
2026-08-01,Open Auction - BFM,Xandr,—,Xandr CTV,,13.02
2025-11-01,DSP Marketplace - BFM,StackAdapt,Beachfront Deal Curation,StackAdapt Deal - CTV - Premium Pubs - Political,BFMSA003,1616.86
2025-08-01,Open Auction - BFM,—,—,Conversant - Web - Open Auction - Seedtag,,0.0
2025-07-01,DSP Marketplace - BFM,Beeswax,—,Beeswax Deal - CTV - Datafy - Hispanic Inventory,976376076665,89.12
2025-11-01,Select - BFM,Xandr,Quorum,Quorum Optimized > MSFT > High Index Zips - Red Robin Burgers Visitors - CTV,Quoru84,0.0
2025-10-01,Open Auction - BFM,Epsilon (Conversant),—,Conversant - CTV - Open Auction,,49851.84
2025-07-01,DSP Marketplace - BFM,TheTradeDesk,Beachfront Deal Migration,TTD Deal - CTV ($15 MiQ) (Walmart),176619450572,0.0
2025-07-01,DSP Marketplace - BFM,TheTradeDesk,Beachfront Deal Curation,TTD Deal - Casual IQ - Sports Content  - CTV - Contextual,859310837419,0.0
2025-07-01,DSP Marketplace - BFM,Walmart,—,TTD Deal - Comcast Playworks,991133437221,0.5
2025-10-01,Open Auction - BFM,OnSpot Data,—,Bidswitch - CTV - 1st Price (Bundle 151908),,11.27
2025-10-01,DSP Marketplace - BFM,MadHive,Beachfront Deal Curation,Madhive Deal - CTV - Spanish Language Targeting,339126935910,257.65
2025-07-01,DSP Marketplace - BFM,StackAdapt,Beachfront Deal Curation,StackAdapt_Standard Inventory Packages_Beachfront_2025_90 Second Placements,Beach174,0.0
2025-07-01,Select - BFM,Xandr,IRIS,MNI - Science & Tech CTV_BFM,IRIS73,0.0
2025-07-01,Open Auction - BFM,OTT Advisors (Demand),—,OTT Advisors Deal - CTV - (Univision) (Bundles),,0.0
2025-09-01,DSP Marketplace - BFM,StackAdapt,—,StackAdapt Deal - CTV (Sling TV Only),223237105391,0.68
2025-12-01,Open Auction - BFM,IPONWEB BidCore,—,Bidswitch - CTV - 1st Price (Bundle 151908),,2.01
2025-10-01,Select - BFM,Viant,IRIS,IRIS.TV - Viant - Open-minded - Emotional Sentiment CTV_BFM,IRIS00294,6.99
2025-07-01,DSP Marketplace - BFM,StackAdapt,—,StackAdapt Deal - CTV (Sling TV Only),223237105391,1.89
2025-07-01,Open Auction - BFM,4INFO,—,4INFO Deal - CTV - T1 Indirect - (ID),,0.0
2025-08-01,Open Auction - BFM,Zeta DSP,—,Bidswitch - APP 1st Price,,0.07
2025-08-01,Open Auction - BFM,Webeye,—,Bidswitch - APP 1st Price,,0.0
2025-09-01,DSP Marketplace - BFM,Basis Technologies,—,Basis Deal - Fubo CTV (Sports),BFM061,1.3
2025-12-01,Open Auction - BFM,—,—,Bidswitch - Seedtag,,0.0
2025-08-01,Open Auction - BFM,Infillion,—,Bidswitch - CTV (Charter),,0.02
2026-07-01,Open Auction - BFM,Walmart,—,TTD - APP [Display],,400.04
2026-08-01,DSP Marketplace - BFM,Bidswitch,Beachfront Deal Curation,Seedtag NeuroX | Always-On | Tech Innovation & Gadget Content Enthusiasts - Connected TV,STNXCTV035,0.0
2026-08-01,Open Auction - BFM,Madopi,—,Bidswitch - CTV - 1st Price,,0.01
2026-08-01,Open Auction - BFM,TheTradeDesk,—,TTD - CTV - oRTB (Canada),,31.07
2026-08-01,Open Auction - BFM,Walmart,—,TTD - Desktop - 1st Price (HB),,0.14
2025-12-01,DSP Marketplace - BFM,Basis Technologies,Beachfront Deal Curation,Basis Deal - CTV - Skechers 2025 - Men 45+ - Sports,558690500585,7224.77
2025-09-01,DSP Marketplace - BFM,PulsePoint,—,Pulsepoint Deal - CTV - CMI - iCTV Supply,560101639946,0.0
2025-10-01,Open Auction - BFM,Xandr,—,Xandr CTV,,23566.91
2025-10-01,Open Auction - BFM,Streamworx Lda.,—,Bidswitch - APP 1st Price,,0.42
2025-09-01,DSP Marketplace - BFM,4INFO,—,Cadent_Food Network_PMP,598939543123,0.0
2025-08-01,Select - BFM,Infillion,Infillion Demand,Pulte RON - Display 2,InfPulteRON2,0.0
2025-11-01,Open Auction - BFM,—,—,F0041426 NFL THANKSGIVING GRACIAS 3 JUEGOS FECHA 20,,0.0
2025-07-01,DSP Marketplace - BFM,Octillion,—,Octillion Deal - CTV - Stadium,659381712576,9.67
2025-09-01,DSP Marketplace - BFM,Basis Technologies,Beachfront Deal Curation,Basis Deal - CTV - Catawba Two Kings Casino 2025,589953934941,493.97
2026-07-01,DSP Marketplace - BFM,Octillion,BFM Internal,Octillion Deal - CTV - HGTV - Network Adjust,747279147158,1407.36
2026-07-01,Open Auction - BFM,The Media Sense,—,The Media Sense DSP CTV Ads Direct,,0.0
2025-09-01,Select - BFM,Xandr,Quorum,Quorum Optimized > MSFT > High Index Zips - Dunkin Donuts Visitors - CTV,Quoru62,0.08
2025-12-01,DSP Marketplace - BFM,GroundTruth,Beachfront Deal Curation,GroundTruth Deal - Desktop Web - Always On - Video,Beach189,0.0
2025-08-01,Open Auction - BFM,4INFO,—,4INFO - CTV - 1st Price,,26118.5
2025-07-01,DSP Marketplace - BFM,TheTradeDesk,—,TTD Deal - In Market SUV Subaru - CTV,782973249332,3824.92
2025-08-01,Open Auction - BFM,Adtelligent,—,Adtelligent - CTV (Fubo),,173.99
2025-11-01,Select - BFM,Bidswitch,IRIS,IRIS.TV - OMD - National Guard - Sentiment CTV_BFM,IRIS00270,0.0
2025-11-01,DSP Marketplace - BFM,Viant,Beachfront Deal Migration,Viant Deal - CTV - Content Object Removed,918860075162,19833.69
2025-11-01,DSP Marketplace - BFM,JamLoop OpenRTB,—,JamLoop Deal - CTV - Cable Broadcast - Scripps-Newsy,855918727592,1011.89
2025-08-01,Open Auction - BFM,Viant,—,Viant - APP [Display],,786.0
2025-07-01,DSP Marketplace - BFM,JamLoop OpenRTB,—,JamLoop Deal - CTV - ION - Bounce - Court,620792611801,1047.61
2025-10-01,Open Auction - BFM,Bidswitch,—,Bidswitch -RTB- Getintent-Whitelist- Web Display,,0.0
2025-09-01,Open Auction - BFM,—,—,LEAP 2025 Improve SA Campaigns,,0.0
2025-08-01,DSP Marketplace - BFM,Stirista,Beachfront Deal Curation,Stirista Deal - DV - CTV RON (Washington DC),298578719382,3.1
2025-08-01,DSP Marketplace - BFM,StackAdapt,Beachfront Deal Curation,StackAdapt_Standard Inventory Packages_Beachfront_2025_Nature,Beach179,0.01
2025-07-01,Open Auction - BFM,OTT Advisors (Demand),—,OTT Advisors Deal - MW/Tablet - Live Sports (Washington DC),,0.0
2025-07-01,Select - BFM,Xandr,Quorum,Quorum Optimized > MSFT > High Index Zips - Baskin Robbins Visitors - Banner,Quoru85,0.0
2025-11-01,Open Auction - BFM,Zeta DSP,—,Bidswitch - Desktop [Display],,0.0
2025-12-01,Open Auction - BFM,—,—,F0044486 MASL BLT VS MILW ST LO VS EMPI VIERNES 20,,0.0
2025-10-01,Open Auction - BFM,—,—,F0033755 UFC FSP GENÉRICA VALS-METAL 20,,0.0
2025-07-01,DSP Marketplace - BFM,Infillion,Beachfront Deal Curation,0,223910661417,0.0
2025-08-01,Select - BFM,—,IRIS,IRIS.TV - Viant - Wyndham Emotional Sentiment CTV_BFM,,0.0
2025-12-01,Open Auction - BFM,—,—,2511 - MGMPLUS - ROBIN HOOD PROMO - MGMPHD363301-01 - MOVIES,,15.32
2025-10-01,Select - BFM,—,IRIS,IRIS.TV - Viant - IRIS-enabled CTV_BFM,,0.0
2026-08-01,DSP Marketplace - BFM,Adtelligent,Beachfront Deal Curation,Adtelligent Sensitive Category Deal - Nicotine - CTV,666682540156,0.22
2026-08-01,DSP Marketplace - BFM,DV360,Beachfront Deal Curation,Seedtag NeuroX | Always-On | Digital Creators & Influencer Content Viewers - Connected TV,STNXCTV006,1.11
2026-08-01,DSP Marketplace - BFM,Epsilon (Conversant),Beachfront Deal Curation,Conversant - Seedtag Q1 Tentpole - SuperBowl  - Contextual CTV,Beach213,0.0
2026-08-01,Open Auction - BFM,Krush Media,—,Krush Media Web Video,,0.0
2026-08-01,DSP Marketplace - BFM,MadHive,Beachfront Deal Curation,Madhive Deal - CTV - Spanish Language Targeting,339126935910,5.87
2026-08-01,DSP Marketplace - BFM,SmartyAds,Beachfront Deal Curation,SmartyAds Deal - Q1 Tentpole - Winter Olympics - Contextual CTV,824105210563,0.06
2025-09-01,DSP Marketplace - BFM,Yahoo DSP,Beachfront Deal Curation,Yahoo - Casual IQ - Sports Content  - CTV - Contextual,473918206754,0.0
2025-07-01,DSP Marketplace - BFM,GroundTruth,Beachfront Deal Curation,GroundTruth - Deal - CTV - Fire TV,BFMGT004,147.04
2025-11-01,DSP Marketplace - BFM,Viant,Beachfront Deal Migration,Viant Deal - CTV (Sports - All),973650277866,131.17
2025-07-01,Open Auction - BFM,LoopMe,—,LoopMe - Open Auction - CTV,,29478.71
2025-09-01,Open Auction - BFM,Epsilon (Conversant),—,Conversant Newsy CTV (203803),,2.66
2025-09-01,DSP Marketplace - BFM,TheTradeDesk,—,TTD Deal - CTV (MIQ Political Allowed RON),549029886293,0.0
2026-07-01,Open Auction - BFM,Viant,—,SEEDTAG (DON'T USE),,1649.98
2025-08-01,Select - BFM,TheTradeDesk,Infillion Demand,ez cater | Business Professionals | CTV,ezCBizInfilBeachVidCTV,0.0
2025-11-01,DSP Marketplace - BFM,Bidswitch,—,Bidswitch Deal - CTV - Roku - MIQ - Mexico,778660458515,0.0
2025-10-01,DSP Marketplace - BFM,Basis Technologies,Beachfront Deal Curation,Basis Deal - CTV - Skechers 2025 - Women 45+ - Entertainment,105507977165,118.71
2025-07-01,Select - BFM,Xandr,Quorum,Quorum Optimized > MSFT > High Index Zips - Blaze Pizza Visitors - CTV,Quoru88,0.69
2025-07-01,Select - BFM,Xandr,Quorum,Quorum Optimized > MSFT > High Index Zips - Carl's Jr Visitors - Banner,Quoru89,0.0
2025-07-01,Open Auction - BFM,Amazon DSP,—,Bidswitch - MW [Display],,0.0
2025-07-01,Open Auction - BFM,MadHive,—,0,,0.0
2025-11-01,Select - BFM,TheTradeDesk,AI Digital,AI Digital - Beachfront - C0024 - CTV - Auto Insurance Sports - 022223,AIDig38,0.0
2025-08-01,DSP Marketplace - BFM,JamLoop OpenRTB,BFM Internal,0,JL001,0.0
2025-12-01,Open Auction - BFM,—,—,Marketing Architects - CTV 1st Price,,0.0
2026-07-01,Open Auction - BFM,Viant,—,Viant - MW - 1st Price,,3188.92
2026-08-01,DSP Marketplace - BFM,Yahoo DSP,Beachfront Deal Curation,New Media CTV/OTT RON - Yahoo,378043004864,1103.28
2026-08-01,Select - BFM,Yahoo DSP,Mavern Media,Mavern Media & Beachfront - The New Media Firm - Yahoo - Multiple - RON - CTV - 20250615,Mavern20,0.0
2025-10-01,DSP Marketplace - BFM,Octillion,BFM Internal,Octillion Deal - CTV - A&E Network Adjust,747279147159,368.83
2025-09-01,Open Auction - BFM,DV360,—,Bidswitch - CTV - 1st Price (Bundle 151908),,172.01
2025-11-01,DSP Marketplace - BFM,Viant,Beachfront Deal Migration,Viant Deal - OLV - CBS,714397033029,2698.27
2025-09-01,DSP Marketplace - BFM,TheTradeDesk,—,TTD Deal - CTV - Lockard &amp; Wechsler - $7 Fox,520826425909,0.0
2025-08-01,DSP Marketplace - BFM,Basis Technologies,Beachfront Deal Curation,Basis Deal - CTV - Warner Bros Channels & Networks,742050964622,54.33
2025-12-01,DSP Marketplace - BFM,Basis Technologies,Beachfront Deal Curation,Basis Deal - OTT - Skechers 2025 - Men 45+ - Sports,343798267566,1513.71
2025-08-01,Open Auction - BFM,DV360,—,Bidswitch - CTV (AMC),,3.66
2025-11-01,Select - BFM,AdElement,Quorum,"Quorum > Fashion, Beauty, and Wellness > Physical Visitors",Quoru194,0.0
2025-08-01,DSP Marketplace - BFM,Beeswax,—,Beeswax Deal - CTV - Datafy - Minority Owned,976376076665,2690.9
2025-10-01,Open Auction - BFM,Infillion,—,Bidswitch - Desktop - 1st Price (HB),,17.4
2025-10-01,Select - BFM,Xandr,Quorum,Quorum Optimized > MSFT > High Index Zips - Macy's Visitors - CTV,Quoru32,1.72
2025-10-01,Select - BFM,Xandr,Quorum,Quorum Optimized > MSFT > High Index Zips - Pizza Hut Visitors - CTV,Quoru104,0.07
2025-07-01,Select - BFM,Xandr,Quorum,Quorum Optimized > MSFT > High Index Zips - Chipotle Visitors - CTV,Quoru60,0.43
2025-08-01,Open Auction - BFM,IPONWEB BidCore,—,Bidswitch - APP,,0.08
2025-08-01,Select - BFM,TheTradeDesk,IRIS,IRIS.TV - Q11 - Revitalash Contextual CTV_BFM,IRIS00327,73.3
2025-10-01,Select - BFM,Bidswitch,Olympusat International,PMP 369 LATAM $3,Olymp7,0.0
2025-08-01,Open Auction - BFM,Aroscop,—,Bidswitch - MW - 1st Price (HB),,0.0
2026-07-01,Open Auction - BFM,Zeta DSP,—,Bidswitch - CTV (AMC),,0.32
2026-07-01,Select - BFM,JamLoop OpenRTB,Hearst News,Hearst - Jamloop $14 Floor CTV,Hearst2,5.48
2025-09-01,DSP Marketplace - BFM,GroundTruth,Beachfront Deal Curation,GroundTruth - Deal - CTV - Fire TV,BFMGT004,135.59
2025-09-01,Open Auction - BFM,IQM,—,IQM - In-App Video - Open Auction,,1.57
2025-11-01,DSP Marketplace - BFM,TheTradeDesk,Beachfront Deal Migration,TTD - CTV - Captify $15 Below,730946633654,103.49
2025-11-01,DSP Marketplace - BFM,TheTradeDesk,Beachfront Deal Migration,TTD Deal - HavasEdge - CTV RON,676738569288,0.0
2025-11-01,Open Auction - BFM,Quantcast,—,Bidswitch - Seedtag,,2916.89
2025-11-01,Open Auction - BFM,DV360,—,Bidswitch -RTB- Getintent-Whitelist- Web Display,,0.0
2025-12-01,Select - BFM,TheTradeDesk,Infillion Demand,WeatherTech | Holiday Genre | CTV,WTholidayCTVbf,0.0
2025-08-01,DSP Marketplace - BFM,TheTradeDesk,—,TTD Deal - CTV - Seedtag All BFM Pubs,626839283178,0.0
2025-08-01,DSP Marketplace - BFM,TheTradeDesk,Beachfront Deal Curation,TTD Deal - CTV - Curated by Seedtag - Gamers (Test),693716785702,0.0
2025-09-01,DSP Marketplace - BFM,SimpliFi,Beachfront Deal Curation,SimpliFi Deal - CTV - A+E Networks (Obfuscation),894567458141,1090.47
2025-12-01,Select - BFM,Viant,Viant,Rightwing tv,BFRightWing,0.12
2025-08-01,DSP Marketplace - BFM,StackAdapt,Beachfront Deal Curation,StackAdapt Deal - CTV - Sports - Political,BFMSA005,10.66
2025-09-01,DSP Marketplace - BFM,SimpliFi,—,Simpli.fi Deal - CTV - (AMC),614613336893,69.54
2025-07-01,Open Auction - BFM,Zeta DSP,—,Bidswitch - Seedtag,,0.12
2025-10-01,Select - BFM,Viant,Quorum,Quorum Optimized > Viant > High Index Zips - New & Used Automotive Dealer Visitors - CTV,Quoru45,0.0
2025-07-01,DSP Marketplace - BFM,SimpliFi,—,Simpli.fi Deal - CTV (Vizio),231262416313,243.28
2025-07-01,DSP Marketplace - BFM,StackAdapt,—,StackAdapt Deal - CTV - Plex,406265079126,165.64
2025-12-01,Open Auction - BFM,Cepia,—,Mighty Wheels November 2025,,0.15
2026-07-01,DSP Marketplace - BFM,Zeta DSP,Beachfront Deal Curation,Bidswitch Deal - CTV - Zeta - Paramount (No Pluto),732808904693,793.61
2026-07-01,DSP Marketplace - BFM,GroundTruth,Beachfront Deal Migration,GroundTruth Deal - CTV - Premium Bundles List,783317263332,12597.56
2026-07-01,DSP Marketplace - BFM,Viant,BFM Internal,Viant Deal - CTV - Travel,BFM056,2.13
2025-10-01,DSP Marketplace - BFM,SimpliFi,—,Simpli.Fi Deal - CTV - Political Allowed (Hearst News),401688873447,37.82
2025-09-01,Open Auction - BFM,Amazon DSP,—,Bidswitch - APP,,60.44
2025-09-01,Open Auction - BFM,Bidswitch,—,Bidswitch - STB VOD,,0.0
2025-12-01,DSP Marketplace - BFM,Viant,Beachfront Deal Curation,Magnolia and HGTV - CTV - Viant Deal,738509621475,0.22
2025-08-01,DSP Marketplace - BFM,Basis Technologies,Beachfront Deal Migration,Basis Deal - Politics Allowed CTV,BFM017,2884.83
2025-09-01,Select - BFM,Xandr,Quorum,Quorum Optimized > MSFT > High Index Zips - Acura Dealership Visitors - CTV,Quoru108,0.1
2025-10-01,Open Auction - BFM,StackAdapt,—,StackAdapt - CTV - Open Auction,,86461.67
2025-07-01,Select - BFM,Xandr,Quorum,Quorum Optimized > MSFT > High Index Zips - Domino's Visitors - Banner,Quoru71,0.0
2025-07-01,Select - BFM,TheTradeDesk,Aki,Aki Deal - CTV - Red Carpet,Aki24,0.0
2025-09-01,Open Auction - BFM,Viant,—,Viant - APP - 1st Price,,1357.86
2025-09-01,Open Auction - BFM,—,—,SimpliFi - CTV - 1st Price,,0.0
2025-09-01,Open Auction - BFM,—,—,Pending/Placement BeachFront AD,,0.0
2026-07-01,Open Auction - BFM,Infillion,—,Bidswitch - Desktop - 1st Price (HB),,4.17
2026-07-01,Open Auction - BFM,TheTradeDesk,—,TTD - CTV (1st Price),,102370.21
2026-08-01,DSP Marketplace - BFM,JamLoop OpenRTB,Beachfront Deal Curation,MLB Mexico Live - Jamloop,764159615381,0.0
2026-08-01,Select - BFM,TheTradeDesk,Chief Media,TTD - Chief Media - CTV - Pub Targeted - Fox,1213870,0.0
2026-08-01,Open Auction - BFM,—,—,TrueX FireTV Games ,,30.42
2025-09-01,DSP Marketplace - BFM,JamLoop OpenRTB,—,JamLoop Deal - CTV - Fubo - Efficient CPM,302473738758,165.64
2025-09-01,Open Auction - BFM,—,—,VTV VERTA  Dummy Ad,,0.0
2025-09-01,DSP Marketplace - BFM,Octillion,Beachfront Deal Migration,Octillion Deal - CTV - Open Auction,747279147174,8239.1
2025-09-01,DSP Marketplace - BFM,SimpliFi,Beachfront Deal Curation,Simpli.Fi Deal - CTV - Puerto Costa Mexico CTV,376852766795,0.56
2025-09-01,DSP Marketplace - BFM,Bidswitch,—,T-Ads_CTV_Beachfront_Hearst_$9,482192094743,0.0
2025-07-01,Open Auction - BFM,Basis Technologies,—,Centro Display Web,,14034.16
2025-09-01,Open Auction - BFM,Basis Technologies,—,Centro Video InApp,,0.91
2025-11-01,Open Auction - BFM,DV360,—,Bidswitch - MW [Display],,0.28
2025-08-01,Open Auction - BFM,Quantcast,—,Bidswitch - Desktop - 1st Price (HB),,1.35
2025-11-01,Select - BFM,Xandr,Quorum,Quorum Optimized > MSFT > High Index Zips - Casino Visitors - CTV,Quoru43,0.21
2025-11-01,Select - BFM,Xandr,Quorum,Quorum Optimized > MSFT > High Index Zips - Macy's Visitors - CTV,Quoru32,1.3
2025-12-01,DSP Marketplace - BFM,Octillion,Beachfront Deal Migration,Octillion Deal - CTV - AMC - Network Targeting,135878418139,218.18
2025-11-01,Open Auction - BFM,—,—,F0041436 NFL THANKSGIVING GRACIAS 3 JUEGOS JUEVES 20a,,0.0
2025-07-01,DSP Marketplace - BFM,StackAdapt,—,StackAdapt Deal - MW - 70%+ VCR,950191416301,14.71
2025-12-01,Open Auction - BFM,—,—,F0044598 NFL JAGUARS VS COLTS + NY GIANTS VS RAIDERS DOMINGO 30,,0.0
2025-12-01,Select - BFM,Viant,IRIS,IRIS.TV - Viant - Thrivent Emotional Sentiment CTV_BFM,IRIS00322,0.0
2025-09-01,DSP Marketplace - BFM,Beeswax,Beachfront Deal Curation,Datafy - Sports Contextual - Q4,Datafy9368363227,1007.29
2025-10-01,Open Auction - BFM,—,—,F0040487 UECL FASE LIGA J1 COMBO FS3 JUEVES 20,,0.0
2025-07-01,DSP Marketplace - BFM,IQM,BFM Internal,IQM - CTV - NBC NEWS - Channel - Adjusted - Politics Allowed,IQM001,0.0
2026-07-01,DSP Marketplace - BFM,Basis Technologies,Beachfront Deal Curation,Basis Deal - CTV (P)-SPF,430109082311,69.97
2026-08-01,Open Auction - BFM,Adtheorent,—,Ad Theorent - APP Video 1st Price,,0.77
2026-08-01,DSP Marketplace - BFM,Bidswitch,Beachfront Deal Curation,Seedtag NeuroX | Always-On | Digital Creators & Influencer Content Viewers - Connected TV,STNXCTV006,0.0
2026-08-01,Open Auction - BFM,TheTradeDesk,—,Seedtag,,210.6
2025-09-01,DSP Marketplace - BFM,TheTradeDesk,—,TTD Deal - In Market SUV Subaru - CTV,782973249332,7355.3
2025-11-01,Open Auction - BFM,Epsilon (Conversant),—,Conversant - CTV - Open Auction,,41790.31
2025-07-01,Open Auction - BFM,SimpliFi,—,SimpliFi - CTV - 1st Price,,50299.79
2025-12-01,DSP Marketplace - BFM,Viant,—,Viant Deal - Desktop/MW (Video Spanish),347168599627,361.29
2025-07-01,DSP Marketplace - BFM,StackAdapt,Beachfront Deal Curation,StackAdapt_Standard Inventory Packages_Beachfront_2025_Sports (General),Beach157,12.55
2025-10-01,Select - BFM,Viant,IRIS,Viant - Coinstar CTV_BFM,IRIS00355,0.0
2025-11-01,Select - BFM,DV360,Infillion Demand,Pulte RON - Display 2,InfPulteRON2,0.0
2025-11-01,Select - BFM,DV360,IRIS,IRIS.TV - OMD - National Guard - Sentiment CTV_BFM,IRIS00270,1.1
2026-07-01,Open Auction - BFM,Bidswitch,—,Bidswitch - MW [Display],,0.0
2026-08-01,DSP Marketplace - BFM,Epsilon (Conversant),Beachfront Deal Curation,Conversant Alcohol Category Targeting - Video/CTV,Beach110,225.12
2025-08-01,Select - BFM,Stirista,Audigent,Audigent & Beachfront - AUD-066529 - Optimum Media - Multiple Brands - CTV ContextualPMP - Golf US - ctv,Audig1785,0.0
2025-10-01,DSP Marketplace - BFM,SimpliFi,—,Simplifi Deal - Fubo CTV (RON),362718852020,375.72
2025-08-01,DSP Marketplace - BFM,TheTradeDesk,—,TTD Deal - CTV (MIQ Political Allowed RON),549029886293,0.0
2025-09-01,Open Auction - BFM,SimpliFi,—,SimpliFi - CTV - 1st Price,,55456.77
2025-07-01,Open Auction - BFM,Epsilon (Conversant),—,Conversant Future Today CTV (225391),,1.3
2025-07-01,DSP Marketplace - BFM,GroundTruth,Beachfront Deal Curation,NBA - Live - CTV - Contextual - Tentpole Deal - GroundTruth,Beach137,2.41
2025-07-01,Open Auction - BFM,Bidswitch,—,Bidswitch - CTV - 1st Price (Bundle 151908),,0.0
2025-07-01,DSP Marketplace - BFM,SimpliFi,—,SimpliFi Deal - CTV (RON) Samba Targeted Football Viewers,993808143955,23.31
2025-09-01,Select - BFM,Xandr,Quorum,Quorum Optimized > MSFT > High Index Zips - Baskin Robbins Visitors - Banner,Quoru85,0.0
2025-12-01,DSP Marketplace - BFM,TheTradeDesk,Beachfront Deal Migration,TTD Deal - CTV ($18),955413904519,1347.68
2025-07-01,Select - BFM,Xandr,Quorum,Quorum Optimized > MSFT > High Index Zips - Popeyes Visitors - Banner,Quoru73,0.0
2025-10-01,Select - BFM,Viant,Viant,Fox News,BFViantFoxNews2024,366.91
2025-07-01,DSP Marketplace - BFM,Viant,—,Viant Deal - CTV (Genre: Movie),737121000152,324.48
2025-07-01,Open Auction - BFM,—,—,F0038432 NFL FLAG CHAMPIONSHIP 2025 FECHA 15SEG,,0.0
2025-08-01,Select - BFM,TheTradeDesk,IRIS,IRIS.TV - Vayner - Shoppers Contextual CTV_BFM,IRIS00326,294.64
2025-09-01,DSP Marketplace - BFM,Yahoo DSP,Beachfront Deal Curation,Digital Remedy - OLV - Yahoo - Efficient CPM Deal,904382715640,0.0
2025-11-01,Open Auction - BFM,—,—,Lemma DSP Inapp Video,,0.0
2025-08-01,Select - BFM,TheTradeDesk,SilverBack,TTD Deal - OLV - Silverback (RON) - Select,364776817346,142.17
2025-12-01,DSP Marketplace - BFM,—,Beachfront Deal Curation,StackAdapt_Standard Inventory Packages_Beachfront_2025_60 Second Placements,,0.0
2025-09-01,DSP Marketplace - BFM,—,Beachfront Deal Curation,Conversant Deal - CTV - Political RON,,0.0
2026-07-01,DSP Marketplace - BFM,Octillion,BFM Internal,Octillion Deal - CTV - A&E Network Adjust,747279147159,0.0
2026-07-01,Open Auction - BFM,Xandr,—,Xandr CTV,,7959.86
2026-08-01,Select - BFM,Yahoo DSP,Camelot,Yahoo - Curated CTV - Hardees,PMGCuratedCTVHardees,0.0
2025-10-01,DSP Marketplace - BFM,MadHive,Beachfront Deal Migration,MadHive Deal - CTV (Alcohol) - Paramount Only,110295217642,0.0
2025-11-01,Open Auction - BFM,TheTradeDesk,—,TTD - APP [Display],,3768.36
2025-11-01,DSP Marketplace - BFM,Epsilon (Conversant),Beachfront Deal Curation,Conversant Cannabis Category Targeting - Display,Beach103,0.01
2025-12-01,DSP Marketplace - BFM,GroundTruth,Beachfront Deal Curation,GroundTruth Deal - Mobile Web - Always On - Display,Beach188,1.3
2025-08-01,Open Auction - BFM,Lemma DSP,—,Lemma DSP Inapp Video,,207.48
2025-11-01,Open Auction - BFM,—,—,QA 15 June iphone Goal Test,,0.0
2025-09-01,Select - BFM,Xandr,Quorum,Quorum Optimized > MSFT > High Index Zips - Burger King Visitors - Banner,Quoru57,0.0
2025-09-01,Select - BFM,Xandr,Quorum,Quorum Optimized > MSFT > High Index Zips - Ford/Lincoln Dealership Visitors - Banner,Quoru115,0.0
2025-08-01,Open Auction - BFM,Streamworx Lda.,—,Bidswitch - CTV (Charter),,0.0
2026-07-01,Open Auction - BFM,—,—,2606 - MGMPLUS - WESTIES - Pre-Premiere Promo A -  MGMPHD363429 - MOVIES,,3.07
2025-10-01,Select - BFM,Bidswitch,IRIS,GumGum - Cendyn - Royalton - Brand Safe CTV_BFM,IRIS00290,0.0
2025-10-01,Select - BFM,TheTradeDesk,Media Culture,Sports - Contextual - CTV Deal,Media26,1255.55
2025-12-01,Open Auction - BFM,—,—,1PlayWorks test,,0.05
2025-08-01,DSP Marketplace - BFM,Epsilon (Conversant),Beachfront Deal Curation,Conversant deal - OLV - Health and Wellness,681334658713,24.56
2025-07-01,Select - BFM,—,Camelot,PMG - Pub Targeting,,0.0
2025-09-01,DSP Marketplace - BFM,Walmart,—,TTD Deal - Comcast Playworks,991133437221,0.02
2026-07-01,Open Auction - BFM,DV360,—,Bidswitch - CTV (Charter),,165.28
2026-07-01,DSP Marketplace - BFM,Yahoo DSP,Beachfront Deal Curation,Yahoo Deal - CTV - Zeta (Political),984632781291,0.0
2026-08-01,DSP Marketplace - BFM,MadHive,BFM Internal,MadHive - CTV - Xumo (Price Targeted),MH35,8.53
2025-09-01,Open Auction - BFM,—,—,VTV_Smartclip_O&amp;O_$8,,0.0
2025-09-01,Open Auction - BFM,Sharethrough,—,Sharethrough CTV Video - Shamrock Farms Bundle Optimized,,2372.71
2025-08-01,Select - BFM,Xandr,Quorum,Quorum Optimized > MSFT > High Index Zips - Lexus Dealership Visitors - Banner,Quoru129,0.0
2025-10-01,Open Auction - BFM,SimpliFi,—,SimpliFi - MW [Display],,307.41
2025-10-01,Open Auction - BFM,SmartyAds,—,SmartyAds - CTV (Streaming Apps),,1001.57
2025-12-01,Open Auction - BFM,Streamworx Lda.,—,Bidswitch - CTV - 1st Price,,57.9
2025-08-01,Open Auction - BFM,Adtheorent,—,Ad Theorent - Desktop/MW Display,,2123.12
2025-11-01,DSP Marketplace - BFM,StackAdapt,Beachfront Deal Curation,StackAdapt Deal - CTV - News - Political,BFMSA001,409.36
2025-07-01,Select - BFM,Viant,Audigent,Audigent & Beachfront - AUD-066527 - Optimum Media - Multiple Brands - CTV ContextualPMP - Hockey US - ctv,Audig1798,0.0
2025-07-01,Select - BFM,Xandr,IRIS,MNI - Climate & Enviroment CTV_BFM,IRIS76,0.0
2025-07-01,Open Auction - BFM,Yahoo DSP,—,Yahoo - Desktop MW - Open Auction,,540.23
2025-07-01,Open Auction - BFM,—,—,2507 - MGMPLUS - INSTITUTE S1 PROMO - SERIES - MGMPHD363209,,363.12
2025-08-01,Select - BFM,TheTradeDesk,Strategus,Strategus Deal - CTV - Baseball Live - Channel + Networks,Strat75,16.66
2025-07-01,Open Auction - BFM,4INFO,—,4INFO Deal - CTV - T1 Indirect - (PAR),,0.0
2025-11-01,Open Auction - BFM,Beeswax,—,Beeswax Deal - CTV - VideoAmp - FEP,118866276082,0.0
2025-11-01,Open Auction - BFM,AdIngenious,—,Bidswitch - APP Display,,0.0
2026-07-01,Open Auction - BFM,Bidswitch,—,Bidswitch - CTV (Charter),,0.0
2026-08-01,DSP Marketplace - BFM,StackAdapt,Beachfront Deal Curation,StackAdapt - Business & Finance US deal,Beach163,0.0
2025-09-01,Open Auction - BFM,OTT Advisors (Demand),—,OTT Advisors Deal - DT - Live Sports (Washington DC),,0.0
2025-08-01,DSP Marketplace - BFM,JamLoop OpenRTB,—,JamLoop Deal - CTV - EW Scripps - Vegas Golden Knights,612418020365,409.13
2025-07-01,Select - BFM,StackAdapt,IRIS,IRIS.TV - Scale Marketing - Insure On The Spot CTV_BFM,IRIS00356,0.0
2025-07-01,DSP Marketplace - BFM,Xandr,BFM Internal,Xandr Deal - CTV - MiQ (LDA),412577962377,66.3
2025-11-01,Open Auction - BFM,Infillion,—,Bidswitch - Desktop - 1st Price (HB),,2.19
2025-08-01,DSP Marketplace - BFM,4INFO,—,Cadent_Nat Geo_PMP,862521297109,0.0
2025-10-01,Select - BFM,SimpliFi,33Across,33Across - Simplifi - CTV - Sports Audience - BF,33Acr1,7.55
2025-10-01,DSP Marketplace - BFM,TheTradeDesk,—,TTD Deal - Bully Pulpit - Selected CTV,941795873183,8.82
2025-09-01,Open Auction - BFM,—,—,F0037326 FSR GENÉRICA V2 TEXTOS 25S,,0.0
2025-12-01,Select - BFM,Walmart,Chief Media,TTD - Chief Media - Walmart - CTV - Pub Targeting - Deal,476519491695,1843.91
2025-08-01,Open Auction - BFM,Adtheorent,—,Ad Theorent - Desktop/MW - 1st Price,,2490.63
2025-08-01,DSP Marketplace - BFM,DeepIntent,Beachfront Deal Curation,DeepIntent deal - CTV - 90s RON,491527455613,13.11
2025-08-01,DSP Marketplace - BFM,Beeswax,Beachfront Deal Migration,Beeswax Deal - CTV - Datafy - Women - Audience Targeted,976376076662,7412.68
2025-08-01,DSP Marketplace - BFM,SimpliFi,Beachfront Deal Curation,SimpliFi Deal - CTV - Tubi (Obfuscation),614966276968,1121.03
2025-10-01,Select - BFM,DV360,Infillion Demand,Pulte RON - Display 2,InfPulteRON2,70.13
2025-09-01,DSP Marketplace - BFM,Basis Technologies,—,Basis Deal - Premium CTV,BFM012,2325.46
2025-10-01,Open Auction - BFM,—,—,QA 15 June iphone Goal Test,,0.0
2026-07-01,Open Auction - BFM,—,—,LiveRamp CTV Pixel,,0.0
2026-08-01,DSP Marketplace - BFM,Bidswitch,Beachfront Deal Curation,Seedtag NeuroX | Always-On | Financial Professionals & Advisors - Connected TV,STNXCTV010,0.0
2026-08-01,Select - BFM,Bidswitch,Infillion Demand,Robinhood | Sports Content | OLV | NeXt MM | Beachfront,bf1234robin,0.0
2026-08-01,Open Auction - BFM,Pubmatic,—,CTV SeedTag,,7196.73
2025-07-01,DSP Marketplace - BFM,TheTradeDesk,Beachfront Deal Migration,TTD Deal - Bully Pulpit - Selected CTV (PlutoTV),386363634776,2146.51
2025-11-01,DSP Marketplace - BFM,Beeswax,Beachfront Deal Curation,Datafy - News Contextual - Q4,Datafy2106644013,6611.17
2025-11-01,Open Auction - BFM,Bidswitch,—,Bidswitch - APP,,0.0
2026-07-01,Open Auction - BFM,—,—,F0047235 MONSTER JAM EP 11,,0.0
2026-07-01,Open Auction - BFM,BizzClick,—,BizzClick - App (Indirect),,0.0
2025-10-01,Open Auction - BFM,The Media Sense,—,The Media Sense DSP CTV Ads Direct,,0.0
2025-07-01,Open Auction - BFM,Epsilon (Conversant),—,Conversant Newsy CTV (203803),,23.49
2025-08-01,Open Auction - BFM,Marketing Architects -RTB,—,Marketing Architects - CTV 1st Price,,42511.56
2025-07-01,DSP Marketplace - BFM,GroundTruth,Beachfront Deal Curation,NBA - CTV - Contextual -  Tentpole Deal - GroundTruth,Beach138,1.62
2025-11-01,Open Auction - BFM,—,—,F0040389 AEW GEN- PROPIEDADES SEP 20,,0.0
2025-09-01,DSP Marketplace - BFM,TheTradeDesk,BFM Internal,TTD Deal - OLV - Lockard &amp; Wechsler,913827665267,1.73
2025-10-01,Select - BFM,Viant,IRIS,IRIS.TV - Viant - Capable - Emotional Sentiment CTV_BFM,IRIS00293,757.54
2025-07-01,DSP Marketplace - BFM,MadHive,—,MadHive Deal - CTV (Puerto Rico),729057981120,0.0
2025-07-01,Select - BFM,TheTradeDesk,Media Culture,Law & Crime,Media21,0.49
2025-07-01,Select - BFM,Bidswitch,33Across,33Across Deal - Display - RTB House - Fashion,33Acr14,0.0
2025-09-01,Open Auction - BFM,Knorex,—,Bidswitch - Seedtag,,18.8
2025-12-01,Select - BFM,Viant,Quorum,Quorum Optimized > Viant > High Index Zips - New & Used Automotive Dealer Visitors - Banner,Quoru44,0.0
2025-11-01,DSP Marketplace - BFM,—,BFM Internal,MadHive - CTV -  CBS Bundle Override (Price Targeted),,0.0
2025-12-01,Select - BFM,DV360,Quorum,Quorum > Christmas Shoppers > Physical Visitors,Quoru192,0.0
2026-08-01,DSP Marketplace - BFM,Epsilon (Conversant),Beachfront Deal Curation,Conversant Firearms Category Targeting - Video/CTV,Beach114,0.0
2026-08-01,DSP Marketplace - BFM,LoopMe,Beachfront Deal Curation,Seedtag CTV - LoopMe - The Masters,SeedtagCTV3907116827lo,0.0
2026-08-01,DSP Marketplace - BFM,Viant,Beachfront Deal Curation,Viant - Pharma Allowed CTV deal,907316482559,0.0
2025-09-01,Open Auction - BFM,Bidswitch,—,Bidswitch - APP Display,,0.01
2025-07-01,Select - BFM,Xandr,Quorum,Quorum Optimized > MSFT > High Index Zips - Kia Dealership Visitors - Banner,Quoru127,0.0
2025-07-01,Open Auction - BFM,—,—,TruOptik CTV Pixel (JamLoop),,0.0
2025-07-01,DSP Marketplace - BFM,StackAdapt,Beachfront Deal Migration,StackAdapt Deal - OTT - App/Web Small-Screen,144324152531,2394.4
2025-07-01,Open Auction - BFM,Viant,—,Viant - CTV - 1st Price,,261524.07
2025-11-01,Open Auction - BFM,Metax,—,MetaX A&amp;E Networks $16,,1.65
2025-09-01,DSP Marketplace - BFM,Yahoo DSP,Beachfront Deal Migration,Yahoo Deal - CTV - Politics Allowed,BFM017,918.92
2025-07-01,DSP Marketplace - BFM,TheTradeDesk,—,TTD Deal - In Market Subaru - CTV,551196808383,35566.58
2025-07-01,DSP Marketplace - BFM,4INFO,—,Cadent_AMC_PMP,171509222968,0.0
2025-08-01,DSP Marketplace - BFM,TheTradeDesk,—,TTD Deal - CTV (Division D RON $13),344398214696,13.11
2025-08-01,Open Auction - BFM,Infillion,—,Bidswitch - MW [Display],,0.13
2025-12-01,DSP Marketplace - BFM,TheTradeDesk,BFM Internal,TTD Deal - Food Lion - CTV (RON),569371033244,47.63
2025-09-01,Open Auction - BFM,Sharethrough,—,0,,0.0
2025-11-01,DSP Marketplace - BFM,Basis Technologies,Beachfront Deal Curation,Basis Deal - CTV (P)-SPF,430109082311,2947.84
2025-12-01,Open Auction - BFM,Infillion,—,Bidswitch - CTV - 1st Price,,2113.66
2025-10-01,DSP Marketplace - BFM,Basis Technologies,Beachfront Deal Curation,Basis Deal - OTT - Skechers 2025 - Women 45+ - Entertainment,132775440867,0.0
2025-12-01,Open Auction - BFM,—,—,Lemma DSP CTV Ad,,0.0
2025-08-01,Open Auction - BFM,TheTradeDesk,—,0,,0.0
2025-12-01,Open Auction - BFM,Lemma DSP,—,0,,0.0
2026-08-01,Open Auction - BFM,Infillion,—,Bidswitch - APP 1st Price,,0.0
2026-08-01,DSP Marketplace - BFM,Octillion,BFM Internal,Octillion Deal - CTV - HGTV - Network Adjust,747279147158,22.81
2025-09-01,DSP Marketplace - BFM,StackAdapt,Beachfront Deal Migration,StackAdapt Deal - CTV,443119806437,9473.77
2025-08-01,Select - BFM,Yahoo DSP,Audigent,PMG & Beachfront - SDEAL-21050 - PMG - PMG - PMG - ctv SmartPMP - High Credit Card Score US,Audig1763,0.0
2025-07-01,Open Auction - BFM,Amazon DSP,—,Bidswitch - APP,,7.92
2025-11-01,Open Auction - BFM,Bidswitch,—,Bidswitch - MW [Display],,0.0
2025-09-01,Select - BFM,Xandr,Quorum,Quorum Optimized > MSFT > High Index Zips - Resorts World Visitors - CTV,Quoru50,19.26
2025-09-01,Select - BFM,Xandr,Quorum,Quorum Optimized > MSFT > High Index Zips - Smoothie King Visitors - CTV,Quoru106,0.36
2025-08-01,Open Auction - BFM,Epsilon (Conversant),—,Conversant Outside CTV (203821),,2.38
2025-11-01,Open Auction - BFM,Viant,—,Viant - Desktop,,4278.06
2025-11-01,Open Auction - BFM,SmartyAds,—,SmartyAds - CTV (Samsung),,2375.48
2025-08-01,Select - BFM,Bidswitch,QRate,QrateUS_Honduras_CTV,QRate50,0.0
2025-10-01,Select - BFM,DV360,IRIS,GumGum - Cendyn - Royalton - Brand Safe CTV_BFM,IRIS00290,41.24
2025-10-01,DSP Marketplace - BFM,Epsilon (Conversant),Beachfront Deal Curation,Conversant Firearms Category Targeting - Video/CTV,Beach114,12.03
2025-08-01,Open Auction - BFM,—,—,F0039356 NFL PRE 49ER-RAID__BUCC-STEE__CARD-BRON SAB 20SEG,,0.0
2025-07-01,DSP Marketplace - BFM,4INFO,—,Cadent_NBC_Local(Broadcast)_PMP,921111738474,0.0
2025-09-01,DSP Marketplace - BFM,Epsilon (Conversant),—,Conversant Deal - InApp - RON,116367070037,416.28
2025-09-01,DSP Marketplace - BFM,Epsilon (Conversant),Beachfront Deal Curation,Golf - CTV - Contextual - Tentpole Deal - Conversant,Beach135,4.14
2025-08-01,Select - BFM,TheTradeDesk,Strategus,Strategus Deal - CTV - Baseball Live,Strat75,29.2
2025-09-01,Select - BFM,TheTradeDesk,Aki,Aki Deal - CTV - Red Carpet,Aki24,0.0
2025-08-01,Open Auction - BFM,Streamworx Lda.,—,Bidswitch - MW [Display],,0.01
2025-11-01,DSP Marketplace - BFM,TheTradeDesk,—,TTD - OLV - Hispanic RON (Converge Direct),795529357355,0.0
2025-10-01,Open Auction - BFM,Between Exchange,—,Bidswitch - Desktop [Display],,0.0
2025-07-01,DSP Marketplace - BFM,TheTradeDesk,Beachfront Deal Curation,TTD Deal - Platform (PlayerWON),965377701305,0.0
2026-07-01,Open Auction - BFM,DV360,—,Bidswitch - MW [Display],,109.62
2026-07-01,Open Auction - BFM,Infillion,—,Bidswitch - APP 1st Price,,1.47
2026-07-01,DSP Marketplace - BFM,Epsilon (Conversant),Beachfront Deal Curation,Conversant Cryptocurrency Category Targeting - Video/CTV,Beach112,63.94
2026-07-01,DSP Marketplace - BFM,MadHive,Beachfront Deal Curation,Madhive Deal - CTV - Spanish Language Targeting,339126935910,155.58
2026-08-01,DSP Marketplace - BFM,Samsung DSP,Beachfront Deal Curation,SamsungAds Efficiency Line (copy),703770154228,0.02
2026-08-01,Open Auction - BFM,GroundTruth,—,GroundTruth Video CTV - Efficiency Monitoring,,0.9
2025-08-01,DSP Marketplace - BFM,IQM,BFM Internal,IQM - CTV - AMC Network - Channel - Adjusted - Politics Allowed,IQM002,0.38
2025-08-01,Open Auction - BFM,Stirista,—,Stirista - Desktop [Display],,0.0
2025-09-01,Select - BFM,Bidswitch,Infillion Demand,Signet | Male Self Gifters | CTV,SignetInfilGiftBeachCTV,0.0
2025-07-01,DSP Marketplace - BFM,TheTradeDesk,—,TTD Deal - CTV - $10 RON,932436360749,10.78
2025-07-01,Select - BFM,Xandr,Quorum,Quorum Optimized > MSFT > High Index Zips - Acura Dealership Visitors - CTV,Quoru108,0.2
2025-10-01,DSP Marketplace - BFM,TheTradeDesk,BFM Internal,TTD Deal - CTV - Goodway Group (<$15),778377951937,11461.06
2025-11-01,Select - BFM,AdElement,Quorum,Quorum > Athletes > Physical Visitors,Quoru188,0.0
2025-12-01,Select - BFM,StackAdapt,Audigent,Audigent & Beachfront - AUD-066596 - PMG - Experian - CTV SmartPMP - Aggregated FICO Score 640 or more u2013 Equifax US - ctv,Audig1802,0.0
2025-12-01,DSP Marketplace - BFM,MadHive,Beachfront Deal Curation,MadHive Deal - CTV RON,983264025678,22846.65
2025-09-01,DSP Marketplace - BFM,TheTradeDesk,—,TTD Deal - CTV - $10 RON,932436360749,0.15
2025-09-01,Open Auction - BFM,OnSpot Data,—,Bidswitch - APP,,0.11
2025-07-01,Open Auction - BFM,Amazon DSP,—,Bidswitch -RTB- Getintent-Whitelist- Web Display,,0.0
2025-08-01,DSP Marketplace - BFM,Viant,—,Glewed TV &amp; Adelphic - Always on RON - Beachfront CTV PMP,653988017159,0.0
2025-08-01,DSP Marketplace - BFM,—,Beachfront Deal Migration,TTD Deal - Competitive Conquest Subaru - CTV,747415045888,0.0
2025-11-01,Select - BFM,—,IRIS,IRIS.TV - Q11 Crunch - Inspirational CTV_BFM,,0.0
2026-07-01,Open Auction - BFM,OnSpot Data,—,Bidswitch - APP Display,,1.63
2025-09-01,Open Auction - BFM,Epsilon (Conversant),—,Conversant - Web - Open Auction - Seedtag,,73026.6
2025-08-01,Open Auction - BFM,—,—,F0034001 CENTRAL FOX CAJAS ENE 25 v2,,0.0
2025-07-01,Open Auction - BFM,OTT Advisors (Demand),—,OTT Advisors Deal - DT - Live Sports (Washington DC),,0.0
2025-08-01,DSP Marketplace - BFM,4INFO,—,Cadent_TNT_PMP_Test,428409004783,0.0
2025-08-01,Open Auction - BFM,Bidswitch,—,Bidswitch - CTV (AMC),,0.0
2025-07-01,DSP Marketplace - BFM,4INFO,—,4INFO Deal - CTV - T1 Indirect - (BRVO),519422480737,0.0
2025-08-01,DSP Marketplace - BFM,SimpliFi,—,SimpliFi Deal - CTV  (News),917135480820,14.46
2025-11-01,Select - BFM,Xandr,Quorum,Quorum Optimized > MSFT > High Index Zips - Arby's Visitors - CTV,Quoru78,0.0
2025-11-01,Open Auction - BFM,—,—,LiveRamp CTV Pixel,,0.0
2025-09-01,DSP Marketplace - BFM,StackAdapt,Beachfront Deal Migration,StackAdapt Deal - OTT - App/Web Small-Screen,144324152531,570.69
2025-10-01,Select - BFM,Xandr,Quorum,Quorum Optimized > MSFT > High Index Zips - Casino Visitors - CTV,Quoru43,0.35
2025-10-01,Select - BFM,Xandr,Quorum,Quorum Optimized > MSFT > High Index Zips - Mercedes-Benz Dealership Visitors - CTV,Quoru134,0.18
2025-10-01,Open Auction - BFM,Zeta DSP,—,Bidswitch - CTV (AMC),,0.44
2025-09-01,Open Auction - BFM,Pubmatic,—,0,,0.0
2025-12-01,Open Auction - BFM,Knorex,—,Bidswitch - Desktop - 1st Price (HB),,0.17
2025-10-01,Open Auction - BFM,—,—,F0041170 NFL WEEK 8 GIANTS VS EAGLES + COWBYS VS BRONCOS DOMINGO 30,,0.0
2025-10-01,Open Auction - BFM,—,—,F0041202 UFC 321 ASPINALL VS GANE SABADO,,0.0
2025-12-01,Open Auction - BFM,—,—,F0044510 INSIDE UFC LO MEJOR DEL AÑO  HOY 25,,0.0
2026-07-01,Select - BFM,Bidswitch,Infillion Demand,Robinhood | Sports Content | OLV | NeXt MM | Beachfront,bf1234robin,0.0
2026-07-01,DSP Marketplace - BFM,TheTradeDesk,BFM Internal,TTD Deal - CTV - MiQ Fubo Extension,770425332965,496.91
2026-07-01,Select - BFM,Yahoo DSP,Mavern Media,Mavern Media & Beachfront - The New Media Firm - Yahoo - Multiple - RON - CTV - 20250615,Mavern20,0.0
2026-08-01,DSP Marketplace - BFM,TheTradeDesk,BFM Internal,TTD Deal - CTV - Seedtag Priority Pubs,122056032436,0.0
2025-08-01,DSP Marketplace - BFM,JamLoop OpenRTB,—,JamLoop Deal - OTT - Premium Non-Cable/Broadcast,914358280953,52.64
2025-09-01,Open Auction - BFM,SmartyAds,—,SmartyAds - CTV (Fubo),,0.36
2025-07-01,DSP Marketplace - BFM,SimpliFi,—,Simplifi Deal - CTV LDA Approved,993808143903,276.39
2025-07-01,Open Auction - BFM,The Media Sense,—,The Media Sense DSP Inapp Video,,0.0
2025-12-01,Open Auction - BFM,Viant,—,Viant - Desktop [Display],,646.08
2025-10-01,DSP Marketplace - BFM,JamLoop OpenRTB,BFM Internal,Jamloop Deal - CTV - Frndly - MeTV - Adjust,205969889099,32.95
2025-11-01,Open Auction - BFM,OnSpot Data,—,Bidswitch - APP Display,,0.08
2025-09-01,DSP Marketplace - BFM,Beeswax,—,Beeswax Deal - Display - Cannabis Allowed,835959452192,0.0
2025-10-01,Select - BFM,Bidswitch,IRIS,IRIS.TV - OMD - National Guard - Sentiment CTV_BFM,IRIS00270,0.0
2025-08-01,DSP Marketplace - BFM,StackAdapt,—,StackAdapt Deal - CTV (News Genre-Targeted),564909187691,155.9
2025-08-01,DSP Marketplace - BFM,Bidswitch,—,T-Ads_CTV_Beachfront_AMC_$17.50,628070269578,0.0
2025-10-01,DSP Marketplace - BFM,Beeswax,—,Beeswax Deal - CTV - Political (No Approval),426834991759,7384.01
2025-08-01,DSP Marketplace - BFM,StackAdapt,—,StackAdapt Deal - CTV - NBC (Network),394570428639,2200.14
2025-12-01,Open Auction - BFM,—,—,F0044470 FFC ESPECIAL SABADO 15,,3.26
2026-08-01,DSP Marketplace - BFM,Beeswax,Beachfront Deal Curation,Pathlabs - Swisher Sweets Nicotine-Safe - CTV,Path38106872,0.0
2026-08-01,DSP Marketplace - BFM,Bidswitch,Beachfront Deal Curation,Seedtag NeuroX | Always-On | Smart Shoppers & Deal Hunters - Connected TV,STNXCTV029,0.0
2026-08-01,DSP Marketplace - BFM,StackAdapt,Beachfront Deal Migration,StackAdapt Deal - CTV - Political,534891672291,245.96
2025-08-01,Select - BFM,Xandr,Quorum,Quorum Optimized > MSFT > High Index Zips - JCPenny Visitors - CTV,Quoru37,0.0
2025-09-01,DSP Marketplace - BFM,StackAdapt,—,StackAdapt Deal - CTV - Plex,406265079126,804.77
2025-07-01,Open Auction - BFM,—,—,Pending/Placement BeachFront AD,,0.0
2025-12-01,Open Auction - BFM,Amazon DSP,—,Bidswitch - Desktop [Display],,0.16
2025-12-01,DSP Marketplace - BFM,GroundTruth,Beachfront Deal Curation,GroundTruth - Deal - CTV - Apple TV,BFMGT001,378.52
2025-07-01,Open Auction - BFM,TheTradeDesk,—,TTD - APP,,13612.88
2025-07-01,Select - BFM,Viant,Audigent,Audigent & Beachfront - AUD-066527 - Optimum Media - Multiple Brands - CTV ContextualPMP - English Language Sports US - ctv,Audig1778,0.14
2025-11-01,DSP Marketplace - BFM,Beeswax,Beachfront Deal Curation,Travel - CTV - Tentpole Deal - VideoAmp,Beach155,97.07
2025-11-01,DSP Marketplace - BFM,Epsilon (Conversant),Beachfront Deal Curation,Conversant Pharma Category Targeting - Video/CTV,Beach115,289.8
2025-08-01,DSP Marketplace - BFM,Beeswax,Beachfront Deal Curation,NBA Finals - CTV - Contextual - Deal - VideoAmp,Beach148,67.34
2025-11-01,Select - BFM,Viant,Quorum,Quorum Optimized > Viant > High Index Zips - JCPenny Visitors - Banner,Quoru180,0.01
2025-09-01,DSP Marketplace - BFM,Yahoo DSP,Beachfront Deal Curation,Yahoo - Casual IQ - Gearheads  - CTV - Contextual,860327194583,0.0
2025-12-01,Open Auction - BFM,Basis Technologies,—,Basis - CTV - oRTB - (US),,50757.55
2025-11-01,DSP Marketplace - BFM,GroundTruth,Beachfront Deal Curation,GroundTruth Deal - Mobile Web - Always On - Video,Beach187,0.0
2025-10-01,Select - BFM,Bidswitch,Infillion Demand,Signet Jewelers | Men's Fashion | Desktop/Mobile,SignetInfilBeachDeskMob,0.0
2025-07-01,DSP Marketplace - BFM,SimpliFi,—,Simpli.fi Deal - CTV - (AMC),614613336893,95.61
2025-09-01,DSP Marketplace - BFM,4INFO,—,Cadent_BET_PMP_Test,203227202513,0.0
2025-12-01,Open Auction - BFM,—,—,F0044626 NFL COLTS VS TEXANS + DOLPHINS VS PATS DOMINGO 30,,0.0
2025-07-01,Select - BFM,OnSpot Data,Infillion Demand,Pulte RON - Display 2,InfPulteRON2,0.0
2025-08-01,DSP Marketplace - BFM,Quantcast,—,Bidswitch Deal - Display (Bucksense Allow list),938609448678,0.0
2026-07-01,DSP Marketplace - BFM,TheTradeDesk,BFM Internal,TTD Deal - Food Lion - CTV (RON),569371033244,0.0
2026-08-01,Open Auction - BFM,Viant,—,Viant - APP,,18.83
2025-09-01,DSP Marketplace - BFM,DeepIntent,Beachfront Deal Curation,DeepIntent - OLV  - High VCR,730408448229,10.69
2025-08-01,DSP Marketplace - BFM,Stirista,Beachfront Deal Curation,Stirista Deal - CTV (NY Cannabis-CBD),590294363402,0.6
2025-07-01,DSP Marketplace - BFM,SimpliFi,—,Simplifi Deal - CTV - All Supply w/ Channel Targeting,263082243873,1.2
2025-11-01,Select - BFM,TheTradeDesk,Chief Media,TTD - Chief Media - Walmart - CTV - Pub Targeting - Deal,476519491695,0.0
2025-11-01,Open Auction - BFM,Viant,—,Viant - MW - 1st Price,,12740.79
2025-11-01,Select - BFM,Xandr,IRIS,MNI - Health & Wellness CTV_BFM,IRIS74,0.0
2025-09-01,Select - BFM,TheTradeDesk,Aki,Aki Deal - CTV - Morning News,Aki5,0.18
2025-09-01,Select - BFM,TheTradeDesk,Chief Media,TTD - Chief Media - CTV - CBS News- Deal,536458915612,0.0
2025-10-01,DSP Marketplace - BFM,Basis Technologies,—,Basis Deal - CTV - All Supply w/ Channel Targeting,BFM038,31.18
2025-10-01,Select - BFM,Viant,IRIS,IRIS.TV - Viant - Sports CTV_BFM,IRIS00314,10252.35
2025-09-01,DSP Marketplace - BFM,TheTradeDesk,—,TTD Deal - CTV - Seedtag All BFM Pubs,626839283178,0.0
2025-11-01,DSP Marketplace - BFM,SimpliFi,—,Simplifi Deal - Fubo CTV (RON),362718852020,787.86
2025-08-01,Select - BFM,Viant,Audigent,Audigent & Beachfront - AUD-066527 - Optimum Media - Multiple Brands - CTV ContextualPMP - Racing US - ctv,Audig1800,0.0
2025-11-01,Open Auction - BFM,—,—,Conversant - Web - Open Auction - Display,,0.0
2025-08-01,Open Auction - BFM,Adform,—,Bidswitch - Seedtag,,0.11
2026-07-01,Open Auction - BFM,Marketing Architects -RTB,—,Marketing Architects - CTV 1st Price - Roku Bundles,,0.0
2025-11-01,Select - BFM,TheTradeDesk,Quorum,Quorum - Thanksgiving Shoppers - Physical Visitors,Quoru216,0.0
2025-11-01,DSP Marketplace - BFM,Bidswitch,—,Roku Deal - CTV (Political - Right Leaning) (MiQ) (L2),550906806175,0.0
2025-09-01,Open Auction - BFM,—,—,F0040479 UEL FASE LIGA J2 MULTICHANNEL JUEVES 10AM 20,,0.0
2026-07-01,DSP Marketplace - BFM,Viant,Beachfront Deal Migration,Viant Deal - CTV - Political Approved Pubs RON,554902786103,937.63
2025-09-01,Open Auction - BFM,Epsilon (Conversant),—,Conversant Newsy  CTV (204776),,5.62
2025-08-01,Open Auction - BFM,Yahoo DSP,—,Yahoo - Desktop MW - Open Auction - Efficiency Monitoring,,390.04
2025-11-01,Open Auction - BFM,DV360,—,Bidswitch - APP,,5.63
2025-10-01,Open Auction - BFM,SmartClip,—,Sky_DE_SmartClip,,0.0
2025-11-01,Open Auction - BFM,Bidswitch,—,Bidswitch -RTB- Getintent-Whitelist- Web Display,,0.0
2025-12-01,Open Auction - BFM,Unruly,—,Unruly InApp 1st Price Video,,0.0
2025-12-01,DSP Marketplace - BFM,Viant,Beachfront Deal Migration,Viant Deal - CTV (Sports - All),973650277866,341.65
2025-07-01,DSP Marketplace - BFM,Basis Technologies,Beachfront Deal Curation,Basis Deal - Political Allowed CTV - Independents,591174215952,0.76
2025-11-01,Open Auction - BFM,IQM,—,IQM - Web Video - Open Auction,,3.95
2025-10-01,DSP Marketplace - BFM,Zeta DSP,Beachfront Deal Curation,Bidswitch Deal - CTV - Zeta - Paramount (No Pluto),732808904693,10345.5
2025-10-01,Open Auction - BFM,Inspiritum,—,Bidswitch - APP Display,,0.0
2025-10-01,Open Auction - BFM,Cepia,—,Mighty Wheels October 2025,,20.6
2025-10-01,DSP Marketplace - BFM,Epsilon (Conversant),Beachfront Deal Curation,Conversant Nicotine Vaping Category Targeting - Video/CTV,Beach117,0.14
2025-11-01,DSP Marketplace - BFM,Basis Technologies,Beachfront Deal Curation,Basis Deal - OTT - Skechers 2025 - Men 45+ - Sports,343798267566,17.86
2025-09-01,DSP Marketplace - BFM,4INFO,—,Cadent_Hallmark_PMP,361994853171,0.0
2025-12-01,Open Auction - BFM,Bidswitch,—,Bidswitch - CTV (Charter),,0.0
2025-09-01,Open Auction - BFM,Webeye,—,Bidswitch - APP 1st Price,,0.1
2025-09-01,Open Auction - BFM,Infillion,—,Bidswitch -RTB- Getintent-Whitelist- Web Display,,0.0
2025-12-01,Open Auction - BFM,IPONWEB BidCore,—,Bidswitch - CTV (AMC),,0.0
2025-12-01,Open Auction - BFM,—,—,DV360 | Seedtag | BF CTV High-Tier Paramount,,0.0
2025-09-01,DSP Marketplace - BFM,Epsilon (Conversant),Beachfront Deal Curation,Conversant Deal - CTV - Fox (Exlcuding Fox Sports),581367911451,0.41
2026-07-01,Open Auction - BFM,DV360,—,Bidswitch - APP,,0.35
2025-09-01,Open Auction - BFM,Demandbase,—,DemandBase - CTV,,438.08
2025-09-01,Open Auction - BFM,GroundTruth,—,GroundTruth Display,,14.15
2025-09-01,Open Auction - BFM,—,—,VTV VERTA  Dummy Ad_New Test,,0.0
2025-07-01,DSP Marketplace - BFM,SimpliFi,—,Simpli.Fi Deal - CTV - Spanish Language,994799782049,35.42
2025-07-01,Select - BFM,Stirista,Audigent,Audigent & Beachfront - AUD-066529 - Optimum Media - Multiple Brands - CTV ContextualPMP - English Language US - ctv,Audig1779,2.26
2025-10-01,DSP Marketplace - BFM,TheTradeDesk,BFM Internal,TTD Deal - CTV - MiQ Fubo Extension,770425332965,260.59
2025-11-01,Open Auction - BFM,SmartClip,—,Sky_DE_SmartClip,,0.0
2025-09-01,DSP Marketplace - BFM,JamLoop OpenRTB,—,JamLoop Deal - OLV - Short-Form - 60%+ VCR - $10 Max - SPL,914358280975,0.0
2025-09-01,Select - BFM,Xandr,Quorum,Quorum Optimized > MSFT > High Index Zips - Papa John's Visitors - CTV,Quoru102,0.0
2025-09-01,Select - BFM,Yahoo DSP,Camelot,PMG - Pub Targeting,PMGPub,9268.55
2025-07-01,Open Auction - BFM,Epsilon (Conversant),—,Conversant Philo CTV (125613),,1095.35
2025-09-01,DSP Marketplace - BFM,Basis Technologies,Beachfront Deal Migration,Basis Deal - Politics Allowed CTV,BFM017,1666.43
2025-10-01,Select - BFM,TheTradeDesk,Chief Media,TTD - Chief Media - CTV - Pub Targeted - Fox,1213870,2287.45
2025-12-01,Open Auction - BFM,Quantcast,—,Bidswitch - Seedtag,,5144.52
2025-07-01,DSP Marketplace - BFM,StackAdapt,Beachfront Deal Migration,StackAdapt Deal - CTV - Efficiency Monitoring,443119806437,334.83
2025-10-01,DSP Marketplace - BFM,Yahoo DSP,Beachfront Deal Curation,Yahoo Deal - CTV - Zeta (Political),984632781291,0.05
2025-08-01,DSP Marketplace - BFM,TheTradeDesk,—,TTD Deal - CTV - MIQ - Xumo,874926978525,1.64
2025-07-01,Open Auction - BFM,4INFO,—,4INFO Deal - CTV - T1 Indirect - (TRU),,0.0
2025-11-01,Open Auction - BFM,BizzClick,—,BizzClick - App (Indirect),,0.0
2026-07-01,Select - BFM,TheTradeDesk,Chief Media,TTD - Chief Media - CTV - Pub Targeted - Fox,1213870,0.0
2025-09-01,DSP Marketplace - BFM,IQM,—,IQM Deal - CTV - News Genre - Politics Allowed,974777047225,0.27
2025-08-01,DSP Marketplace - BFM,SimpliFi,—,Simplifi Deal - Fubo CTV (Entertainment),065062151319,7.22
2025-08-01,Open Auction - BFM,—,—,F0039506 MLS TIPSTERS NEW GENERICA 30,,0.0
2025-11-01,DSP Marketplace - BFM,TheTradeDesk,—,TTD Deal - Bully Pulpit - Selected CTV,941795873183,26.63
2025-07-01,Open Auction - BFM,OnSpot Data,—,Bidswitch - APP 1st Price,,0.01
2025-11-01,DSP Marketplace - BFM,MadHive,—,MadHive Deal - CTV - Frndly - With Content Data,492043061198,0.0
2025-12-01,Open Auction - BFM,Bidswitch,—,Bidswitch - MW - 1st Price (HB),,0.0
2025-09-01,Select - BFM,Viant,IRIS,IRIS.TV - Viant - Travel CTV_BFM,IRIS00315,767.17
2025-07-01,Select - BFM,TheTradeDesk,Aki,Aki Deal - CTV - DIY Moments,Aki23,21.29
2025-11-01,Select - BFM,Bidswitch,QRate,QrateUS_Nicaragua_CTV,QRate10,0.0
2025-12-01,Open Auction - BFM,DV360,—,Bidswitch - Seedtag,,11608.84
2025-07-01,Open Auction - BFM,DV360,—,Bidswitch - CTV - 1st Price (Bundle 151908),,30.95
2025-12-01,DSP Marketplace - BFM,TheTradeDesk,—,TTD Deal - CTV - Seedtag Priority Pubs,122056032436,2.23
2025-07-01,DSP Marketplace - BFM,Viant,BFM Internal,Viant Deal - Firearms Allowed,130263370196,2.8
2025-08-01,DSP Marketplace - BFM,Basis Technologies,—,Basis Deal - vMVPDs CTV,664372744248,0.78
2025-08-01,Open Auction - BFM,Epsilon (Conversant),—,Conversant Newsy  CTV (204775),,26.54
2025-12-01,DSP Marketplace - BFM,Beeswax,Beachfront Deal Curation,Beeswax Deal - CTV - Univision Demand - Political,601346667710,105.38
2025-12-01,Open Auction - BFM,—,—,F0033755 UFC FSP GENÉRICA VALS-METAL 20,,0.0
2025-11-01,DSP Marketplace - BFM,Basis Technologies,—,Basis Deal - CTV (CTV Tentpole - Pride Month) (Revry,912689062408,0.0
2026-07-01,DSP Marketplace - BFM,Basis Technologies,Beachfront Deal Migration,Basis Deal - Local News CTV,724834360400,263.94
2026-07-01,Open Auction - BFM,Basis Technologies,—,Basis - CTV - oRTB - (US),,38698.42
2026-07-01,DSP Marketplace - BFM,JamLoop OpenRTB,Beachfront Deal Curation,MLB Mexico Live - Jamloop,764159615381,0.0
2026-07-01,DSP Marketplace - BFM,TheTradeDesk,BFM Internal,TTD Deal - CTV - The Moran Group RON,557817962362,56.06
2026-07-01,DSP Marketplace - BFM,Viant,Beachfront Deal Migration,Viant Deal - CTV - Golf (Master&#039;s Enthusiast Segment),408551131456,123.6
2026-07-01,DSP Marketplace - BFM,Viant,Beachfront Deal Migration,Viant Deal - OLV - CBS,714397033029,1002.63
2026-08-01,Open Auction - BFM,AdElement,—,Bidswitch - MW [Display],,0.01
2026-08-01,Open Auction - BFM,Epsilon (Conversant),—,Conversant - Web - Open Auction - Video,,0.02
2025-11-01,Open Auction - BFM,Walmart,—,TTD - APP [Display],,358.85
2025-09-01,DSP Marketplace - BFM,StackAdapt,Beachfront Deal Curation,StackAdapt_Standard Inventory Packages_Beachfront_2025_60 Second Placements,Beach173,579.83
2025-07-01,Open Auction - BFM,Viant,—,Viant - Desktop - 1st Price,,32.81
2025-08-01,DSP Marketplace - BFM,4INFO,—,4INFO Deal - CTV - T1 Indirect - (CMDY),958486942632,0.0
2025-11-01,DSP Marketplace - BFM,Octillion,BFM Internal,Octillion Deal - CTV - HGTV - Network Adjust,747279147158,629.17
2025-11-01,Open Auction - BFM,Viant,—,Viant - MW,,14096.14
2025-12-01,DSP Marketplace - BFM,Basis Technologies,Beachfront Deal Migration,Basis Deal - Hispanic CTV,532371564041,971.98
2025-07-01,Open Auction - BFM,Epsilon (Conversant),—,Conversant Philo Android CTV (202995),,15.61
2025-11-01,Open Auction - BFM,Yahoo DSP,—,Yahoo - CTV - Open Auction,,12368.77
2025-07-01,Select - BFM,TheTradeDesk,Aki,Aki Deal - CTV - Game Show,Aki7,0.25
2025-11-01,DSP Marketplace - BFM,Epsilon (Conversant),Beachfront Deal Curation,Conversant Cryptocurrency Category Targeting - Video/CTV,Beach112,1513.35
2025-07-01,Open Auction - BFM,IQM,—,IQM - In-App Video - Open Auction,,1.17
2025-08-01,Open Auction - BFM,Epsilon (Conversant),—,Conversant AMC CTV (205656),,87.81
2025-08-01,Open Auction - BFM,Unruly,—,Unruly Web Display (Mobile Only),,0.0
2025-08-01,DSP Marketplace - BFM,Viant,—,Viant Deal - CTV - Fubo,940208016222,720.85
2025-10-01,Select - BFM,Xandr,Quorum,Quorum Optimized > MSFT > High Index Zips - Sonic Visitors - CTV,Quoru82,0.0
2025-08-01,Open Auction - BFM,Viant,—,Viant - Desktop - 1st Price,,4880.27
2025-12-01,Select - BFM,—,Strategus,Strategus CTV RON,,0.0
2025-12-01,Select - BFM,AdElement,Quorum,Quorum > Thanksgiving Shoppers > Physical Visitors,Quoru201,0.0
2025-12-01,Open Auction - BFM,—,—,F0044508 INSIDE UFC LO MEJOR DEL AÑO  DIA25,,0.0
2025-09-01,DSP Marketplace - BFM,Basis Technologies,—,Basis Deal - (All Spanish CTV/OTT),141086649977,0.0
2025-10-01,Open Auction - BFM,—,—,2509 - MGMPLUS - BILLY THE KID S3 TRAILER Cutdown - MGMPHD363273 - SERIES,,7.39
2025-12-01,Select - BFM,Quantcast,Quorum,Quorum > Interior Designers > Physical Visitors,Quoru199,0.0
2025-08-01,Open Auction - BFM,Knorex,—,Bidswitch - MW - 1st Price (HB),,0.01
2026-07-01,DSP Marketplace - BFM,StackAdapt,BFM Internal,StackAdapt Deal - CTV (Spanish Language),298330405897,118.56
2025-09-01,Open Auction - BFM,Zeta DSP,—,Bidswitch - CTV - 1st Price,,10641.41
2025-07-01,Open Auction - BFM,Bidswitch,—,Bidswitch - STB VOD,,0.0
2025-07-01,Open Auction - BFM,SmartyAds,—,SmartyAds - Web [Display],,406.52
2025-07-01,Open Auction - BFM,Stirista,—,Stirista - MW [Display],,0.0
2025-10-01,DSP Marketplace - BFM,JamLoop OpenRTB,—,JamLoop Deal - CTV - Fubo - $14,698777800950,665.4
2025-11-01,Open Auction - BFM,Marketperf,—,Bidswitch - Desktop [Display],,0.0
2025-07-01,DSP Marketplace - BFM,TheTradeDesk,Beachfront Deal Migration,TTD Deal - Holiday/Shopping CTV (Deal Library) - Genre - Goodway,774408369864,1103.53
2025-07-01,DSP Marketplace - BFM,MadHive,Beachfront Deal Migration,MadHive Deal - CTV (Alcohol),110295217642,1301.89
2025-07-01,Open Auction - BFM,IQM,—,IQM - Display - Open Auction,,6.2
2025-12-01,DSP Marketplace - BFM,TheTradeDesk,Beachfront Deal Curation,Strategus - Food & Drink Contextual Deal - $17 CPM,Strat3548981493,0.0
2025-09-01,Open Auction - BFM,LoopMe,—,LoopMe - Open Auction - CTV,,45328.91
2025-11-01,DSP Marketplace - BFM,Basis Technologies,Beachfront Deal Migration,Basis Deal - CTV RON - $10 Floor,893090891708,4244.89
2025-09-01,DSP Marketplace - BFM,4INFO,—,4INFO Deal - CTV - T1 Indirect - (USA),889893239659,0.0
2025-08-01,DSP Marketplace - BFM,SimpliFi,BFM Internal,Simpli.Fi Deal - Univision,318028617508,8.25
2025-08-01,Select - BFM,TheTradeDesk,Aki,Aki Deal - CTV - Family Movie Night,Aki9,4.03
2025-08-01,DSP Marketplace - BFM,StackAdapt,Beachfront Deal Curation,StackAdapt_Standard Inventory Packages_Beachfront_2025_90 Second Placements,Beach174,0.0
2026-07-01,Open Auction - BFM,Between Exchange,—,Bidswitch - MW - 1st Price (HB),,0.0
2026-07-01,Open Auction - BFM,—,—,IDVx Roku $8 US,,0.0
2026-08-01,DSP Marketplace - BFM,StackAdapt,BFM Internal,StackAdapt Deal - CTV - Hallmark (Network),545977539514,1.41
2025-09-01,Open Auction - BFM,Adtelligent,—,Adtelligent - CTV - A+E Networks $15,,20873.3
2025-08-01,Open Auction - BFM,IQM,—,IQM - Display - Open Auction,,5.26
2025-09-01,Open Auction - BFM,SmartyAds,—,SmartyAds - CTV (1st Price),,738.84
2025-12-01,Open Auction - BFM,Madopi,—,Bidswitch - Desktop - 1st Price (HB),,0.0
2025-12-01,Select - BFM,JamLoop OpenRTB,TEGNA,Jamloop - AO - News - OTT - TEGNASOURCED 040523,TEGNA6,161.42
2025-09-01,Select - BFM,Viant,Audigent,Audigent & Beachfront - AUD-066527 - Optimum Media - Multiple Brands - CTV ContextualPMP - English Language Sports US - ctv,Audig1778,0.0
2025-09-01,Select - BFM,Xandr,Quorum,Quorum Optimized > MSFT > High Index Zips - Casino Visitors - Banner,Quoru42,0.0
2025-09-01,Open Auction - BFM,—,—,Conversant - Web - Open Auction - Seedtag,,0.0
2025-09-01,Open Auction - BFM,—,—,F0033649 LATITUD 25_1 SABÍAS QUE 30SEG v4,,0.0
2025-12-01,DSP Marketplace - BFM,Epsilon (Conversant),Beachfront Deal Curation,Conversant Gambling and Sports Betting Category Targeting - Video/CTV,Beach113,5158.22
2025-08-01,Open Auction - BFM,Infillion,—,Bidswitch -RTB- Getintent-Whitelist- Web Display,,0.0
2025-08-01,DSP Marketplace - BFM,StackAdapt,—,StackAdapt Deal - CTV - Plex,406265079126,231.71
2025-11-01,Open Auction - BFM,Epsilon (Conversant),—,Conversant - Web - Open Auction - Display,,448.67
2025-09-01,DSP Marketplace - BFM,StackAdapt,—,StackAdapt Deal - MW - 60%+ VCR,700027738308,8.48
2025-09-01,DSP Marketplace - BFM,TheTradeDesk,—,TTD Deal - Bully Pulpit - CTV Cannabis Approved,133914955,0.19
2025-08-01,DSP Marketplace - BFM,Basis Technologies,Beachfront Deal Curation,Basis Deal - CTV - Fingerlakes Gaming 2025,332440817016,1046.84
2025-08-01,DSP Marketplace - BFM,Beeswax,—,Beeswax Deal - CTV - Sensitive (Non-Cannabis),343539490451,2367.17
2025-08-01,Select - BFM,IPONWEB BidCore,Infillion Demand,Pulte RON - Display 2,InfPulteRON2,0.0
2025-08-01,DSP Marketplace - BFM,Epsilon (Conversant),Beachfront Deal Curation,Conversant Deal - Display - Health and Wellness,498981940349,0.57
2025-07-01,DSP Marketplace - BFM,Viant,—,Viant - Linear (Adults),316829879699,0.0
2025-11-01,Open Auction - BFM,Knorex,—,Bidswitch - CTV (AMC),,0.0
2025-10-01,Open Auction - BFM,Marketing Architects -RTB,—,0,,0.0
2025-12-01,Open Auction - BFM,—,—,LoopMe - Open Auction - CTV,,0.0
2026-07-01,Open Auction - BFM,Adtheorent,—,Ad Theorent - APP Video 1st Price,,143.57
2026-07-01,DSP Marketplace - BFM,Beeswax,Beachfront Deal Curation,Pathlabs - Swisher Sweets Nicotine-Safe - CTV,Path38106872,0.0
2026-07-01,Open Auction - BFM,SmartyAds,—,SmartyAds - CTV (Streaming Apps),,6.98
2026-08-01,DSP Marketplace - BFM,Basis Technologies,Beachfront Deal Curation,Basis Deal - CTV - Warner Bros Channels & Networks,742050964622,0.0
2026-08-01,DSP Marketplace - BFM,Beeswax,Beachfront Deal Curation,Datafy - Sports Contextual - Q4,Datafy9368363227,3.16
2025-09-01,DSP Marketplace - BFM,JamLoop OpenRTB,Beachfront Deal Curation,JamLoop Deal -  OLV - Yakima-Pasco-Rchlnd-Knnwck DMA,517332759399,0.0
2025-08-01,Open Auction - BFM,—,—,VTV VERTA  Dummy Ad,,0.0
2025-09-01,Open Auction - BFM,Infillion,—,Bidswitch - MW - 1st Price (HB),,10.66
2025-07-01,Open Auction - BFM,Infillion,—,Bidswitch - MW - 1st Price (HB),,3.14
2025-07-01,Open Auction - BFM,—,—,F0022311 UFC MARCA GENÉRICA 2025-1 30,,0.0
2025-11-01,Open Auction - BFM,Infillion,—,Bidswitch - CTV - 1st Price (Bundle 151908),,2.71
2025-11-01,DSP Marketplace - BFM,Octillion,BFM Internal,Octillion Deal - CTV - A&E Network Adjust,747279147159,423.65
2025-09-01,Select - BFM,Viant,IRIS,IRIS.TV - Viant - Healthy Living CTV_BFM,IRIS00318,3120.15
2025-09-01,Open Auction - BFM,—,—,F0036102 F2 Y F3 GENÉRICA PILOTOS MEXICANOS 20S,,0.0
2025-12-01,Select - BFM,Bidswitch,Quorum,Quorum > Christmas Shoppers > Physical Visitors,Quoru192,0.0
2025-07-01,Open Auction - BFM,TheTradeDesk,—,TTD - MW [Display],,3876.68
2025-07-01,Open Auction - BFM,Adtelligent,—,Adtelligent - CTV (Fubo),,16.56
2025-07-01,Open Auction - BFM,MadHive,—,MadHive - CTV - 1st Price (Paramount OA),,4110.88
2025-07-01,Select - BFM,TheTradeDesk,IRIS,IRIS.TV - Q11 Crunch - Inspirational CTV_BFM,IRIS00243,3721.59
2025-11-01,Open Auction - BFM,TheTradeDesk,—,TTD - MW - 1st Price (HB),,1812.58
2025-09-01,Select - BFM,TheTradeDesk,Aki,Aki Deal - CTV - Movie,Aki8,0.01
2025-08-01,Open Auction - BFM,Marketperf,—,Bidswitch - MW [Display],,0.0
2025-12-01,DSP Marketplace - BFM,Octillion,Beachfront Deal Migration,Octillion Deal - CTV - Philo,747279147181,43.9
2025-08-01,DSP Marketplace - BFM,Viant,Beachfront Deal Curation,Viant Deal - CTV - MASN (Always on 1:1),173275448739,0.0
2025-09-01,DSP Marketplace - BFM,Walmart,—,TTD Deal - Walmart - Premium CTV,785432338,2.89
2025-11-01,Select - BFM,Xandr,Quorum,Quorum Optimized > MSFT > High Index Zips - Marriott Hotel Visitors - CTV,Quoru48,0.31
2025-08-01,DSP Marketplace - BFM,TheTradeDesk,Beachfront Deal Migration,TTD Deal - Competitive Conquest Subaru - CTV,747415045888,99059.61
2025-09-01,Open Auction - BFM,Zeta DSP,—,Bidswitch - APP 1st Price,,0.0
2025-07-01,Open Auction - BFM,—,—,MadHive - CTV - 1st Price (Paramount OA),,0.0
2025-09-01,DSP Marketplace - BFM,Epsilon (Conversant),Beachfront Deal Curation,Conversant deal - OLV - Health and Wellness,681334658713,2.32
2025-09-01,Select - BFM,—,IRIS,IRIS.TV - Viant - Wyndham Emotional Sentiment CTV_BFM,,0.0
2026-07-01,Open Auction - BFM,Beeswax,—,Beeswax UR Improvement Tier 3 (Low UR),,71.4
2026-07-01,DSP Marketplace - BFM,Bidswitch,Beachfront Deal Curation,Bidswitch Deal - Infillion -  CTV/InApp - FEP/CTV $10 and below (Average Clearing Pice),223910661417,0.0
2026-07-01,DSP Marketplace - BFM,Viant,Beachfront Deal Migration,Viant Deal - CTV (Sports - All),973650277866,214.11
2026-07-01,Open Auction - BFM,Viant,—,Viant - Desktop,,694.11
2026-08-01,DSP Marketplace - BFM,Bidswitch,Beachfront Deal Curation,Seedtag NeuroX | Always-On | Relief & Recovery Pursuers - Connected TV,STNXCTV021,0.0
2025-10-01,Open Auction - BFM,Beeswax,—,Beeswax UR Improvement Tier 2 (Mid UR),,33818.48
2025-11-01,Select - BFM,AdElement,Quorum,Quorum > Auto Enthusiasts > Physical Visitors,Quoru190,0.0
2025-09-01,Select - BFM,Xandr,Quorum,Quorum Optimized > MSFT > High Index Zips - Domino's Visitors - Banner,Quoru71,0.0
2025-09-01,DSP Marketplace - BFM,Yahoo DSP,Beachfront Deal Curation,Causal IQ - Goodyear - Yahoo DSP - CTV Deal,739281640570,0.0
2025-11-01,Select - BFM,Xandr,Quorum,Quorum Optimized > MSFT > High Index Zips - Domino's Visitors - CTV,Quoru72,0.0
2025-08-01,Open Auction - BFM,Epsilon (Conversant),—,Conversant Filmrise CTV (203765),,92.12
2025-12-01,Open Auction - BFM,IQM,—,IQM - CTV - Open Auction,,61.15
2026-07-01,DSP Marketplace - BFM,Bidswitch,Beachfront Deal Curation,Seedtag NeuroX | Always-On | Digital Creators & Influencer Content Viewers - Connected TV,STNXCTV006,0.0
2025-11-01,Open Auction - BFM,SundaySky,—,SundaySky - Desktop - 1st Price,,2309.5
2025-11-01,Open Auction - BFM,The Media Sense,—,The Media Sense DSP CTV Ads Direct,,0.0
2025-10-01,Open Auction - BFM,IPONWEB BidCore,—,Bidswitch - APP 1st Price,,1.29
2025-10-01,Open Auction - BFM,Walmart,—,TTD - CTV (Charter),,2.32
2025-12-01,DSP Marketplace - BFM,Basis Technologies,Beachfront Deal Curation,Basis Deal - CTV - Skechers 2025 - Women 45+ - Entertainment,105507977165,13685.89
2025-08-01,DSP Marketplace - BFM,TheTradeDesk,Beachfront Deal Curation,TTD Deal - Casual IQ - Sports Content  - CTV - Contextual,859310837419,0.0
2025-08-01,DSP Marketplace - BFM,TheTradeDesk,—,TTD Deal - CTV - Lockard &amp; Wechsler - $9 E.W. Scripps,200738058336,0.0
2025-08-01,Select - BFM,Viant,IRIS,IRIS.TV - Viant - College Basketball CTV_BFM,IRIS00309,1.0
2025-10-01,DSP Marketplace - BFM,Beeswax,Beachfront Deal Curation,SuperAwesome - Seedtag - Teens - Canada - CTV,SuperAwesome2310,0.0
2025-12-01,Open Auction - BFM,—,—,__DEAL__PA__204808__ACTIVECAMPAIGN__MEDIAMONKS__ACTIVECAMPAIGN-2H-2025-CTV__US__US__AUG__2025______PCOV__P5,,0.0
2026-08-01,Open Auction - BFM,Adtelligent,—,Adtelligent - CTV,,47.01
2026-08-01,DSP Marketplace - BFM,Beeswax,BFM Internal,Beeswax Deal - CTV - Political (No Approval),426834991759,0.11
2026-08-01,Open Auction - BFM,Zeta DSP,—,Bidswitch - CTV - 1st Price,,424.59
2026-08-01,Select - BFM,TheTradeDesk,Chief Media,Live Baseball - Walmart DSP - Charter Only,Chief20,0.0
2026-08-01,Select - BFM,TheTradeDesk,Strategus,Strategus - TTD - Political Allowed - CTV Deal,Strat85,0.02
2025-10-01,Open Auction - BFM,Sharethrough,—,Sharethrough CTV Video,,28178.4
2025-09-01,DSP Marketplace - BFM,StackAdapt,—,StackAdapt Deal - CTV (AMC Networks Only),266007710126,16.83
2025-08-01,DSP Marketplace - BFM,SimpliFi,—,Simplifi Deal - OTT,468896186068,0.0
2025-08-01,Select - BFM,Xandr,Quorum,Quorum Optimized > MSFT > High Index Zips - Domino's Visitors - Banner,Quoru71,0.0
2025-08-01,Select - BFM,Xandr,Quorum,Quorum Optimized > MSFT > High Index Zips - Popeyes Visitors - CTV,Quoru74,0.0
2025-09-01,Open Auction - BFM,Bidswitch,—,Bidswitch - CTV - 1st Price (Bundle 151908),,0.0
2025-07-01,Open Auction - BFM,Bidswitch,—,Pride Month - Tentpole - LGBTQ Content - CTV (Inventory Targeted),,0.0
2025-12-01,Select - BFM,TheTradeDesk,Chief Media,TTD - Chief Media - CTV - Pub Targeting - Deal,778185575390,791.99
2025-11-01,Select - BFM,Viant,Quorum,Quorum Optimized > Viant > High Index Zips - New & Used Automotive Dealer Visitors - Banner,Quoru44,0.0
2025-12-01,Open Auction - BFM,Walmart,—,TTD - MW - 1st Price (HB),,7.28
2025-08-01,DSP Marketplace - BFM,4INFO,—,Cadent_OutsideTV_PMP,524219392199,0.0
2025-12-01,DSP Marketplace - BFM,MadHive,Beachfront Deal Curation,Madhive Deal - CTV - Spanish Language Targeting,339126935910,108.83
2025-07-01,DSP Marketplace - BFM,TheTradeDesk,—,TTD Deal - CTV - MIQ - Price Targeted CTV,102921928886,0.17
2025-11-01,DSP Marketplace - BFM,Octillion,Beachfront Deal Migration,Octillion Deal - CTV - Newsy,376929459164,71.9
2025-11-01,Open Auction - BFM,IPONWEB BidCore,—,Bidswitch - Desktop - 1st Price (HB),,0.02
2025-07-01,Select - BFM,Xandr,Quorum,Quorum Optimized > MSFT > High Index Zips - Lexus Dealership Visitors - Banner,Quoru129,0.0
2025-09-01,DSP Marketplace - BFM,4INFO,—,4INFO Deal - CTV - T1 Indirect - (COOK),117310551350,0.0
2025-07-01,DSP Marketplace - BFM,SimpliFi,—,Simplifi Deal - MLB CTV/OTT,740301087652,0.92
2025-10-01,Open Auction - BFM,—,—,Centro Display Web,,0.0
2025-09-01,DSP Marketplace - BFM,IQM,—,IQM Deal - CTV - Battle States - Georgia GA - Politics Allowed (Deal Library),BFM069,0.0
2025-08-01,Select - BFM,Xandr,Quorum,Quorum Optimized > MSFT > High Index Zips - Carl's Jr Visitors - Banner,Quoru89,0.0
2025-07-01,Open Auction - BFM,Adform,—,Bidswitch - MW [Display],,0.0
2025-11-01,Select - BFM,Viant,IRIS,IRIS.TV - Viant - Thrivent Emotional Sentiment CTV_BFM,IRIS00322,0.0
2025-11-01,Open Auction - BFM,SmartyAds,—,SmartyAds - CTV (Plex),,1711.97
2025-11-01,DSP Marketplace - BFM,Stirista,Beachfront Deal Curation,Stirista Deal - DV - CTV RON,298578719382,3947.36
2025-10-01,Select - BFM,Xandr,Quorum,Quorum Optimized > MSFT > High Index Zips - Jamba Juice Visitors - CTV,Quoru100,0.3
2025-10-01,Open Auction - BFM,Quantcast,—,Bidswitch - APP Display,,0.0
2025-10-01,Open Auction - BFM,IPONWEB BidCore,—,Bidswitch - CTV - 1st Price (Bundle 151908),,159.57
2025-08-01,Open Auction - BFM,OTT Advisors (Demand),—,OTT Advisors Deal - CTV - (Univision) (Bundles),,0.0
2025-09-01,Open Auction - BFM,Yahoo DSP,—,Yahoo - In-App,,279.02
2025-12-01,DSP Marketplace - BFM,Amobee,—,Amobee Deal - CTV (Politics Allowed),BFM017,0.0
2025-07-01,Open Auction - BFM,Adtheorent,—,Ad Theorent - APP [Display],,108.39
2025-12-01,Select - BFM,Viant,IRIS,IRIS.TV - Viant - Capable - Emotional Sentiment CTV_BFM,IRIS00293,2781.45
2025-08-01,DSP Marketplace - BFM,Bidswitch,—,T-Ads_Display_Beachfront_Multipub_$0.5,138203852781,0.0
2025-11-01,DSP Marketplace - BFM,Beeswax,Beachfront Deal Curation,MLB - CTV - Contextual - Tentpole Deal - VideoAmp,Beach150,0.69
2025-07-01,Open Auction - BFM,PulsePoint,—,Pulsepoint Deal - CTV - CMI - RON,,0.0
2025-12-01,Open Auction - BFM,—,—,2512 - MGMPLUS - DECEMBER 2025 XCH - MGMP23419-11 - MOVIES,,206.72
2025-10-01,Open Auction - BFM,Epsilon (Conversant),—,Conversant Deal - InApp - RON,116367070037,0.0
2025-09-01,Select - BFM,TheTradeDesk,Aki,0,Aki1,0.0
2025-12-01,Select - BFM,DV360,Quorum,Quorum > Tech Shoppers > Physical Visitors,Quoru200,0.0
2026-07-01,DSP Marketplace - BFM,Basis Technologies,BFM Internal,Basis Deal - CTV - All Supply w/ Network Data,BFM037,49.95
2026-07-01,DSP Marketplace - BFM,JamLoop OpenRTB,BFM Internal,JamLoop Deal - CTV - LG Ads - $14,533370911919,90.38
2026-08-01,DSP Marketplace - BFM,DV360,Beachfront Deal Curation,Seedtag NeuroX | Always-On | New & Expecting Parents - Connected TV,STNXCTV005,1.33
2026-08-01,Open Auction - BFM,Zeta DSP,—,Bidswitch - APP 1st Price,,0.08
2025-07-01,DSP Marketplace - BFM,Bidswitch,—,T-Ads_CTV_Beachfront_AMC_$17.50,628070269578,0.0
2025-07-01,Open Auction - BFM,Krush Media,—,Krush Media Video - CTV Direct (700),,1418.34
2025-10-01,Open Auction - BFM,—,—,LiveRamp CTV Pixel,,0.0
2025-10-01,Open Auction - BFM,Webeye,—,Bidswitch - APP Display,,1.03
2025-10-01,Open Auction - BFM,IPONWEB BidCore,—,Bidswitch - CTV - 1st Price,,925.77
2025-08-01,Select - BFM,Bidswitch,Infillion Demand,Signet Jewelers | Men's Fashion | CTV,SignetInfilBeachCTV,0.0
2025-08-01,DSP Marketplace - BFM,MadHive,Beachfront Deal Curation,Madhive Deal - CTV - Spanish Channels & Networks,735504792609,7.98
2025-11-01,Open Auction - BFM,SmartyAds,—,SmartyAds - CTV (Paramount),,862.79
2025-11-01,Select - BFM,Viant,IRIS,IRIS.TV - Viant - Family & Relationships CTV_BFM,IRIS00316,455.75
2025-08-01,DSP Marketplace - BFM,TheTradeDesk,—,TTD Deal - Comcast Playworks,991133437221,139.85
2025-07-01,DSP Marketplace - BFM,4INFO,—,Cadent_BBC_PMP,811267808163,0.0
2025-12-01,DSP Marketplace - BFM,Viant,Beachfront Deal Curation,Viant Deal - Walter County Tourism (Bundles),196835969212,2.36
2025-08-01,Open Auction - BFM,AdElement,—,Bidswitch -RTB- Getintent-Whitelist- Web Display,,0.0
2025-09-01,Select - BFM,TheTradeDesk,Strategus,TTD - Strategus - CTV - $14 and Below,STRAT003,80.39
2025-07-01,Select - BFM,TheTradeDesk,Sightly,Northwestern Mutual,SightlyNWM,0.01
2025-07-01,Open Auction - BFM,TheTradeDesk,—,TTD Deal - CTV - Seedtag - Premium,,0.0
2026-07-01,DSP Marketplace - BFM,DV360,Beachfront Deal Curation,Seedtag NeuroX | Always-On | Health & Wellness Seekers - Connected TV,STNXCTV026,14.87
2026-07-01,Open Auction - BFM,Equative,—,Equative CTV Video (copy),,10.05
2026-08-01,Open Auction - BFM,Seedtag POC,—,Seedtag,,0.0
2025-11-01,DSP Marketplace - BFM,TheTradeDesk,—,TTD Deal - Bully Pulpit CTV (Local News),154412565624,55.67
2025-07-01,Open Auction - BFM,DV360,—,Bidswitch - Desktop [Display],,505.41
2025-07-01,Open Auction - BFM,Amazon DSP,—,Bidswitch - Seedtag,,7191.03
2025-09-01,DSP Marketplace - BFM,Yahoo DSP,Beachfront Deal Curation,New Media CTV/OTT RON - Yahoo,378043004864,25.5
2025-12-01,DSP Marketplace - BFM,JamLoop OpenRTB,BFM Internal,Jamloop Deal - CTV - Network-Override-NBC,JL001,112.72
2025-12-01,DSP Marketplace - BFM,StackAdapt,Beachfront Deal Curation,StackAdapt_Standard Inventory Packages_Beachfront_2025_Reality,Beach178,55.65
2025-12-01,DSP Marketplace - BFM,Epsilon (Conversant),Beachfront Deal Curation,NBA - CTV - Contextual -  Tentpole Deal - Conversant,Beach130,1.19
2025-09-01,Select - BFM,TheTradeDesk,Aki,Aki Deal - CTV - Staying Informed Moments,Aki20,0.22
2025-07-01,Select - BFM,Xandr,Quorum,Quorum Optimized > MSFT > High Index Zips - Chick-fil-A Visitors - Banner,Quoru91,0.0
2025-07-01,DSP Marketplace - BFM,SimpliFi,—,Simpli.fi Deal - CTV (Genre Education),766650927744,0.02
2026-07-01,Open Auction - BFM,—,—,F0047462 FFC CATEGORIAS BOX SABADO 30,,0.0
2025-07-01,Open Auction - BFM,—,—,StackAdapt - CTV - Open Auction,,0.0
2025-10-01,DSP Marketplace - BFM,SimpliFi,BFM Internal,0,667896312331,0.0
2025-12-01,Open Auction - BFM,—,—,F0044658 NFL PACKERS VS VIKINGS + LIONS VS BEARS DOMINGO 30,,0.0
2025-08-01,Open Auction - BFM,Xandr,—,0,,0.0
2026-07-01,Open Auction - BFM,Knorex,—,Bidswitch - CTV - 1st Price,,150.52
2026-07-01,DSP Marketplace - BFM,StackAdapt,Beachfront Deal Migration,StackAdapt Deal - CTV (Non-News),674172181259,1902.34
2026-08-01,DSP Marketplace - BFM,Basis Technologies,Beachfront Deal Migration,Basis Deal - Politics Allowed CTV,BFM017,176.39
2025-10-01,DSP Marketplace - BFM,SimpliFi,—,Simpli.Fi Deal - CTV - Political Allowed,726365806621,348.27
2025-10-01,Open Auction - BFM,SimpliFi,—,SimpliFi - Seedtag,,46.47
2025-09-01,DSP Marketplace - BFM,DeepIntent,Beachfront Deal Curation,DeepIntent - CTV - Health and Wellness,442298650382,0.72
2025-09-01,Open Auction - BFM,TheTradeDesk,—,TTD - MW [Display],,1986.71
2025-08-01,Select - BFM,Xandr,Quorum,Quorum Optimized > MSFT > High Index Zips - Jamba Juice Visitors - Banner,Quoru99,0.0
2025-12-01,Open Auction - BFM,Beeswax,—,Beeswax UR Improvement Tier 1 (High UR),,20958.18
2025-10-01,Open Auction - BFM,TheTradeDesk,—,TTD - CTV (1st Price),,363543.06
2025-08-01,DSP Marketplace - BFM,Basis Technologies,Beachfront Deal Curation,Basis Deal - CTV - Skechers 2025 - Work - Pop Culture,240565149913,28649.01
2025-12-01,Select - BFM,Bidswitch,Quorum,Quorum > Music Lovers > Physical Visitors,Quoru228,0.0
2025-12-01,Select - BFM,TheTradeDesk,Quorum,Quorum - Holiday Shoppers - Physical Visitors,Quoru212,0.0
2025-07-01,DSP Marketplace - BFM,StackAdapt,Beachfront Deal Curation,StackAdapt_Standard Inventory Packages_Beachfront_2025_Lifestyle,Beach180,6.42
2025-11-01,DSP Marketplace - BFM,Octillion,Beachfront Deal Migration,Octillion Deal - CTV - Sling - App List,747279147176,242.12
2025-08-01,Open Auction - BFM,Zeta DSP,—,0,,0.0
2025-07-01,Select - BFM,Xandr,Quorum,Quorum Optimized > MSFT > High Index Zips - Jack In The Box Visitors - CTV,Quoru98,0.06
2025-07-01,Select - BFM,TheTradeDesk,Strategus,TTD - Strategus - CTV - $12 and Below,STRAT002,35707.4
2025-12-01,Open Auction - BFM,Adform,—,Bidswitch - CTV - 1st Price,,0.0
2025-11-01,DSP Marketplace - BFM,Zeta DSP,Beachfront Deal Curation,Bidswitch Deal - CTV - Zeta - Paramount (No Pluto),732808904693,6924.77
2025-07-01,Open Auction - BFM,—,—,F0038200 INSIDE UFC PARPADEO 30,,0.0
2025-10-01,Open Auction - BFM,—,—,0041254 NFL VIKI-LION JAGU-RAID FS2 DOM 30,,0.0
2025-10-01,Open Auction - BFM,—,—,SmartyAds - CTV (1st Price),,0.0
2025-07-01,Select - BFM,—,Strategus,TTD - Strategus - CTV - $12 and Below,STRAT002,0.0
2026-07-01,DSP Marketplace - BFM,Basis Technologies,Beachfront Deal Migration,Basis Deal - Hispanic CTV,532371564041,574.94
2026-07-01,Open Auction - BFM,Zeta DSP,—,Bidswitch - APP Display,,0.12
2026-07-01,Open Auction - BFM,Krush Media,—,Krush Media Web Display,,21.23
2026-07-01,DSP Marketplace - BFM,Viant,Beachfront Deal Curation,Viant - Whoop AUS - Competitive Wearable Users Audience - CTV Deal,Beach228,1274.22
2025-08-01,Select - BFM,Xandr,Quorum,Quorum Optimized > MSFT > High Index Zips - Home Depot Visitors - Banner,Quoru34,0.0
2025-09-01,DSP Marketplace - BFM,StackAdapt,Beachfront Deal Curation,StackAdapt_Standard Inventory Packages_Beachfront_2025_Home & Garden,Beach168,61.29
2025-08-01,Open Auction - BFM,TheTradeDesk,—,TTD - Desktop - 1st Price (HB),,4603.87
2025-07-01,Open Auction - BFM,DV360,—,Bidswitch - Desktop - 1st Price (HB),,303.63
2025-08-01,DSP Marketplace - BFM,TheTradeDesk,Beachfront Deal Curation,TTD Deal - CTV - Curated by Seedtag - Sports (Test),231523531808,0.0
2025-10-01,DSP Marketplace - BFM,Viant,—,Viant Deal - CTV (Spanish),901374116708,69.83
2025-10-01,Open Auction - BFM,TheTradeDesk,—,TTD - CTV - oRTB (Canada),,3455.79
2025-11-01,DSP Marketplace - BFM,GroundTruth,Beachfront Deal Curation,GroundTruth Sensitive Category Deal - Nicotine - CTV,Beach119,8843.94
2025-08-01,Open Auction - BFM,Epsilon (Conversant),—,Conversant Vizio CTV (203828),,649.57
2025-11-01,DSP Marketplace - BFM,JamLoop OpenRTB,BFM Internal,Jamloop Deal - CTV - Network-Override-NBC,JL001,161.94
2025-07-01,DSP Marketplace - BFM,Octillion,Beachfront Deal Migration,Octillion Deal - CTV - WeatherGroup,370043533271,310.4
2025-08-01,DSP Marketplace - BFM,StackAdapt,—,StackAdapt Deal - MW - 60%+ VCR,700027738308,31.37
2025-07-01,Open Auction - BFM,Viant,—,Viant Deal - Desktop/MW (OLV Political - Right Leaning),,0.0
2025-11-01,Select - BFM,Quantcast,Quorum,Quorum > Music Lovers > Physical Visitors,Quoru228,0.0
2025-11-01,Select - BFM,Yahoo DSP,Audigent,PMG & Beachfront - SDEAL-21047 - PMG - PMG - PMG - ctv SmartPMP - Credit Cards US,Audig1756,0.0
2026-07-01,DSP Marketplace - BFM,Basis Technologies,Beachfront Deal Migration,Basis Deal - Network CTV (Warner Bros Discovery),BFMNET010,813.16
2026-07-01,Open Auction - BFM,—,—,TrueX FireTV Games ,,715.2
2026-08-01,DSP Marketplace - BFM,TheTradeDesk,BFM Internal,TTD Deal - In Market Subaru - CTV (Spanish Language Targeting),301316088659,25.27
2025-09-01,Select - BFM,Viant,Audigent,Audigent & Beachfront - AUD-066527 - Optimum Media - Multiple Brands - CTV ContextualPMP - Hockey US - ctv,Audig1798,0.0
2025-12-01,DSP Marketplace - BFM,Beeswax,Beachfront Deal Curation,Datafy - News Contextual - Q4,Datafy2106644013,7125.03
2025-09-01,DSP Marketplace - BFM,Bidswitch,Beachfront Deal Curation,Bidswitch Deal - CTV - Zeta - Paramount (No Pluto),732808904693,0.0
2025-08-01,DSP Marketplace - BFM,Xandr,Beachfront Deal Migration,Xandr Deal - CTV ($15 MiQ),499078560247,3195.63
2025-10-01,Select - BFM,TheTradeDesk,Infillion Demand,WeatherTech | Holiday Genre | CTV,WTholidayCTVbf,0.0
2025-10-01,DSP Marketplace - BFM,Viant,Beachfront Deal Migration,Viant Deal - CTV - Political Approved Pubs RON,554902786103,27656.29
2025-07-01,Open Auction - BFM,—,—,F0033691 FFC GENERICA SABADO 25 v3,,0.0
2025-08-01,DSP Marketplace - BFM,Epsilon (Conversant),Beachfront Deal Curation,Golf - CTV - Contextual - Tentpole Deal - Conversant,Beach135,4.65
2026-07-01,Open Auction - BFM,DV360,—,Bidswitch - MW - 1st Price (HB),,0.13
2026-07-01,Open Auction - BFM,Quantcast,—,Bidswitch - APP Display,,0.0
2025-11-01,Open Auction - BFM,Knorex,—,Bidswitch - Desktop - 1st Price (HB),,0.9
2025-11-01,Open Auction - BFM,Quantcast,—,Bidswitch - MW [Display],,0.0
2025-07-01,DSP Marketplace - BFM,4INFO,—,4INFO Deal - CTV - DEI,CADENT024BET,0.0
2025-11-01,DSP Marketplace - BFM,Adtheorent,Beachfront Deal Curation,BigHappy Mobile Web RON - Display,BigHappy01734,23.41
2025-11-01,Select - BFM,Xandr,Quorum,Quorum Optimized > MSFT > High Index Zips - BMW/Mini Dealership Visitors - CTV,Quoru112,0.0
2025-08-01,DSP Marketplace - BFM,Xandr,BFM Internal,Xandr Deal - CTV (MiQ Canada RON),418366376674,0.0
2025-10-01,Open Auction - BFM,Marketing Architects -RTB,—,Marketing Architects - CTV 1st Price (Hearst),,28.84
2025-07-01,DSP Marketplace - BFM,Infillion,Beachfront Deal Curation,Bidswitch Deal - Infillion -  CTV/InApp - FEP/CTV $10 and below (Average Clearing Pice),223910661417,7902.47
2025-07-01,DSP Marketplace - BFM,Bidswitch,—,T-Ads_CTV_Beachfront_Hearst_$9,482192094743,0.0
2025-07-01,DSP Marketplace - BFM,StackAdapt,Beachfront Deal Migration,StackAdapt Deal - CTV (Business and News),385551492251,1511.45
2025-07-01,Open Auction - BFM,—,—,F0037958 F1 ACADEMY GENERICA VERSION 2 2025 20,,0.0
2025-10-01,Select - BFM,TheTradeDesk,Mavern Media,Mavern Media & Beachfront - MJA - TTD - Multiple - RON - CTV - 20250124,MVRN000026,0.0
2025-09-01,Open Auction - BFM,SmartClip,—,Vizio_SmartClip_Mexico_$8,,0.0
2025-08-01,Open Auction - BFM,Basis Technologies,—,Basis - CTV - oRTB - (Canada),,151.14
2025-10-01,DSP Marketplace - BFM,—,Beachfront Deal Migration,TTD Deal - CTV ($18),,0.0
2025-07-01,DSP Marketplace - BFM,Epsilon (Conversant),Beachfront Deal Curation,Conversant Political Issues Category Targeting - Video/CTV,Beach116,26.49
2025-09-01,Select - BFM,Infillion,Infillion Demand,Pulte RON - Display 2,InfPulteRON2,0.0
2025-11-01,Open Auction - BFM,LoopMe,—,0,,0.0
2025-07-01,Open Auction - BFM,Bidswitch,—,Bidswitch Deal - Zeta - OLV Web - Women 18-34,,0.0
2026-08-01,Open Auction - BFM,Infillion,—,Bidswitch - MW [Display],,0.0
2025-11-01,DSP Marketplace - BFM,Octillion,Beachfront Deal Migration,Octillion Deal - CTV - AMC - Network Targeting,135878418139,2175.83
2025-12-01,Select - BFM,Bidswitch,QRate,QrateUS_Costarica_CTV,QRate40,0.0
2025-07-01,DSP Marketplace - BFM,StackAdapt,Beachfront Deal Curation,StackAdapt_Standard Inventory Packages_Beachfront_2025_Spanish Inventory,Beach171,0.0
2025-11-01,DSP Marketplace - BFM,Basis Technologies,Beachfront Deal Curation,Basis Deal - OTT - Skechers 2025 - Women 45+ - Entertainment,132775440867,125.1
2025-12-01,Open Auction - BFM,Samsung DSP,—,Bidswitch - MW - 1st Price (HB),,0.0
2025-08-01,Open Auction - BFM,Epsilon (Conversant),—,Conversant Pluto CTV (204778),,3323.31
2025-07-01,Open Auction - BFM,TheTradeDesk,—,TTD - OLV - Hispanic RON (Converge Direct),,0.0
2025-07-01,DSP Marketplace - BFM,MadHive,—,Madhive Deal - CTV Genre Sports,BFM021,40.98
2025-10-01,Open Auction - BFM,—,—,TTD - CTV (1st Price),,0.0
2026-07-01,Open Auction - BFM,Adtelligent,—,0,,0.0
2026-08-01,Select - BFM,Walmart,Chief Media,TTD - Chief Media - Walmart - CTV - Pub Targeting - Deal,476519491695,120.19
2026-08-01,Open Auction - BFM,Yahoo DSP,—,Yahoo - In-App,,665.73
2025-11-01,Open Auction - BFM,Xandr,—,Xandr STB VOD,,0.0
2025-09-01,Select - BFM,Xandr,Quorum,Quorum Optimized > MSFT > High Index Zips - College & University Visitors - CTV,Quoru54,11.32
2025-09-01,Select - BFM,Xandr,Quorum,Quorum Optimized > MSFT > High Index Zips - McDonald's Visitors - CTV,Quoru56,0.87
2025-12-01,Open Auction - BFM,DV360,—,Bidswitch - APP,,3.16
2025-08-01,Select - BFM,AdElement,Infillion Demand,Pulte RON - Display 2,InfPulteRON2,0.0
2025-07-01,DSP Marketplace - BFM,Bidswitch,—,Bidswitch Deal - Roku - CTV - Revry TV,335316630773,0.0
2025-11-01,Open Auction - BFM,DV360,—,Bidswitch - APP 1st Price,,14.47
2025-11-01,DSP Marketplace - BFM,SimpliFi,—,Simpli.Fi Deal - CTV - Political Allowed (TEGNA),420531083816,47.22
2025-08-01,DSP Marketplace - BFM,Bidswitch,—,Bidswitch Deal - Zeta - CTV - $5-$9 (Spanish),965563756301,0.0
2025-09-01,DSP Marketplace - BFM,Viant,—,Viant Deal - CTV (Genre: Sports),139849717158,0.99
2025-07-01,Open Auction - BFM,Epsilon (Conversant),—,Conversant - InApp - Open Auction,,810.57
2025-12-01,Select - BFM,AdElement,Quorum,Quorum > Athletes > Physical Visitors,Quoru188,0.0
2025-08-01,Open Auction - BFM,—,—,F0039224 FUT INT LEIPZIG VS ATALANTA SAB 20,,0.0
2026-08-01,DSP Marketplace - BFM,StackAdapt,Beachfront Deal Curation,StackAdapt_Standard Inventory Packages_Beachfront_2025_60 Second Placements,Beach173,124.28
2025-10-01,DSP Marketplace - BFM,JamLoop OpenRTB,—,JamLoop Deal - CTV - Cable Broadcast - Scripps-Newsy,855918727592,876.64
2025-08-01,Open Auction - BFM,—,—,CTV SeedTag,,0.0
2025-08-01,Open Auction - BFM,Adtelligent,—,Adtelligent - CTV - A+E Networks $15,,26663.95
2025-11-01,DSP Marketplace - BFM,Epsilon (Conversant),Beachfront Deal Curation,Conversant Cannabis Category Targeting - Video/CTV,Beach111,5788.48
2025-09-01,DSP Marketplace - BFM,MadHive,BFM Internal,MadHive - CTV - Xumo (Price Targeted),MH35,408.63
2025-07-01,Open Auction - BFM,Infillion,—,Bidswitch - Seedtag,,8.21
2025-12-01,DSP Marketplace - BFM,GroundTruth,Beachfront Deal Curation,GroundTruth Deal - Mobile Web - Always On - Video,Beach187,0.0
2025-08-01,Open Auction - BFM,Lift,—,Bidswitch -RTB- Getintent-Whitelist- Web Display,,0.0
2025-10-01,Open Auction - BFM,Unruly,—,Unruly Web Display (Mobile Only),,0.0
2025-08-01,Open Auction - BFM,Knorex,—,Bidswitch - APP,,0.0
2025-12-01,Select - BFM,Viant,IRIS,IRIS.TV - Viant - Family & Relationships CTV_BFM,IRIS00316,1971.95
2025-08-01,DSP Marketplace - BFM,SimpliFi,—,Simpli.Fi Deal - CTV - Political Allowed,726365806621,175.88
2025-07-01,Open Auction - BFM,—,—,F0038400 UFC 318 HOLLOWAY VS POIRIER 3 SABADO 30,,0.0
2025-09-01,Select - BFM,TheTradeDesk,IRIS,IRIS.TV - Sheppard Pratt CTV_BFM,IRIS00365,0.0
2025-09-01,Select - BFM,TheTradeDesk,Strategus,Strategus - TTD Deal - SlingTV - Bundle List - CTV,Strat72,4.04
2025-07-01,DSP Marketplace - BFM,Epsilon (Conversant),Beachfront Deal Curation,Conversant Deal - CTV - Political RON,513073226453,1448.6
2025-08-01,Open Auction - BFM,OnSpot Data,—,Bidswitch - APP,,0.01
2025-08-01,DSP Marketplace - BFM,Viant,—,Viant Deal - CTV (Cannabis Allowed),863781217269,3.94
2025-07-01,Open Auction - BFM,Adform,—,Bidswitch - MW - 1st Price (HB),,0.0
2025-08-01,Open Auction - BFM,—,—,Centro Display Web,,0.0
2025-09-01,Open Auction - BFM,MadHive,—,MadHive Deal - CTV (Halloween CTV - Deal Library),BFM031,0.0
2025-10-01,Open Auction - BFM,Walmart,—,TTD - CTV (1st Price),,354.04
2025-09-01,Open Auction - BFM,Adtheorent,—,Ad Theorent - CTV - 1st Price,,3915.42
2025-11-01,Open Auction - BFM,Infillion,—,Bidswitch - CTV - 1st Price,,2104.02
2025-11-01,Open Auction - BFM,Quantcast,—,Bidswitch - MW - 1st Price (HB),,0.73
2025-09-01,Open Auction - BFM,AdElement,—,Bidswitch - MW [Display],,66.99
2025-09-01,Select - BFM,Xandr,IRIS,MNI - Climate & Enviroment CTV_BFM,IRIS76,0.0
2025-12-01,Select - BFM,Bidswitch,Quorum,Quorum > Interior Designers > Physical Visitors,Quoru199,0.0
2025-07-01,Open Auction - BFM,DeepIntent,—,DeepIntent Web/InApp Display,,35.26
2025-11-01,DSP Marketplace - BFM,Viant,Beachfront Deal Curation,Viant Deal - CTV - Targeting away from Political (IRIS),925896302547,15587.89
2025-12-01,DSP Marketplace - BFM,Octillion,Beachfront Deal Migration,Octillion Deal - CTV - Newsy,376929459164,191.56
2025-10-01,DSP Marketplace - BFM,Basis Technologies,Beachfront Deal Migration,Basis Deal - Local News CTV,724834360400,7771.14
2025-12-01,Open Auction - BFM,—,—,F0039514 90 GENERICO LUN MIER VIER 15,,0.0
2025-12-01,Open Auction - BFM,—,—,TrueX FireTV Games ,,667.44
2025-08-01,DSP Marketplace - BFM,Infillion,Beachfront Deal Curation,Bidswitch Deal - Infillion -  CTV/InApp - FEP/CTV $10 and below (Average Clearing Pice),223910661417,1676.93
2025-08-01,DSP Marketplace - BFM,StackAdapt,Beachfront Deal Migration,StackAdapt Deal - CTV - Political,534891672291,86.08
2025-11-01,Select - BFM,DV360,Quorum,Quorum > Office and Finance > Physical Visitors,Quoru229,0.0
2025-08-01,Open Auction - BFM,Sharethrough,—,Sharethrough CTV Video,,18854.81
2025-07-01,Open Auction - BFM,Viant,—,Viant - APP [Display],,2534.3
2025-09-01,DSP Marketplace - BFM,4INFO,—,4INFO Deal - CTV - T1 Indirect - (CMDY),958486942632,0.0
2025-08-01,DSP Marketplace - BFM,StackAdapt,Beachfront Deal Curation,StackAdapt_Standard Inventory Packages_Beachfront_2025_Home & Garden,Beach168,270.57
2025-08-01,Open Auction - BFM,IPONWEB BidCore,—,Bidswitch - MW - 1st Price (HB),,0.63
2026-07-01,DSP Marketplace - BFM,Adtelligent,Beachfront Deal Curation,Adtelligent Deal - Tegna - CTV,621590006769,1645.38
2026-07-01,Open Auction - BFM,Beeswax,—,Beeswax UR Improvement Tier 2 (Mid UR),,38294.42
2026-07-01,Open Auction - BFM,Unruly,—,Unruly InApp 1st Price Video,,0.0
2025-11-01,Open Auction - BFM,Viant,—,Viant - Desktop [Display],,251.06
2025-09-01,Open Auction - BFM,Samsung DSP,—,Bidswitch - CTV - 1st Price (Bundle 151908),,7.04
2025-08-01,Open Auction - BFM,Bidswitch,—,Bidswitch - APP Display,,0.0
2025-08-01,DSP Marketplace - BFM,GroundTruth,Beachfront Deal Curation,GroundTruth - Deal - CTV - Chromecast,BFMGT003,0.75
2025-11-01,DSP Marketplace - BFM,JamLoop OpenRTB,BFM Internal,Jamloop Deal - CTV - Frndly - MeTV - Adjust,205969889099,20.84
2025-09-01,Open Auction - BFM,Sharethrough,—,Sharethrough Web (Open Auction),,8527.98
2025-07-01,DSP Marketplace - BFM,DV360,—,Bidswitch Deal - Display (Bucksense Allow list),938609448678,0.0
2025-07-01,Open Auction - BFM,Webeye,—,Bidswitch - APP,,0.0
2025-11-01,DSP Marketplace - BFM,Samsung DSP,Beachfront Deal Curation,SamsungAds Efficiency Line,314668390400,2.76
2025-10-01,Open Auction - BFM,Viant,—,Viant - Desktop,,8231.41
2025-10-01,Open Auction - BFM,Adtheorent,—,Ad Theorent - APP Video 1st Price,,34.39
2025-09-01,Open Auction - BFM,Knorex,—,Bidswitch - APP,,0.0
2026-07-01,DSP Marketplace - BFM,Beeswax,Beachfront Deal Curation,CTV - Cannabis-Approved - Beeswax - PMP,Beach248,0.0
2026-07-01,DSP Marketplace - BFM,MadHive,BFM Internal,MadHive - CTV - Sling Bundle Override (Price Targeted),MH34,1665.52
2025-10-01,DSP Marketplace - BFM,MadHive,—,MadHive Deal - CTV - Fubo - No Content Data,214226211548,754.83
2025-11-01,Open Auction - BFM,Metax,—,MetaX Paramount $10.11,,264.5
2025-09-01,DSP Marketplace - BFM,JamLoop OpenRTB,—,JamLoop Deal - CTV - Non-Premium Sports - Ottera,345661773933,0.0
2025-08-01,Open Auction - BFM,IPONWEB BidCore,—,Bidswitch - CTV - 1st Price,,1259.84
2025-08-01,Open Auction - BFM,SimpliFi,—,SimpliFi - Seedtag,,1502.33
2025-08-01,DSP Marketplace - BFM,GroundTruth,—,GroundTruth Deal - CTV - Hispanic CTV - Network Targeting,820449397388,1.58
2025-11-01,Open Auction - BFM,Unruly,—,Unruly CTV Video,,0.0
2025-12-01,Select - BFM,Beeswax,Simulmedia,PlayerWON-Ribeye-FY25,PlayerWONRibeyeFY25,0.0
2025-09-01,DSP Marketplace - BFM,Beeswax,—,Beeswax Deal - CTV - Datafy - Hispanic Inventory,976376076665,1757.77
2025-09-01,DSP Marketplace - BFM,SimpliFi,Beachfront Deal Curation,Simpli.Fi Deal - CTV - Stadium,501170943430,0.13
2025-08-01,Select - BFM,Xandr,Quorum,Quorum Optimized > MSFT > High Index Zips - Infiniti Dealership Visitors - Banner,Quoru123,0.0
2025-12-01,Open Auction - BFM,Marketperf,—,Bidswitch - Desktop [Display],,0.0
2025-07-01,DSP Marketplace - BFM,Viant,Beachfront Deal Curation,Viant Deal - CTV - Walter County Tourism (Channels/Networks),196835969212,673.18
2025-07-01,DSP Marketplace - BFM,4INFO,—,Cadent_Scripps_PMP,233708668555,0.0
2025-12-01,Open Auction - BFM,TheTradeDesk,—,TTD Deal - In Market SUV Subaru - CTV,782973249332,0.0
2026-08-01,Open Auction - BFM,Octillion,—,Octillion - CTV - Open,,8.78
2026-08-01,DSP Marketplace - BFM,StackAdapt,BFM Internal,StackAdapt Deal - MW (70%+ Viewability),350818728459,7.85
2025-09-01,DSP Marketplace - BFM,Beeswax,—,Beeswax Deal - CTV - VideoAmp - FEP,118866276082,669.28
2025-07-01,Open Auction - BFM,—,—,F0035594 F2 Y F3 GENÉRICA 2025 25S,,0.0
2025-12-01,DSP Marketplace - BFM,Beeswax,Beachfront Deal Curation,MLB - CTV - Contextual - Tentpole Deal - VideoAmp,Beach150,0.0
2025-11-01,Open Auction - BFM,—,—,Conversant - CTV - Open Auction,,0.0
2025-09-01,DSP Marketplace - BFM,4INFO,—,Cadent_FOX_Broadcast_National_PMP,775906525872,0.0
2025-10-01,DSP Marketplace - BFM,Beeswax,—,Beeswax Deal - VideoAmp - CTV - Always On,112854873831,5730.67
2025-10-01,Open Auction - BFM,Zeta DSP,—,Bidswitch - CTV - 1st Price (Bundle 151908),,132.77
2025-08-01,Open Auction - BFM,Zeta DSP,—,Bidswitch - CTV - 1st Price,,39553.41
2025-09-01,Open Auction - BFM,Marketperf,—,Bidswitch - MW [Display],,0.0
2025-08-01,DSP Marketplace - BFM,JamLoop OpenRTB,—,JamLoop Deal - CTV - SamsungAds - $9 - DON&#039;T TOUCH QPS,948945611529,1845.03
2025-07-01,DSP Marketplace - BFM,Viant,—,Viant Deal - CTV - TV One (Philo),992851313690,34.59
2025-07-01,DSP Marketplace - BFM,Viant,—,Viant Deal - CTV (Sports - Live Game),966310467171,0.0
2025-08-01,DSP Marketplace - BFM,Viant,Beachfront Deal Curation,Viant Deal - CTV - Comedy Central - Channel,945137366538,9.19
2025-10-01,Open Auction - BFM,—,—,Nagios Monitor - DO NOT DISABLE,,0.0
2025-08-01,Select - BFM,TheTradeDesk,Strategus,Strategus - TTD Deal - SlingTV - Bundle List - CTV,Strat72,10.65
2025-09-01,DSP Marketplace - BFM,StackAdapt,Beachfront Deal Curation,StackAdapt Deal - CTV - FuboTV - Political,363780806613,0.2
2026-08-01,DSP Marketplace - BFM,Bidswitch,Beachfront Deal Curation,Seedtag NeuroX | Always-On | Major League Sports Enthusiasts - Connected TV,STNXCTV032,0.0
2026-08-01,Open Auction - BFM,Amobee,—,0,,0.0
2025-07-01,Open Auction - BFM,Infillion,—,Bidswitch - MW [Display],,0.06
2025-07-01,Select - BFM,JamLoop OpenRTB,TEGNA,Jamloop - AO - News - CTV - TEGNASOURCED 081221,TEGNA1,761.99
2025-07-01,Select - BFM,Xandr,Quorum,Quorum Optimized > MSFT > High Index Zips - Lexus Dealership Visitors - CTV,Quoru130,0.11
2025-12-01,Open Auction - BFM,Viant,—,Viant - Desktop,,2920.38
2025-12-01,Open Auction - BFM,Adtheorent,—,Ad Theorent - APP Video 1st Price,,49.65
2025-09-01,Open Auction - BFM,IPONWEB BidCore,—,Bidswitch - CTV - 1st Price,,351.15
2025-08-01,Open Auction - BFM,Marketing Architects -RTB,—,Marketing Architects - CTV 1st Price (Hearst),,23.24
2025-10-01,Open Auction - BFM,Unruly,—,Unruly InApp 1st Price Video,,0.0
2025-08-01,DSP Marketplace - BFM,Beeswax,—,Beeswax Deal - VideoAmp - CTV - Always On,112854873831,923.06
2025-08-01,Open Auction - BFM,Epsilon (Conversant),—,Conversant Philo CTV (125613) (b07bkpfxtj),,54.36
2025-07-01,Select - BFM,TheTradeDesk,Media Culture,MC_Mathnasium_Asian,Media8,0.0
2025-10-01,Open Auction - BFM,Zeta DSP,—,Bidswitch - APP Display,,0.0
2025-07-01,Open Auction - BFM,OMG,—,Zhu Zhu Pets City,,4.35
2025-09-01,Open Auction - BFM,—,—,SmartyAds - (Seedtag),,0.0
2025-11-01,DSP Marketplace - BFM,Bidswitch,—,Bidswitch Deal - Adform Video (Cannabis Allowed - Medical/Recreational),262983625439,0.0
2026-07-01,DSP Marketplace - BFM,TheTradeDesk,Beachfront Deal Curation,Seedtag Q1 Tentpole - Tax Season - Contextual CTV (Test),Test12345,0.0
2026-07-01,DSP Marketplace - BFM,TheTradeDesk,BFM Internal,TTD Deal - In Market Subaru - CTV (Spanish Language Targeting),301316088659,689.58
2026-07-01,Open Auction - BFM,TheTradeDesk,—,TTD - CTV - oRTB (Canada),,3780.02
2025-12-01,Open Auction - BFM,Bidswitch,—,Bidswitch - MW [Display],,0.0
2025-07-01,Open Auction - BFM,Walmart,—,TTD - APP,,596.84
2025-11-01,DSP Marketplace - BFM,JamLoop OpenRTB,—,JamLoop Deal - CTV OLV - All Spanish / Hispanic,048375798890,1269.31
2025-11-01,DSP Marketplace - BFM,StackAdapt,Beachfront Deal Curation,StackAdapt_Standard Inventory Packages_Beachfront_2025_Reality,Beach178,616.94
2025-08-01,Open Auction - BFM,OnSpot Data,—,Bidswitch - CTV - 1st Price,,391.05
2025-12-01,DSP Marketplace - BFM,Octillion,Beachfront Deal Migration,Octillion Deal - CTV - Hispanic,649700474243,227.98
2025-12-01,DSP Marketplace - BFM,Octillion,—,Octillion Deal - CTV - A+E,747279147159,195.24
2025-08-01,DSP Marketplace - BFM,StackAdapt,Beachfront Deal Migration,StackAdapt Deal - CTV - Sports Genre + Live Sports,983805237051,51.8
2025-07-01,Open Auction - BFM,Amazon DSP,—,Bidswitch - APP 1st Price,,4754.51
2025-07-01,Select - BFM,TheTradeDesk,Strategus,Strategus Deal - CTV - $0-$17 (No Samsung/Paramount),Strat37,73.0
2025-09-01,Open Auction - BFM,AdElement,—,Bidswitch -RTB- Getintent-Whitelist- Web Display,,0.0
2025-08-01,Select - BFM,TheTradeDesk,Aki,Aki Deal - CTV - Staying Informed Moments,Aki20,558.81
2025-10-01,Open Auction - BFM,—,—,F0040483 UEL FASE LIGA J2 MULTICHANNEL JUEVES 1PM 20,,0.0
2025-08-01,Open Auction - BFM,—,—,TTD - CTV (1st Price),,0.0
2026-08-01,Select - BFM,TheTradeDesk,Mavern Media,Mavern Media & Beachfront - MJA - TTD - Multiple - RON - CTV - 20250124,MVRN000026,0.0
2025-07-01,Select - BFM,Xandr,Quorum,Quorum Optimized > MSFT > High Index Zips - Dairy Queen Visitors - CTV,Quoru94,0.05
2025-07-01,Select - BFM,Xandr,Quorum,Quorum Optimized > MSFT > High Index Zips - Wendy's Visitors - Banner,Quoru75,0.0
2025-11-01,Open Auction - BFM,Madopi,—,Bidswitch - Desktop [Display],,0.0
2025-11-01,Open Auction - BFM,DV360,—,Bidswitch - Seedtag,,4862.64
2025-11-01,Select - BFM,TheTradeDesk,IRIS,IRIS.TV - Tripadvisor CTV_BFM,IRIS00348,0.0
2025-11-01,Select - BFM,AdElement,Quorum,Quorum > Thanksgiving Shoppers > Physical Visitors,Quoru201,0.0
2025-12-01,DSP Marketplace - BFM,Beeswax,—,Beeswax Deal - VideoAmp - CTV - Always On (Efficiency Monitoring),112854873831,91.01
2025-09-01,Select - BFM,Xandr,Quorum,Quorum Optimized > MSFT > High Index Zips - Audi Dealership Visitors - Banner,Quoru109,0.0
2025-11-01,Select - BFM,Viant,IRIS,IRIS.TV - Viant - IRIS-enabled CTV_BFM,IRIS00320,958.8
2025-10-01,Select - BFM,TheTradeDesk,Strategus,TTD - Strategus - CTV - $14 and Below,STRAT003,66.13
2025-12-01,DSP Marketplace - BFM,Basis Technologies,—,Basis Deal - Network CTV (Warner Bros Discovery),BFMNET010,5971.94
2025-09-01,DSP Marketplace - BFM,JamLoop OpenRTB,—,JamLoop Deal - OTT - Premium Non-Cable/Broadcast,914358280953,3.79
2025-12-01,Open Auction - BFM,Epsilon (Conversant),—,Conversant - Web - Open Auction - Display,,905.32
2025-11-01,Select - BFM,JamLoop OpenRTB,TEGNA,Jamloop - AO - News - OTT - TEGNASOURCED 040523,TEGNA6,234.52
2025-08-01,Select - BFM,Xandr,Quorum,Quorum Optimized > MSFT > High Index Zips - Baskin Robbins Visitors - Banner,Quoru85,0.0
2025-07-01,DSP Marketplace - BFM,SimpliFi,—,Simplifi Deal - WeatherNation CTV (Deal),993808143972,0.49
2025-08-01,DSP Marketplace - BFM,Viant,—,Viant - Linear (Adults),316829879699,0.0
2025-09-01,Open Auction - BFM,—,—,Centro Display Web,,0.0
2025-08-01,Open Auction - BFM,JamLoop OpenRTB,—,JamLoop Deal - CTV OLV - All Spanish / Hispanic,048375798890,0.0
2025-09-01,Select - BFM,TheTradeDesk,IRIS,0,"IRIS00244, IRIS00243",0.0
2026-08-01,DSP Marketplace - BFM,DV360,Beachfront Deal Curation,Seedtag NeuroX | Always-On | Health & Wellness Seekers - Connected TV,STNXCTV026,0.43
2026-08-01,DSP Marketplace - BFM,Epsilon (Conversant),Beachfront Deal Curation,Conversant Deal - CTV - Political RON,513073226453,377.46
2025-11-01,Open Auction - BFM,Basis Technologies,—,Centro Display InApp,,2756.33
2025-08-01,DSP Marketplace - BFM,TheTradeDesk,—,TTD -CTV - Live Sports (HavasEdge),939291741799,0.0
2025-09-01,Open Auction - BFM,Viant,—,Viant - Linear (Entertainment),,0.0
2025-07-01,DSP Marketplace - BFM,DeepIntent,Beachfront Deal Curation,DeepIntent deal - CTV - 60s RON,996357989476,8.24
2025-12-01,Open Auction - BFM,StackAdapt,—,StackAdapt - Desktop - Open Auction,,197.27
2025-09-01,DSP Marketplace - BFM,TheTradeDesk,Beachfront Deal Curation,TTD Deal - CTV - Curated by Seedtag - Sports (Test),231523531808,0.0
2025-10-01,DSP Marketplace - BFM,Basis Technologies,Beachfront Deal Migration,Basis Deal - Hispanic CTV,532371564041,444.96
2025-10-01,Open Auction - BFM,Basis Technologies,—,Basis - CTV - oRTB - (Canada),,81.67
2025-08-01,Open Auction - BFM,OnSpot Data,—,Bidswitch - APP 1st Price,,0.07
2025-08-01,Open Auction - BFM,Knorex,—,Bidswitch - CTV - 1st Price,,45.14
2025-07-01,Open Auction - BFM,DV360,—,Bidswitch - APP Display,,21.51
2025-08-01,Open Auction - BFM,GroundTruth,—,GroundTruth Video CTV - Efficiency Monitoring,,49.12
2025-09-01,Open Auction - BFM,Marketing Architects -RTB,—,Marketing Architects - CTV 1st Price (Hearst),,16.38
2025-08-01,Select - BFM,Xandr,Quorum,Quorum Optimized > MSFT > High Index Zips - Baskin Robbins Visitors - CTV,Quoru86,0.0
2025-08-01,Select - BFM,TheTradeDesk,Strategus,TTD - Strategus - CTV - $14 and Below,STRAT003,70.35
2026-07-01,DSP Marketplace - BFM,Epsilon (Conversant),Beachfront Deal Curation,MLB Live Supply - Conversant,Beach134,0.0
2026-07-01,DSP Marketplace - BFM,MadHive,BFM Internal,MadHive - CTV - Fubo (Price Targeted),MH38,412.59
2026-07-01,Open Auction - BFM,Walmart,—,TTD - CTV (1st Price),,1326.45
2026-07-01,DSP Marketplace - BFM,Stirista,Beachfront Deal Curation,Stirista Deal - App/Web [Display] (No Games),203052116747,8.15
2026-07-01,DSP Marketplace - BFM,Viant,—,Viant - Linear (Sports),598949723631,560.0
2026-08-01,DSP Marketplace - BFM,Beeswax,Beachfront Deal Curation,Beeswax Deal - CTV - Univision Demand - Political,601346667710,0.09
2025-07-01,Select - BFM,Xandr,Quorum,Quorum Optimized > MSFT > High Index Zips - Audi Dealership Visitors - Banner,Quoru109,0.0
2025-11-01,Open Auction - BFM,Infillion,—,Bidswitch - APP Display,,0.28
2025-08-01,DSP Marketplace - BFM,4INFO,—,4INFO Deal - CTV - T1 Indirect - (COOK),117310551350,0.0
2025-12-01,Open Auction - BFM,Walmart,—,TTD - APP [Display],,1481.87
2025-08-01,Open Auction - BFM,Beeswax,—,Beeswax UR Improvement Tier 2 (Mid UR),,7560.7
2025-09-01,Open Auction - BFM,Infillion,—,Bidswitch - MW [Display],,1.81
2025-08-01,DSP Marketplace - BFM,DeepIntent,Beachfront Deal Curation,DeepIntent - CTV - Health and Wellness,442298650382,1.11
2025-10-01,Open Auction - BFM,Knorex,—,Bidswitch - CTV - 1st Price,,11.9
2025-08-01,Select - BFM,Xandr,Quorum,Quorum Optimized > MSFT > High Index Zips - Smoothie King Visitors - CTV,Quoru106,0.16
2025-12-01,Open Auction - BFM,SmartClip,—,Sky_DE_SmartClip,,0.0
2025-09-01,Open Auction - BFM,Zeta DSP,—,0,,0.0
2025-07-01,Open Auction - BFM,JamLoop OpenRTB,—,JamLoop Deal - CTV - Fox News - Network Targeted - Zip List,,0.0
2026-08-01,DSP Marketplace - BFM,SmartyAds,Beachfront Deal Curation,Russian Language Content - SmartyAds,847291563204,0.0
2026-08-01,Select - BFM,Viant,Plex,Plex_Adelphic_$22,Plex2,0.0
2025-11-01,Select - BFM,TheTradeDesk,Chief Media,TTD - Chief Media - CTV - Pub Targeting - Deal,778185575390,426.91
2025-08-01,Open Auction - BFM,Pubmatic,—,CTV SeedTag,,60470.8
2025-08-01,DSP Marketplace - BFM,Basis Technologies,Beachfront Deal Curation,Basis Deal - Political Allowed CTV - Independents,591174215952,1.01
2025-11-01,Open Auction - BFM,StackAdapt,—,StackAdapt - CTV - Open Auction,,146737.92
2025-09-01,Select - BFM,Viant,IRIS,IRIS.TV - Viant - College Basketball CTV_BFM,IRIS00309,0.25
2025-11-01,Select - BFM,Xandr,Quorum,Quorum Optimized > MSFT > High Index Zips - KFC Visitors - CTV,Quoru64,0.07
2025-10-01,DSP Marketplace - BFM,TheTradeDesk,Beachfront Deal Migration,TTD Deal - Competitive Conquest Subaru - CTV,747415045888,37672.01
2025-10-01,DSP Marketplace - BFM,Bidswitch,—,Bidswitch Deal - CTV - Roku - MIQ - Mexico,778660458515,0.0
2025-12-01,Open Auction - BFM,TheTradeDesk,—,TTD - MW - 1st Price (HB),,1545.0
2025-12-01,Select - BFM,Viant,Quorum,Quorum Optimized > Viant > High Index Zips - JCPenny Visitors - Banner,Quoru180,0.0
2025-09-01,Select - BFM,Yahoo DSP,Camelot,Yahoo - Curated CTV,PMGCuratedCTV,11049.78
2025-08-01,Open Auction - BFM,DeepIntent,—,DeepIntent Web/InApp Display,,26.48
2025-09-01,DSP Marketplace - BFM,Viant,—,Viant - Linear (Entertainment),236570734372,10.0
2025-11-01,Open Auction - BFM,Madopi,—,Bidswitch - Desktop - 1st Price (HB),,0.0
2025-08-01,DSP Marketplace - BFM,Viant,—,Viant Deal - CTV - Sports Genre,361724531028,17.25
2025-07-01,Select - BFM,Bidswitch,MultiLocal,T9_mlm_TA_US_CT_CTV_BF_MLMBRID4972,Multi24,0.0
2025-12-01,Open Auction - BFM,—,—,Amobee - CTV - 1st Price,,0.0
2025-11-01,Select - BFM,DV360,IRIS,IRIS.TV - OMD - National Guard - Contextual CTV_BFM,IRIS00269,2.11
2025-09-01,DSP Marketplace - BFM,Basis Technologies,—,Basis Deal - vMVPDs CTV,664372744248,0.82
2025-11-01,Open Auction - BFM,—,—,DV360 | Seedtag | BF CTV High-Tier Paramount,,0.0
2026-07-01,Open Auction - BFM,Basis Technologies,—,Basis - CTV - oRTB - (Canada),,207.71
2025-07-01,Open Auction - BFM,Marketperf,—,Bidswitch - MW [Display],,0.0
2025-11-01,Open Auction - BFM,SimpliFi,—,SimpliFi - MW [Display],,199.59
2025-12-01,DSP Marketplace - BFM,Zeta DSP,Beachfront Deal Curation,Bidswitch Deal - CTV - Zeta - Paramount (No Pluto),732808904693,2033.81
2025-11-01,Select - BFM,Xandr,Quorum,Quorum Optimized > MSFT > High Index Zips - Friendly's Visitors - CTV,Quoru96,0.4
2025-10-01,Select - BFM,Bidswitch,MultiLocal,T9_mlm_TA_CA_CT_CTV_BF_MLMBRID4972,Multi25,0.0
2025-12-01,Open Auction - BFM,—,—,F0044474 ESPECIAL LORENA OCHOA VIERNES 20,,0.0
2025-09-01,DSP Marketplace - BFM,4INFO,—,Cadent_VH1_PMP_Testv2,019940074367,0.0
2025-07-01,Open Auction - BFM,Unruly,—,Unruly Web 1st Price Video (Mobile Only),,0.0
2025-08-01,DSP Marketplace - BFM,Viant,—,Viant Deal - CTV (Spanish),901374116708,299.54
2025-07-01,Select - BFM,Bidswitch,33Across,33Across Deal - CTV - RON - RTB - BFM,33Acr31,0.0
2025-08-01,Open Auction - BFM,—,—,F0039456 RB GÉNOVA CERRO ABAJO DOMINGO 20,,0.0
2025-10-01,Open Auction - BFM,Knorex,—,Bidswitch - CTV - 1st Price (Bundle 151908),,0.02
2025-10-01,Select - BFM,TheTradeDesk,Strategus,0,300416284256,0.0
2025-09-01,Open Auction - BFM,—,—,Beeswax - CTV - Open Auction EAST,,0.0
2026-07-01,DSP Marketplace - BFM,SmartyAds,Beachfront Deal Curation,SmartyAds - 70%+ viewability Deal,Beach271,12.6
2026-08-01,DSP Marketplace - BFM,Beeswax,BFM Internal,Beeswax Deal - VideoAmp - CTV - Always On,112854873831,103.39
2026-08-01,Open Auction - BFM,Viant,—,Viant - APP [Display],,29.82
2025-07-01,DSP Marketplace - BFM,Walmart,Beachfront Deal Migration,TTD Deal - CTV ($15 MiQ) (Walmart),176619450572,67.84
2025-11-01,DSP Marketplace - BFM,SimpliFi,BFM Internal,Simpli.Fi Deal - EW Scripps,602723609558,39.11
2025-10-01,Select - BFM,Viant,Quorum,Quorum Optimized > Viant > High Index Zips - Dick's Sporting Goods Visitors - Banner,Quoru184,1.78
2025-11-01,DSP Marketplace - BFM,Viant,—,Viant Deal - Desktop/MW (Video Spanish),347168599627,174.37
2025-08-01,Open Auction - BFM,Quantcast,—,Bidswitch - APP Display,,0.0
2025-12-01,Select - BFM,TheTradeDesk,IRIS,IRIS.TV - Quantum11 - Potbelly Sentiment CTV_BFM,IRIS00283,31.37
2025-12-01,Open Auction - BFM,Unruly,—,Unruly CTV Video,,0.0
2025-09-01,Open Auction - BFM,DeepIntent,—,DeepIntent Web/InApp Display,,14.47
2025-07-01,DSP Marketplace - BFM,SimpliFi,BFM Internal,Simpli.Fi Deal - TEGNA,121961372178,105.12
2025-09-01,Open Auction - BFM,—,—,4INFO - CTV - 1st Price,,0.0
2025-12-01,DSP Marketplace - BFM,Basis Technologies,Beachfront Deal Curation,Basis Deal - OTT - Skechers 2025 - Men 45+ - Entertainment,765118223712,901.11
2025-08-01,DSP Marketplace - BFM,TheTradeDesk,—,TTD Deal - HavasEdge - News (CTV),444999098157,0.0
2025-07-01,DSP Marketplace - BFM,4INFO,—,Cadent_VH1_PMP_Testv2,"019940074367, 19940074367",0.0
2025-09-01,Open Auction - BFM,Unruly,—,Unruly Web Display (Mobile Only),,0.0
2026-07-01,DSP Marketplace - BFM,Epsilon (Conversant),Beachfront Deal Curation,Conversant - Seedtag Q1 Tentpole - Golden Globe Awards - Contextual CTV,Beach208,44.22
2026-08-01,Select - BFM,Bidswitch,MultiLocal,Quantcast_March Madness_mlm_Global_CTV_CT_BF_MLMBRID4178,Multi53,0.0
2026-08-01,Select - BFM,TheTradeDesk,Strategus,TTD - Strategus - CTV - $14 and Below,STRAT003,0.0
2025-12-01,DSP Marketplace - BFM,StackAdapt,Beachfront Deal Curation,StackAdapt_Standard Inventory Packages_Beachfront_2025_Entertainment,Beach164,1607.82
2025-10-01,DSP Marketplace - BFM,MadHive,BFM Internal,MadHive - CTV - Sling Bundle Override (Price Targeted),MH34,603.36
2025-10-01,Open Auction - BFM,StackAdapt,—,StackAdapt - CTV - Open Auction - Efficiency Monitoring,,2902.71
2025-10-01,Open Auction - BFM,Unruly,—,Unruly Web 1st Price Video (Desktop Only),,0.0
2025-08-01,Open Auction - BFM,MadHive,—,Madhive - Desktop,,4.42
2025-12-01,Open Auction - BFM,SmartyAds,—,SmartyAds - CTV (Plex),,692.49
2025-11-01,DSP Marketplace - BFM,Basis Technologies,Beachfront Deal Curation,Basis Deal - CTV - Skechers 2025 - Women 45+ - Lifestyle,662154926548,4725.03
2026-07-01,Open Auction - BFM,Streamworx Lda.,—,Bidswitch - CTV - 1st Price,,5.86
2025-08-01,DSP Marketplace - BFM,SimpliFi,Beachfront Deal Curation,SimpliFi Deal - Samsung - CTV,117931075272,22.56
2025-07-01,DSP Marketplace - BFM,Octillion,Beachfront Deal Curation,Octillion Deal - CTV - Fox Local TV,638579853073,8184.79
2025-10-01,Open Auction - BFM,IPONWEB BidCore,—,Bidswitch - APP Display,,0.0
2025-09-01,Select - BFM,Xandr,Quorum,Quorum Optimized > MSFT > High Index Zips - Lexus Dealership Visitors - CTV,Quoru130,0.16
2025-07-01,DSP Marketplace - BFM,4INFO,—,Cadent_OWN_PMP,469747011240,-0.0
2025-09-01,Open Auction - BFM,Viant,—,Viant - Linear (Sports),,0.0
2025-09-01,Select - BFM,TheTradeDesk,IRIS,GumGum - CrossMedia Nascar 2025 - Sports CTV_BFM,IRIS00303,1339.57
2025-07-01,Select - BFM,TheTradeDesk,Aki,Aki Deal - CTV - Tech-Minded Moments,Aki19,13.28
2025-07-01,Select - BFM,TheTradeDesk,IRIS,IRIS.TV - Northwestern Medicine CTV_BFM,IRIS00364,0.0
2025-09-01,Select - BFM,TheTradeDesk,Aki,Aki Deal - CTV - Tech-Minded Moments,Aki19,0.13
2025-07-01,DSP Marketplace - BFM,Basis Technologies,Beachfront Deal Curation,Basis Deal - CTV (Draft Kings),BFM081,0.0
2025-10-01,Open Auction - BFM,Samsung DSP,—,Bidswitch - CTV (AMC),,0.0
2025-10-01,Open Auction - BFM,—,—,4INFO - CTV - 1st Price,,0.0
2025-07-01,Open Auction - BFM,Yahoo DSP,—,0,,0.0
2026-07-01,DSP Marketplace - BFM,Basis Technologies,—,Basis Deal - CTV (Tastemade),BFM067,0.0
2026-07-01,DSP Marketplace - BFM,TheTradeDesk,Beachfront Deal Migration,TTD Deal - Competitive Conquest Subaru - CTV,747415045888,16683.09
2026-08-01,DSP Marketplace - BFM,Bidswitch,Beachfront Deal Curation,Seedtag NeuroX | Always-On | Tech Decision Makers - Connected TV,STNXCTV036,0.0
2026-08-01,Open Auction - BFM,DV360,—,Bidswitch - MW - 1st Price (HB),,0.0
2026-08-01,DSP Marketplace - BFM,SmartyAds,Beachfront Deal Curation,SmartyAds - Mother's Day - 2026 Deal,Beach261,0.0
2025-08-01,DSP Marketplace - BFM,Basis Technologies,Beachfront Deal Migration,Basis Deal - Local News CTV,724834360400,7217.57
2025-07-01,Select - BFM,Xandr,Quorum,Quorum Optimized > MSFT > High Index Zips - Arby's Visitors - Banner,Quoru77,0.0
2025-11-01,DSP Marketplace - BFM,Viant,Beachfront Deal Curation,Viant Deal - CTV - Roku Devices,193951448044,33631.2
2025-08-01,Open Auction - BFM,Infillion,—,Bidswitch - Seedtag,,0.59
2025-10-01,Open Auction - BFM,Knorex,—,Bidswitch - APP 1st Price,,0.32
2025-11-01,DSP Marketplace - BFM,Octillion,—,Octillion Deal - CTV - A+E,747279147159,2016.12
2025-08-01,Open Auction - BFM,TheTradeDesk,—,TTD - CTV - oRTB (Canada),,2858.73
2025-11-01,Select - BFM,StackAdapt,Audigent,Audigent & Beachfront - AUD-066596 - PMG - Experian - CTV SmartPMP - Aggregated FICO Score 640 or more u2013 Equifax US - ctv,Audig1802,2.62
2025-07-01,DSP Marketplace - BFM,Octillion,Beachfront Deal Migration,Octillion Deal - CTV - Fubo,747279147179,381.87
2025-10-01,Select - BFM,Xandr,Quorum,Quorum Optimized > Viant > High Index Zips - New & Used Automotive Dealer Visitors - CTV,Quoru45,0.0
2025-10-01,Open Auction - BFM,—,—,F0040433  NFL COMBO FS2 RAID VS COLTS + BUCCS VS SEAH DOMINGO 30,,0.0
2025-08-01,Select - BFM,Viant,IRIS,IRIS.TV - Viant - Travel CTV_BFM,IRIS00315,108.07
2025-09-01,DSP Marketplace - BFM,Xandr,Beachfront Deal Migration,0,499078560247,0.0
2025-07-01,DSP Marketplace - BFM,IQM,—,IQM Deal - CTV - Battle States - Nevada NV - Politics Allowed (Deal Library),BFM077,0.04
2025-09-01,DSP Marketplace - BFM,SimpliFi,BFM Internal,Simpli.Fi Deal - Plex,612120309142,12.78
2025-08-01,Select - BFM,TheTradeDesk,Aki,Aki Deal - CTV - Movie,Aki8,35.17
2025-08-01,Open Auction - BFM,AdElement,—,Bidswitch - MW [Display],,48.01
2025-08-01,Open Auction - BFM,Amazon DSP,—,0,,0.0
2025-11-01,Select - BFM,—,Camelot,PMG - LG Ads,,0.0
2026-07-01,Open Auction - BFM,Between Exchange,—,Bidswitch - MW [Display],,0.0
2026-07-01,Open Auction - BFM,Marketing Architects -RTB,—,Marketing Architects - CTV 1st Price (Hearst),,0.0
2026-07-01,Select - BFM,Walmart,Chief Media,TTD - Chief Media - Walmart - CTV - Pub Targeting - Deal,476519491695,741.69
2026-07-01,DSP Marketplace - BFM,Viant,Beachfront Deal Curation,Viant Sensitive Category Deal - Gambling - CTV,406918275344,133.18
2026-08-01,DSP Marketplace - BFM,Epsilon (Conversant),Beachfront Deal Curation,Conversant - Seedtag Q1 Tentpole - Golden Globe Awards - Contextual CTV,Beach208,2.32
2025-08-01,DSP Marketplace - BFM,SimpliFi,BFM Internal,Simpli.Fi Deal - Zeam,897702713834,48.73
2025-12-01,Open Auction - BFM,Between Exchange,—,Bidswitch - Desktop [Display],,0.0
2025-12-01,DSP Marketplace - BFM,LoopMe,Beachfront Deal Curation,Seedtag CTV - LoopMe - NHL Playoff Race,SeedtagCTV0163206217,0.0
2025-11-01,Open Auction - BFM,OnSpot Data,—,Bidswitch - MW - 1st Price (HB),,0.01
2025-11-01,DSP Marketplace - BFM,SimpliFi,—,Simpli.Fi Deal - CTV - Political Allowed (Hearst News),401688873447,14.73
2025-11-01,DSP Marketplace - BFM,Epsilon (Conversant),—,Conversant Deal - CTV - RON,255653458214,29542.51
2025-12-01,DSP Marketplace - BFM,Bidswitch,—,Bidswitch Deal - CTV - Roku - MIQ - CA CTV (RON),662507672500,0.0
2025-08-01,Open Auction - BFM,—,—,F0022311 UFC MARCA GENÉRICA 2025-1 30,,0.0
2025-09-01,DSP Marketplace - BFM,TheTradeDesk,Beachfront Deal Migration,TTD Deal - Competitive Conquest Subaru - CTV,747415045888,56433.59
2025-09-01,Open Auction - BFM,Amazon DSP,—,Bidswitch - APP 1st Price,,1842.88
2025-10-01,Select - BFM,Xandr,Quorum,Quorum Optimized > MSFT > High Index Zips - College & University Visitors - CTV,Quoru54,0.4
2025-09-01,Select - BFM,Bidswitch,QRate,QrateUS_ElSalvador_CTV,QRate30,0.0
2025-09-01,Open Auction - BFM,—,—,F0037958 F1 ACADEMY GENERICA VERSION 2 2025 20,,0.0
2025-07-01,DSP Marketplace - BFM,Unruly,—,Unruly RTBHouse Deal - OLV - ($2),577056368531,0.0
2025-12-01,DSP Marketplace - BFM,Basis Technologies,Beachfront Deal Migration,Basis Deal - CTV RON - $10 Floor,893090891708,5379.8
2025-08-01,DSP Marketplace - BFM,TheTradeDesk,BFM Internal,TTD Deal - OLV - Lockard &amp; Wechsler,913827665267,25.55
2025-11-01,Open Auction - BFM,—,—,F0041348 NFL WEEK 11 BEARS VS VIKINGS + 49ERS VS CARDINALS FS2 DOM 30s,,0.0
2025-09-01,Select - BFM,TheTradeDesk,Media Culture,MC_Mathnasium_Asian,Media8,0.0
2025-07-01,DSP Marketplace - BFM,JamLoop OpenRTB,—,JamLoop Deal - CTV - MLB,59073768898,851.56
2025-09-01,Open Auction - BFM,—,—,Centro Video Web (1st Price),,0.0
2025-08-01,Select - BFM,—,Camelot,Yahoo - Curated CTV,,0.0
2025-12-01,Open Auction - BFM,—,—,Beeswax Deal - CTV - Political (No Approval),,0.0
2025-12-01,Open Auction - BFM,Metax,—,MetaX Paramount $10.11,,133.41
2025-08-01,DSP Marketplace - BFM,Basis Technologies,—,Basis Deal - Premium CTV,BFM012,2361.09
2025-12-01,Select - BFM,Viant,IRIS,IRIS.TV - Viant - Video Gaming CTV_BFM,IRIS00296,17.91
2025-07-01,DSP Marketplace - BFM,Yahoo DSP,—,Yahoo Deal - CTV (Division D RON $13) - Efficiency Monitoring,344398214696,1.27
2025-12-01,DSP Marketplace - BFM,LoopMe,Beachfront Deal Curation,Seedtag CTV - LoopMe - NBA Playoffs,SeedtagCTV2536243106,0.0
2025-11-01,Open Auction - BFM,Bidswitch,—,Bidswitch - MW - 1st Price (HB),,0.0
2025-10-01,DSP Marketplace - BFM,Viant,Beachfront Deal Migration,Viant Deal - CTV - Content Object Removed,918860075162,21274.45
2025-10-01,DSP Marketplace - BFM,TheTradeDesk,BFM Internal,TTD Deal - Food Lion - CTV (RON),569371033244,844.29
2025-12-01,Select - BFM,TheTradeDesk,Chief Media,TTD - Chief Media - Walmart - CTV - Pub Targeting - Deal,476519491695,0.0
2025-08-01,Select - BFM,Xandr,Quorum,Quorum Optimized > MSFT > High Index Zips - Burger King Visitors - Banner,Quoru57,0.0
2025-09-01,Select - BFM,Bidswitch,QRate,QrateUS_Honduras_CTV,QRate50,0.0
2025-07-01,Open Auction - BFM,Marketing Architects -RTB,—,Marketing Architects - OTT,,382.01
2025-10-01,DSP Marketplace - BFM,TheTradeDesk,—,TTD Deal - HavasEdge - FEP Univision Spanish Inventory,618884101622,0.0
2025-10-01,Open Auction - BFM,Octillion,—,Octillion - CTV - Open,,3466.41
2025-09-01,DSP Marketplace - BFM,SimpliFi,—,SimpliFi Deal - CTV  (News),917135480820,3.51
2025-07-01,DSP Marketplace - BFM,Viant,—,Viant Deal - CTV (Genre: Sports),139849717158,0.89
2025-08-01,DSP Marketplace - BFM,Viant,Beachfront Deal Migration,Viant Deal - CTV - Political Approved Pubs RON,554902786103,161.18
2025-08-01,DSP Marketplace - BFM,StackAdapt,Beachfront Deal Curation,StackAdapt_Standard Inventory Packages_Beachfront_2025_60 Second Placements,Beach173,152.07
2025-09-01,DSP Marketplace - BFM,Viant,Beachfront Deal Curation,Viant Deal - CTV - MASN (Always on 1:1),173275448739,0.0
2025-12-01,Select - BFM,Xandr,IRIS,MNI - Health & Wellness CTV_BFM,IRIS74,0.0
2025-09-01,DSP Marketplace - BFM,Epsilon (Conversant),Beachfront Deal Curation,Conversant Deal - CTV - Political RON,513073226453,3481.94
2025-07-01,Open Auction - BFM,SmartyAds,—,SmartyAds - Web [Display] (Allow List 9.7.21),,89.76
2026-07-01,DSP Marketplace - BFM,Adtelligent,Beachfront Deal Curation,Adtelligent Sensitive Categories Deal - Alcohol - CTV,047174670018,67.98
2026-07-01,DSP Marketplace - BFM,DV360,Beachfront Deal Curation,Seedtag NeuroX | Always-On | Beauty & Cosmetics Enthusiasts - Connected TV,STNXCTV001,16.26
2026-07-01,DSP Marketplace - BFM,StackAdapt,Beachfront Deal Migration,StackAdapt Deal - CTV - Hispanic Audience,160021598282,18.54
2026-08-01,DSP Marketplace - BFM,Octillion,Beachfront Deal Migration,Octillion Deal - CTV - WeatherGroup,370043533271,35.54
2025-10-01,DSP Marketplace - BFM,StackAdapt,—,StackAdapt Deal - CTV - Hallmark (Network),545977539514,75.51
2025-12-01,Open Auction - BFM,Viant,—,Viant - MW,,18475.3
2025-12-01,Select - BFM,Viant,IRIS,IRIS.TV - Viant - Sports CTV_BFM,IRIS00314,9465.22
2025-07-01,DSP Marketplace - BFM,SimpliFi,BFM Internal,Simpli.Fi Deal - Plex,612120309142,40.54
2025-07-01,Select - BFM,Yahoo DSP,Camelot,Yahoo - Curated CTV,PMGCuratedCTV,17156.09
2025-11-01,Open Auction - BFM,Beeswax,—,Beeswax UR Improvement Tier 1 (High UR),,15503.89
2025-12-01,DSP Marketplace - BFM,Bidswitch,—,Roku Deal - CTV (Political - Right Leaning) (MiQ) (L2),550906806175,0.0
2025-08-01,Open Auction - BFM,—,—,F0036102 F2 Y F3 GENÉRICA PILOTOS MEXICANOS 20S,,0.0
2025-09-01,DSP Marketplace - BFM,SimpliFi,—,Simpli.Fi Deal - CTV - Political Allowed,726365806621,284.12
2025-09-01,DSP Marketplace - BFM,TheTradeDesk,Beachfront Deal Curation,TTD Deal - Casual IQ - Diverse Audience Content - CTV - Contextual,396334081756,0.0
2025-09-01,DSP Marketplace - BFM,TheTradeDesk,—,TTD Deal - Walmart - Premium CTV,785432338,0.0
2025-09-01,Open Auction - BFM,TheTradeDesk,—,0,122056032436,0.0
2025-08-01,DSP Marketplace - BFM,Epsilon (Conversant),Beachfront Deal Curation,Conversant Firearms Category Targeting - Video/CTV,Beach114,9.29
2025-11-01,Select - BFM,Viant,Quorum,Quorum Optimized > Viant > High Index Zips - Macy's Visitors - CTV,Quoru177,0.0
2025-11-01,Select - BFM,Xandr,Quorum,Quorum Optimized > MSFT > High Index Zips - Honda Dealership Visitors - CTV,Quoru120,0.0
2025-07-01,Select - BFM,TheTradeDesk,SilverBack,TTD Deal - Display - Silverback (RON) - Select,617075785160,1752.22
2025-08-01,DSP Marketplace - BFM,Viant,—,Viant - Linear (Entertainment),236570734372,76.0
2025-09-01,DSP Marketplace - BFM,Viant,—,AOD Deal - Viant - Cannabis Allowed ,304579523560,0.05
2025-09-01,DSP Marketplace - BFM,StackAdapt,Beachfront Deal Curation,StackAdapt_Standard Inventory Packages_Beachfront_2025_90 Second Placements,Beach174,0.0
2026-07-01,DSP Marketplace - BFM,MadHive,BFM Internal,MadHive - CTV - Philo Bundle Override (Price Targeted),MH33,515.45
2026-07-01,Select - BFM,TheTradeDesk,Chief Media,TTD - Chief Media - CTV - Fox - Force Factor - Deal,368357507405,0.0
2026-08-01,DSP Marketplace - BFM,TheTradeDesk,Beachfront Deal Curation,Seedtag Q1 Tentpole - GroundHog Day - Contextual CTV (Test),Test1234567,0.0
2026-08-01,DSP Marketplace - BFM,TheTradeDesk,Beachfront Deal Migration,TTD Deal - Competitive Conquest Subaru - CTV,747415045888,1135.57
2026-08-01,DSP Marketplace - BFM,Viant,Beachfront Deal Curation,Viant Sensitive Category Deal - Gambling - CTV,406918275344,4.8
2025-12-01,DSP Marketplace - BFM,GroundTruth,Beachfront Deal Curation,GroundTruth Sensitive Category Deal - Nicotine - CTV,Beach119,7012.93
2025-12-01,Open Auction - BFM,Lemma DSP,—,Lemma DSP CTV Ad (COPPA),,26.99
2025-08-01,DSP Marketplace - BFM,4INFO,—,Cadent_MTV_PMP,876751591431,0.0
2025-12-01,DSP Marketplace - BFM,TheTradeDesk,BFM Internal,TTD Deal - CTV - MiQ Fubo Extension,770425332965,1253.72
2025-08-01,DSP Marketplace - BFM,MadHive,—,MadHive Deal - CTV (Puerto Rico),729057981120,0.0
2025-11-01,Select - BFM,Bidswitch,QRate,QrateUS_Costarica_CTV,QRate40,0.0
2025-11-01,DSP Marketplace - BFM,Octillion,Beachfront Deal Migration,Octillion Deal - CTV - Philo,747279147181,924.31
2025-09-01,Open Auction - BFM,Walmart,—,TTD - APP,,5488.39
2025-09-01,DSP Marketplace - BFM,SimpliFi,Beachfront Deal Curation,Simpli.Fi Deal - CTV - NFL & College Football,212800677262,0.0
2025-08-01,Open Auction - BFM,Pubmatic,—,0,,0.0
2025-09-01,DSP Marketplace - BFM,StackAdapt,Beachfront Deal Migration,StackAdapt Deal - CTV - Hispanic Audience,160021598282,50.67
2025-07-01,Open Auction - BFM,Bidswitch,—,Bidswitch - CTV (AMC),,0.0
2025-09-01,DSP Marketplace - BFM,TheTradeDesk,—,TTD Deal - CTV - MIQ - Xumo,874926978525,5.41
2025-08-01,DSP Marketplace - BFM,Epsilon (Conversant),—,Conversant Deal - InApp - RON,116367070037,621.9
2025-12-01,DSP Marketplace - BFM,Epsilon (Conversant),Beachfront Deal Curation,Conversant Nicotine Vaping Category Targeting - Video/CTV,Beach117,0.0
2025-11-01,DSP Marketplace - BFM,GroundTruth,Beachfront Deal Curation,GroundTruth Deal - Mobile Web - Always On - Display,Beach188,0.0
2025-09-01,Open Auction - BFM,Viant,—,Viant - APP [Display],,606.24
2025-09-01,Open Auction - BFM,Epsilon (Conversant),—,Conversant - InApp - Open Auction,,667.25
2025-11-01,Select - BFM,—,Strategus,Strategus CTV RON,,0.0
2025-07-01,DSP Marketplace - BFM,Epsilon (Conversant),Beachfront Deal Curation,MLB - CTV - Contextual - Tentpole Deal - Conversant,Beach133,5.79
2025-11-01,Select - BFM,TheTradeDesk,Quorum,Quorum - Pet Lovers - Physical Visitors,Quoru226,0.0
2025-12-01,Select - BFM,AdElement,Quorum,Quorum > Weekend Shoppers > Physical Visitors,Quoru202,0.0
2026-07-01,Select - BFM,Bidswitch,MultiLocal,Quantcast_March Madness_mlm_Global_CTV_CT_BF_MLMBRID4178,Multi53,0.0
2026-08-01,DSP Marketplace - BFM,Basis Technologies,BFM Internal,Basis Deal - CTV Genre - News,BFM025,73.38
2026-08-01,DSP Marketplace - BFM,DV360,Beachfront Deal Curation,Seedtag NeuroX | Always-On | Health Coverage Seekers - Connected TV,STNXCTV024,0.18
2026-08-01,Open Auction - BFM,Zeta DSP,—,Bidswitch - APP,,0.06
2026-08-01,DSP Marketplace - BFM,Epsilon (Conversant),Beachfront Deal Curation,MLB - CTV - Contextual - Tentpole Deal - Conversant,Beach133,0.0
2026-08-01,Open Auction - BFM,Marketing Architects -RTB,—,Marketing Architects - CTV 1st Price (Hearst),,0.0
2025-07-01,DSP Marketplace - BFM,Beeswax,Beachfront Deal Curation,Sports Content  - CTV - Contextual - VideoAmp,Beach149,29.45
2025-10-01,DSP Marketplace - BFM,StackAdapt,—,StackAdapt Deal - MW (70%+ Viewability),350818728459,224.35
2025-10-01,Select - BFM,Viant,Plex,Plex_Adelphic_$22,Plex2,55.46
2025-09-01,Open Auction - BFM,SimpliFi,—,SimpliFi - Seedtag,,1733.95
2025-10-01,DSP Marketplace - BFM,Basis Technologies,Beachfront Deal Migration,Basis - CTV - Political Local News,BFM109,1470.14
2025-12-01,Open Auction - BFM,Yahoo DSP,—,Yahoo - CTV - Open Auction,,18819.26
2025-11-01,Select - BFM,Bidswitch,QRate,QrateUS_Guatemala_CTV,QRate20,0.0
2025-11-01,Select - BFM,Bidswitch,Quorum,Quorum > Music Lovers > Physical Visitors,Quoru228,0.0
2025-12-01,DSP Marketplace - BFM,Octillion,BFM Internal,Octillion Deal - CTV - HGTV - Network Adjust,747279147158,480.42
2025-11-01,Open Auction - BFM,Media Pulse,—,Rogers iCTV,,0.0
2026-07-01,Open Auction - BFM,—,—,F0047225 TCR KUMO WT EP2 SABADO 15,,0.0
2025-09-01,DSP Marketplace - BFM,Infillion,Beachfront Deal Curation,Bidswitch Deal - Infillion -  CTV/InApp - FEP/CTV $10 and below (Average Clearing Pice),223910661417,714.66
2025-07-01,DSP Marketplace - BFM,4INFO,—,Cadent_FOX_Broadcast_National_PMP,775906525872,0.0
2025-10-01,Open Auction - BFM,SundaySky,—,SundaySky - MW - 1st Price,,3140.88
2025-07-01,DSP Marketplace - BFM,4INFO,—,Cadent_OutsideTV_PMP,524219392199,0.0
2025-12-01,DSP Marketplace - BFM,Basis Technologies,Beachfront Deal Curation,Basis Deal - CTV (P)-SPF,430109082311,1230.06
2025-08-01,Open Auction - BFM,—,—,SimpliFi - CTV - 1st Price,,0.0
2025-07-01,DSP Marketplace - BFM,GroundTruth,Beachfront Deal Curation,MLB Live Supply - GroundTruth,Beach143,9.19
2025-09-01,Select - BFM,Lift,Infillion Demand,Pulte RON - Display 2,InfPulteRON2,0.0
2026-07-01,DSP Marketplace - BFM,Bidswitch,Beachfront Deal Curation,Seedtag NeuroX | Always-On | Tech Decision Makers - Connected TV,STNXCTV036,0.0
2026-08-01,Open Auction - BFM,DV360,—,Bidswitch - Desktop [Display],,22.25
2026-08-01,DSP Marketplace - BFM,StackAdapt,Beachfront Deal Curation,StackAdapt_Standard Inventory Packages_Beachfront_2025_Home & Garden,Beach168,0.72
2025-08-01,Open Auction - BFM,Krush Media,—,Krush Media Web Video,,441.84
2025-07-01,Open Auction - BFM,OnSpot Data,—,Bidswitch - Seedtag,,0.03
2025-12-01,DSP Marketplace - BFM,JamLoop OpenRTB,BFM Internal,Jamloop Deal - CTV - Frndly - MeTV - Adjust,205969889099,10.52
2025-11-01,Select - BFM,Basis Technologies,AI Digital,LucidX - Beachfront - C0167 - South Shore Bank - CTV - Finance - 103024,AIDig148,99.78
2025-08-01,Open Auction - BFM,OnSpot Data,—,Bidswitch - CTV - 1st Price (Bundle 151908),,3.02
2025-10-01,Select - BFM,Viant,IRIS,IRIS.TV - Viant - Pets CTV_BFM,IRIS00295,90.31
2025-08-01,DSP Marketplace - BFM,TheTradeDesk,—,TTD Deal - CTV (MIQ Political Allowed),672354224091,0.0
2025-09-01,DSP Marketplace - BFM,SimpliFi,—,Simpli.fi Deal - CTV (LG Ads),225331237285,4.1
2025-08-01,Select - BFM,TheTradeDesk,Chief Media,TTD - Chief Media - CTV - Pub Targeted - Fox,1213870,146.0
2026-07-01,Open Auction - BFM,TheTradeDesk,—,TTD - CTV (LATAM),,118.32
2026-07-01,Open Auction - BFM,Viant,—,Seedtag,,6015.75
2026-08-01,Open Auction - BFM,Viant,—,Seedtag,,311.88
2025-12-01,Open Auction - BFM,The Media Sense,—,The Media Sense DSP CTV Ads Direct,,0.0
2025-09-01,DSP Marketplace - BFM,TheTradeDesk,Beachfront Deal Curation,TTD Deal - CTV - Curated by Seedtag - Gamers (Test),693716785702,0.0
2025-08-01,Open Auction - BFM,SmartClip,—,Vizio_SmartClip_Mexico_$8,,0.0
2025-08-01,DSP Marketplace - BFM,TheTradeDesk,—,TTD Deal - CTV - $10 RON,932436360749,1.88
2025-08-01,Select - BFM,Viant,IRIS,Viant - Coinstar CTV_BFM,IRIS00355,0.0
2025-07-01,Select - BFM,Bidswitch,QRate,QrateUS_Honduras_CTV,QRate50,0.0
2025-07-01,DSP Marketplace - BFM,SimpliFi,—,Simpli.fi Deal - CTV (LG Ads),225331237285,39.34
2025-10-01,Select - BFM,Viant,Viant,the first,TheFirstTV,0.0
2025-07-01,DSP Marketplace - BFM,Octillion,—,Octillion Deal - CTV - LG,976376076664,0.04
2025-09-01,Open Auction - BFM,—,—,F0040361 NFS SAINTS VS BILLS + COLTS VS RAMS FS2 DOMINGO 30,,0.0
2025-09-01,DSP Marketplace - BFM,Epsilon (Conversant),Beachfront Deal Curation,Conversant Deal - Display - Health and Wellness,498981940349,0.85
2025-11-01,Open Auction - BFM,—,—,Amobee - CTV - 1st Price,,0.0
2025-10-01,DSP Marketplace - BFM,—,Beachfront Deal Curation,MadHive Deal - CTV RON,,0.0
2026-07-01,Open Auction - BFM,Octillion,—,Octillion - CTV - Open,,70.77
2026-07-01,Open Auction - BFM,Sharethrough,—,Sharethrough CTV Video,,6687.71
2026-08-01,DSP Marketplace - BFM,Viant,BFM Internal,Viant Deal - CTV (Spanish),901374116708,449.16
2025-09-01,Open Auction - BFM,Sharethrough,—,Sharethrough CTV Video,,22308.35
2025-08-01,Select - BFM,Xandr,Quorum,Quorum Optimized > MSFT > High Index Zips - Sonic Visitors - CTV,Quoru82,0.07
2025-12-01,Open Auction - BFM,TheTradeDesk,—,TTD - CTV (LG Ads Only),,2530.02
2025-09-01,DSP Marketplace - BFM,Beeswax,—,Beeswax Deal - CTV - Datafy - Minority Owned,976376076665,2291.34
2025-12-01,DSP Marketplace - BFM,Stirista,Beachfront Deal Curation,Stirista Deal - DV - CTV RON,298578719382,11327.46
2025-12-01,DSP Marketplace - BFM,StackAdapt,Beachfront Deal Curation,StackAdapt Deal - CTV - News - Political,BFMSA001,863.2
2025-11-01,Open Auction - BFM,IQM,—,IQM - CTV - Open Auction,,75.98
2025-09-01,DSP Marketplace - BFM,Viant,—,Viant Deal - CTV - FuseTV,210445449459,599.9
2025-09-01,Select - BFM,Xandr,Quorum,Quorum Optimized > MSFT > High Index Zips - Infiniti Dealership Visitors - Banner,Quoru123,0.0
2025-09-01,Select - BFM,Xandr,Quorum,Quorum Optimized > MSFT > High Index Zips - Jaguar/Land Rover Dealership Visitors - Banner,Quoru125,0.0
2025-09-01,Open Auction - BFM,Stirista,—,Stirista - Desktop [Display],,1.01
2025-09-01,Select - BFM,Stirista,Audigent,Audigent & Beachfront - AUD-066529 - Optimum Media - Multiple Brands - CTV ContextualPMP - Fighting US - ctv,Audig1796,0.02
2025-12-01,Select - BFM,Bidswitch,Infillion Demand,Signet Jewelers | Men's Fashion | Desktop/Mobile,SignetInfilBeachDeskMob,0.0
2025-11-01,DSP Marketplace - BFM,JamLoop OpenRTB,Beachfront Deal Curation,JamLoop Deal - CTV - Live Soccer,789899425708,0.0
2025-09-01,DSP Marketplace - BFM,Bidswitch,—,T-Ads_CTV_Beachfront_Spectrum_$23,916223891677,0.0
2025-07-01,DSP Marketplace - BFM,TheTradeDesk,Beachfront Deal Curation,TTD Deal - Casual IQ - Diverse Audience Content - CTV - Contextual,396334081756,0.0
2025-07-01,DSP Marketplace - BFM,Octillion,Beachfront Deal Curation,Octillion Deal - CTV - MSNBC - Channel,621517522384,0.16
2026-07-01,DSP Marketplace - BFM,DV360,Beachfront Deal Curation,Seedtag NeuroX | Always-On | New & Expecting Parents - Connected TV,STNXCTV005,38.35
2026-07-01,Open Auction - BFM,Webeye,—,Bidswitch - APP Display,,0.03
2026-07-01,Select - BFM,TheTradeDesk,Mavern Media,Mavern Media & Beachfront - MJA - TTD - Multiple - RON - CTV - 20250124,MVRN000026,0.0
2026-08-01,DSP Marketplace - BFM,Octillion,Beachfront Deal Curation,Octillion Deal - CTV - Fox Local TV,638579853073,0.02
2026-08-01,DSP Marketplace - BFM,TheTradeDesk,Beachfront Deal Curation,Seedtag Q1 Tentpole - Tax Season - Contextual CTV (Test),Test12345,0.0
2025-10-01,DSP Marketplace - BFM,Basis Technologies,Beachfront Deal Migration,Basis Deal - Politics Allowed CTV,BFM017,2606.78
2025-12-01,DSP Marketplace - BFM,Epsilon (Conversant),Beachfront Deal Curation,Conversant Cannabis Category Targeting - Video/CTV,Beach111,9411.29
2025-07-01,Open Auction - BFM,Epsilon (Conversant),—,Conversant Vizio CTV (203828),,697.99
2025-07-01,DSP Marketplace - BFM,IQM,BFM Internal,IQM - CTV - AMC Network - Channel - Adjusted - Politics Allowed,IQM002,0.43
2026-07-01,Open Auction - BFM,—,—,F0047543 JCC ATLETISMO INAUGURACIÓN VIERNES 15,,0.0
2025-10-01,DSP Marketplace - BFM,Beeswax,Beachfront Deal Curation,Beeswax Deal - CTV - Univision Demand - Political,601346667710,545.78
2025-07-01,DSP Marketplace - BFM,Viant,—,Viant Deal - CTV - FuseTV,210445449459,406.13
2025-09-01,Select - BFM,TheTradeDesk,IRIS,IRIS.TV - Q11 - West Coast College - Nursing Contextual CTV_BFM,IRIS00361,63.83
2025-07-01,Select - BFM,TheTradeDesk,IRIS,IRIS.TV - Q11 - West Coast College - Nursing Contextual CTV_BFM,IRIS00361,711.0
2025-10-01,Select - BFM,Viant,Quorum,Quorum Optimized > Viant > High Index Zips - Macy's Visitors - Banner,Quoru176,3.57
2025-10-01,Open Auction - BFM,—,—,F0037322 LUP GENERICA FOTOS TEXTOS 20s,,0.0
2025-11-01,Select - BFM,Quantcast,Infillion Demand,Pulte RON - Display 2,InfPulteRON2,0.0
2025-10-01,Open Auction - BFM,—,—,2510 - MGMPLUS - OCTOBER XCH - MGMP20330-09 - (MOVIES),,120.02
2025-09-01,Open Auction - BFM,—,—,F0040121 NFL FS GIANTS VS DALLAS + EAGLES VS CHIEFS DOMINGO 30,,0.0
2026-07-01,DSP Marketplace - BFM,Viant,Beachfront Deal Migration,Viant Deal - CTV (Premium),677072730087,7496.07
2026-08-01,DSP Marketplace - BFM,Adtelligent,Beachfront Deal Curation,Adtelligent Sensitive Categories Deal - Alcohol - CTV,047174670018,1.88
2025-09-01,DSP Marketplace - BFM,Beeswax,Beachfront Deal Curation,Sports Content  - CTV - Contextual - VideoAmp,Beach149,68.23
2025-07-01,Open Auction - BFM,Yahoo DSP,—,Yahoo - CTV - Open Auction- Efficiency Monitoring,,66.95
2025-07-01,Select - BFM,Stirista,Audigent,Audigent & Beachfront - AUD-066529 - Optimum Media - Multiple Brands - CTV ContextualPMP - Fighting US - ctv,Audig1796,0.08
2025-12-01,DSP Marketplace - BFM,Viant,Beachfront Deal Curation,Viant Deal - CTV - Targeting away from Political (IRIS),925896302547,14457.46
2025-10-01,Open Auction - BFM,Zeta DSP,—,Bidswitch - APP 1st Price,,0.02
2025-11-01,DSP Marketplace - BFM,Amobee,—,Amobee Deal - CTV (Politics Allowed),BFM017,0.0
2025-11-01,DSP Marketplace - BFM,GroundTruth,—,GroundTruth Deal - CTV Univision Philo - 90% VCR,480630561397,323.66
2025-09-01,DSP Marketplace - BFM,4INFO,—,Cadent_OutsideTV_PMP,524219392199,0.0
2025-12-01,Select - BFM,TheTradeDesk,Quorum,Quorum - Wholesale Shoppers - Physical Visitors,Quoru221,0.0
2025-12-01,Open Auction - BFM,DV360,—,Bidswitch - APP 1st Price,,2.96
2025-09-01,DSP Marketplace - BFM,DV360,—,Deal Library - CTV - Women&#039;s History Month (Genre Targeting),BFM041,304.12
2025-10-01,DSP Marketplace - BFM,StackAdapt,Beachfront Deal Migration,StackAdapt Deal - CTV (Non-News),674172181259,412.18
2025-12-01,Select - BFM,Viant,Viant,Fox News,BFViantFoxNews2024,2288.65
2025-08-01,Select - BFM,TheTradeDesk,Sightly,Northwestern Mutual,SightlyNWM,0.0
2025-09-01,DSP Marketplace - BFM,Basis Technologies,—,Basis Deal - CTV - All Supply w/ Channel Targeting,BFM038,114.74
2025-08-01,Select - BFM,Bidswitch,Infillion Demand,Signet | Male Self Gifters | CTV,SignetInfilGiftBeachCTV,0.0
2025-09-01,Open Auction - BFM,Streamworx Lda.,—,Bidswitch - APP,,0.0
2026-07-01,Open Auction - BFM,SmartyAds,—,SmartyAds - CTV (Sports),,0.0
2026-08-01,Open Auction - BFM,Stirista,—,Stirista - MW [Display],,0.0
2025-09-01,DSP Marketplace - BFM,StackAdapt,—,StackAdapt Deal - CTV (Premium),109040994585,1.67
2025-07-01,DSP Marketplace - BFM,Bidswitch,Beachfront Deal Curation,Bidswitch Deal - CTV - Zeta - Paramount (No Pluto),732808904693,0.0
2025-07-01,Select - BFM,Xandr,Quorum,Quorum Optimized > MSFT > High Index Zips - Jaguar/Land Rover Dealership Visitors - Banner,Quoru125,0.0
2025-07-01,Select - BFM,Stirista,Audigent,Audigent & Beachfront - AUD-066529 - Optimum Media - Multiple Brands - CTV ContextualPMP - Golf US - ctv,Audig1785,0.0
2025-12-01,Open Auction - BFM,Quantcast,—,Bidswitch - MW [Display],,0.23
2025-08-01,DSP Marketplace - BFM,4INFO,—,Cadent_BET_PMP_Test,203227202513,0.0
2025-12-01,Open Auction - BFM,StackAdapt,—,StackAdapt - CTV - Open Auction,,149667.74
2025-10-01,DSP Marketplace - BFM,MadHive,BFM Internal,MadHive - CTV - Fubo (Price Targeted),MH38,860.77
2025-11-01,Open Auction - BFM,Viant,—,Viant - MW [Display],,813.43
2025-07-01,Open Auction - BFM,Epsilon (Conversant),—,Conversant Outside CTV (203821),,0.98
2025-08-01,Open Auction - BFM,Samsung DSP,—,Bidswitch - CTV - 1st Price (Bundle 151908),,2.53
2025-11-01,Open Auction - BFM,—,—,F0039514 90 GENERICO LUN MIER VIER 15,,0.0
2025-07-01,DSP Marketplace - BFM,JamLoop OpenRTB,—,JamLoop Deal - CTV - EW Scripps - Vegas Golden Knights,612418020365,452.4
2025-08-01,DSP Marketplace - BFM,PulsePoint,—,Pulsepoint Deal - CTV - CMI - iCTV Supply,560101639946,0.0
2025-12-01,Open Auction - BFM,Zeta DSP,—,Bidswitch - CTV (AMC),,0.08
2025-11-01,Select - BFM,DV360,Quorum,Quorum > Tech Shoppers > Physical Visitors,Quoru200,0.0
2025-10-01,Open Auction - BFM,—,—,F0041228 NFL COLT STEE SAIN RAMS FS DOM 30,,0.0
2025-09-01,Open Auction - BFM,Lift,—,Bidswitch -RTB- Getintent-Whitelist- Web Display,,0.0
2025-09-01,Open Auction - BFM,Webeye,—,Bidswitch - APP,,0.06
2025-08-01,Open Auction - BFM,Viant,—,Viant Deal - CTV (Direct Fixed $8),389866043594,0.0
2025-09-01,Open Auction - BFM,—,—,Centro Display InApp,,0.0
2026-08-01,DSP Marketplace - BFM,MadHive,BFM Internal,MadHive Deal - CTV - Vizio - No Content Data,848047441598,42.61
2026-08-01,Select - BFM,TheTradeDesk,Chief Media,TTD - Chief Media - CTV - Fox - Force Factor - Deal,368357507405,0.0
2025-09-01,DSP Marketplace - BFM,JamLoop OpenRTB,—,JamLoop Deal - CTV - Fubo - $14,698777800950,162.83
2025-08-01,DSP Marketplace - BFM,JamLoop OpenRTB,—,JamLoop Deal - CTV - Non-Premium Sports - Ottera,345661773933,0.06
2025-08-01,Select - BFM,Xandr,Quorum,Quorum Optimized > MSFT > High Index Zips - Dick's Sporting Goods Visitors - Banner,Quoru40,0.0
2025-07-01,DSP Marketplace - BFM,TheTradeDesk,—,TTD Deal - CTV - MIQ - Xumo,874926978525,3.73
2025-11-01,Select - BFM,Beeswax,Simulmedia,PlayerWON-Ribeye-FY25,PlayerWONRibeyeFY25,0.0
2025-10-01,DSP Marketplace - BFM,Basis Technologies,Beachfront Deal Curation,Basis Deal - CTV - Warner Bros Channels & Networks,742050964622,4.89
2025-10-01,Open Auction - BFM,Beeswax,—,Beeswax UR Improvement Tier 3 (Low UR),,724.88
2025-09-01,DSP Marketplace - BFM,4INFO,—,Cadent_VICE_PMP_Testv2,481740947959,0.0
2025-08-01,Select - BFM,—,Camelot,PMG - Pub Targeting,PMGPub,0.0
2025-07-01,DSP Marketplace - BFM,Beeswax,Beachfront Deal Migration,Beeswax Deal - CTV - Datafy - Women - Audience Targeted,976376076662,822.4
2025-12-01,DSP Marketplace - BFM,Bidswitch,Beachfront Deal Curation,SamsungAds Efficiency Line,314668390400,0.0
2025-08-01,Select - BFM,Viant,Audigent,Audigent & Beachfront - AUD-066527 - Optimum Media - Multiple Brands - CTV ContextualPMP - English Language Sports US - ctv,Audig1778,0.0
2025-12-01,Select - BFM,Viant,IRIS,IRIS.TV - Viant - IRIS-enabled CTV_BFM,IRIS00320,1737.11
2025-07-01,Open Auction - BFM,SimpliFi,—,SimpliFi - Web (1st Price),,4470.69
2025-08-01,DSP Marketplace - BFM,StackAdapt,Beachfront Deal Curation,StackAdapt_Standard Inventory Packages_Beachfront_2025_LDA Approved,Beach170,3.6
2025-09-01,DSP Marketplace - BFM,4INFO,—,Cadent_BBC_PMP,811267808163,0.0
2025-10-01,Select - BFM,Xandr,Quorum,Quorum Optimized > MSFT > High Index Zips - Burger King Visitors - CTV,Quoru58,0.16
2025-12-01,Select - BFM,AdElement,Quorum,Quorum > Halloween Shoppers > Physical Visitors,Quoru196,0.0
2025-11-01,DSP Marketplace - BFM,—,Beachfront Deal Curation,0,"983264025678, Beach110",0.0
2026-07-01,DSP Marketplace - BFM,Epsilon (Conversant),Beachfront Deal Curation,Conversant - Seedtag Q1 Tentpole - Chinese New Year - Contextual CTV,Beach209,398.65
2026-08-01,Open Auction - BFM,Amazon DSP,—,Bidswitch - APP 1st Price,,14.28
2026-08-01,DSP Marketplace - BFM,Epsilon (Conversant),Beachfront Deal Curation,MLB Live Supply - Conversant,Beach134,0.0
2025-09-01,Open Auction - BFM,Epsilon (Conversant),—,Conversant Outside CTV (203821),,0.02
2025-09-01,DSP Marketplace - BFM,Octillion,Beachfront Deal Curation,Octillion Deal - CTV - Fox Local TV,638579853073,6263.46
2025-08-01,DSP Marketplace - BFM,GroundTruth,Beachfront Deal Curation,MLB - CTV - Contextual - Tentpole Deal - GroundTruth,Beach140,1.97
2025-08-01,Select - BFM,Xandr,IRIS,MNI - Climate & Enviroment CTV_BFM,IRIS76,0.0
2025-11-01,Open Auction - BFM,Adtheorent,—,Ad Theorent - Desktop Video (LQPS Audit),,12.9
2025-11-01,DSP Marketplace - BFM,TheTradeDesk,Beachfront Deal Migration,TTD Deal - CTV ($18),955413904519,971.31
2025-07-01,Open Auction - BFM,Stirista,—,Stirista - Desktop [Display],,0.0
2025-07-01,Open Auction - BFM,—,—,F0024818 LATITUD 2024-2 20SEG,,0.0
2025-10-01,DSP Marketplace - BFM,Bidswitch,Beachfront Deal Curation,Bidswitch Deal - Infillion -  CTV/InApp - FEP/CTV $10 and below (Average Clearing Pice),223910661417,0.0
2025-10-01,DSP Marketplace - BFM,GroundTruth,Beachfront Deal Curation,GroundTruth - Deal - CTV - Apple TV,BFMGT001,50.0
2025-12-01,DSP Marketplace - BFM,TheTradeDesk,BFM Internal,TTD Deal - CTV - Goodway Group (<$15),778377951937,10399.59
2025-08-01,Open Auction - BFM,SmartyAds,—,SmartyAds - Web [Display],,386.96
2025-12-01,Select - BFM,Bidswitch,IRIS,IRIS.TV - OMD - National Guard - Sentiment CTV_BFM,IRIS00270,0.0
2025-12-01,DSP Marketplace - BFM,Viant,Beachfront Deal Curation,Viant Deal - CTV - Spanish Political CTV,445972645214,656.55
2025-08-01,Open Auction - BFM,Epsilon (Conversant),—,Conversant Newsy CTV (203803),,27.35
2025-08-01,Open Auction - BFM,SmartyAds,—,SmartyAds - CTV (Streaming Apps),,1122.73
2025-09-01,DSP Marketplace - BFM,Bidswitch,—,Bidswitch Deal - Zeta - CTV - $5-$9 (Spanish),965563756301,0.0
2025-10-01,DSP Marketplace - BFM,StackAdapt,Beachfront Deal Migration,StackAdapt Deal - CTV - Hispanic Audience,160021598282,144.74
2025-12-01,DSP Marketplace - BFM,Marketing Architects -RTB,—,DistroTV Marketing Architects PMP Deal CTV USA 20251113,044034690550,0.0
2025-10-01,DSP Marketplace - BFM,Beeswax,—,Beeswax Deal - CTV - Sensitive (Non-Cannabis),343539490451,1184.44
2025-07-01,DSP Marketplace - BFM,Viant,—,AOD Deal - Viant - Cannabis Allowed ,304579523560,12.63
2025-09-01,DSP Marketplace - BFM,SimpliFi,—,Simplifi Deal - OTT,468896186068,0.0
2025-07-01,Open Auction - BFM,JamLoop OpenRTB,—,0,"620792611801, 855918727592, 533370911919",0.0
2025-10-01,Open Auction - BFM,—,—,2510 - MGMPLUS - BTK - S3  - Dead or Alive Promo - MGMPHD363273 - PP - (MOVIES),,281.38
2025-07-01,Open Auction - BFM,MadHive,—,MadHive - APP - 1st Price,,9.06
2025-10-01,Open Auction - BFM,—,—,1PlayWorks test,,0.06
2025-09-01,Select - BFM,AdElement,Infillion Demand,Pulte RON - Display 2,InfPulteRON2,0.0
2026-08-01,DSP Marketplace - BFM,Beeswax,Beachfront Deal Curation,CTV - Cannabis-Approved - Beeswax - PMP,Beach248,0.0
2026-08-01,Select - BFM,TheTradeDesk,Chief Media,Live Baseball - Walmart DSP,Chief19,0.0
2025-11-01,Select - BFM,Bidswitch,Quorum,Quorum > Weekend Shoppers > Physical Visitors,Quoru202,0.0
2025-11-01,Open Auction - BFM,TheTradeDesk,—,TTD - CTV (Charter),,553.71
2025-08-01,Select - BFM,Yahoo DSP,Mavern Media,Mavern Media & Beachfront - The New Media Firm - Yahoo - Multiple - RON - CTV - 20250615,Mavern20,0.0
2025-08-01,Open Auction - BFM,—,—,TrueX FireTV Games ,,126.12
2025-10-01,Open Auction - BFM,Basis Technologies,—,Basis - CTV - oRTB - (US),,49230.08
2025-08-01,Open Auction - BFM,Epsilon (Conversant),—,Conversant Newsy CTV (202814),,6.06
2025-07-01,Open Auction - BFM,Infillion,—,Bidswitch -RTB- Getintent-Whitelist- Web Display,,0.0
2025-09-01,Open Auction - BFM,Unruly,—,Unruly Web 1st Price Video (Mobile Only),,0.0
2025-09-01,Open Auction - BFM,OnSpot Data,—,Bidswitch - MW [Display],,0.0
2025-11-01,Open Auction - BFM,Adform,—,Bidswitch - CTV - 1st Price,,0.0
2026-07-01,Open Auction - BFM,IPONWEB BidCore,—,Bidswitch - APP Display,,0.06
2026-07-01,Select - BFM,TheTradeDesk,IRIS,IRIS.TV - Q11 - Revitalash Contextual CTV_BFM,IRIS00327,98.06
2025-11-01,DSP Marketplace - BFM,Epsilon (Conversant),Beachfront Deal Curation,Conversant Nicotine Vaping Category Targeting - Video/CTV,Beach117,0.34
2025-08-01,Select - BFM,Xandr,Quorum,Quorum Optimized > MSFT > High Index Zips - Papa John's Visitors - Banner,Quoru101,0.0
2025-08-01,DSP Marketplace - BFM,Yahoo DSP,Beachfront Deal Curation,Causal IQ - Goodyear - Yahoo DSP - CTV Deal,739281640570,0.0
2025-08-01,DSP Marketplace - BFM,Basis Technologies,—,Basis Deal - Fubo CTV (RON),BFM062,151.48
2025-10-01,Select - BFM,Xandr,Quorum,Quorum Optimized > MSFT > High Index Zips - Domino's Visitors - CTV,Quoru72,0.0
2025-10-01,DSP Marketplace - BFM,Basis Technologies,Beachfront Deal Curation,Basis Deal - OTT - Skechers 2025 - Women 45+ - Reality,767012029105,0.0
2025-09-01,Open Auction - BFM,Adtheorent,—,Ad Theorent - APP [Display],,97.33
2025-08-01,Select - BFM,Bidswitch,MultiLocal,T9_mlm_TA_US_CT_CTV_BF_MLMBRID4972,Multi24,0.0
2025-07-01,Select - BFM,Xandr,Quorum,Quorum Optimized > MSFT > High Index Zips - Chipotle Visitors - Banner,Quoru59,0.0
2025-07-01,DSP Marketplace - BFM,Stirista,Beachfront Deal Curation,Stirista Deal - DV - CTV RON,298578719382,363.48
2025-10-01,Open Auction - BFM,Streamworx Lda.,—,Bidswitch - APP,,0.0
2025-07-01,Select - BFM,TheTradeDesk,IRIS,GumGum - CrossMedia Nascar 2025 - Sports CTV_BFM,IRIS00303,1351.52
2025-08-01,DSP Marketplace - BFM,Beeswax,—,Beeswax Deal - CTV - Political (No Approval),426834991759,3508.05
2025-08-01,Open Auction - BFM,—,—,Adtelligent - CTV,,0.0
2025-08-01,Open Auction - BFM,Quantcast,—,0,,0.0
2025-12-01,Open Auction - BFM,—,—,SmartyAds - CTV (Samsung),,0.0
2025-11-01,DSP Marketplace - BFM,—,Beachfront Deal Migration,Octillion Deal - CTV - Open Auction,747279147174,0.0
2026-07-01,DSP Marketplace - BFM,Basis Technologies,Beachfront Deal Curation,Basis - Political - All Voters,117050172481,0.0
2026-07-01,Open Auction - BFM,IPONWEB BidCore,—,Bidswitch - CTV - 1st Price,,1.88
2026-08-01,Open Auction - BFM,StackAdapt,—,StackAdapt - CTV - Open Auction - Efficiency Monitoring,,1501.28
2025-11-01,DSP Marketplace - BFM,DeepIntent,Beachfront Deal Curation,DeepIntent  deal - CTV - 30s RON,322442866061,6243.23
2025-12-01,Open Auction - BFM,Madopi,—,Bidswitch - CTV - 1st Price,,0.47
2025-09-01,Select - BFM,Stirista,Audigent,Audigent & Beachfront - AUD-066529 - Optimum Media - Multiple Brands - CTV ContextualPMP - Golf US - ctv,Audig1785,0.0
2025-07-01,Open Auction - BFM,Epsilon (Conversant),—,Conversant Philo CTV (125613) (b07bkpfxtj),,99.81
2025-08-01,Open Auction - BFM,Bidswitch,—,Bidswitch - CTV - 1st Price (Bundle 151908),,0.0
2025-11-01,DSP Marketplace - BFM,Viant,Beachfront Deal Curation,Magnolia and HGTV - CTV - Viant Deal,738509621475,0.19
2025-11-01,Select - BFM,Xandr,Quorum,Quorum Optimized > MSFT > High Index Zips - Infiniti Dealership Visitors - CTV,Quoru124,0.0
2025-07-01,DSP Marketplace - BFM,SimpliFi,—,Simplifi Deal - CTV - All Supply w/ Network Data,263082243873,4.91
2025-07-01,Select - BFM,Viant,Sightly,Goldbelly,Sight21,0.0
2025-07-01,Select - BFM,Viant,IRIS,IRIS.TV - Viant - Healthy Living CTV_BFM,IRIS00318,661.36
2025-07-01,Select - BFM,Xandr,Quorum,Quorum Optimized > MSFT > High Index Zips - Dairy Queen Visitors - Banner,Quoru93,0.0
2025-07-01,DSP Marketplace - BFM,StackAdapt,Beachfront Deal Curation,StackAdapt_Standard Inventory Packages_Beachfront_2025_Nature,Beach179,0.0
2025-08-01,Open Auction - BFM,Amazon DSP,—,Bidswitch - APP,,22.45
2025-10-01,Select - BFM,Bidswitch,IRIS,IRIS.TV - OMD - National Guard - Contextual CTV_BFM,IRIS00269,0.0
2025-09-01,DSP Marketplace - BFM,Epsilon (Conversant),—,Conversant Deal - CTV - RON,255653458214,5502.96
2025-12-01,Open Auction - BFM,Knorex,—,Bidswitch - CTV (AMC),,0.0
2025-07-01,Open Auction - BFM,Infillion,—,Bidswitch - CTV (Charter),,0.0
2026-07-01,DSP Marketplace - BFM,StackAdapt,Beachfront Deal Curation,StackAdapt_Standard Inventory Packages_Beachfront_2025_Home & Garden,Beach168,190.79
2026-08-01,Open Auction - BFM,IPONWEB BidCore,—,Bidswitch - CTV - 1st Price,,0.01
2025-09-01,DSP Marketplace - BFM,Bidswitch,—,Bidswitch Deal - CTV - Roku - MIQ - CA CTV (RON),662507672500,0.0
2025-10-01,Open Auction - BFM,Streamworx Lda.,—,Bidswitch - CTV - 1st Price,,347.15
2025-11-01,Open Auction - BFM,OnSpot Data,—,Bidswitch - Desktop [Display],,0.1
2025-12-01,DSP Marketplace - BFM,Viant,—,Viant Deal - CTV - Fubo,940208016222,127.77
2025-08-01,Open Auction - BFM,DV360,—,Bidswitch - CTV (Charter),,0.02
2025-08-01,Open Auction - BFM,—,—,F0039514 90 GENERICO LUN MIER VIER 15,,0.0
2025-08-01,Open Auction - BFM,—,—,F0039568 F1 GP PAISES BAJOS DOMINGO 30,,0.0
2025-08-01,DSP Marketplace - BFM,GroundTruth,Beachfront Deal Curation,NBA - Live - CTV - Contextual - Tentpole Deal - GroundTruth,Beach137,2.04
2025-11-01,DSP Marketplace - BFM,GroundTruth,Beachfront Deal Curation,GroundTruth Deal - Mobile App - Always On - Display,Beach192,35.69
2025-09-01,Open Auction - BFM,Beeswax,—,0,996138804224,0.0
2025-07-01,Select - BFM,Viant,Audigent,Audigent & Beachfront - AUD-066527 - Optimum Media - Multiple Brands - CTV ContextualPMP - Fighting US - ctv,Audig1801,0.05
2025-10-01,Open Auction - BFM,SmartyAds,—,SmartyAds - Web (Taboola),,334.01
2025-09-01,DSP Marketplace - BFM,Viant,—,Viant Deal - CTV  - Women&#039;s World Cup,BFM033,676.52
2026-07-01,DSP Marketplace - BFM,JamLoop OpenRTB,Beachfront Deal Curation,JamLoop - March Madness (Women's) - CTV,748392615204,0.14
2025-07-01,DSP Marketplace - BFM,Yahoo DSP,BFM Internal,Yahoo Deal - PMG-Camelot CTV SPO MLB,BFMYAHOO1004,0.12
2025-09-01,DSP Marketplace - BFM,Epsilon (Conversant),Beachfront Deal Curation,MLB - CTV - Contextual - Tentpole Deal - Conversant,Beach133,2.9
2025-07-01,Select - BFM,Streamworx Lda.,Infillion Demand,Pulte RON - Display 2,InfPulteRON2,0.0
2025-12-01,Open Auction - BFM,Xandr,—,0,,0.0
2025-07-01,Select - BFM,TheTradeDesk,Strategus,Strategus - NYSERDA - KSV Agency - CTV + App Deal - Cooking Channels/Networks,Strat58,0.0
2026-07-01,DSP Marketplace - BFM,Beeswax,—,Adte RibEye Q3,846816640820,16.97
2026-07-01,Open Auction - BFM,GroundTruth,—,GroundTruth Video CTV - Efficiency Monitoring,,7.13
2026-07-01,Select - BFM,TheTradeDesk,Chief Media,Live Baseball - Walmart DSP,Chief19,0.0
2025-10-01,Open Auction - BFM,SmartyAds,—,SmartyAds - CTV (Paramount),,2113.65
2025-12-01,Open Auction - BFM,Walmart,—,TTD - Desktop - 1st Price (HB),,289.03
2025-09-01,Open Auction - BFM,Epsilon (Conversant),—,Conversant AMC CTV (205656) (G15147002586),,1.43
2025-09-01,DSP Marketplace - BFM,StackAdapt,—,StackAdapt Deal - CTV (Holiday & Shopping CTV - Deal Library),BFM035,0.0
2025-07-01,Open Auction - BFM,Knorex,—,Bidswitch - APP Display,,1.0
2025-09-01,Select - BFM,Bidswitch,MultiLocal,Ingage_mlm_Beko_Sport_NL_CTV_CT_BF_MLMBRID7107,Multi40,0.0
2025-10-01,Open Auction - BFM,IPONWEB BidCore,—,Bidswitch - APP,,0.15
2025-07-01,DSP Marketplace - BFM,Basis Technologies,Beachfront Deal Curation,Basis Deal - OTT - Skechers 2025 - Men 45+ - News,850505153503,646.63
2025-10-01,DSP Marketplace - BFM,Octillion,Beachfront Deal Migration,Octillion Deal - CTV - Hispanic,649700474243,712.76
2025-10-01,Open Auction - BFM,Bidswitch,—,Bidswitch - Seedtag,,0.0
2025-07-01,Open Auction - BFM,Unruly,—,Unruly Web Display (Desktop Only),,0.0
2025-11-01,Open Auction - BFM,Epsilon (Conversant),—,0,255653458214,0.0
2025-09-01,DSP Marketplace - BFM,SimpliFi,Beachfront Deal Curation,SimpliFi Deal - Samsung - CTV,117931075272,4.22
2025-08-01,DSP Marketplace - BFM,JamLoop OpenRTB,—,JamLoop Deal - OLV - Short-Form - 60%+ VCR - $10 Max - SPL,914358280975,0.0
2025-10-01,Open Auction - BFM,Amazon DSP,—,0,,0.0
2026-07-01,DSP Marketplace - BFM,Basis Technologies,Beachfront Deal Migration,Basis - CTV - Political Local News,BFM109,2313.96
2026-08-01,Open Auction - BFM,SmartyAds,—,SmartyAds - CTV (LATAM),,0.36
2025-08-01,Open Auction - BFM,Yahoo DSP,—,Yahoo - In-App,,169.9
2025-08-01,Open Auction - BFM,—,—,F0033649 LATITUD 25_1 SABÍAS QUE 30SEG v4,,0.0
2025-08-01,DSP Marketplace - BFM,Inspiritum,—,Bidswitch Deal - Display (Bucksense Allow list),938609448678,0.0
2025-10-01,Select - BFM,Xandr,Quorum,Quorum Optimized > MSFT > High Index Zips - Chick-fil-A Visitors - CTV,Quoru92,0.0
2025-09-01,Open Auction - BFM,IPONWEB BidCore,—,Bidswitch - APP,,0.41
2025-09-01,Open Auction - BFM,Adform,—,Bidswitch - MW [Display],,0.0
2025-09-01,Select - BFM,Xandr,Quorum,Quorum Optimized > MSFT > High Index Zips - Arby's Visitors - Banner,Quoru77,0.0
2025-12-01,DSP Marketplace - BFM,Basis Technologies,Beachfront Deal Curation,Basis Deal - CTV - Skechers 2025 - Work - Entertainment,713917241756,10181.98
2025-07-01,Open Auction - BFM,TheTradeDesk,—,0,122056032436,0.0
2025-07-01,Open Auction - BFM,DV360,—,Bidswitch - CTV - 1st Price,,28399.89
2025-12-01,DSP Marketplace - BFM,TheTradeDesk,Beachfront Deal Curation,Seedtag Q1 Tentpole - GroundHog Day - Contextual CTV (Test),Test1234567,0.0
2025-07-01,Select - BFM,DV360,MultiLocal,0,Multi24,0.0
2025-07-01,DSP Marketplace - BFM,4INFO,—,Cadent_USA Network_PMP_Testv2,714666065815,-0.0
2025-08-01,Select - BFM,TheTradeDesk,Aki,Aki Deal - CTV - Munchies Moment,Aki17,17.7
2025-08-01,DSP Marketplace - BFM,Viant,—,Viant Deal - CTV (Genre: Movie),737121000152,274.99
2025-10-01,Open Auction - BFM,AdElement,—,Bidswitch - MW [Display],,54.65
2025-12-01,Open Auction - BFM,DV360,—,0,,0.0
2025-08-01,Open Auction - BFM,GlewedTV,—,Glewed.tv - Indirect Programmatic - $15,,0.0
2025-08-01,Select - BFM,StackAdapt,Audigent,0,Audig1803,0.0
2025-07-01,DSP Marketplace - BFM,TheTradeDesk,Beachfront Deal Curation,TTD Deal - CTV  - Prudential - Genre Only,210053262544,0.0
2026-08-01,Open Auction - BFM,Adtheorent,—,Ad Theorent - Desktop/MW Display,,4.6
2026-08-01,DSP Marketplace - BFM,Epsilon (Conversant),Beachfront Deal Curation,Conversant Gambling and Sports Betting Category Targeting - Video/CTV,Beach113,207.06
2026-08-01,DSP Marketplace - BFM,StackAdapt,BFM Internal,StackAdapt Deal - CTV (News Genre-Targeted),564909187691,7.87
2025-11-01,DSP Marketplace - BFM,TheTradeDesk,Beachfront Deal Migration,TTD Deal - MiQ - CA CTV (RON),662507672500,0.0
2025-09-01,Open Auction - BFM,Quantcast,—,Bidswitch - APP Display,,0.01
2025-10-01,Open Auction - BFM,Samsung DSP,—,Bidswitch - CTV - 1st Price (Bundle 151908),,12.09
2025-09-01,Open Auction - BFM,Between Exchange,—,Bidswitch - Desktop [Display],,0.07
2025-12-01,DSP Marketplace - BFM,Basis Technologies,Beachfront Deal Curation,Basis Deal - OTT - Skechers 2025 - Women 45+ - Entertainment,132775440867,1648.17
2025-07-01,DSP Marketplace - BFM,TheTradeDesk,—,TTD Deal - Walmart - Premium CTV,785432338,0.0
2025-07-01,DSP Marketplace - BFM,SimpliFi,—,SimpliFi Deal - CTV  (News),917135480820,3.58
2025-09-01,DSP Marketplace - BFM,Beeswax,—,Beeswax Deal - CTV - Sensitive (Non-Cannabis),343539490451,1696.33
2025-11-01,Select - BFM,Xandr,Quorum,Quorum Optimized > MSFT > High Index Zips - Taco Bell Visitors - CTV,Quoru70,0.0
2025-07-01,DSP Marketplace - BFM,JamLoop OpenRTB,—,JamLoop Deal - OTT - Premium Non-Cable/Broadcast,914358280953,46.09
2025-07-01,DSP Marketplace - BFM,Walmart,BFM Internal,TTD Deal - CTV - MiQ (LDA),234180798348,16.44
2025-07-01,DSP Marketplace - BFM,MadHive,BFM Internal,MadHive - CTV - Philo Bundle Override (Price Targeted),MH33,1394.66
2025-12-01,DSP Marketplace - BFM,TheTradeDesk,—,TTD Deal - Bully Pulpit - Selected CTV,941795873183,53.11
2025-08-01,Open Auction - BFM,MadHive,—,MadHive - CTV - 1st Price (Paramount OA),,2471.57
2025-07-01,Open Auction - BFM,SmartyAds,—,0,,0.0
2025-07-01,Select - BFM,Bidswitch,QRate,QrateUS_ElSalvador_CTV,QRate30,0.0
2025-08-01,Select - BFM,TheTradeDesk,Aki,Aki Deal - CTV - Tech-Minded Moments,Aki19,20.59
2025-11-01,Open Auction - BFM,—,—,2511 - MGMPLUS - ROBIN HOOD PROMO - MGMPHD363301-01  (SERIES),,783.05
2025-10-01,DSP Marketplace - BFM,Beeswax,—,Beeswax Deal - CTV - Datafy - Minority Owned,976376076665,0.0
2026-07-01,Open Auction - BFM,Lift,—,Bidswitch - MW [Display],,0.0
2025-10-01,Open Auction - BFM,Knorex,—,Bidswitch - CTV (AMC),,0.0
2025-08-01,DSP Marketplace - BFM,SimpliFi,—,SimpliFi Deal - CTV (RON) Samba Targeted Football Viewers,993808143955,17.3
2025-09-01,DSP Marketplace - BFM,TheTradeDesk,BFM Internal,TTD Deal - CTV - Goodway Group (<$15),778377951937,13340.54
2025-08-01,Open Auction - BFM,TheTradeDesk,—,TTD - MW [Display],,3257.06
2025-07-01,DSP Marketplace - BFM,Bidswitch,Beachfront Deal Curation,__DEAL__PA__CASUALIQ__AUTOMOTIVE__GEARHEADS-CTV__US__USD__AUTO-ENTHUSIASTS,CasualIQ1,0.0
2025-07-01,Open Auction - BFM,Webeye,—,Bidswitch - APP 1st Price,,0.14
2025-07-01,Select - BFM,Xandr,Quorum,Quorum Optimized > MSFT > High Index Zips - Resorts World Visitors - Banner,Quoru49,0.0
2025-07-01,DSP Marketplace - BFM,Yahoo DSP,Beachfront Deal Curation,Yahoo Deal - CTV - Invisibly CTV RON,467153424436,0.0
2025-12-01,DSP Marketplace - BFM,Basis Technologies,Beachfront Deal Curation,Basis Deal - CTV - Skechers 2025 - Work - Pop Culture,240565149913,20748.65
2025-12-01,Select - BFM,Bidswitch,Infillion Demand,Pulte RON - Display 2,InfPulteRON2,0.0
2025-07-01,Open Auction - BFM,Epsilon (Conversant),—,Conversant Xumo CTV (203761),,5.23
2025-07-01,DSP Marketplace - BFM,4INFO,—,4INFO Deal - CTV - T1 Indirect - (USA),889893239659,0.0
2025-07-01,DSP Marketplace - BFM,IQM,—,IQM Deal - CTV - News Genre - Politics Allowed,974777047225,4.42
2025-08-01,Select - BFM,Viant,Audigent,Audigent & Beachfront - AUD-066527 - Optimum Media - Multiple Brands - CTV ContextualPMP - Hockey US - ctv,Audig1798,0.0
2025-12-01,DSP Marketplace - BFM,StackAdapt,Beachfront Deal Curation,StackAdapt_Standard Inventory Packages_Beachfront_2025_LDA Approved,Beach170,628.52
2025-10-01,Open Auction - BFM,Basis Technologies,—,Centro Video InApp,,1.15
2025-09-01,DSP Marketplace - BFM,Basis Technologies,Beachfront Deal Curation,Basis Deal - CTV - Warner Bros Channels & Networks,742050964622,80.04
2026-07-01,Open Auction - BFM,—,—,F0047490 FGM A26 JUEVES 25,,0.0
2025-07-01,Open Auction - BFM,PulsePoint,—,Pulsepoint Deal - CTV - Innovid Test,,0.0
2025-11-01,DSP Marketplace - BFM,AlexP,—,Select Fees RevShare 20%,RevShare20,0.0
2026-07-01,Open Auction - BFM,Adtheorent,—,Ad Theorent - Desktop/MW - 1st Price,,1446.57
2026-07-01,Select - BFM,Bidswitch,IRIS,GumGum - Cendyn - Royalton - Contextual CTV_BFM,IRIS00289,0.0
2026-07-01,Select - BFM,TheTradeDesk,Chief Media,Live Baseball - Walmart DSP - Charter Only,Chief20,0.0
2025-08-01,Select - BFM,Xandr,Quorum,Quorum Optimized > MSFT > High Index Zips - Wendy's Visitors - Banner,Quoru75,0.0
2025-07-01,DSP Marketplace - BFM,JamLoop OpenRTB,—,JamLoop Deal - CTV - Non-Premium Sports - Ottera,345661773933,0.11
2025-12-01,Select - BFM,TheTradeDesk,IRIS,IRIS.TV - Q11 - Revitalash Contextual CTV_BFM,IRIS00327,47.77
2025-08-01,DSP Marketplace - BFM,Viant,Beachfront Deal Curation,Viant Deal - CTV - Innovid (Montana),544155661434,0.13
2025-09-01,Open Auction - BFM,Unruly,—,Unruly Web Display (Desktop Only),,0.0
2025-11-01,Select - BFM,TheTradeDesk,IRIS,IRIS.TV - Q11 - Sparklight - Holiday Contextual CTV_BFM,IRIS00367,0.0
2025-11-01,Open Auction - BFM,Streamworx Lda.,—,Bidswitch - Desktop [Display],,0.0
2026-07-01,DSP Marketplace - BFM,Beeswax,—,Q3 Adte - Beeswax US,799247166210,2.06
2026-07-01,DSP Marketplace - BFM,MadHive,BFM Internal,MadHive - CTV - Plex (Price Targeted),MH37,453.47
2026-08-01,DSP Marketplace - BFM,Beeswax,—,Adte_Optimal_Political,523268969147,0.0
2026-08-01,DSP Marketplace - BFM,Bidswitch,Beachfront Deal Curation,Seedtag NeuroX | Always-On | Fantasy Sports & Sports Betting Content Viewers - Connected TV,STNXCTV034,0.0
2026-08-01,Open Auction - BFM,Amazon DSP,—,Bidswitch - APP,,79.21
2026-08-01,DSP Marketplace - BFM,GroundTruth,Beachfront Deal Migration,GroundTruth Deal - CTV - Premium Bundles List,783317263332,161.02
2026-08-01,Open Auction - BFM,Zeta DSP,—,Bidswitch - APP Display,,0.0
2025-10-01,Open Auction - BFM,Marketing Architects -RTB,—,Marketing Architects - CTV 1st Price,,30272.96
2025-10-01,DSP Marketplace - BFM,SimpliFi,Beachfront Deal Curation,Simpli.Fi Deal - CTV - NFL & College Football,212800677262,0.0
2025-09-01,Open Auction - BFM,Epsilon (Conversant),—,Conversant Future Today CTV (225391),,0.25
2025-09-01,Open Auction - BFM,Epsilon (Conversant),—,Conversant Happy Kids CTV (223878) (Bundle ID 32614),,0.08
2025-09-01,Open Auction - BFM,Epsilon (Conversant),—,Conversant Philo Android CTV (202995),,1.53
2025-11-01,DSP Marketplace - BFM,TheTradeDesk,—,TTD Deal - CTV - The Moran Group RON,557817962362,263.11
2025-07-01,Open Auction - BFM,Bidswitch,—,Bidswitch - CTV - 1st Price,,0.0
2025-09-01,DSP Marketplace - BFM,Beeswax,—,Beeswax Deal - CTV - Datafy - M25-54 Sports and Gaming,976376076664,166.83
2025-10-01,DSP Marketplace - BFM,GroundTruth,Beachfront Deal Curation,GroundTruth Deal - Mobile Web - Always On - Video,Beach187,0.0
2025-07-01,DSP Marketplace - BFM,Basis Technologies,—,Basis Deal - Network CTV (EW Scripps),BFMNET009,173.47
2025-12-01,Select - BFM,TheTradeDesk,Aki,Aki Deal - CTV -  RON,Aki1,13914.3
2025-12-01,DSP Marketplace - BFM,Viant,Beachfront Deal Curation,Viant Deal - CTV - Roku Devices,193951448044,29717.98
2025-12-01,DSP Marketplace - BFM,Beeswax,—,Beeswax Deal - CTV - Sensitive (Non-Cannabis),343539490451,197.06
2025-08-01,Open Auction - BFM,LoopMe,—,0,,0.0
2025-12-01,DSP Marketplace - BFM,MadHive,Beachfront Deal Curation,MadHive Deal - CTV - Live Sports,263057593976,15968.69
2025-09-01,DSP Marketplace - BFM,AlexP,—,Select Fees RevShare 20%,RevShare20,0.0
2026-07-01,DSP Marketplace - BFM,JamLoop OpenRTB,BFM Internal,JamLoop Deal - CTV - Vizio - Efficient CPM,760573200866,78.41
2026-07-01,Select - BFM,TheTradeDesk,Strategus,TTD - Strategus - CTV - $14 and Below,STRAT003,0.04
2026-08-01,DSP Marketplace - BFM,StackAdapt,Beachfront Deal Curation,StackAdapt Deal - CTV - Sports - Political,BFMSA005,16.19
2025-09-01,Select - BFM,JamLoop OpenRTB,TEGNA,Jamloop - AO - News - CTV - TEGNASOURCED 081221,TEGNA1,1048.41
2025-07-01,Open Auction - BFM,Quantcast,—,Bidswitch - MW [Display],,2.59
2025-07-01,Open Auction - BFM,SmartyAds,—,SmartyAds - Web (Taboola),,37.55
2025-07-01,Open Auction - BFM,—,—,F0034001 CENTRAL FOX CAJAS ENE 25 v2,,0.0
2025-09-01,DSP Marketplace - BFM,Bidswitch,—,Bidswitch Deal - Display (Bucksense Allow list),938609448678,0.0
2025-07-01,DSP Marketplace - BFM,Octillion,—,Octillion Deal - CTV - Outside TV,976384276754,1.61
2025-12-01,Select - BFM,Adtelligent,A+E Networks,Adtilligent Deal,AENet1,0.0
2025-07-01,DSP Marketplace - BFM,Viant,—,Viant Deal - CTV - Xite-Vevo,523575281782,0.41
2025-10-01,DSP Marketplace - BFM,Epsilon (Conversant),—,Conversant Deal - InApp - RON,116367070037,298.23
2025-09-01,Select - BFM,Stirista,Audigent,Audigent & Beachfront - AUD-066529 - Optimum Media - Multiple Brands - CTV ContextualPMP - English Language US - ctv,Audig1779,0.26
2025-12-01,DSP Marketplace - BFM,Xandr,BFM Internal,Xandr Deal - CTV (MiQ Canada RON),418366376674,0.0
2025-08-01,Open Auction - BFM,—,—,SmartyAds - (Seedtag),,0.0
2025-08-01,DSP Marketplace - BFM,JamLoop OpenRTB,—,0,948945611529,0.0
2026-07-01,DSP Marketplace - BFM,TheTradeDesk,BFM Internal,TTD Deal - Bully Pulpit - Selected CTV,941795873183,192.24
2026-08-01,DSP Marketplace - BFM,DV360,Beachfront Deal Curation,Seedtag NeuroX | Always-On | Top Executives - Connected TV,STNXCTV012,1.23
2025-10-01,DSP Marketplace - BFM,MadHive,BFM Internal,MadHive - CTV - Philo Bundle Override (Price Targeted),MH33,1779.97
2025-09-01,DSP Marketplace - BFM,IQM,—,IQM Deal - CTV - Battle States - Michigan MI - Politics Allowed (Deal Library),BFM072,0.0
2025-11-01,DSP Marketplace - BFM,TheTradeDesk,BFM Internal,TTD Deal - CTV - Goodway Group (<$15),778377951937,9793.2
2025-10-01,DSP Marketplace - BFM,Basis Technologies,Beachfront Deal Curation,Basis Deal - CTV - Skechers 2025 - Women 45+ - Reality,711907073746,161.21
2025-07-01,DSP Marketplace - BFM,4INFO,—,4INFO Deal - CTV - T1 Indirect - (ID),604331713250,0.0
2025-07-01,DSP Marketplace - BFM,Epsilon (Conversant),Beachfront Deal Curation,Conversant Cannabis Category Targeting - Video/CTV,Beach111,1510.3
2025-08-01,Select - BFM,TheTradeDesk,Media Culture,Court TV,Media11,6.19
2025-09-01,Select - BFM,TheTradeDesk,Aki,Aki Deal - CTV - At Home Workouts (Health and Wellness),Aki27,0.0
2025-09-01,DSP Marketplace - BFM,SimpliFi,—,Simplifi Deal - Obsession Media CTV,259169976588,0.07
2025-08-01,Open Auction - BFM,Zeta DSP,—,Bidswitch - MW - 1st Price (HB),,0.01
2026-07-01,Open Auction - BFM,Zeta DSP,—,Bidswitch - APP 1st Price,,65.89
2026-07-01,Open Auction - BFM,Zeta DSP,—,Bidswitch - CTV - 1st Price,,4786.58
2026-07-01,DSP Marketplace - BFM,Yahoo DSP,Beachfront Deal Curation,New Media CTV/OTT RON - Yahoo,378043004864,5760.92
2026-08-01,DSP Marketplace - BFM,Beeswax,Beachfront Deal Curation,Datafy - Holiday Travel Seasonal - Q4,Datafy6204970307,2.93
2026-08-01,DSP Marketplace - BFM,TheTradeDesk,BFM Internal,TTD Deal - CTV - MiQ Fubo Extension,770425332965,30.22
2026-08-01,Open Auction - BFM,TheTradeDesk,—,TTD - CTV (1st Price),,10278.65
2026-08-01,DSP Marketplace - BFM,Viant,—,Viant - Linear (Adults),316829879699,0.0
2025-11-01,DSP Marketplace - BFM,TheTradeDesk,Beachfront Deal Migration,TTD Deal - Holiday/Shopping CTV (Deal Library) - Genre - Goodway,774408369864,471.9
2025-07-01,DSP Marketplace - BFM,PulsePoint,—,Pulsepoint Deal - CTV - Innovid Test,858893427768,0.0
2025-11-01,DSP Marketplace - BFM,Beeswax,Beachfront Deal Curation,"Datafy - Entertainment, Video-Level Contextual - Q4",Datafy2255792809,11714.82
2025-10-01,Open Auction - BFM,Viant,—,Viant - MW,,13422.9
2025-11-01,Select - BFM,Xandr,Quorum,Quorum Optimized > MSFT > High Index Zips - Sonic Visitors - CTV,Quoru82,0.0
2025-11-01,Open Auction - BFM,—,—,0,,1056.5
2025-07-01,DSP Marketplace - BFM,Basis Technologies,—,Basis Deal - (All Spanish CTV/OTT),141086649977,0.0
2025-11-01,Open Auction - BFM,—,—,Nagios Monitor - DO NOT DISABLE,,0.0
2025-08-01,DSP Marketplace - BFM,Viant,—,Viant Deal - CTV - FuseTV,210445449459,330.08
2025-12-01,Select - BFM,Bidswitch,QRate,QrateUS_Guatemala_CTV,QRate20,0.0
2025-12-01,Select - BFM,Bidswitch,Quorum,"Quorum > Fashion, Beauty, and Wellness > Physical Visitors",Quoru194,0.0
2025-09-01,DSP Marketplace - BFM,Basis Technologies,Beachfront Deal Curation,Basis Deal - OTT - Skechers 2025 - Men 45+ - News,850505153503,2834.69
2025-09-01,DSP Marketplace - BFM,—,Beachfront Deal Curation,MadHive Deal - CTV RON,,0.0
2026-08-01,DSP Marketplace - BFM,Epsilon (Conversant),Beachfront Deal Curation,Conversant - Seedtag Q1 Tentpole - New Year New Me - Contextual CTV,Beach207,0.0
2026-08-01,Open Auction - BFM,Krush Media,—,Krush Media Web Display,,0.26
2026-08-01,Open Auction - BFM,Pubmatic,—,0,,0.0
2025-07-01,DSP Marketplace - BFM,Samsung DSP,Beachfront Deal Curation,SamsungAds Efficiency Line,314668390400,21.32
2025-11-01,DSP Marketplace - BFM,MadHive,—,MadHive Deal - CTV - Fubo - No Content Data,214226211548,1575.37
2025-07-01,Open Auction - BFM,Marketing Architects -RTB,—,Marketing Architects - PlayerWON,,1.08
2025-07-01,Select - BFM,Viant,Sightly,MyFitnessPal,Sight18,0.0
2025-08-01,Open Auction - BFM,DV360,—,Bidswitch - Seedtag,,19386.4
2025-10-01,Open Auction - BFM,OnSpot Data,—,Bidswitch - Desktop - 1st Price (HB),,68.97
2025-10-01,DSP Marketplace - BFM,Viant,Beachfront Deal Migration,Viant Deal - CTV (Premium),677072730087,5935.86
2025-10-01,Select - BFM,Viant,Sightly,MyFitnessPal,Sight18,0.0
2025-08-01,Select - BFM,DV360,IRIS,IRIS.TV - OMD - National Guard - Contextual CTV_BFM,IRIS00269,245.7
2025-08-01,Select - BFM,Viant,Audigent,Audigent & Beachfront - AUD-066527 - Optimum Media - Multiple Brands - CTV ContextualPMP - Basketball US - ctv,Audig1791,0.0
2025-11-01,DSP Marketplace - BFM,Basis Technologies,Beachfront Deal Curation,Basis Deal - OTT - Skechers 2025 - Men 45+ - News,850505153503,396.23
2025-07-01,Open Auction - BFM,Beeswax,—,Beeswax - CTV - Open Auction EAST,,9290.54
2025-07-01,Select - BFM,TheTradeDesk,SilverBack,TTD Deal - OLV - Silverback (RON) - Select,364776817346,1140.42
2025-09-01,Select - BFM,Viant,IRIS,IRIS.TV - Viant - Pets CTV_BFM,IRIS00295,26.35
2025-11-01,DSP Marketplace - BFM,StackAdapt,Beachfront Deal Migration,StackAdapt Deal - CTV - Efficiency Monitoring,443119806437,398.13
2025-11-01,DSP Marketplace - BFM,StackAdapt,Beachfront Deal Migration,StackAdapt Deal - CTV - Political,534891672291,294.12
2025-12-01,Select - BFM,Bidswitch,MultiLocal,mCanvas_mlm_Roku_BR_CTV_BF_MLMBRID7304,Multi44,0.0
2025-08-01,Open Auction - BFM,IPONWEB BidCore,—,Bidswitch - Desktop - 1st Price (HB),,2.3
2025-11-01,Select - BFM,AdElement,Quorum,Quorum > Boat Enthusiasts > Physical Visitors,Quoru191,0.0
2025-08-01,Open Auction - BFM,Zeta DSP,—,Bidswitch - Seedtag,,0.01
2025-11-01,Select - BFM,Quantcast,Quorum,Quorum > Halloween Shoppers > Physical Visitors,Quoru196,0.0
2025-12-01,Open Auction - BFM,—,—,F0041876 MASL MIL VS KAN SAN VS EMP VIERNES 20,,0.0
2025-09-01,DSP Marketplace - BFM,Viant,Beachfront Deal Migration,0,918860075162,0.0
2026-07-01,DSP Marketplace - BFM,LoopMe,Beachfront Deal Curation,LoopMe - CTV - Live Sports,LoopMe1348234,0.0
2026-08-01,DSP Marketplace - BFM,Basis Technologies,BFM Internal,Basis Deal - CTV - All Supply w/ Network Data,BFM037,5.27
2026-08-01,DSP Marketplace - BFM,Bidswitch,Beachfront Deal Curation,Seedtag NeuroX | Always-On | Active Aging & Senior Wellness Experts - Connected TV,STNXCTV039,0.0
2026-08-01,DSP Marketplace - BFM,SmartyAds,Beachfront Deal Curation,SmartyAds - 70%+ viewability Deal,Beach271,0.05
2026-08-01,DSP Marketplace - BFM,Viant,Beachfront Deal Curation,Viant - Whoop AUS - Competitive Wearable Users Audience - CTV Deal,Beach228,1.85
2025-07-01,Open Auction - BFM,MadHive,—,Madhive - MW,,3.51
2025-07-01,DSP Marketplace - BFM,MadHive,BFM Internal,MadHive - CTV - Fox Television Stations Bundle Override,831874983072,3165.77
2025-11-01,Select - BFM,TheTradeDesk,Strategus,Strategus - TTD Deal - Tubi - Bundle List - CTV,Strat70,13.06
2025-10-01,Open Auction - BFM,Bidswitch,—,Bidswitch - CTV - 1st Price,,14.14
2025-12-01,Open Auction - BFM,OnSpot Data,—,Bidswitch - Seedtag,,1.73
2025-08-01,Open Auction - BFM,LoopMe,—,LoopMe DSP Lottery Campaign copy (deal mimic),,5933.56
2025-12-01,DSP Marketplace - BFM,MadHive,BFM Internal,MadHive - CTV - Plex (Price Targeted),MH37,256.16
2025-09-01,DSP Marketplace - BFM,4INFO,—,Cadent_CMDY_(Cable)_PMP_Testv2,928721493235,0.0
2025-09-01,DSP Marketplace - BFM,4INFO,—,Cadent_E!_PMP_Testv2,302139357846,0.0
2025-09-01,DSP Marketplace - BFM,4INFO,—,Cadent_Scripps_PMP,233708668555,0.0
2025-07-01,DSP Marketplace - BFM,Epsilon (Conversant),—,Conversant Deal - InApp - RON,116367070037,354.2
2025-07-01,Open Auction - BFM,IPONWEB BidCore,—,Bidswitch - APP,,0.0
2026-08-01,Select - BFM,Beeswax,Simulmedia,Simulmedia Beeswax Connection Rewarded (new),Simul3,0.0
2026-08-01,Open Auction - BFM,Zeta DSP,—,Bidswitch - CTV (AMC),,0.0
2025-09-01,DSP Marketplace - BFM,GroundTruth,Beachfront Deal Curation,GroundTruth Sensitive Category Deal - Nicotine - Desktop,Beach120,14.49
2025-08-01,Open Auction - BFM,SimpliFi,—,SimpliFi - APP [Display],,3700.97
2025-09-01,Open Auction - BFM,Adform,—,Bidswitch - CTV - 1st Price,,0.0
2025-09-01,Open Auction - BFM,DV360,—,Bidswitch - Desktop - 1st Price (HB),,398.44
2025-11-01,Open Auction - BFM,Inspiritum,—,Bidswitch - APP Display,,0.0
2025-08-01,Open Auction - BFM,StackAdapt,—,StackAdapt - CTV - Open Auction (Canada),,2173.14
2025-09-01,DSP Marketplace - BFM,TheTradeDesk,—,TTD Deal - CTV (MIQ Political Allowed),672354224091,0.0
2025-08-01,Select - BFM,Bidswitch,33Across,33Across Deal - Display - RTB House - Fashion,33Acr14,0.0
2025-08-01,DSP Marketplace - BFM,MadHive,Beachfront Deal Curation,Madhive Deal - CTV - Spanish Language Targeting,339126935910,42.41
2025-11-01,Select - BFM,Xandr,Quorum,Quorum Optimized > MSFT > High Index Zips - Dick's Sporting Goods Visitors - CTV,Quoru41,0.49
2025-09-01,Open Auction - BFM,TheTradeDesk,—,TTD - CTV - oRTB (Canada),,6337.79
2025-07-01,DSP Marketplace - BFM,Viant,Beachfront Deal Migration,Viant Deal - CTV (Premium),677072730087,801.21
2025-12-01,DSP Marketplace - BFM,Octillion,—,Octillion Deal - CTV - Univision,370633388408,1703.57
2025-11-01,Select - BFM,Bidswitch,Infillion Demand,Signet | Male Self Gifters | Desktop & Mobile,SignetInfilGiftBeachDeskMob,0.0
2025-12-01,Select - BFM,Viant,IRIS,IRIS.TV - Viant - College Basketball CTV_BFM,IRIS00309,15.02
2025-12-01,DSP Marketplace - BFM,Bidswitch,—,Bidswitch Deal - Zeta - Display - Women 18-34,946118809875,0.0
2025-08-01,Select - BFM,TheTradeDesk,Aki,Aki Deal - CTV - Binge Watching,Aki3,9.66
2025-12-01,DSP Marketplace - BFM,Epsilon (Conversant),Beachfront Deal Curation,Conversant Deal - CTV -  Political Moderates,897851890984,0.0
2025-12-01,DSP Marketplace - BFM,TheTradeDesk,Beachfront Deal Migration,TTD Deal - CTV - MiQ Fubo,770425332965,293.3
2025-08-01,DSP Marketplace - BFM,Beeswax,Beachfront Deal Migration,Beeswax Deal - CTV - AudienceXpress - RON,765218873628,539.81
2025-09-01,DSP Marketplace - BFM,Octillion,Beachfront Deal Migration,Octillion Deal - CTV - Paramount,976384276767,73.2
2025-07-01,DSP Marketplace - BFM,StackAdapt,—,StackAdapt Deal - CTV - CNN Newsource,122820292944,324.83
2026-07-01,DSP Marketplace - BFM,Bidswitch,Beachfront Deal Curation,Seedtag NeuroX | Always-On | Chronic Condition Managers - Connected TV,STNXCTV028,0.0
2025-08-01,Select - BFM,Xandr,Quorum,Quorum Optimized > MSFT > High Index Zips - Jack In The Box Visitors - CTV,Quoru98,0.1
2025-10-01,Open Auction - BFM,Webeye,—,Bidswitch - APP 1st Price,,0.05
2025-10-01,Open Auction - BFM,Walmart,—,TTD - MW - 1st Price (HB),,219.65
2025-11-01,DSP Marketplace - BFM,StackAdapt,—,StackAdapt Deal - CTV (Spanish Language),298330405897,127.04
2025-08-01,DSP Marketplace - BFM,Basis Technologies,—,Basis Deal - Network CTV (Hearst News),BFMNET004,0.17
2025-11-01,Select - BFM,Xandr,Quorum,Quorum Optimized > MSFT > High Index Zips - Audi Dealership Visitors - CTV,Quoru110,0.0
2025-07-01,DSP Marketplace - BFM,StackAdapt,—,StackAdapt Deal - CTV (Premium),109040994585,12.31
2025-07-01,DSP Marketplace - BFM,StackAdapt,Beachfront Deal Curation,StackAdapt Deal - CTV - Local News - Political,BFMSA002,17.71
2025-11-01,Open Auction - BFM,TheTradeDesk,—,TTD Deal - In Market Subaru - CTV,551196808383,0.0
2025-10-01,DSP Marketplace - BFM,4INFO,—,Cadent_FOX_Broadcast_National_PMP,775906525872,0.0
2026-07-01,Open Auction - BFM,DV360,—,Bidswitch - APP 1st Price,,0.43
2026-07-01,DSP Marketplace - BFM,GroundTruth,Beachfront Deal Curation,GroundTruth Sensitive Category Deal - Nicotine - CTV,Beach119,0.73
2026-07-01,DSP Marketplace - BFM,StackAdapt,Beachfront Deal Curation,StackAdapt_Standard Inventory Packages_Beachfront_2025_LDA Approved,Beach170,405.67
2026-07-01,Select - BFM,TheTradeDesk,Aki,Aki Deal - CTV -  RON,Aki1,13220.77
2026-07-01,Open Auction - BFM,Yahoo DSP,—,Yahoo - CTV - Open Auction- Efficiency Monitoring,,1105.07
2025-09-01,DSP Marketplace - BFM,DeepIntent,Beachfront Deal Curation,DeepIntent deal - CTV - Live Sports,344231282914,15.84
2025-08-01,DSP Marketplace - BFM,Octillion,Beachfront Deal Migration,Octillion Deal - CTV - Newsy,376929459164,133.85
2025-12-01,Open Auction - BFM,GroundTruth,—,GroundTruth Video CTV,,119.19
2025-08-01,DSP Marketplace - BFM,DV360,—,Bidswitch Deal - Display (Bucksense Allow list),938609448678,0.0
2025-08-01,DSP Marketplace - BFM,Octillion,—,Octillion Deal - CTV - A&E - Network Targeting,747279147159,117.64
2025-11-01,Open Auction - BFM,SmartyAds,—,SmartyAds - (Seedtag),,0.01
2025-12-01,DSP Marketplace - BFM,Octillion,Beachfront Deal Migration,Octillion Deal - CTV - Fubo,747279147179,816.21
2025-07-01,Select - BFM,TheTradeDesk,Aki,Aki Deal - CTV - Staying Informed Moments,Aki20,209.22
2025-07-01,DSP Marketplace - BFM,GroundTruth,Beachfront Deal Curation,GroundTruth - Deal - CTV - Chromecast,BFMGT003,1.23
2025-07-01,DSP Marketplace - BFM,IQM,—,IQM Deal - CTV - Battle States - Minnesota MN - Politics Allowed (Deal Library),BFM076,0.09
2025-10-01,Select - BFM,Viant,Quorum,Quorum Optimized > Viant > High Index Zips - JCPenny Visitors - Banner,Quoru180,2.19
2025-11-01,DSP Marketplace - BFM,StackAdapt,Beachfront Deal Migration,StackAdapt Deal - CTV - Hispanic Audience,160021598282,566.62
2025-11-01,Select - BFM,Viant,Quorum,Quorum Optimized > Viant > High Index Zips - New & Used Automotive Dealer Visitors - CTV,Quoru45,0.0
2025-07-01,Select - BFM,DV360,IRIS,GumGum - Cendyn - Royalton - Contextual CTV_BFM,IRIS00289,10.56
2025-09-01,Select - BFM,Viant,Audigent,Audigent & Beachfront - AUD-066527 - Optimum Media - Multiple Brands - CTV ContextualPMP - Tennis US - ctv,Audig1794,0.0
2025-11-01,Select - BFM,AdElement,Quorum,Quorum > Halloween Shoppers > Physical Visitors,Quoru196,0.0
2025-10-01,DSP Marketplace - BFM,Adtheorent,Beachfront Deal Curation,BigHappy Mobile Web RON - Display,BigHappy01734,0.17
2025-11-01,DSP Marketplace - BFM,StackAdapt,Beachfront Deal Migration,0,443119806437,0.0
2026-07-01,DSP Marketplace - BFM,Epsilon (Conversant),Beachfront Deal Curation,Conversant Deal - CTV - Live Sports RON,810716829549,19.9
2026-07-01,Open Auction - BFM,Unruly,—,Unruly CTV Video,,0.0
2026-07-01,DSP Marketplace - BFM,Viant,Beachfront Deal Curation,Viant - Jetsetters & Travel Enthusiasts -  Liz,584972780815,0.0
2026-07-01,DSP Marketplace - BFM,Viant,Beachfront Deal Curation,Viant Deal - CTV - Roku Devices,193951448044,0.87
2026-08-01,DSP Marketplace - BFM,Beeswax,BFM Internal,Beeswax Deal - CTV - Sensitive (Non-Cannabis),343539490451,0.0
2026-08-01,DSP Marketplace - BFM,GroundTruth,Beachfront Deal Curation,MLB - CTV - Contextual - Tentpole Deal - GroundTruth,Beach140,0.04
2026-08-01,DSP Marketplace - BFM,Viant,Beachfront Deal Migration,Viant Deal - CTV - Golf (Master&#039;s Enthusiast Segment),408551131456,5.94
2025-12-01,DSP Marketplace - BFM,GroundTruth,—,GroundTruth Deal - CTV Univision Philo - 90% VCR,480630561397,317.79
2025-09-01,Open Auction - BFM,SimpliFi,—,SimpliFi - Web (1st Price),,6174.27
2025-07-01,DSP Marketplace - BFM,MadHive,BFM Internal,MadHive - CTV - Xumo (Price Targeted),MH35,128.26
2026-07-01,Open Auction - BFM,Yahoo DSP,—,SEEDTAG (DON'T USE),,2267.57
2025-08-01,Select - BFM,Viant,Audigent,Audigent & Beachfront - AUD-066527 - Optimum Media - Multiple Brands - CTV ContextualPMP - Tennis US - ctv,Audig1794,0.0
2025-08-01,DSP Marketplace - BFM,Beeswax,—,Beeswax Deal - CTV - Datafy - Hispanic Inventory,976376076665,1852.04
2025-12-01,Open Auction - BFM,Basis Technologies,—,Basis - CTV - oRTB - (Canada),,111.09
2025-09-01,DSP Marketplace - BFM,Basis Technologies,—,Basis Deal - RON Cannabis Approved,BFM016,0.31
2025-07-01,Open Auction - BFM,Sharethrough,—,0,,0.0
2026-07-01,Open Auction - BFM,Lemma DSP,—,Lemma DSP Inapp Video,,43.29
2026-07-01,DSP Marketplace - BFM,StackAdapt,Beachfront Deal Curation,StackAdapt_Standard Inventory Packages_Beachfront_2025_60 Second Placements,Beach173,2361.35
2026-07-01,Open Auction - BFM,Stirista,—,Stirista - Open Auction - OLV (InApp),,2.74
2026-08-01,DSP Marketplace - BFM,SmartyAds,Beachfront Deal Curation,SmartyAds - Summer Holidays & Travel - 2026 Deal,Beach257,0.01
2026-08-01,Open Auction - BFM,Walmart,—,TTD - Desktop [Display],,0.47
2025-08-01,Select - BFM,Xandr,Quorum,Quorum Optimized > MSFT > High Index Zips - Ford/Lincoln Dealership Visitors - CTV,Quoru116,0.0
2025-07-01,Select - BFM,StackAdapt,Audigent,Audigent & Beachfront - AUD-066596 - PMG - Experian - CTV SmartPMP - High Credit Card Score US - ctv,Audig1803,2225.3
2025-12-01,DSP Marketplace - BFM,MadHive,BFM Internal,MadHive - CTV - Xumo (Price Targeted),MH35,194.41
2025-08-01,Select - BFM,Beeswax,Simulmedia,PlayerWON-Ribeye-GFN-FY25,PlayerWONRibeyeGFNFY25,0.0
2025-12-01,Open Auction - BFM,Marketing Architects -RTB,—,Marketing Architects - OTT,,1302.93
2025-12-01,Select - BFM,Viant,IRIS,IRIS.TV - Viant - Altria - Contextual CTV_BFM,IRIS00369,4729.99
2025-07-01,DSP Marketplace - BFM,Basis Technologies,Beachfront Deal Curation,Basis Deal - CTV - Skechers 2025 - Women 45+ - Reality,711907073746,3403.23
2025-07-01,Open Auction - BFM,Walmart,—,TTD - CTV (LG Ads Only),,287.07
2025-10-01,Select - BFM,Xandr,Quorum,Quorum Optimized > MSFT > High Index Zips - Dunkin Donuts Visitors - CTV,Quoru62,0.15
2025-08-01,DSP Marketplace - BFM,Basis Technologies,Beachfront Deal Curation,Basis Deal - CTV - Skechers 2025 - Men 45+ - Sports,558690500585,960.38
2025-11-01,Select - BFM,Viant,Quorum,Quorum Optimized > Viant > High Index Zips - JCPenny Visitors - CTV,Quoru181,0.0
2025-11-01,Open Auction - BFM,Beeswax,—,0,118866276082,0.0
2025-12-01,Select - BFM,AdElement,Infillion Demand,Pulte RON - Display 2,InfPulteRON2,0.0
2025-10-01,Open Auction - BFM,—,—,LEAP 2025 Improve SA Campaigns,,0.0
2026-07-01,Select - BFM,Basis Technologies,IRIS,IRIS.TV - Basis - Outdoor/Sports - CTV_BFM,IRIS00060,1318.28
2026-07-01,Open Auction - BFM,Infillion,—,Bidswitch - APP Display,,0.34
2026-08-01,DSP Marketplace - BFM,IQM,BFM Internal,IQM - CTV - AMC Network - Channel - Adjusted - Politics Allowed,IQM002,0.0
2026-08-01,DSP Marketplace - BFM,TheTradeDesk,BFM Internal,TTD Deal - Food Lion - CTV (RON),569371033244,0.0
2025-10-01,Open Auction - BFM,Marketing Architects -RTB,—,Marketing Architects - PlayerWON,,0.1
2025-10-01,DSP Marketplace - BFM,SimpliFi,—,Simpli.Fi Deal - CTV - Political Allowed (TEGNA),420531083816,122.69
2025-09-01,DSP Marketplace - BFM,StackAdapt,Beachfront Deal Curation,StackAdapt_Standard Inventory Packages_Beachfront_2025_Sports (General),Beach157,72.83
2025-07-01,Select - BFM,Xandr,Quorum,Quorum Optimized > MSFT > High Index Zips - KFC Visitors - Banner,Quoru63,0.0
2025-11-01,Select - BFM,TheTradeDesk,Strategus,Strategus Deal - CTV - Non-political inventory,Strat30,105.28
2025-10-01,Open Auction - BFM,DV360,—,Bidswitch - CTV - 1st Price,,29565.13
2025-10-01,DSP Marketplace - BFM,MadHive,BFM Internal,MadHive - CTV - Fox Television Stations Bundle Override,831874983072,7337.92
2025-10-01,Open Auction - BFM,Quantcast,—,Bidswitch - MW [Display],,0.0
2025-12-01,Select - BFM,Bidswitch,Infillion Demand,Signet | Male Self Gifters | Desktop & Mobile,SignetInfilGiftBeachDeskMob,0.0
2025-08-01,DSP Marketplace - BFM,TheTradeDesk,Beachfront Deal Migration,TTD Deal - CTV ($15 MiQ) (Walmart),176619450572,0.0
2025-11-01,Select - BFM,Viant,IRIS,Viant - Coinstar CTV_BFM,IRIS00355,0.0
2025-08-01,Open Auction - BFM,—,—,F0034637 MLS GEN ESTROBO TALENTOS 30s,,0.0
2026-07-01,DSP Marketplace - BFM,Bidswitch,Beachfront Deal Curation,Seedtag NeuroX | Always-On | Tech Innovation & Gadget Content Enthusiasts - Connected TV,STNXCTV035,0.0
2026-08-01,Open Auction - BFM,DV360,—,Bidswitch - CTV (AMC),,1.01
2025-09-01,DSP Marketplace - BFM,Octillion,—,Octillion Deal - CTV - A&E - Network Targeting,747279147159,67.11
2025-09-01,DSP Marketplace - BFM,4INFO,—,Cadent_FOXNC_News_PMP,202126296303,0.0
2025-09-01,DSP Marketplace - BFM,Beeswax,—,Beeswax Deal - VideoAmp - CTV - Always On,112854873831,776.88
2025-07-01,Select - BFM,Xandr,Quorum,Quorum Optimized > MSFT > High Index Zips - Wingstop Visitors - CTV,Quoru80,0.12
2025-10-01,Open Auction - BFM,Krush Media,—,Krush Media Inapp Video,,0.0
2025-11-01,Select - BFM,TheTradeDesk,Media Culture,Mathnasium Canada,MC_MATH_CA_CTV,0.72
2025-11-01,Open Auction - BFM,Unruly,—,Unruly Web Display (Desktop Only),,0.0
2025-12-01,DSP Marketplace - BFM,MadHive,—,Madhive Deal - CTV Genre Sports,BFM021,519.79
2025-08-01,DSP Marketplace - BFM,Bidswitch,—,Bidswitch Deal - Display (Bucksense Allow list),938609448678,0.0
2025-08-01,Open Auction - BFM,MadHive,—,MadHive - CTV - 1st Price,,3464.43
2025-08-01,DSP Marketplace - BFM,StackAdapt,—,StackAdapt Deal - CTV (Holiday & Shopping CTV - Deal Library),BFM035,0.0
2025-10-01,DSP Marketplace - BFM,Viant,—,Viant - Linear (Sports),598949723631,5094.0
2025-12-01,Select - BFM,Bidswitch,MultiLocal,mCanvas_mlm_CSA_DE_CTV_BF_MLMBRID7214,Multi31,0.0
2025-08-01,DSP Marketplace - BFM,Basis Technologies,Beachfront Deal Curation,Basis Deal - CTV - Skechers 2025 - Women 45+ - Entertainment,105507977165,2967.02
2025-07-01,Select - BFM,Inspiritum,Infillion Demand,Pulte RON - Display 2,InfPulteRON2,0.0
2025-09-01,Select - BFM,TheTradeDesk,Media Culture,NewsMax,Media23,0.84
2025-07-01,DSP Marketplace - BFM,StackAdapt,Beachfront Deal Migration,StackAdapt Deal - CTV - Political - Efficiency,534891672291,0.29
2025-11-01,Open Auction - BFM,—,—,Centro Video Web (1st Price),,0.0
2025-09-01,Open Auction - BFM,—,—,SimpliFi - Seedtag,,0.0
2026-07-01,DSP Marketplace - BFM,Bidswitch,Beachfront Deal Curation,Seedtag NeuroX | Always-On | Smart Personal Finance Managers - Connected TV,STNXCTV014,0.0
2026-08-01,DSP Marketplace - BFM,Viant,Beachfront Deal Curation,Viant - Whoop AUS - F1 Fans (High Achiever Audience) - CTV Deal,Beach232,0.21
2025-08-01,DSP Marketplace - BFM,JamLoop OpenRTB,BFM Internal,Jamloop Deal - CTV - Network-Override-CBS Extension,JL001,1997.88
2025-08-01,DSP Marketplace - BFM,SimpliFi,BFM Internal,SimpliFi Deal - OLV (RON),178331162810,0.05
2025-07-01,DSP Marketplace - BFM,StackAdapt,Beachfront Deal Curation,StackAdapt_Standard Inventory Packages_Beachfront_2025_[Allows CBD],Beach159,0.04
2025-07-01,Open Auction - BFM,SundaySky,—,SundaySky - Desktop - 1st Price,,5254.21
2025-08-01,DSP Marketplace - BFM,StackAdapt,—,StackAdapt Deal - MW (70%+ Viewability),350818728459,142.12
2025-09-01,DSP Marketplace - BFM,4INFO,—,4INFO Deal - CTV - DEI,CADENT024BET,0.0
2025-11-01,DSP Marketplace - BFM,Yahoo DSP,Beachfront Deal Curation,Yahoo - OLV - Live Sports Deal - Digital Remedy,672530948112,0.0
2025-12-01,Open Auction - BFM,IPONWEB BidCore,—,Bidswitch - CTV - 1st Price,,218.56
2025-09-01,Open Auction - BFM,—,—,Nagios Monitor - DO NOT DISABLE,,0.0
2025-11-01,Open Auction - BFM,SmartyAds,—,SmartyAds - CTV (Streaming Apps),,313.96
2025-09-01,DSP Marketplace - BFM,Viant,Beachfront Deal Migration,Viant Deal - CTV - Political Approved Pubs RON,554902786103,22869.01
2025-08-01,DSP Marketplace - BFM,4INFO,—,Cadent_Philo_PMP,953685820466,0.0
2025-07-01,Select - BFM,Sportradar,SportsRadar,Beachfront - India - CTV - No kids,BeachfrontCTVIndia,0.39
2025-08-01,DSP Marketplace - BFM,SimpliFi,Beachfront Deal Curation,Simpli.Fi Deal - CTV - TCL,547546029077,0.04
2025-08-01,Select - BFM,Viant,IRIS,IRIS.TV - Viant - Family & Relationships CTV_BFM,IRIS00316,322.89
2025-12-01,Select - BFM,—,Camelot,PMG - LG Ads,PMGLGAds,0.0
2026-07-01,Open Auction - BFM,Bidswitch,—,Bidswitch - APP 1st Price,,0.0
2026-07-01,Open Auction - BFM,Madopi,—,Bidswitch - CTV - 1st Price,,0.09
2026-07-01,Open Auction - BFM,Walmart,—,TTD - Desktop - 1st Price (HB),,23.02
2026-08-01,DSP Marketplace - BFM,DV360,Beachfront Deal Curation,Seedtag NeuroX | Always-On | Sustainability & Energy Experts - Connected TV,STNXCTV003,0.5
2026-08-01,Open Auction - BFM,Walmart,—,TTD - CTV (1st Price),,13.58
2026-08-01,Select - BFM,Yahoo DSP,Camelot,Yahoo - Curated CTV,PMGCuratedCTV,1830.55
2025-09-01,Open Auction - BFM,Quantcast,—,Bidswitch - Desktop [Display],,1.05
2025-09-01,DSP Marketplace - BFM,StackAdapt,Beachfront Deal Migration,StackAdapt Deal - CTV - Sports Genre + Live Sports,983805237051,311.17
2025-11-01,Open Auction - BFM,TheTradeDesk,—,TTD - Desktop - 1st Price (HB),,3117.68
2025-07-01,DSP Marketplace - BFM,Octillion,Beachfront Deal Migration,Octillion Deal - CTV - Hispanic,649700474243,749.99
2025-11-01,DSP Marketplace - BFM,Viant,Beachfront Deal Migration,Viant Deal - Charter,310648224343,352.05
2025-08-01,DSP Marketplace - BFM,4INFO,—,4INFO Deal - CTV - T1 Indirect - (BET),040759591379,0.0
2025-10-01,DSP Marketplace - BFM,GroundTruth,Beachfront Deal Curation,GroundTruth Deal - Mobile App - Always On - Display,Beach192,44.84
2025-10-01,Select - BFM,TheTradeDesk,Aki,Aki Deal - CTV - Staying Informed Moments,Aki20,0.0
2025-10-01,DSP Marketplace - BFM,Epsilon (Conversant),Beachfront Deal Curation,Conversant Cannabis Category Targeting - Video/CTV,Beach111,1524.28
2025-09-01,DSP Marketplace - BFM,StackAdapt,Beachfront Deal Curation,StackAdapt_Standard Inventory Packages_Beachfront_2025_Spanish Inventory,Beach171,0.0
2025-07-01,DSP Marketplace - BFM,Beeswax,—,Beeswax Deal - OLV - Cannabis Allowed,730046772236,0.29
2025-07-01,Open Auction - BFM,Epsilon (Conversant),—,Conversant AMC CTV (205656),,112.36
2025-12-01,Open Auction - BFM,OnSpot Data,—,Bidswitch - CTV (Charter),,0.15
2025-12-01,Open Auction - BFM,Epsilon (Conversant),—,Conversant - CTV - Open Auction (Charter),,0.02
2025-08-01,DSP Marketplace - BFM,Basis Technologies,—,Basis Deal - RON Cannabis Approved,BFM016,30.25
2025-09-01,Open Auction - BFM,Basis Technologies,—,Basis - CTV - oRTB - (Canada),,89.61
2025-08-01,Open Auction - BFM,Epsilon (Conversant),—,Conversant - Web - Open Auction - Display,,794.98
2025-09-01,DSP Marketplace - BFM,MadHive,—,MadHive Deal - CTV (Blue Emu),729057981120,148.51
2025-07-01,Open Auction - BFM,OnSpot Data,—,Bidswitch - Desktop - 1st Price (HB),,0.01
2025-07-01,Open Auction - BFM,Infillion,—,Bidswitch - CTV (AMC),,0.0
2026-07-01,DSP Marketplace - BFM,Bidswitch,Beachfront Deal Curation,Seedtag NeuroX | Always-On | Grocery & Food Shopping Planners - Connected TV,STNXCTV017,0.0
2026-07-01,Open Auction - BFM,Viant,—,Viant - Linear (Entertainment),,0.0
2026-08-01,DSP Marketplace - BFM,Epsilon (Conversant),Beachfront Deal Curation,Conversant - Seedtag Q1 Tentpole - President’s Day - Contextual CTV,Beach215,0.48
2025-08-01,Open Auction - BFM,—,—,F0035630 MLB PEPE SEGARRA GENERICA 2025 10,,0.0
2025-09-01,Open Auction - BFM,Inspiritum,—,Bidswitch - APP Display,,0.0
2025-07-01,Open Auction - BFM,DV360,—,0,,0.0
2025-11-01,DSP Marketplace - BFM,Bidswitch,—,Bidswitch Deal - CTV - Roku - MIQ - CA CTV (RON),662507672500,0.0
2025-08-01,Open Auction - BFM,OnSpot Data,—,Bidswitch -RTB- Getintent-Whitelist- Web Display,,0.0
2025-10-01,Open Auction - BFM,Krush Media,—,Krush Media Web Video,,491.55
2025-11-01,DSP Marketplace - BFM,Octillion,—,Octillion Deal - CTV - Univision,370633388408,1262.92
2025-09-01,Select - BFM,Xandr,IRIS,MNI - Science & Tech CTV_BFM,IRIS73,0.0
2025-09-01,Open Auction - BFM,Amazon DSP,—,Bidswitch - MW [Display],,0.0
2025-12-01,Open Auction - BFM,Amazon DSP,—,Bidswitch - Seedtag,,20363.39
2025-12-01,Open Auction - BFM,Knorex,—,Bidswitch - APP,,0.0
2025-11-01,Select - BFM,Xandr,Quorum,Quorum Optimized > MSFT > High Index Zips - College & University Visitors - CTV,Quoru54,0.42
2025-09-01,Open Auction - BFM,—,—,Ad Theorent - Desktop/MW Display,,0.0
2025-11-01,Select - BFM,AdElement,Quorum,Quorum > Tech Shoppers > Physical Visitors,Quoru200,0.0
2025-09-01,DSP Marketplace - BFM,Beeswax,Beachfront Deal Migration,Beeswax Deal - CTV - AudienceXpress - RON,765218873628,101.11
2026-07-01,Open Auction - BFM,IPONWEB BidCore,—,Bidswitch - APP 1st Price,,0.01
2026-07-01,DSP Marketplace - BFM,Viant,Beachfront Deal Curation,Viant Live Sports CTV Deal,631904827154,0.0
2026-08-01,Open Auction - BFM,OnSpot Data,—,Bidswitch - APP 1st Price,,0.08
2026-08-01,DSP Marketplace - BFM,Epsilon (Conversant),Beachfront Deal Curation,NBA - CTV - Contextual -  Tentpole Deal - Conversant,Beach130,0.0
2026-08-01,DSP Marketplace - BFM,StackAdapt,BFM Internal,StackAdapt Deal - CTV - CNN Newsource,122820292944,0.0
2026-08-01,DSP Marketplace - BFM,StackAdapt,Beachfront Deal Curation,StackAdapt_Standard Inventory Packages_Beachfront_2025_Entertainment,Beach164,87.95
2026-08-01,DSP Marketplace - BFM,Stirista,Beachfront Deal Curation,Stirista Deal - App/Web [Display] (No Games),203052116747,0.33
2026-08-01,Open Auction - BFM,Stirista,—,Stirista - Open Auction - OLV (Web),,0.0
2025-10-01,DSP Marketplace - BFM,MadHive,BFM Internal,MadHive - CTV - Xumo (Price Targeted),MH35,389.22
2025-07-01,Open Auction - BFM,StackAdapt,—,StackAdapt - APP - Open Auction,,0.6
2025-07-01,Select - BFM,Xandr,Quorum,Quorum Optimized > MSFT > High Index Zips - Hyundai Dealership Visitors - Banner,Quoru121,0.0
2025-07-01,DSP Marketplace - BFM,Yahoo DSP,—,Yahoo Deal - CTV (Division D RON $13),344398214696,416.86
2025-11-01,Select - BFM,TheTradeDesk,Aki,Aki Deal - CTV -  RON,Aki1,5604.95
2025-12-01,DSP Marketplace - BFM,TheTradeDesk,Beachfront Deal Curation,Strategus FAST-Only CTV Deal,Strat3113031663,0.0
2025-10-01,DSP Marketplace - BFM,SimpliFi,Beachfront Deal Curation,SimpliFi Deal - CTV - A+E Networks (Obfuscation),894567458141,272.71
2025-12-01,DSP Marketplace - BFM,StackAdapt,Beachfront Deal Curation,StackAdapt_Standard Inventory Packages_Beachfront_2025_Home & Garden,Beach168,12.49
2025-12-01,Select - BFM,TheTradeDesk,Quorum,Quorum - Pet Lovers - Physical Visitors,Quoru226,0.0
2025-09-01,DSP Marketplace - BFM,Bidswitch,—,T-Ads_Display_Beachfront_Multipub_$0.5,138203852781,0.0
2025-11-01,Open Auction - BFM,Infillion,—,Bidswitch - Desktop [Display],,0.0
2025-08-01,Select - BFM,—,Strategus,TTD - Strategus - CTV - $12 and Below,,0.0
2025-09-01,Select - BFM,—,IRIS,GumGum - CrossMedia Nascar 2025 - Sports CTV_BFM,,0.0
2026-07-01,Open Auction - BFM,DBM,—,Seedtag,,3581.61
2026-07-01,DSP Marketplace - BFM,SmartyAds,Beachfront Deal Curation,SmartyAds - Sports Football - 2026 Deal,Beach253,0.0
2026-07-01,DSP Marketplace - BFM,SmartyAds,—,SmartyAds Deal - CTV (Holiday-Shopping),254822275978,101.21
2025-08-01,Open Auction - BFM,Xandr,—,Xandr CTV,,17851.59
2025-09-01,DSP Marketplace - BFM,Beeswax,Beachfront Deal Migration,Beeswax Deal - CTV - Datafy - Local News - Bundles,976376076666,258.27
2025-07-01,Open Auction - BFM,—,—,TruOptik CTV Pixel,,0.0
2025-08-01,DSP Marketplace - BFM,4INFO,—,Cadent_E!_PMP_Testv2,302139357846,0.0
2025-10-01,Open Auction - BFM,Knorex,—,Bidswitch - APP Display,,0.1
2025-09-01,DSP Marketplace - BFM,TheTradeDesk,—,TTD Deal - HavasEdge - News (CTV),444999098157,0.0
2025-12-01,Open Auction - BFM,Unruly,—,Unruly Web Display (Mobile Only),,0.0
2025-11-01,Open Auction - BFM,—,—,2511 - MGMPLUS - NOVEMBER XCH - MGMP23418-13 (SERIES),,278.13
2025-12-01,DSP Marketplace - BFM,Beeswax,Beachfront Deal Curation,SuperAwesome - Seedtag - Teens - Canada - CTV,SuperAwesome2310,0.0
2025-10-01,Open Auction - BFM,SundaySky,—,SundaySky - Desktop - 1st Price,,4015.52
2025-07-01,Open Auction - BFM,TheTradeDesk,—,TTD Deal - CTV - Chief Media Walmart (Philo),,0.0
2025-11-01,Open Auction - BFM,Krush Media,—,0,,0.0
2025-12-01,Open Auction - BFM,—,—,TTD - APP,,0.0
2025-11-01,Open Auction - BFM,IPONWEB BidCore,—,Bidswitch - APP 1st Price,,0.0
2025-07-01,Select - BFM,TheTradeDesk,IRIS,0,IRIS00303,0.0
2025-09-01,Select - BFM,—,IRIS,Viant - Sonny's BBQ - Contextual CTV_BFM,,0.0
2026-07-01,DSP Marketplace - BFM,SmartyAds,Beachfront Deal Curation,SmartyAds - Juneteenth - 2026 Deal,Beach260,1.25
2026-08-01,Select - BFM,JamLoop OpenRTB,TEGNA,Jamloop - AO - News - OTT - TEGNASOURCED 040523,TEGNA6,6.18
2025-09-01,DSP Marketplace - BFM,GroundTruth,Beachfront Deal Curation,NBA - Live - CTV - Contextual - Tentpole Deal - GroundTruth,Beach137,14.65
2025-09-01,DSP Marketplace - BFM,SimpliFi,BFM Internal,Simpli.Fi Deal - CTV - Fox Television Stations,982803901767,2420.83
2025-08-01,DSP Marketplace - BFM,IQM,—,IQM Deal - CTV - Sports RON - Politics Allowed,839419934913,13.1
2025-09-01,DSP Marketplace - BFM,MadHive,—,MadHive Deal - CTV - Fubo - No Content Data,214226211548,495.11
2025-11-01,DSP Marketplace - BFM,MadHive,Beachfront Deal Curation,Madhive Deal - CTV - Spanish Language Targeting,339126935910,267.92
2025-11-01,Open Auction - BFM,Walmart,—,TTD - Desktop - 1st Price (HB),,61.11
2025-12-01,DSP Marketplace - BFM,StackAdapt,Beachfront Deal Migration,StackAdapt Deal - CTV (Business and News),385551492251,11014.17
2025-12-01,DSP Marketplace - BFM,StackAdapt,Beachfront Deal Migration,StackAdapt Deal - CTV - Sports Genre + Live Sports,983805237051,13396.42
2025-12-01,Open Auction - BFM,Marketing Architects -RTB,—,Marketing Architects - CTV 1st Price (Hearst),,25.32
2025-12-01,Select - BFM,TheTradeDesk,Strategus,TTD - Strategus - CTV - $14 and Below,STRAT003,11.46
2025-08-01,DSP Marketplace - BFM,PulsePoint,—,Pulsepoint Deal - CTV - CMI - RON,726544942496,0.0
2025-11-01,Open Auction - BFM,Beeswax,—,Beeswax Deal - CTV - Anoki - RON - $12,996138804224,0.0
2025-07-01,DSP Marketplace - BFM,TheTradeDesk,Beachfront Deal Migration,TTD Deal - Competitive Conquest Subaru - CTV,747415045888,75732.36
2025-07-01,DSP Marketplace - BFM,DeepIntent,Beachfront Deal Curation,DeepIntent - OLV  - High VCR,730408448229,121.08
2025-10-01,Select - BFM,Xandr,Quorum,Quorum Optimized > MSFT > High Index Zips - Resorts World Visitors - CTV,Quoru50,0.55
2025-12-01,Select - BFM,Bidswitch,Quorum,Quorum > DIY Home Renovators > Physical Visitors,Quoru193,0.0
2025-08-01,Select - BFM,Bidswitch,Infillion,A+E Desktop 2 - MM,aedesktop2,0.0
2025-10-01,Open Auction - BFM,Octillion,—,0,747279147159,0.0
2026-07-01,DSP Marketplace - BFM,Adtelligent,Beachfront Deal Curation,Adtelligent Sensitive Category Deal - Nicotine - CTV,666682540156,26.96
2026-08-01,DSP Marketplace - BFM,DV360,Beachfront Deal Curation,Seedtag NeuroX | Always-On | Healthcare Decision Makers - Connected TV,STNXCTV023,0.13
2026-08-01,DSP Marketplace - BFM,GroundTruth,Beachfront Deal Curation,GroundTruth - Deal - CTV - Apple TV,BFMGT001,22.27
2026-08-01,Open Auction - BFM,SmartyAds,—,SmartyAds - CTV (Samsung),,0.63
2026-08-01,DSP Marketplace - BFM,TheTradeDesk,Beachfront Deal Migration,TTD - CTV - Captify $15 Below,730946633654,0.0
2026-08-01,Select - BFM,TheTradeDesk,MultiLocal,R&R Partners_Many_Hispanics_mlm_US_CTV_BF_MLMBRID4768,Multi11,0.0
2026-08-01,Open Auction - BFM,Zeasn,—,Philips Zeasn,,0.01
2025-09-01,DSP Marketplace - BFM,StackAdapt,Beachfront Deal Curation,StackAdapt - Business & Finance US deal,Beach163,0.32
2025-08-01,Open Auction - BFM,—,—,F0031633 PFL GENERICO 25,,0.0
2025-07-01,Open Auction - BFM,Aroscop,—,Bidswitch - APP Display,,0.0
2025-07-01,Open Auction - BFM,OnSpot Data,—,Bidswitch - CTV (Charter),,0.0
2025-11-01,Open Auction - BFM,Beeswax,—,Beeswax UR Improvement Tier 2 (Mid UR),,9649.92
2025-11-01,DSP Marketplace - BFM,Viant,—,Viant Deal - CTV (Spanish),901374116708,122.73
2025-12-01,Select - BFM,StackAdapt,Audigent,Audigent & Beachfront - AUD-066596 - PMG - Experian - CTV SmartPMP - Credit Seeking Card Switcher - High Credit Card Balance US - ctv,Audig1804,0.0
2025-10-01,Select - BFM,DV360,IRIS,GumGum - Cendyn - Royalton - Contextual CTV_BFM,IRIS00289,2258.29
2025-11-01,Select - BFM,Xandr,IRIS,MNI - Education & Research CTV_BFM,IRIS75,0.0
2025-08-01,Open Auction - BFM,Epsilon (Conversant),—,Conversant Philo CTV (125613),,797.62
2025-09-01,DSP Marketplace - BFM,Bidswitch,—,BidSwitch Deal - CTV (Plex Samsung Ads),377917241993,0.0
2025-07-01,DSP Marketplace - BFM,4INFO,—,4INFO Deal - CTV - T1 Indirect - (AMC),439710757338,0.0
2025-09-01,DSP Marketplace - BFM,Yahoo DSP,—,Yahoo Deal - CTV (Division D RON $13) - Efficiency Monitoring,344398214696,2.23
2025-08-01,Open Auction - BFM,TheTradeDesk,—,TTD - STB VOD,,0.0
2025-10-01,DSP Marketplace - BFM,StackAdapt,Beachfront Deal Curation,StackAdapt Deal - CTV - Local News - Political,BFMSA002,226.09
2025-11-01,Open Auction - BFM,Krush Media,—,Krush Media Web Video,,200.43
2025-09-01,Open Auction - BFM,IPONWEB BidCore,—,Bidswitch - Desktop - 1st Price (HB),,0.08
2025-12-01,Select - BFM,Quantcast,Infillion Demand,Pulte RON - Display 2,InfPulteRON2,0.0
2025-12-01,Select - BFM,Quantcast,Quorum,Quorum > Athletes > Physical Visitors,Quoru188,0.0
2025-12-01,Select - BFM,Quantcast,Quorum,Quorum > Christmas Shoppers > Physical Visitors,Quoru192,0.0
2026-07-01,DSP Marketplace - BFM,Bidswitch,Beachfront Deal Curation,Seedtag NeuroX | Always-On | Senior Wellness Advocates - Connected TV,STNXCTV020,0.0
2026-07-01,Open Auction - BFM,Walmart,—,TTD - CTV (LATAM),,0.24
2026-08-01,DSP Marketplace - BFM,Basis Technologies,BFM Internal,Basis Deal - CTV - All Supply w/ Channel Targeting,BFM038,28.24
2025-08-01,DSP Marketplace - BFM,IQM,—,IQM Deal - CTV - Battle States - Georgia GA - Politics Allowed (Deal Library),BFM069,0.64
2025-09-01,Select - BFM,Bidswitch,Infillion Demand,Signet | Male Self Gifters | Desktop & Mobile,SignetInfilGiftBeachDeskMob,0.0
2025-07-01,DSP Marketplace - BFM,Octillion,Beachfront Deal Migration,Octillion Deal - CTV - AMC,135878418139,1921.55
2025-11-01,Open Auction - BFM,OnSpot Data,—,Bidswitch - CTV - 1st Price (Bundle 151908),,8.41
2025-10-01,Select - BFM,TheTradeDesk,IRIS,IRIS.TV - Quantum11 - Potbelly Contextual CTV_BFM,IRIS00282,103.59
2025-10-01,DSP Marketplace - BFM,Viant,Beachfront Deal Migration,Viant Deal - CTV (Sports - All),973650277866,43.76
2025-08-01,DSP Marketplace - BFM,Viant,Beachfront Deal Curation,Viant Deal - CTV - HGTV,429035289354,0.72
2025-09-01,DSP Marketplace - BFM,Viant,Beachfront Deal Curation,Viant Deal - CTV - Walter County Tourism (Channels/Networks),196835969212,506.65
2025-09-01,Open Auction - BFM,Viant,—,Viant - CTV (Charter),,1492.93
2025-11-01,Open Auction - BFM,Yahoo DSP,—,Yahoo - CTV - Open Auction- Efficiency Monitoring,,2099.57
2025-08-01,Open Auction - BFM,Unruly,—,Unruly Web 1st Price Video (Mobile Only),,0.0
2025-12-01,Open Auction - BFM,Zeta DSP,—,Bidswitch - CTV - 1st Price,,5715.52
2025-09-01,Open Auction - BFM,IPONWEB BidCore,—,Bidswitch - APP 1st Price,,2.1
2025-09-01,Select - BFM,Xandr,Quorum,Quorum Optimized > MSFT > High Index Zips - Macy's Visitors - Banner,Quoru31,0.0
2025-08-01,Open Auction - BFM,Viant,—,Viant - MW [Display],,1977.52
2025-09-01,Open Auction - BFM,—,—,TTD - CTV (1st Price),,0.0
2025-07-01,Open Auction - BFM,Epsilon (Conversant),—,Conversant Newsy  CTV (204776),,35.01
2025-09-01,Open Auction - BFM,—,—,Viant - CTV - 1st Price,,0.0
2025-12-01,DSP Marketplace - BFM,—,Beachfront Deal Migration,Octillion Deal - CTV - EW Scripps,,0.0
2026-08-01,Select - BFM,Bidswitch,IRIS,GumGum - Cendyn - Royalton - Brand Safe CTV_BFM,IRIS00290,0.0
2026-08-01,DSP Marketplace - BFM,MadHive,Beachfront Deal Curation,MadHive Deal - CTV RON,983264025678,56.84
2026-08-01,DSP Marketplace - BFM,StackAdapt,Beachfront Deal Curation,StackAdapt Deal - CTV - Premium Pubs - Political,BFMSA003,260.33
2025-08-01,Open Auction - BFM,—,—,F0033755 UFC FSP GENÉRICA VALS-METAL 20,,0.0
2025-09-01,Open Auction - BFM,DV360,—,Bidswitch - MW - 1st Price (HB),,278.25
2025-12-01,Open Auction - BFM,DV360,—,Bidswitch - CTV - 1st Price,,21938.67
2025-12-01,Open Auction - BFM,Viant,—,Viant - CTV (Charter),,2670.03
2025-09-01,Select - BFM,Xandr,Quorum,Quorum Optimized > MSFT > High Index Zips - Wendy's Visitors - Banner,Quoru75,0.0
2025-09-01,Select - BFM,Xandr,Quorum,Quorum Optimized > Viant > High Index Zips - McDonald's Visitors - Banner,Quoru55,0.0
2025-07-01,Select - BFM,TheTradeDesk,Strategus,Strategus Deal - CTV - Live Sports,BFM105,0.41
2025-08-01,Select - BFM,TheTradeDesk,Aki,Aki Deal - CTV - At Home Workouts (Health and Wellness),Aki27,15.38
2025-07-01,Open Auction - BFM,Bidswitch,—,T-Ads_Display_Beachfront_Multipub_$0.5,,0.0
2025-11-01,Open Auction - BFM,—,—,F0041398 NFL STEELERS VS BEARS + BROWNS VS RAIDERS DOMINGO 30,,0.0
2025-09-01,DSP Marketplace - BFM,SimpliFi,—,SimpliFi Deal - CTV (RON) Samba Targeted Football Viewers,993808143955,4.23
2026-07-01,DSP Marketplace - BFM,Bidswitch,Beachfront Deal Curation,Seedtag NeuroX | Always-On | Health & Wellness Food Advocates - Connected TV,STNXCTV027,0.0
2026-07-01,Open Auction - BFM,—,—,F0047460 MLS LUN A VIE 6PM 15,,0.0
2026-08-01,DSP Marketplace - BFM,StackAdapt,Beachfront Deal Curation,StackAdapt_Standard Inventory Packages_Beachfront_2025_Reality,Beach178,670.7
2026-08-01,Select - BFM,Viant,Quorum,Quorum Optimized > Viant > High Index Zips - McDonald's Visitors - Banner,Quoru55,0.06
2025-09-01,DSP Marketplace - BFM,JamLoop OpenRTB,—,JamLoop Deal - CTV - Fuse TV,187878729747,12.0
2025-08-01,DSP Marketplace - BFM,Octillion,Beachfront Deal Curation,Octillion Deal - CTV - Tubi - Channel Targeted,397917904122,21.79
2025-08-01,Select - BFM,Stirista,Audigent,Audigent & Beachfront - AUD-066529 - Optimum Media - Multiple Brands - CTV ContextualPMP - English Language US - ctv,Audig1779,1.98
2025-08-01,Open Auction - BFM,—,—,F0037958 F1 ACADEMY GENERICA VERSION 2 2025 20,,0.0
2025-11-01,DSP Marketplace - BFM,TheTradeDesk,Beachfront Deal Migration,TTD Deal - HavasEdge - OTT RON,676738569288,0.0
2025-09-01,Open Auction - BFM,Samsung DSP,—,Bidswitch - APP 1st Price,,0.08
2025-12-01,Open Auction - BFM,GroundTruth,—,GroundTruth Video CTV - Efficiency Monitoring,,4.17
2025-12-01,DSP Marketplace - BFM,MadHive,BFM Internal,MadHive - CTV -  CBS Bundle Override (Price Targeted),MH42,3161.13
2025-11-01,Open Auction - BFM,Infillion,—,Bidswitch - APP,,5.35
2025-11-01,Select - BFM,TheTradeDesk,IRIS,IRIS.TV - Q11 - West Coast College - Graduates Contextual CTV_BFM,IRIS00360,850.34
2025-09-01,DSP Marketplace - BFM,MadHive,BFM Internal,MadHive - CTV -  CBS Bundle Override (Price Targeted),MH42,7225.36
2025-11-01,DSP Marketplace - BFM,Basis Technologies,Beachfront Deal Curation,Basis Deal - CTV - Skechers 2025 - Women 45+ - Entertainment,105507977165,4288.58
2025-07-01,DSP Marketplace - BFM,4INFO,—,4INFO Deal - CTV - T1 Indirect - (HGTV),622702612798,0.04
2025-07-01,DSP Marketplace - BFM,Basis Technologies,—,Basis Deal - CTV - All Supply w/ Network Data,BFM037,49.03
2025-10-01,Select - BFM,Viant,Quorum,Quorum Optimized > Viant > High Index Zips - Shopping Mall Visitors - CTV,Quoru183,0.0
2025-08-01,Open Auction - BFM,Epsilon (Conversant),—,Conversant - InApp - Open Auction,,621.37
2025-07-01,Open Auction - BFM,—,—,Bidswitch - CTV - 1st Price,,0.0
2025-09-01,DSP Marketplace - BFM,Beeswax,—,Beeswax Deal - CTV - AudienceXpress - RON - Efficiency Monitoring,765218873628,0.43
2025-12-01,Open Auction - BFM,—,—,F0044516 LUP ESPECIAL FIN 2025 HOY 20s,,0.0
2025-11-01,Open Auction - BFM,Krush Media,—,Krush Media Video - CTV Direct (700),,333.2
2026-07-01,Open Auction - BFM,—,—,F0047531 GOTF ASTANA ESTRENO 27-07-2026,,0.0
2025-08-01,Open Auction - BFM,—,—,Viant - CTV - 1st Price,,0.0
2025-12-01,Select - BFM,AdElement,Quorum,Quorum > Auto Enthusiasts > Physical Visitors,Quoru190,0.0
2025-11-01,DSP Marketplace - BFM,—,Beachfront Deal Curation,MadHive Deal - CTV RON,,0.0
2026-07-01,Open Auction - BFM,Marketperf,—,Bidswitch - Desktop [Display],,0.31
2026-08-01,Select - BFM,Yahoo DSP,Camelot,PMG - Pub Targeting - Hardee's,PMGPubHardees,0.0
2025-07-01,DSP Marketplace - BFM,Bidswitch,—,Bidswitch Deal - CTV - Roku - MIQ - $Other,841987070336,0.0
2025-07-01,Open Auction - BFM,Samsung DSP,—,Bidswitch - APP Display,,0.3
2025-11-01,DSP Marketplace - BFM,MadHive,Beachfront Deal Curation,Madhive Deal - CTV - Spanish Channels & Networks,735504792609,21.1
2025-12-01,Open Auction - BFM,AdElement,—,Bidswitch - Desktop [Display],,1.09
2025-08-01,DSP Marketplace - BFM,Basis Technologies,Beachfront Deal Curation,Basis Deal - OTT - Skechers 2025 - Men 45+ - News,850505153503,727.63
2025-11-01,Select - BFM,Bidswitch,MultiLocal,T9_mlm_TA_US_CT_CTV_BF_MLMBRID4972,Multi24,0.0
2025-07-01,Select - BFM,TheTradeDesk,Aki,Aki Deal - CTV - Adrenaline-Seeking,Aki4,191.05
2025-07-01,Select - BFM,TheTradeDesk,IRIS,IRIS.TV - Quantum11 - Potbelly Contextual CTV_BFM,IRIS00282,610.83
2025-12-01,DSP Marketplace - BFM,Basis Technologies,Beachfront Deal Migration,Basis Deal - Politics Allowed CTV,BFM017,3024.2
2025-08-01,DSP Marketplace - BFM,SimpliFi,Beachfront Deal Curation,Simpli.Fi Deal - CTV - Stadium,501170943430,0.62
2025-08-01,DSP Marketplace - BFM,Epsilon (Conversant),—,Conversant Deal - CTV - RON,255653458214,13429.07
2025-09-01,Open Auction - BFM,Xandr,—,Xandr CTV,,7013.86
2025-07-01,Open Auction - BFM,OnSpot Data,—,Bidswitch - MW - 1st Price (HB),,0.0
2026-07-01,DSP Marketplace - BFM,Bidswitch,Beachfront Deal Curation,Seedtag NeuroX | Always-On | Family-Focused Shoppers - Connected TV,STNXCTV030,0.0
2026-07-01,DSP Marketplace - BFM,Epsilon (Conversant),Beachfront Deal Curation,Conversant Political Issues Category Targeting - Video/CTV,Beach116,74.72
2026-08-01,DSP Marketplace - BFM,Basis Technologies,Beachfront Deal Migration,Basis Deal - Network CTV (Warner Bros Discovery),BFMNET010,20.78
2026-08-01,DSP Marketplace - BFM,StackAdapt,BFM Internal,StackAdapt Deal - CTV - NBC (Network),394570428639,0.23
2025-09-01,Select - BFM,Bidswitch,MultiLocal,T9_mlm_TA_US_CT_CTV_BF_MLMBRID4972,Multi24,0.0
2025-07-01,DSP Marketplace - BFM,TheTradeDesk,—,TTD Deal - CTV - Lockard &amp; Wechsler - $9 E.W. Scripps,200738058336,0.0
2025-08-01,DSP Marketplace - BFM,4INFO,—,4INFO Deal - CTV - T1 Indirect - (USA),889893239659,0.0
2025-08-01,Select - BFM,Viant,IRIS,IRIS.TV - Viant - Wyndham Contextual CTV_BFM,IRIS00358,3649.73
2025-08-01,Open Auction - BFM,Inspiritum,—,Bidswitch - APP Display,,0.0
2025-12-01,DSP Marketplace - BFM,TheTradeDesk,Beachfront Deal Migration,TTD Deal - MiQ - CA CTV (RON),662507672500,0.0
2025-08-01,DSP Marketplace - BFM,StackAdapt,Beachfront Deal Curation,StackAdapt Deal - CTV - Live Sports - Political,BFMSA004,0.62
2025-10-01,Select - BFM,TheTradeDesk,MultiLocal,Epitaph_Maple TV_mlm_CA_Selected Publishers_Video CTV_CT_BF_V2_MLMBRID7415,Multi51,0.0
2025-12-01,DSP Marketplace - BFM,Octillion,Beachfront Deal Curation,Octillion Deal - CTV - Fox Local TV,638579853073,12970.99
2025-07-01,Open Auction - BFM,Epsilon (Conversant),—,Conversant Newsy CTV (202814),,4.48
2025-09-01,DSP Marketplace - BFM,Basis Technologies,—,Basis Deal - Fubo CTV (RON),BFM062,183.45
2025-10-01,Open Auction - BFM,—,—,F0040389 AEW GEN- PROPIEDADES SEP 20,,0.0
2025-11-01,Select - BFM,Xandr,Quorum,Quorum Optimized > MSFT > High Index Zips - Blaze Pizza Visitors - CTV,Quoru88,0.37
2025-11-01,Open Auction - BFM,—,—,F0041378 TNF BILLS VS TEXANS JUEVES 20s,,0.0
2025-08-01,Select - BFM,TheTradeDesk,IRIS,IRIS.TV - Sheppard Pratt CTV_BFM,IRIS00365,0.0
2025-09-01,Select - BFM,Xandr,Quorum,Quorum Optimized > MSFT > High Index Zips - Dick's Sporting Goods Visitors - Banner,Quoru40,0.0
2025-09-01,DSP Marketplace - BFM,Stirista,Beachfront Deal Curation,Stirista Deal - CTV (NY Cannabis-CBD),590294363402,0.25
2025-09-01,Select - BFM,Stirista,Audigent,Audigent & Beachfront - AUD-066529 - Optimum Media - Multiple Brands - CTV ContextualPMP - Racing US - ctv,Audig1795,0.02
2025-12-01,Select - BFM,DV360,Quorum,Quorum > DIY Home Renovators > Physical Visitors,Quoru193,0.0
2025-12-01,Open Auction - BFM,—,—,Conversant - Web - Open Auction - Seedtag,,0.0
2026-07-01,DSP Marketplace - BFM,Beeswax,Beachfront Deal Curation,Datafy - Sports Contextual - Q4,Datafy9368363227,223.59
2026-07-01,DSP Marketplace - BFM,DV360,Beachfront Deal Curation,Seedtag NeuroX | Always-On | Fashion Retail Shoppers - Connected TV,STNXCTV008,12.89
2026-07-01,Select - BFM,Viant,Quorum,Quorum Optimized > Viant > Nationwide Targeting - Banner,Quoru52,2.77
2026-08-01,DSP Marketplace - BFM,DV360,Beachfront Deal Curation,Seedtag NeuroX | Always-On | Maternal & Family Health Advocates - Connected TV,STNXCTV025,0.17
2026-08-01,Select - BFM,Bidswitch,MultiLocal,T9_mlm_TA_CA_CT_CTV_BF_MLMBRID4972,Multi25,0.0
2025-09-01,Open Auction - BFM,TheTradeDesk,—,TTD - APP,,13673.71
2025-09-01,Open Auction - BFM,DV360,—,Bidswitch - CTV (Charter),,0.0
2025-09-01,DSP Marketplace - BFM,StackAdapt,Beachfront Deal Curation,StackAdapt_Standard Inventory Packages_Beachfront_2025_LDA Approved,Beach170,2.13
2025-08-01,DSP Marketplace - BFM,DV360,—,Deal Library - CTV - Women&#039;s History Month (Genre Targeting),BFM041,590.32
2025-08-01,Open Auction - BFM,Epsilon (Conversant),—,Conversant Happy Kids CTV (223878) (Bundle ID 32614),,2.51
2025-09-01,Select - BFM,TheTradeDesk,Aki,Aki Deal - CTV -  RON,Aki1,9448.71
2025-12-01,Open Auction - BFM,SmartyAds,—,SmartyAds - CTV (Sports),,0.0
2025-11-01,Select - BFM,Xandr,Quorum,Quorum Optimized > MSFT > High Index Zips - Genesis Dealership Visitors - CTV,Quoru118,0.16
2025-11-01,Open Auction - BFM,—,—,F0041402 AEW FULL GEAR DIA 25,,0.0
2025-12-01,Open Auction - BFM,—,—,F0044538 NFL SEAHAWKS VS PANTHERS + EAGLES VS BILLS DOMINGO 30,,0.0
2025-07-01,Open Auction - BFM,AdElement,—,Bidswitch -RTB- Getintent-Whitelist- Web Display,,0.0
2025-07-01,DSP Marketplace - BFM,4INFO,—,4INFO Deal - CTV - T1 Indirect - (CMDY),958486942632,0.0
2025-08-01,Select - BFM,TheTradeDesk,SilverBack,TTD Deal - Silverback - CTV (Live Sports) - Select,858615175283,70.54
2026-07-01,DSP Marketplace - BFM,Beeswax,Beachfront Deal Curation,Datafy - News Contextual - Q4,Datafy2106644013,380.31
2026-07-01,Open Auction - BFM,Infillion,—,Bidswitch - Desktop [Display],,0.74
2026-07-01,DSP Marketplace - BFM,JamLoop OpenRTB,Beachfront Deal Curation,Live Sport - CTV - Golf Only - Jamloop,988359389694,131.87
2026-08-01,Select - BFM,StackAdapt,33Across,RON High CTR - Video - Stackadapt Deal,33Acr42,0.0
2025-09-01,DSP Marketplace - BFM,GroundTruth,—,GroundTruth Deal - CTV - Hispanic CTV - Network Targeting,820449397388,0.12
2025-07-01,Open Auction - BFM,Viant,—,Viant - APP - 1st Price,,1219.94
2025-07-01,Open Auction - BFM,DeepIntent,—,DeepIntent CTV OLV Demand,,47.82
2025-08-01,Open Auction - BFM,Epsilon (Conversant),—,Conversant AMC CTV (205656) (G15147002586),,16.34
2025-10-01,Open Auction - BFM,DeepIntent,—,DeepIntent CTV OLV Demand,,300.45
2025-11-01,DSP Marketplace - BFM,Epsilon (Conversant),Beachfront Deal Curation,Conversant Alcohol Category Targeting - Video/CTV,Beach110,7736.28
2025-09-01,DSP Marketplace - BFM,4INFO,—,4INFO Deal - CTV - T1 Indirect - (BET),040759591379,0.0
2025-08-01,DSP Marketplace - BFM,SimpliFi,Beachfront Deal Curation,SimpliFi Deal - CTV - Philo (Obfuscation),582453465559,425.83
2025-08-01,Open Auction - BFM,Quantcast,—,Bidswitch - APP 1st Price,,0.0
2025-11-01,Open Auction - BFM,—,—,TrueX FireTV Games ,,892.02
2025-07-01,DSP Marketplace - BFM,Octillion,—,Octillion Deal - CTV - Future Today,982107772461,0.0
2025-07-01,DSP Marketplace - BFM,Viant,—,Viant - Linear (Sports),598949723631,0.0
2025-09-01,Select - BFM,Viant,IRIS,IRIS.TV - Viant -  NH State Lottery CTV_BFM,IRIS00357,352.57
2025-12-01,DSP Marketplace - BFM,TheTradeDesk,—,TTD Deal - OLV - (Montchevre),576839990427,0.0
2025-11-01,Select - BFM,AdElement,Quorum,Quorum > Wholesale Shoppers > Physical Visitors,Quoru220,0.0
2025-09-01,Open Auction - BFM,Walmart,—,TTD - CTV (Charter),,0.91
2025-11-01,DSP Marketplace - BFM,TheTradeDesk,—,TTD - CTV - Holiday Movie/TV Show Watchers (Deal Library),403446476336,0.0
2025-07-01,Select - BFM,—,Aki,0,Aki1,0.0
2026-07-01,DSP Marketplace - BFM,Bidswitch,Beachfront Deal Curation,CTV - Home & Garden - StackAdapt - PMP,Beach246,0.0
2026-07-01,DSP Marketplace - BFM,Bidswitch,Beachfront Deal Curation,Seedtag NeuroX | Always-On | Financial Professionals & Advisors - Connected TV,STNXCTV010,0.0
2026-07-01,DSP Marketplace - BFM,Octillion,Beachfront Deal Migration,Octillion Deal - CTV - Open Auction,747279147174,0.44
2026-07-01,Open Auction - BFM,Viant,—,Viant - CTV (Charter),,671.91
2026-08-01,DSP Marketplace - BFM,Bidswitch,Beachfront Deal Curation,CTV - Home & Garden - StackAdapt - PMP,Beach246,0.0
2026-08-01,DSP Marketplace - BFM,Epsilon (Conversant),Beachfront Deal Curation,Conversant - Seedtag Q1 Tentpole - Black History Month  - Contextual CTV,Beach210,14.75
2026-08-01,Open Auction - BFM,Demandbase,—,DemandBase - CTV,,36.26
2025-08-01,Open Auction - BFM,Stirista,—,Stirista - APP [Display],,0.0
2025-09-01,Open Auction - BFM,The Media Sense,—,The Media Sense DSP CTV Ads Direct,,0.0
2025-07-01,Select - BFM,Xandr,Quorum,Quorum Optimized > MSFT > High Index Zips - Dunkin Donuts Visitors - CTV,Quoru62,0.51
2025-12-01,Open Auction - BFM,Lemma DSP,—,Lemma DSP Inapp Video,,2231.36
2025-11-01,Open Auction - BFM,Zeta DSP,—,Bidswitch - Seedtag,,0.3
2025-11-01,Select - BFM,TheTradeDesk,Chief Media,TTD - Chief Media - CTV - Pub Targeted - Fox,1213870,9581.74
2025-10-01,Open Auction - BFM,SmartClip,—,Vizio_SmartClip_Mexico_$8,,0.0
2025-11-01,DSP Marketplace - BFM,Basis Technologies,—,Basis Deal - CTV - All Supply w/ Network Data,BFM037,14.26
2025-09-01,DSP Marketplace - BFM,4INFO,—,Cadent_Cartoon Network_PMP_Test,865665164740,0.0
2025-11-01,Open Auction - BFM,Adform,—,Bidswitch - Desktop [Display],,0.0
2025-08-01,Open Auction - BFM,Adtelligent,—,Adtelligent - CTV,,1689.49
2025-08-01,DSP Marketplace - BFM,SimpliFi,BFM Internal,Simpli.Fi Deal - Philo,667896312331,1337.12
2025-07-01,Open Auction - BFM,Quantcast,—,Bidswitch -RTB- Getintent-Whitelist- Web Display,,0.0
2025-08-01,Select - BFM,TheTradeDesk,Aki,Aki Deal - CTV - Guilty Pleasure Moment,Aki13,29.37
2025-08-01,DSP Marketplace - BFM,Viant,—,Viant Deal - CTV  - Women&#039;s World Cup,BFM033,2405.4
2025-09-01,Select - BFM,Xandr,Quorum,Quorum Optimized > MSFT > High Index Zips - Ford/Lincoln Dealership Visitors - CTV,Quoru116,0.0
2025-10-01,DSP Marketplace - BFM,—,Beachfront Deal Curation,"Datafy - Entertainment, Video-Level Contextual - Q4",,0.0
2026-07-01,DSP Marketplace - BFM,Epsilon (Conversant),Beachfront Deal Curation,Conversant - Seedtag Q1 Tentpole - Tax Season - Contextual CTV,Beach221,4.67
2026-07-01,Open Auction - BFM,Sharethrough,—,Sharethrough CTV Video - Shamrock Farms Bundle Optimized,,110.84
2026-07-01,DSP Marketplace - BFM,StackAdapt,Beachfront Deal Curation,StackAdapt - Business & Finance US deal,Beach163,0.0
2026-08-01,DSP Marketplace - BFM,SmartyAds,Beachfront Deal Curation,SmartyAds - Father's Day - 2026 Deal,Beach263,0.0
2025-07-01,DSP Marketplace - BFM,JamLoop OpenRTB,BFM Internal,Jamloop Deal - CTV - Network-Channel-Newsmax,914358280972,130.03
2025-07-01,Select - BFM,SundaySky,Fize,SundaySky,fizesundaysky,10.39
2025-07-01,DSP Marketplace - BFM,TheTradeDesk,—,TTD Deal - CTV - $12 MIQ RON,166324629003,299.03
2025-07-01,Select - BFM,Yahoo DSP,Camelot,PMG - LG Ads,PMGLGAds,109525.1
2025-12-01,Open Auction - BFM,Between Exchange,—,Bidswitch - MW [Display],,0.0
2025-12-01,Open Auction - BFM,Stirista,—,Stirista - Open Auction - OLV (InApp),,0.03
2025-08-01,DSP Marketplace - BFM,Zeta DSP,Beachfront Deal Curation,Bidswitch Deal - Zeta - CTV - RON (Curation Seat),447383266136,60.44
2025-09-01,DSP Marketplace - BFM,TheTradeDesk,—,TTD -CTV - Live Sports (HavasEdge),939291741799,0.0
2025-10-01,DSP Marketplace - BFM,StackAdapt,Beachfront Deal Migration,StackAdapt Deal - CTV,443119806437,8907.77
2025-09-01,DSP Marketplace - BFM,Octillion,—,Octillion Deal - CTV - Univision,370633388408,1493.73
2025-11-01,Select - BFM,DV360,IRIS,GumGum - Cendyn - Royalton - Contextual CTV_BFM,IRIS00289,2156.41
2025-09-01,Select - BFM,TheTradeDesk,Media Culture,Law & Crime,Media21,1.37
2025-08-01,DSP Marketplace - BFM,StackAdapt,Beachfront Deal Curation,StackAdapt_Standard Inventory Packages_Beachfront_2025_Lifestyle,Beach180,1.49
2025-12-01,Open Auction - BFM,—,—,F0044596 MLS ESPECIALES FIN DE AÑO GEN 15,,0.0
2025-11-01,DSP Marketplace - BFM,StackAdapt,—,Q4 Gold Publishers,078498699473,0.0
2025-07-01,Open Auction - BFM,IQM,—,IQM Deal - CTV - Battle States - Michigan MI - Politics Allowed (Deal Library),,0.0
2025-12-01,Open Auction - BFM,Between Exchange,—,Bidswitch - APP Display,,0.0
2025-09-01,Open Auction - BFM,—,—,Conversant - InApp - Open Auction,,0.0
2026-07-01,DSP Marketplace - BFM,MadHive,BFM Internal,MadHive - CTV -  CBS Bundle Override (Price Targeted),MH42,3606.4
2026-08-01,DSP Marketplace - BFM,Beeswax,Beachfront Deal Curation,Beeswax - CTV - VideoAmp - Entertainment,VideoAmp99362,2.38
2026-08-01,Open Auction - BFM,Metax,—,MetaX A&amp;E Networks $16,,0.53
2026-08-01,Select - BFM,StackAdapt,33Across,RON High CTR -  Display - Stackadapt Deal,33Acr43,0.0
2026-08-01,DSP Marketplace - BFM,Viant,Beachfront Deal Migration,Viant Deal - CTV - Content Object Removed,918860075162,316.93
2025-09-01,DSP Marketplace - BFM,JamLoop OpenRTB,—,JamLoop Deal - CTV - ION - Bounce - Court,620792611801,53.27
2025-09-01,Open Auction - BFM,—,—,TrueX FireTV Games ,,390.0
2025-08-01,DSP Marketplace - BFM,IQM,—,IQM Deal - CTV - Battle States - Michigan MI - Politics Allowed (Deal Library),BFM072,0.0
2025-08-01,Select - BFM,Viant,IRIS,IRIS.TV - Viant - Healthy Living CTV_BFM,IRIS00318,2099.66
2025-10-01,DSP Marketplace - BFM,Beeswax,Beachfront Deal Curation,Travel - CTV - Tentpole Deal - VideoAmp,Beach155,32.74
2025-07-01,Open Auction - BFM,SmartyAds,—,SmartyAds - CTV (1st Price),,1388.83
2025-12-01,Open Auction - BFM,Webeye,—,Bidswitch - APP 1st Price,,0.07
2025-09-01,DSP Marketplace - BFM,Viant,—,Viant Deal - CTV (Genre: Movie),737121000152,50.67
2025-09-01,Select - BFM,Viant,Audigent,Audigent & Beachfront - AUD-066527 - Optimum Media - Multiple Brands - CTV ContextualPMP - Baseball US - ctv,Audig1790,0.0
2026-07-01,DSP Marketplace - BFM,SmartyAds,Beachfront Deal Curation,SmartyAds - World Health Day - 2026 Deal,Beach264,0.26
2026-07-01,DSP Marketplace - BFM,StackAdapt,Beachfront Deal Curation,StackAdapt Deal - CTV - News - Political,BFMSA001,157.94
2026-07-01,DSP Marketplace - BFM,StackAdapt,Beachfront Deal Migration,StackAdapt Deal - CTV - Sports Genre + Live Sports,983805237051,789.67
2025-10-01,DSP Marketplace - BFM,MadHive,Beachfront Deal Curation,Madhive Deal - CTV - Spanish Channels & Networks,735504792609,3.52
2025-11-01,DSP Marketplace - BFM,SimpliFi,—,Simpli.Fi Deal - Politics Allowed CTV,BFM017,201.24
2025-09-01,Open Auction - BFM,Infillion,—,Bidswitch - Desktop [Display],,2.01
2025-07-01,DSP Marketplace - BFM,StackAdapt,Beachfront Deal Migration,StackAdapt Deal - CTV,443119806437,5516.5
2025-08-01,DSP Marketplace - BFM,4INFO,—,Cadent_FOX_Sports_PMP,893559554853,0.0
2025-08-01,Open Auction - BFM,TheTradeDesk,—,TTD - APP [Display],,22673.3
2025-11-01,DSP Marketplace - BFM,Octillion,—,Octillion Deal - CTV - Cinedigm,379708306000,1455.39
2025-10-01,Select - BFM,Adtelligent,A+E Networks,Adtilligent Deal,AENet1,1.34
2025-10-01,DSP Marketplace - BFM,Samsung DSP,Beachfront Deal Curation,SamsungAds Efficiency Line,314668390400,0.53
2025-10-01,Open Auction - BFM,Viant,—,Viant - APP - 1st Price,,309.92
2025-12-01,DSP Marketplace - BFM,Stirista,Beachfront Deal Curation,Stirista Deal - DV - CTV RON (Washington DC),298578719382,6.6
2025-08-01,DSP Marketplace - BFM,Viant,—,Viant Deal - Desktop/MW (Video RON  - Policital Allowed Pubs Only),827453121055,4.08
2025-09-01,DSP Marketplace - BFM,Unruly,—,Unruly RTBHouse Deal - OLV - ($4),832060096754,0.0
2026-07-01,Open Auction - BFM,—,—,F0047149 GEARING UP EP 6 SABADO 20s,,0.0
2025-12-01,DSP Marketplace - BFM,Basis Technologies,—,Basis Deal - CTV - All Supply w/ Channel Targeting,BFM038,65.73
2025-12-01,DSP Marketplace - BFM,Basis Technologies,Beachfront Deal Curation,Basis Deal - CTV - Warner Bros Channels & Networks,742050964622,41.9
2025-11-01,Select - BFM,Quantcast,Quorum,Quorum > Auto Enthusiasts > Physical Visitors,Quoru190,0.0
2025-09-01,DSP Marketplace - BFM,Epsilon (Conversant),Beachfront Deal Curation,Conversant Political Issues Category Targeting - Video/CTV,Beach116,40.63
2025-09-01,Select - BFM,Xandr,Quorum,Quorum Optimized > MSFT > High Index Zips - Chevrolet/Buick/GMC Dealership Visitors - Banner,Quoru113,0.0
2025-09-01,Open Auction - BFM,OnSpot Data,—,Bidswitch -RTB- Getintent-Whitelist- Web Display,,0.0
2026-07-01,Open Auction - BFM,Metax,—,MetaX A&amp;E Networks $16,,10.49
2026-07-01,DSP Marketplace - BFM,SmartyAds,Beachfront Deal Curation,SmartyAds Deal - Q1 Tentpole - Winter Olympics - Contextual CTV,824105210563,6.44
2026-08-01,DSP Marketplace - BFM,StackAdapt,BFM Internal,StackAdapt Deal - CTV (Spanish Language),298330405897,10.86
2026-08-01,DSP Marketplace - BFM,StackAdapt,Beachfront Deal Curation,StackAdapt Deal - CTV - News - Political,BFMSA001,16.96
2025-08-01,DSP Marketplace - BFM,Bidswitch,—,Deal Library - CTV - Women&#039;s History Month (Genre Targeting),BFM041,0.0
2025-08-01,Select - BFM,Stirista,Audigent,Audigent & Beachfront - AUD-066529 - Optimum Media - Multiple Brands - CTV ContextualPMP - Fighting US - ctv,Audig1796,0.02
2025-09-01,Open Auction - BFM,Adform,—,Bidswitch - Desktop [Display],,0.0
2025-09-01,Open Auction - BFM,—,—,F0031633 PFL GENERICO 25,,0.0
2025-08-01,DSP Marketplace - BFM,Basis Technologies,—,Basis Deal - CTV (Samsung),BFM055,0.4
2025-11-01,DSP Marketplace - BFM,Epsilon (Conversant),Beachfront Deal Curation,Conversant Firearms Category Targeting - Video/CTV,Beach114,33.85
2025-11-01,DSP Marketplace - BFM,Yahoo DSP,Beachfront Deal Curation,New Media CTV/OTT RON - Yahoo,378043004864,561.36
2025-09-01,DSP Marketplace - BFM,TheTradeDesk,—,TTD Deal - MIQ - EW Scripps CTV,960209121865,0.02
2025-07-01,Select - BFM,TheTradeDesk,Chief Media,TTD - Chief Media - CTV - CBS News- Deal,536458915612,2.58
2025-08-01,DSP Marketplace - BFM,Beeswax,Beachfront Deal Migration,Beeswax Deal - CTV - Datafy - Local News - Bundles,976376076666,346.59
2025-09-01,Select - BFM,TheTradeDesk,Strategus,Strategus Deal - CTV - Telly (Big Screen),Strat46,2.39
2025-09-01,DSP Marketplace - BFM,Basis Technologies,Beachfront Deal Curation,Basis Deal - CTV - Skechers 2025 - Women 45+ - Entertainment,105507977165,10185.67
2025-10-01,Open Auction - BFM,—,—,Beeswax UR Improvement Tier 2 (Mid UR),,0.0
2026-07-01,DSP Marketplace - BFM,TheTradeDesk,BFM Internal,TTD Deal - CTV - Goodway Group (<$15),778377951937,0.0
2025-09-01,Open Auction - BFM,GroundTruth,—,GroundTruth Video CTV - Efficiency Monitoring,,430.78
2025-08-01,Select - BFM,Xandr,Quorum,Quorum Optimized > Viant > Nationwide Targeting - Banner,Quoru52,0.58
2025-09-01,Open Auction - BFM,Samsung DSP,—,Bidswitch - APP,,0.11
2025-08-01,DSP Marketplace - BFM,Basis Technologies,—,Basis Deal - CTV (WeatherNationTV),BFM057,22.93
2025-08-01,DSP Marketplace - BFM,SimpliFi,BFM Internal,Simpli.Fi Deal - CTV - Fox Television Stations,982803901767,947.31
2025-07-01,DSP Marketplace - BFM,Basis Technologies,—,Basis Deal - Premium CTV,BFM012,2155.31
2025-12-01,Open Auction - BFM,Adtheorent,—,Ad Theorent - Desktop/MW - 1st Price,,2611.38
2025-09-01,Select - BFM,Xandr,Quorum,Quorum Optimized > Viant > High Index Zips - New & Used Automotive Dealer Visitors - Banner,Quoru44,0.0
2025-11-01,DSP Marketplace - BFM,Bidswitch,—,Bidswitch Deal - Zeta - OLV Web - Women 18-34,866808155125,0.0
2026-08-01,Open Auction - BFM,LoopMe,—,LoopMe - Open Auction - CTV,,1150.34
2025-09-01,DSP Marketplace - BFM,Epsilon (Conversant),Beachfront Deal Curation,Conversant Alcohol Category Targeting - Video/CTV,Beach110,6485.73
2026-07-01,Open Auction - BFM,—,—,F0047424 AEW GRAND SLAM TALENTO FECHA 30,,0.0
2026-07-01,Open Auction - BFM,AdmaticBidswitch,—,Seedtag,,0.0
2025-08-01,Select - BFM,Viant,IRIS,IRIS.TV - Viant - Thrivent Emotional Sentiment CTV_BFM,IRIS00322,1.14
2025-12-01,Select - BFM,TheTradeDesk,AI Digital,AI Digital - C0018 - CTV - Live Spots - 032223 - Updated,1651574,2.18
2025-10-01,Select - BFM,Yahoo DSP,Camelot,PMG - LG Ads,PMGLGAds,65335.45
2025-12-01,DSP Marketplace - BFM,Epsilon (Conversant),—,Conversant Deal - CTV - RON,255653458214,53593.6
2025-08-01,Open Auction - BFM,Amobee,—,Amobee - CTV - 1st Price,,23701.33
2025-08-01,DSP Marketplace - BFM,4INFO,—,Cadent_VICE_PMP_Testv2,481740947959,0.0
2025-11-01,Select - BFM,Viant,IRIS,IRIS.TV - Viant -  NH State Lottery CTV_BFM,IRIS00357,541.2
2025-11-01,Select - BFM,Viant,IRIS,IRIS.TV - Viant - Wyndham Emotional Sentiment CTV_BFM,IRIS00359,0.0
2025-09-01,DSP Marketplace - BFM,Bidswitch,Beachfront Deal Curation,Bidswitch Deal - Zeta - CTV - Live Sports (Planet Fitness),615250198509,0.0
2025-08-01,Select - BFM,Viant,IRIS,IRIS.TV - Viant - Pets CTV_BFM,IRIS00295,102.81
2025-07-01,Open Auction - BFM,TheTradeDesk,—,TTD - CTV (LG Ads Only),,14259.29
2025-12-01,Open Auction - BFM,Adtheorent,—,Ad Theorent - Desktop Video (LQPS Audit),,0.4
2025-09-01,Select - BFM,Xandr,Quorum,Quorum Optimized > MSFT > High Index Zips - Popeyes Visitors - CTV,Quoru74,0.0
2025-09-01,DSP Marketplace - BFM,4INFO,—,4INFO Deal - CTV - T1 Indirect - (BRVO),519422480737,0.0
2025-09-01,DSP Marketplace - BFM,4INFO,—,Cadent_truTV_PMP_Testv2,016687997449,0.0
2025-09-01,Select - BFM,TheTradeDesk,Strategus,TTD Deal - Strategus - Web/App Display - $0.50-$0.99,Strat61,18.65
2025-07-01,DSP Marketplace - BFM,StackAdapt,Beachfront Deal Migration,StackAdapt Deal - CTV - Political,534891672291,7.99
2025-09-01,DSP Marketplace - BFM,Basis Technologies,—,Basis Deal - Network CTV (TEGNA),BFMNET008,0.52
2025-10-01,Open Auction - BFM,Aroscop,—,Bidswitch - APP Display,,0.0
2026-08-01,DSP Marketplace - BFM,Bidswitch,Beachfront Deal Curation,Seedtag NeuroX | Always-On | Maternal & Family Health Advocates - Connected TV,STNXCTV025,0.0
2026-08-01,DSP Marketplace - BFM,MadHive,BFM Internal,Madhive Deal - CTV Genre Sports,BFM021,43.48
2025-08-01,Open Auction - BFM,Streamworx Lda.,—,Bidswitch - CTV - 1st Price,,166.67
2025-10-01,Select - BFM,TheTradeDesk,Strategus,TTD - Strategus - CTV - $12 and Below,STRAT002,32043.79
2025-10-01,DSP Marketplace - BFM,Viant,Beachfront Deal Migration,Viant Deal - OLV - CBS,714397033029,601.05
2025-07-01,Open Auction - BFM,Excelate,—,Bidswitch - APP Display,,0.0
2025-07-01,Select - BFM,Xandr,Quorum,Quorum Optimized > MSFT > High Index Zips - Honda Dealership Visitors - Banner,Quoru119,0.0
2025-07-01,Select - BFM,Xandr,Quorum,Quorum Optimized > MSFT > High Index Zips - Jack In The Box Visitors - Banner,Quoru97,0.0
2025-11-01,Open Auction - BFM,Unruly,—,Unruly Web 1st Price Video (Mobile Only),,0.0
2025-11-01,Select - BFM,Bidswitch,Quorum,Quorum > Holiday Shoppers > Physical Visitors,Quoru198,0.0
2025-12-01,DSP Marketplace - BFM,IQM,—,IQM Deal - CTV - ComScore Viewership - Politics Allowed (Deal Library),BFM068,0.0
2025-10-01,DSP Marketplace - BFM,Stirista,Beachfront Deal Curation,Stirista Deal - DV - CTV RON,298578719382,4419.75
2025-07-01,Select - BFM,Adtelligent,A+E Networks,Adtilligent Deal,AENet1,1.0
2025-07-01,Open Auction - BFM,SmartClip,—,Vizio_SmartClip_Mexico_$8,,0.0
2025-11-01,DSP Marketplace - BFM,JamLoop OpenRTB,—,JamLoop Deal - CTV - Vizio - Efficient CPM,760573200866,820.59
2025-11-01,Select - BFM,JamLoop OpenRTB,TEGNA,Jamloop - AO - News - OTT CTV - Political - TEGNASOURCED 062922,TEGNA4,0.08
2025-12-01,Select - BFM,Bidswitch,IRIS,IRIS.TV - OMD - National Guard - Contextual CTV_BFM,IRIS00269,0.0
2025-08-01,Open Auction - BFM,TheTradeDesk,—,TTD - APP - 1st Price,,1.2
2025-09-01,Open Auction - BFM,Zeta DSP,—,Bidswitch - Seedtag,,0.01
2025-10-01,Open Auction - BFM,Between Exchange,—,Bidswitch - Seedtag,,0.03
2025-08-01,Select - BFM,TheTradeDesk,IRIS,IRIS.TV - Q11 - West Coast College - Nursing Contextual CTV_BFM,IRIS00361,139.86
2025-12-01,Open Auction - BFM,Streamworx Lda.,—,Bidswitch - MW [Display],,0.0
2025-11-01,Open Auction - BFM,—,—,SmartyAds - CTV (1st Price),,0.0
2026-07-01,DSP Marketplace - BFM,Bidswitch,Beachfront Deal Curation,Seedtag NeuroX | Always-On | Savvy Shoppers - Connected TV,STNXCTV031,0.0
2026-07-01,Select - BFM,TheTradeDesk,IRIS,IRIS.TV - Q11 - West Coast College - Graduates Contextual CTV_BFM,IRIS00360,720.44
2026-08-01,DSP Marketplace - BFM,DV360,Beachfront Deal Curation,Seedtag NeuroX | Always-On | Large Enterprise & Corporate Leaders - Connected TV,STNXCTV015,41.26
2026-08-01,DSP Marketplace - BFM,Epsilon (Conversant),Beachfront Deal Curation,Conversant Pharma Category Targeting - Video/CTV,Beach115,1.24
2026-08-01,DSP Marketplace - BFM,Epsilon (Conversant),Beachfront Deal Curation,Golf - CTV - Contextual - Tentpole Deal - Conversant,Beach135,0.0
2026-08-01,Open Auction - BFM,GroundTruth,—,Seedtag,,5.82
2025-10-01,Open Auction - BFM,SmartyAds,—,SmartyAds - CTV (1st Price),,1549.55
2025-08-01,Open Auction - BFM,AdIngenious,—,Bidswitch - APP Display,,3.23
2025-07-01,DSP Marketplace - BFM,Bidswitch,Beachfront Deal Curation,__DEAL__PA__CASUALIQ__SPORTS__ALL-SPORTS-CTV__US__USD__SPORTS-FANS,CasualIQ2,0.0
2025-09-01,Open Auction - BFM,SmartyAds,—,SmartyAds - App [Display],,5.55
2025-12-01,Open Auction - BFM,Madopi,—,Bidswitch - Desktop [Display],,0.0
2025-12-01,DSP Marketplace - BFM,JamLoop OpenRTB,—,JamLoop Deal - CTV OLV - All Spanish / Hispanic,048375798890,1745.4
2025-07-01,Open Auction - BFM,Viant,—,Viant - MW,,15966.69
2025-12-01,Select - BFM,Xandr,MultiLocal,mCanvas_mlm_Roku_BR_CTV_Xandr_BF_MLMBRID7304,Multi47,0.0
2025-11-01,Select - BFM,Bidswitch,IRIS,GumGum - Cendyn - Royalton - Contextual CTV_BFM,IRIS00289,0.0
2025-12-01,Select - BFM,TheTradeDesk,IRIS,IRIS.TV - Tripadvisor CTV_BFM,IRIS00348,0.0
2025-12-01,Select - BFM,TheTradeDesk,Mavern Media,Mavern Media & Beachfront - Doe Anderson - TTD - Multiple - Live Sports Auction Package - CTV - 20250402,Maver19,0.0
2025-10-01,Select - BFM,Xandr,Quorum,Quorum Optimized > MSFT > High Index Zips - Wingstop Visitors - CTV,Quoru80,0.0
2025-10-01,Open Auction - BFM,—,—,F0033649 LATITUD 25_1 SABÍAS QUE 30SEG v4,,0.0
2025-09-01,Open Auction - BFM,—,—,F0033755 UFC FSP GENÉRICA VALS-METAL 20,,0.0
2025-09-01,Select - BFM,Xandr,Quorum,Quorum Optimized > MSFT > High Index Zips - Acura Dealership Visitors - Banner,Quoru107,0.0
2025-07-01,Open Auction - BFM,Samsung DSP,—,Bidswitch - CTV - 1st Price (Bundle 151908),,2.63
2025-09-01,Open Auction - BFM,—,—,SmartyAds - CTV (1st Price),,0.0
2025-08-01,DSP Marketplace - BFM,Viant,—,Viant Deal - CTV - Hearst News,561461569397,1410.11
2026-07-01,DSP Marketplace - BFM,Epsilon (Conversant),Beachfront Deal Curation,Conversant Alcohol Category Targeting - Video/CTV,Beach110,4892.24
2025-08-01,DSP Marketplace - BFM,Bidswitch,—,BidSwitch Deal - CTV (Future Samsung Ads),630735620159,0.0
2025-08-01,DSP Marketplace - BFM,Bidswitch,—,Bidswitch Deal - CTV - Roku - MIQ - $12 Fixed RON,166324629003,0.0
2025-08-01,Open Auction - BFM,Quantcast,—,Bidswitch - Desktop [Display],,0.59
2025-10-01,DSP Marketplace - BFM,Epsilon (Conversant),Beachfront Deal Curation,Conversant Cannabis Category Targeting - Display,Beach103,0.0
2025-09-01,DSP Marketplace - BFM,MadHive,Beachfront Deal Curation,Madhive Deal - CTV - Spanish Language Targeting,339126935910,282.92
2025-09-01,DSP Marketplace - BFM,JamLoop OpenRTB,BFM Internal,Jamloop Deal - CTV - Network-Override-CBS Extension,JL001,1413.74
2025-07-01,DSP Marketplace - BFM,StackAdapt,Beachfront Deal Curation,StackAdapt_Standard Inventory Packages_Beachfront_2025_[Allows Cannabis],Beach158,1.13
2025-07-01,DSP Marketplace - BFM,TheTradeDesk,BFM Internal,TTD Deal - CTV - MiQ (LDA),234180798348,0.0
2025-07-01,Select - BFM,Xandr,Quorum,Quorum Optimized > MSFT > High Index Zips - Infiniti Dealership Visitors - CTV,Quoru124,0.18
2025-08-01,DSP Marketplace - BFM,4INFO,—,Cadent_CMDY_(Cable)_PMP_Testv2,928721493235,0.0
2025-11-01,Open Auction - BFM,Adtelligent,—,Adtelligent - CTV (Price Targeted),,28.69
2025-08-01,DSP Marketplace - BFM,Basis Technologies,Beachfront Deal Curation,Basis Deal - OTT - Skechers 2025 - Men 45+ - Sports,343798267566,184.16
2025-09-01,DSP Marketplace - BFM,SimpliFi,—,Simplifi Deal - CTV LDA Approved,993808143903,4817.17
2025-07-01,DSP Marketplace - BFM,Walmart,—,TTD Deal - Walmart - Premium CTV,785432338,16.36
2025-09-01,DSP Marketplace - BFM,Xandr,BFM Internal,Xandr Deal - CTV (MiQ Canada RON),418366376674,2502.52
2025-09-01,Open Auction - BFM,—,—,2509 - MGMPLUS - BILLY THE KID S3 TRAILER Cutdown - MGMPHD363273 - SERIES,,204.19
2025-09-01,DSP Marketplace - BFM,4INFO,—,Cadent_TLC_PMP_Test,787859088504,0.0
2025-08-01,Open Auction - BFM,IPONWEB BidCore,—,Bidswitch - APP 1st Price,,0.28
2025-07-01,Open Auction - BFM,—,—,F0038296 ALL ELITE SHOW PREVIA ALL IN SABADO 15,,0.0
2025-09-01,DSP Marketplace - BFM,Basis Technologies,—,Deal Template - High VCR - Web OLV,BFM081,0.0
2025-12-01,Select - BFM,DV360,Quorum,Quorum > Office and Finance > Physical Visitors,Quoru229,0.0
2026-07-01,Open Auction - BFM,Adtelligent,—,Adtelligent - CTV (Price Targeted),,4926.92
2026-07-01,Open Auction - BFM,Between Exchange,—,Bidswitch - Desktop [Display],,0.0
2025-10-01,Open Auction - BFM,SmartyAds,—,SmartyAds - Web [Display],,88.02
2025-09-01,Open Auction - BFM,Walmart,—,TTD - Desktop - 1st Price (HB),,126.18
2025-09-01,Open Auction - BFM,SmartyAds,—,SmartyAds - Web Video,,126.78
2025-08-01,Select - BFM,Yahoo DSP,Audigent,PMG & Beachfront - SDEAL-21048 - PMG - PMG - PMG - ctv SmartPMP - In Market Credit Card US,Audig1757,0.0
2025-07-01,Select - BFM,Xandr,Quorum,Quorum Optimized > MSFT > High Index Zips - Resorts World Visitors - CTV,Quoru50,9.92
2025-10-01,Open Auction - BFM,Yahoo DSP,—,Yahoo - In-App,,24350.66
2025-11-01,DSP Marketplace - BFM,Octillion,—,Octillion Deal - CTV - Frndly,976376076661,0.0
2025-08-01,DSP Marketplace - BFM,4INFO,—,Cadent_VH1_PMP_Testv2,019940074367,0.0
2025-08-01,DSP Marketplace - BFM,Epsilon (Conversant),Beachfront Deal Curation,NBA - Live - CTV - Contextual - Tentpole Deal - Conversant,Beach129,5.28
2025-11-01,Select - BFM,Xandr,Quorum,Quorum Optimized > MSFT > High Index Zips - Jack In The Box Visitors - CTV,Quoru98,0.0
2025-07-01,DSP Marketplace - BFM,GroundTruth,—,GroundTruth Deal - App - Display - 0.30% CTR,166547275315,120.19
2025-08-01,Open Auction - BFM,Epsilon (Conversant),—,Conversant Philo CTV (202994),,40.8
2025-08-01,Select - BFM,TheTradeDesk,IRIS,IRIS.TV - Q11 Crunch - Inspirational CTV_BFM,IRIS00243,5639.6
2026-07-01,Open Auction - BFM,Demandbase,—,DemandBase - CTV,,758.63
2026-07-01,DSP Marketplace - BFM,JamLoop OpenRTB,BFM Internal,JamLoop Deal - CTV - Cable Broadcast - Scripps-Newsy,855918727592,332.96
2026-07-01,Open Auction - BFM,SmartyAds,—,SmartyAds - CTV (Samsung),,28.2
2026-08-01,DSP Marketplace - BFM,Bidswitch,Beachfront Deal Curation,Seedtag NeuroX | Always-On | Large Enterprise & Corporate Leaders - Connected TV,STNXCTV015,0.0
2025-08-01,DSP Marketplace - BFM,Bidswitch,—,T-Ads_CTV_Beachfront_Scripps_$17.50,518341036129,0.0
2025-10-01,DSP Marketplace - BFM,Viant,Beachfront Deal Curation,Viant Deal - CTV - Targeting away from Political (IRIS),925896302547,10484.88
2025-10-01,DSP Marketplace - BFM,SimpliFi,Beachfront Deal Migration,SimpliFi Deal - CTV Roku,542169059668,5783.38
2025-09-01,DSP Marketplace - BFM,JamLoop OpenRTB,—,JamLoop Deal - CTV - SamsungAds - $9 - DON&#039;T TOUCH QPS,948945611529,180.2
2025-09-01,Open Auction - BFM,The Media Sense,—,The Media Sense DSP Inapp Video,,0.0
2025-11-01,DSP Marketplace - BFM,Viant,—,Viant Deal - CTV (Genre: Movie),737121000152,399.94
2025-12-01,DSP Marketplace - BFM,MadHive,BFM Internal,MadHive - CTV - Fubo (Price Targeted),MH38,371.25
2025-11-01,Open Auction - BFM,OTT Advisors (Demand),—,OTT Advisors Deal - MW/Tablet - Live Sports (Washington DC),,0.0
2025-07-01,DSP Marketplace - BFM,Basis Technologies,Beachfront Deal Curation,Basis Deal - OTT - Skechers 2025 - Women 45+ - Reality,767012029105,199.97
2025-07-01,DSP Marketplace - BFM,Octillion,Beachfront Deal Migration,Octillion Deal - CTV - SamsungAds,203239994130,4.17
2025-10-01,Open Auction - BFM,Streamworx Lda.,—,Bidswitch - MW - 1st Price (HB),,2.26
2025-09-01,Open Auction - BFM,—,—,F0035630 MLB PEPE SEGARRA GENERICA 2025 10,,0.0
2025-07-01,DSP Marketplace - BFM,4INFO,—,Cadent_FX_PMP_Testv2,"063371218587, 63371218587",0.0
2025-07-01,Open Auction - BFM,4INFO,—,0,,0.0
2025-09-01,DSP Marketplace - BFM,Viant,—,Viant Deal - CTV - Estrella,382991979536,2.32
2025-09-01,DSP Marketplace - BFM,Viant,—,Viant Deal - CTV - Fubo,940208016222,511.47
2025-11-01,Select - BFM,Quantcast,Quorum,Quorum > Wholesale Shoppers > Physical Visitors,Quoru220,0.0
2025-10-01,Open Auction - BFM,—,—,F0041190 NFL WEEK 8 49ERS VS TEXANS + TITNAS VS COLTS DOMINGO 30,,0.0
2025-10-01,Open Auction - BFM,—,—,TTD - APP [Display],,0.0
2026-07-01,Open Auction - BFM,Bidswitch,—,Bidswitch - APP,,0.0
2025-07-01,Open Auction - BFM,Epsilon (Conversant),—,Conversant Future Today CTV (225473),,3.36
2025-11-01,Select - BFM,AdElement,Quorum,Quorum > Christmas Shoppers > Physical Visitors,Quoru192,0.0
2025-08-01,DSP Marketplace - BFM,Beeswax,—,Beeswax Deal - CTV - Datafy - M25-54 Sports and Gaming,976376076664,697.18
2025-10-01,DSP Marketplace - BFM,Basis Technologies,—,Basis Deal - Premium CTV,BFM012,1604.75
2025-10-01,Open Auction - BFM,TheTradeDesk,—,TTD - CTV (LG Ads Only),,1925.72
2025-07-01,DSP Marketplace - BFM,TheTradeDesk,—,TTD Deal - CTV & STB - TV One - Network,BFMTVONE001,16.44
2025-12-01,Open Auction - BFM,Quantcast,—,Bidswitch - MW - 1st Price (HB),,1.32
2026-07-01,Open Auction - BFM,IPONWEB BidCore,—,Bidswitch - Desktop [Display],,0.0
2025-09-01,Select - BFM,TheTradeDesk,Aki,Aki Deal - CTV - Binge Watching,Aki3,0.04
2025-07-01,DSP Marketplace - BFM,SimpliFi,BFM Internal,Simpli.Fi Deal - Vix (Network-Channel),527344445666,0.61
2025-07-01,Open Auction - BFM,SimpliFi,—,0,,0.0
2025-07-01,Select - BFM,TheTradeDesk,Strategus,Strategus Deal - CTV - Baseball Live - Channel + Networks,Strat75,6.58
2025-07-01,DSP Marketplace - BFM,Viant,Beachfront Deal Curation,Viant Deal - CTV - Comedy Central - Channel,945137366538,17.7
2025-11-01,Select - BFM,TheTradeDesk,IRIS,IRIS.TV - Q11 - Sparklight - Internet & Telecom Contextual CTV_BFM,IRIS00368,0.0
2026-07-01,Open Auction - BFM,Walmart,—,TTD - CTV (Charter),,0.0
2026-08-01,DSP Marketplace - BFM,Epsilon (Conversant),Beachfront Deal Curation,Conversant Cryptocurrency Category Targeting - Video/CTV,Beach112,3.59
2025-10-01,DSP Marketplace - BFM,JamLoop OpenRTB,—,JamLoop Deal - CTV - Fubo - Efficient CPM,302473738758,658.33
2025-10-01,DSP Marketplace - BFM,TheTradeDesk,—,TTD Deal - CTV - The Moran Group RON,557817962362,75.1
2025-11-01,Open Auction - BFM,AdElement,—,Bidswitch - MW [Display],,11.35
2025-12-01,Select - BFM,Bidswitch,Quorum,Quorum > Office and Finance > Physical Visitors,Quoru229,0.0
2025-07-01,DSP Marketplace - BFM,DeepIntent,Beachfront Deal Curation,DeepIntent - CTV - Health and Wellness,442298650382,0.66
2025-08-01,Open Auction - BFM,Infillion,—,Bidswitch - CTV - 1st Price,,736.95
2025-07-01,Open Auction - BFM,Basis Technologies,—,Centro Video InApp,,0.79
2025-11-01,Select - BFM,AdElement,Quorum,Quorum > Hanukkah Shoppers > Physical Visitors,Quoru197,0.0
2025-11-01,Select - BFM,TheTradeDesk,Strategus,Strategus CTV RON,300416284256,15855.32
2025-12-01,DSP Marketplace - BFM,Bidswitch,Beachfront Deal Curation,Bidswitch Deal - Infillion -  CTV/InApp - FEP/CTV $10 and below (Average Clearing Pice),223910661417,0.0
2025-12-01,Open Auction - BFM,Infillion,—,Bidswitch - APP Display,,3.32
2025-09-01,DSP Marketplace - BFM,Beeswax,—,Beeswax Deal - CTV - Political (No Approval),426834991759,1787.92
2025-08-01,Open Auction - BFM,Bidswitch,—,Bidswitch -RTB- Getintent-Whitelist- Web Display,,0.0
2025-08-01,Open Auction - BFM,Viant,—,Viant - Desktop [Display],,632.93
2025-08-01,Select - BFM,Viant,Audigent,Audigent & Beachfront - AUD-066527 - Optimum Media - Multiple Brands - CTV ContextualPMP - Football US - ctv,Audig1799,0.0
2025-12-01,DSP Marketplace - BFM,GroundTruth,Beachfront Deal Curation,GroundTruth Sensitive Category Deal - Nicotine - Desktop,Beach120,0.0
2025-11-01,DSP Marketplace - BFM,Basis Technologies,Beachfront Deal Curation,Basis Deal - CTV - Skechers 2025 - Women 45+ - Reality (Hallmark),711907073746,10.57
2025-07-01,Open Auction - BFM,Between Exchange,—,Bidswitch - Seedtag,,0.02
2025-07-01,Select - BFM,Viant,IRIS,IRIS.TV - Viant - Thrivent Contextual CTV_BFM,IRIS00321,2.84
2025-12-01,Open Auction - BFM,Infillion,—,Bidswitch - MW [Display],,0.0
2025-12-01,Select - BFM,Beeswax,TV One,Simulmedia,TVOne11,0.0
2025-08-01,Open Auction - BFM,Unruly,—,Unruly Web 1st Price Video (Desktop Only),,0.0
2025-12-01,Select - BFM,AdElement,Quorum,Quorum > Office and Finance > Physical Visitors,Quoru229,0.0
2025-09-01,Select - BFM,Bidswitch,33Across,33Across Deal - Display - RTB House - Fashion,33Acr14,0.0
2026-08-01,DSP Marketplace - BFM,Bidswitch,Beachfront Deal Curation,Seedtag NeuroX | Always-On | Senior Wellness Advocates - Connected TV,STNXCTV020,0.0
2026-08-01,Open Auction - BFM,Bidswitch,—,Bidswitch - APP,,0.0
2026-08-01,Open Auction - BFM,Marketperf,—,Bidswitch - Desktop [Display],,0.0
2026-08-01,Select - BFM,Viant,Viant,GameShow,BFViantGameShow,0.18
2025-12-01,DSP Marketplace - BFM,Viant,—,Viant Deal - CTV - Hearst News,561461569397,0.3
2025-08-01,Open Auction - BFM,Epsilon (Conversant),—,Conversant - Web - Open Auction - Video,,563.6
2025-08-01,DSP Marketplace - BFM,TheTradeDesk,—,TTD Deal - CTV - Chief Media Walmart (Philo),300884885453,0.0
2025-11-01,Open Auction - BFM,Cepia,—,Mighty Wheels November 2025,,20.93
2025-12-01,Open Auction - BFM,IQM,—,IQM - Web Video - Open Auction,,12.2
2025-09-01,DSP Marketplace - BFM,SimpliFi,BFM Internal,Simpli.Fi Deal - Philo,667896312331,2309.64
2025-09-01,Open Auction - BFM,Amazon DSP,—,Bidswitch -RTB- Getintent-Whitelist- Web Display,,0.03
2025-07-01,Open Auction - BFM,Krush Media,—,Krush Media Web Video,,113.01
2025-07-01,DSP Marketplace - BFM,TheTradeDesk,—,TTD Deal - CTV - MIQ - Hearst News,860644267470,0.03
2025-07-01,DSP Marketplace - BFM,Yahoo DSP,Beachfront Deal Migration,Yahoo Deal - CTV - Politics Allowed,BFM017,226.83
2025-07-01,Open Auction - BFM,—,—,LEAP McDonalds (2026),,4.06
2025-10-01,Open Auction - BFM,—,—,LEAP McDonalds (2026),,0.72
2025-12-01,Open Auction - BFM,Bidswitch,—,Bidswitch - Seedtag,,0.0
2025-12-01,Open Auction - BFM,Knorex,—,Bidswitch - APP 1st Price,,0.79
2025-08-01,Open Auction - BFM,Unruly,—,Unruly Web Display (Desktop Only),,0.0
2025-08-01,Open Auction - BFM,MadHive,—,0,,0.0
2026-07-01,DSP Marketplace - BFM,LoopMe,Beachfront Deal Curation,Seedtag CTV - LoopMe - The Masters,SeedtagCTV3907116827lo,0.0
2026-07-01,Open Auction - BFM,SmartClip,—,Philips_SC_Mexico,,0.0
2026-07-01,DSP Marketplace - BFM,SmartyAds,Beachfront Deal Curation,SmartyAds - Father's Day - 2026 Deal,Beach263,0.0
2026-08-01,DSP Marketplace - BFM,Beeswax,Beachfront Deal Curation,Datafy - News Contextual - Q4,Datafy2106644013,10.81
2026-08-01,DSP Marketplace - BFM,GroundTruth,BFM Internal,GroundTruth Deal - CTV - 90% VCR,480630561397,385.36
2026-08-01,Select - BFM,Viant,Quorum,Quorum Optimized > Viant > Nationwide Targeting - Banner,Quoru52,0.09
2026-08-01,DSP Marketplace - BFM,Stirista,Beachfront Deal Curation,Stirista Deal - DV - OLV RON,428524393318,0.0
2026-08-01,Open Auction - BFM,—,—,F0047517 LUP GENÉRICA PREGUNTAS NOCHES 30S,,0.0
2025-09-01,DSP Marketplace - BFM,JamLoop OpenRTB,—,JamLoop Deal - CTV - Xumo,614533760445,0.0
2025-08-01,DSP Marketplace - BFM,TheTradeDesk,Beachfront Deal Migration,TTD Deal - CTV - MiQ Fubo,770425332965,868.23
2025-08-01,Select - BFM,Viant,Viant,GameShow,BFViantGameShow,26.1
2025-10-01,DSP Marketplace - BFM,Basis Technologies,—,Basis Deal - CTV - All Supply w/ Network Data,BFM037,36.3
2025-10-01,DSP Marketplace - BFM,Epsilon (Conversant),Beachfront Deal Curation,Conversant Deal - CTV  - Paramount,136720822616,707.15
2025-10-01,DSP Marketplace - BFM,Octillion,Beachfront Deal Migration,Octillion Deal - CTV - AMC,135878418139,5601.63
2025-07-01,DSP Marketplace - BFM,SimpliFi,Beachfront Deal Curation,Simplifi Deal - OLV (Cannabis),403635039517,1.01
2025-07-01,Select - BFM,Xandr,Quorum,Quorum Optimized > MSFT > High Index Zips - Sonic Visitors - CTV,Quoru82,0.11
2025-07-01,DSP Marketplace - BFM,Yahoo DSP,Beachfront Deal Curation,Causal IQ - Goodyear - Yahoo DSP - CTV Deal,739281640570,746.57
2025-10-01,Open Auction - BFM,Bidswitch,—,Bidswitch - STB VOD,,0.0
2025-09-01,Select - BFM,TheTradeDesk,IRIS,IRIS.TV - Q11 - West Coast College - Graduates Contextual CTV_BFM,IRIS00360,130.93
2025-11-01,Select - BFM,Quantcast,Quorum,Quorum > Office and Finance > Physical Visitors,Quoru229,0.0
2026-07-01,DSP Marketplace - BFM,TheTradeDesk,BFM Internal,TTD Deal - HavasEdge - FEP Univision Spanish Inventory,618884101622,0.0
2025-11-01,Open Auction - BFM,Samsung DSP,—,Bidswitch - CTV - 1st Price (Bundle 151908),,1.43
2025-09-01,Select - BFM,Xandr,Quorum,Quorum Optimized > MSFT > High Index Zips - Jack In The Box Visitors - CTV,Quoru98,0.18
2025-09-01,Select - BFM,Yahoo DSP,Mavern Media,Mavern Media & Beachfront - The New Media Firm - Yahoo - Multiple - RON - CTV - 20250615,Mavern20,0.0
2025-11-01,DSP Marketplace - BFM,Epsilon (Conversant),Beachfront Deal Curation,Conversant Political Issues Category Targeting - Video/CTV,Beach116,323.78
2025-08-01,Select - BFM,Viant,IRIS,IRIS.TV - Viant -  NH State Lottery CTV_BFM,IRIS00357,82.24
2025-10-01,Select - BFM,Beeswax,MNTN,Beeswax Deal - MNTN - Xumo - Genre Entertainment Adjust,MNTN002,0.0
2025-09-01,DSP Marketplace - BFM,TheTradeDesk,Beachfront Deal Migration,TTD Deal - Bully Pulpit - Selected CTV (PlutoTV),386363634776,531.94
2025-08-01,DSP Marketplace - BFM,4INFO,—,4INFO Deal - CTV - T1 Indirect - (TRU),085159730982,0.0
2025-09-01,DSP Marketplace - BFM,Octillion,—,Octillion Deal - CTV - Cinedigm,379708306000,1179.42
2025-07-01,DSP Marketplace - BFM,PulsePoint,—,Pulsepoint Deal - CTV - CMI - iCTV Supply,560101639946,0.0
2025-07-01,Open Auction - BFM,Yahoo DSP,—,Yahoo - In-App,,58.47
2026-07-01,Open Auction - BFM,—,—,F0047551 SHOW LO MEJOR JCC 2026 SÁB 15s,,0.0
2025-10-01,DSP Marketplace - BFM,Beeswax,Beachfront Deal Curation,"Datafy - Entertainment, Video-Level Contextual - Q4",Datafy2255792809,24673.49
2025-07-01,DSP Marketplace - BFM,TheTradeDesk,—,TTD Deal - CTV - The Moran Group RON,557817962362,219.06
2025-08-01,DSP Marketplace - BFM,SimpliFi,BFM Internal,Simpli.Fi Deal - Plex,612120309142,33.21
2025-08-01,Select - BFM,TheTradeDesk,Aki,Aki Deal - CTV -  RON,Aki1,183545.79
2025-07-01,DSP Marketplace - BFM,Epsilon (Conversant),Beachfront Deal Curation,Conversant Deal - CTV  - Paramount,136720822616,571.7
2026-08-01,Open Auction - BFM,DV360,—,Bidswitch - APP,,0.07
2025-11-01,Open Auction - BFM,Samsung DSP,—,Bidswitch - CTV - 1st Price,,19.5
2025-11-01,Select - BFM,Xandr,IRIS,MNI - Business & Finance CTV_BFM,IRIS72,0.0
2025-09-01,Open Auction - BFM,Bidswitch,—,Bidswitch - MW [Display],,0.0
2025-08-01,DSP Marketplace - BFM,TheTradeDesk,Beachfront Deal Curation,TTD Deal - Casual IQ - Diverse Audience Content - CTV - Contextual,396334081756,0.0
2025-07-01,DSP Marketplace - BFM,4INFO,—,4INFO Deal - CTV - T1 Indirect - (VH1),533300483090,0.0
2025-11-01,Select - BFM,Bidswitch,Quorum,Quorum > Interior Designers > Physical Visitors,Quoru199,0.0
2025-08-01,DSP Marketplace - BFM,StackAdapt,Beachfront Deal Migration,StackAdapt Deal - CTV - Hispanic Audience,160021598282,564.58
2025-09-01,DSP Marketplace - BFM,TheTradeDesk,—,TTD Deal - CTV - MIQ - Price Targeted CTV,102921928886,0.0
2025-12-01,Select - BFM,Viant,Sightly,Goldbelly,Sight21,0.0
2025-08-01,Open Auction - BFM,SimpliFi,—,SimpliFi - APP - 1st Price,,3416.12
2025-08-01,DSP Marketplace - BFM,IQM,—,IQM Deal - CTV - Battle States - Florida FL - Politics Allowed (Deal Library),BFM073,0.33
2025-09-01,DSP Marketplace - BFM,Epsilon (Conversant),Beachfront Deal Curation,Conversant Cryptocurrency Category Targeting - Video/CTV,Beach112,1147.74
2025-07-01,Open Auction - BFM,Amazon DSP,—,Bidswitch - MW - 1st Price (HB),,535.47
2025-07-01,Open Auction - BFM,Yahoo DSP,—,Yahoo - Desktop MW - Open Auction - Efficiency Monitoring,,167.51
2026-07-01,Open Auction - BFM,—,—,F0047031 AEW TEASER GRAND SLAM CDMX 20,,0.0
2025-10-01,DSP Marketplace - BFM,Yahoo DSP,Beachfront Deal Migration,Yahoo Deal - CTV - Politics Allowed,BFM017,3102.39
2025-09-01,Open Auction - BFM,Viant,—,0,"BFM033, 389866043594",0.0
2025-07-01,DSP Marketplace - BFM,Viant,Beachfront Deal Curation,Viant Deal - CTV - Targeting away from Political (IRIS),925896302547,9439.25
2025-07-01,DSP Marketplace - BFM,JamLoop OpenRTB,—,JamLoop Deal - CTV - Fubo - Efficient CPM,302473738758,99.24
2025-08-01,Select - BFM,TheTradeDesk,Media Culture,BCH Tubi TV US,MCBCHTubiTVUS,2.58
2025-07-01,Open Auction - BFM,GlewedTV,—,Glewed.tv - Indirect Programmatic - $15,,0.0
2025-07-01,Select - BFM,—,Camelot,0,"PMGLGAds, PMGPub",0.0
2025-09-01,Open Auction - BFM,Adform,—,Bidswitch - APP Display,,0.0
2026-07-01,Open Auction - BFM,Adform,—,Bidswitch - Desktop [Display],,0.0
2026-07-01,DSP Marketplace - BFM,Stirista,Beachfront Deal Curation,Stirista Deal - DV - OLV RON,428524393318,0.05
2026-08-01,Open Auction - BFM,OnSpot Data,—,Bidswitch - APP,,0.05
2026-08-01,DSP Marketplace - BFM,Octillion,BFM Internal,Octillion Deal - CTV - A&E Network Adjust,747279147159,0.0
2026-08-01,Select - BFM,TheTradeDesk,Chief Media,TTD - Chief Media - Walmart - CTV - Pub Targeting - Deal,476519491695,0.0
2025-08-01,Open Auction - BFM,SimpliFi,—,SimpliFi - Web (1st Price),,5094.74
2025-08-01,DSP Marketplace - BFM,GroundTruth,Beachfront Deal Curation,GroundTruth Sensitive Category Deal - Nicotine - Desktop,Beach120,6.12
2025-08-01,DSP Marketplace - BFM,Octillion,—,Octillion Deal - CTV - Univision,370633388408,6497.05
2025-12-01,DSP Marketplace - BFM,StackAdapt,Beachfront Deal Migration,StackAdapt Deal - CTV (Non-News),674172181259,5739.99
2025-12-01,DSP Marketplace - BFM,JamLoop OpenRTB,—,JamLoop Deal - CTV - Fubo - $14,698777800950,242.31
2025-12-01,DSP Marketplace - BFM,Octillion,Beachfront Deal Migration,Octillion Deal - CTV - Sling - App List,747279147176,187.01
2025-10-01,DSP Marketplace - BFM,Octillion,Beachfront Deal Migration,Octillion Deal - CTV - EW Scripps,976384276675,19166.43
2025-08-01,DSP Marketplace - BFM,IQM,—,IQM Deal - CTV - News Genre - Politics Allowed,974777047225,9.3
2025-08-01,Open Auction - BFM,Xandr,—,Xandr STB VOD,,0.0
2025-09-01,DSP Marketplace - BFM,SimpliFi,—,Simpli.Fi Deal - Politics Allowed CTV,BFM017,738.28
2025-11-01,Open Auction - BFM,Infillion,—,Bidswitch - APP 1st Price,,6.57
2025-10-01,Select - BFM,Viant,IRIS,IRIS.TV - Viant - Thrivent Contextual CTV_BFM,IRIS00321,0.0
2025-11-01,Open Auction - BFM,—,—,F0033755 UFC FSP GENÉRICA VALS-METAL 20,,0.0
2026-07-01,DSP Marketplace - BFM,MadHive,BFM Internal,Madhive Deal - CTV Genre Sports,BFM021,1859.62
2026-08-01,Open Auction - BFM,Bidswitch,—,Bidswitch - MW [Display],,0.0
2025-11-01,Open Auction - BFM,Bidswitch,—,Bidswitch - CTV - 1st Price,,0.34
2025-11-01,Select - BFM,Viant,IRIS,IRIS.TV - Viant - Open-minded - Emotional Sentiment CTV_BFM,IRIS00294,24.05
2025-12-01,Open Auction - BFM,4INFO,—,4INFO - CTV - 1st Price,,41.13
2025-07-01,DSP Marketplace - BFM,DeepIntent,Beachfront Deal Curation,DeepIntent  deal - CTV - 30s RON,322442866061,413.29
2025-07-01,DSP Marketplace - BFM,4INFO,—,Cadent_CBSN_PMP,961834498547,0.0
2025-12-01,DSP Marketplace - BFM,MadHive,BFM Internal,MadHive - CTV - Sling Bundle Override (Price Targeted),MH34,358.45
2025-12-01,DSP Marketplace - BFM,Beeswax,Beachfront Deal Curation,Beeswax - CTV - VideoAmp - Holiday Travel,VideoAmp15938,835.61
2025-12-01,DSP Marketplace - BFM,Beeswax,Beachfront Deal Curation,Sports Content  - CTV - Contextual - VideoAmp,Beach149,0.0
2025-09-01,DSP Marketplace - BFM,Bidswitch,—,T-Ads_CTV_Beachfront_Multipub_$8,983106218897,0.0
2025-11-01,Open Auction - BFM,Walmart,—,TTD - CTV (Charter),,0.08
2025-10-01,Open Auction - BFM,Bidswitch,—,Bidswitch - APP Display,,0.0
2025-11-01,Open Auction - BFM,Pubmatic,—,CTV SeedTag,,149718.0
2025-08-01,DSP Marketplace - BFM,4INFO,—,Cadent_MSNBC_PMP,765929493008,0.0
2026-07-01,Open Auction - BFM,Viant,—,Viant - Linear (News),,0.0
2025-10-01,Select - BFM,Xandr,IRIS,MNI - Business & Finance CTV_BFM,IRIS72,0.0
2025-07-01,DSP Marketplace - BFM,IQM,—,IQM Deal - CTV - Battle States - Pennsylvania PA - Politics Allowed (Deal Library),BFM070,0.05
2025-07-01,Open Auction - BFM,—,—,F0033751 FGM C25 JUEVES 20S,,0.0
2025-09-01,DSP Marketplace - BFM,SimpliFi,BFM Internal,Simpli.Fi Deal - Zeam,897702713834,13.56
2025-10-01,Open Auction - BFM,—,—,Bidswitch - CTV - 1st Price,,0.0
2025-09-01,DSP Marketplace - BFM,Epsilon (Conversant),Beachfront Deal Curation,Conversant Nicotine Vaping Category Targeting - Video/CTV,Beach117,0.09
2025-08-01,Select - BFM,Lift,Infillion Demand,Pulte RON - Display 2,InfPulteRON2,0.0
2025-09-01,DSP Marketplace - BFM,Basis Technologies,—,Basis Deal - (All Spanish CTV/OTT) (Spanish Networks),141086649977,0.0
2026-07-01,DSP Marketplace - BFM,Octillion,Beachfront Deal Migration,Octillion Deal - CTV - Philo,747279147181,0.03
2026-08-01,DSP Marketplace - BFM,Zeta DSP,Beachfront Deal Curation,Bidswitch Deal - CTV - Zeta - Paramount (No Pluto),732808904693,21.28
2026-08-01,Open Auction - BFM,Lemma DSP,—,Lemma DSP Inapp Video,,0.66
2025-09-01,Open Auction - BFM,IPONWEB BidCore,—,Bidswitch - MW - 1st Price (HB),,1.22
2025-09-01,Open Auction - BFM,Viant,—,Viant - MW [Display],,903.18
2025-09-01,Select - BFM,Viant,Viant,GameShow,BFViantGameShow,176.82
2025-09-01,Open Auction - BFM,Xandr,—,Xandr STB VOD,,0.0
2025-12-01,Open Auction - BFM,Viant,—,Viant Deal - CTV (Direct Fixed $8),389866043594,0.0
2025-10-01,Open Auction - BFM,TheTradeDesk,—,TTD - CTV (Charter),,2582.39
2025-08-01,DSP Marketplace - BFM,Bidswitch,Beachfront Deal Curation,Bidswitch Deal - Zeta - CTV - Live Sports (Planet Fitness),615250198509,0.0
2025-08-01,Select - BFM,StackAdapt,Audigent,Audigent & Beachfront - AUD-066596 - PMG - Experian - CTV SmartPMP - Aggregated FICO Score 640 or more u2013 Equifax US - ctv,Audig1802,2491.08
2025-10-01,DSP Marketplace - BFM,Viant,Beachfront Deal Curation,Viant Deal - CTV - Spanish Political CTV,445972645214,66.33
2025-10-01,Open Auction - BFM,AdElement,—,Bidswitch - APP Display,,0.0
2025-11-01,DSP Marketplace - BFM,Viant,Beachfront Deal Migration,Viant Deal - CTV (Premium),677072730087,8540.51
2025-07-01,Open Auction - BFM,Adtheorent,—,0,,0.0
2025-12-01,Open Auction - BFM,Stirista,—,Stirista - Open Auction - OLV (Web),,0.0
2025-08-01,Open Auction - BFM,Adform,—,Bidswitch - Desktop [Display],,0.0
2025-08-01,DSP Marketplace - BFM,Viant,Beachfront Deal Migration,Viant Deal - CTV - Content Object Removed,918860075162,2745.2
2025-08-01,DSP Marketplace - BFM,Viant,Beachfront Deal Curation,Viant Deal - CTV - Roku Devices,193951448044,28093.42
2025-12-01,Open Auction - BFM,IPONWEB BidCore,—,Bidswitch - Desktop - 1st Price (HB),,0.0
2026-07-01,Open Auction - BFM,—,—,F0046821 CAMPANA MUNDIAL SOMOS GENERICA 30s,,0.0
2025-12-01,Select - BFM,Quantcast,Quorum,Quorum > Music Lovers > Physical Visitors,Quoru228,0.0
2025-12-01,Select - BFM,DV360,Quorum,Quorum > Music Lovers > Physical Visitors,Quoru228,0.0
2026-08-01,DSP Marketplace - BFM,Epsilon (Conversant),Beachfront Deal Curation,Conversant - Seedtag Q1 Tentpole - 98th Academy Awards - Contextual CTV,Beach219,23.01
2026-08-01,DSP Marketplace - BFM,GroundTruth,Beachfront Deal Curation,GroundTruth Deal - CTV - RON - Canada,340423331748,503.66
2026-08-01,Open Auction - BFM,IQM,—,IQM - Web Video - Open Auction,,0.44
2025-09-01,Open Auction - BFM,4INFO,—,4INFO - CTV - 1st Price,,21113.66
2025-09-01,DSP Marketplace - BFM,GroundTruth,—,GroundTruth Deal - CTV Univision Philo - 90% VCR,480630561397,476.99
2025-09-01,DSP Marketplace - BFM,JamLoop OpenRTB,—,JamLoop Deal - CTV OLV - All Spanish / Hispanic,048375798890,3286.7
2025-08-01,Select - BFM,Xandr,Quorum,Quorum Optimized > MSFT > High Index Zips - Wingstop Visitors - Banner,Quoru79,0.0
2025-09-01,Select - BFM,Bidswitch,IRIS,IRIS.TV - OMD - National Guard - Sentiment CTV_BFM,IRIS00270,0.0
2025-12-01,Open Auction - BFM,Beeswax,—,Beeswax UR Improvement Tier 3 (Low UR),,1215.09
2025-07-01,DSP Marketplace - BFM,Basis Technologies,—,Basis Deal - CTV Genre - Sports,BFM021,1195.26
2025-10-01,DSP Marketplace - BFM,GroundTruth,Beachfront Deal Curation,GroundTruth Deal - Desktop Web - Always On - Video,Beach189,0.0
2025-07-01,Select - BFM,StackAdapt,Audigent,Audigent & Beachfront - AUD-066596 - PMG - Experian - CTV SmartPMP - In Market Credit Card US - ctv,Audig1805,970.18
2025-07-01,Select - BFM,Xandr,Quorum,Quorum Optimized > MSFT > High Index Zips - Audi Dealership Visitors - CTV,Quoru110,0.21
2025-07-01,Open Auction - BFM,—,—,0,533370911919,5.96
2025-09-01,Select - BFM,TheTradeDesk,Strategus,Strategus Deal - CTV - $12-$14.99,Strat32,15.2
2025-09-01,DSP Marketplace - BFM,Viant,—,Viant Deal - CTV - LDA Approved,539578998219,0.0
2025-09-01,DSP Marketplace - BFM,4INFO,—,4INFO Deal - CTV - T1 Indirect - (TBS),251976083544,0.0
2025-07-01,DSP Marketplace - BFM,Viant,Beachfront Deal Curation,Viant Deal - CTV - Plex 1:1 Always On,772180040131,87.45
2026-07-01,Open Auction - BFM,Beeswax,—,0,,0.0
2025-11-01,Select - BFM,TheTradeDesk,Quorum,Quorum - Hanukkah Shoppers - Physical Visitors,Quoru211,0.0
2025-07-01,Open Auction - BFM,IPONWEB BidCore,—,Bidswitch -RTB- Getintent-Whitelist- Web Display,,0.0
2025-11-01,Open Auction - BFM,—,—,Xandr CTV,,0.0
2026-07-01,DSP Marketplace - BFM,Bidswitch,Beachfront Deal Curation,Seedtag NeuroX | Always-On | Jetsetters & Travel Enthusiasts - Connected TV,STNXCTV037,0.0
2026-07-01,DSP Marketplace - BFM,JamLoop OpenRTB,BFM Internal,Jamloop Deal - CTV - Network-Override-CBS Extension,JL001,763.06
2026-07-01,DSP Marketplace - BFM,MadHive,BFM Internal,MadHive Deal - CTV - Frndly - With Content Data,492043061198,0.0
2025-11-01,Open Auction - BFM,Streamworx Lda.,—,Bidswitch - CTV - 1st Price (Bundle 151908),,4.74
2025-09-01,Select - BFM,Xandr,Quorum,Quorum Optimized > MSFT > High Index Zips - Wendy's Visitors - CTV,Quoru76,0.0
2025-10-01,Open Auction - BFM,Bidswitch,—,Bidswitch - Desktop - 1st Price (HB),,0.01
2025-10-01,Open Auction - BFM,IPONWEB BidCore,—,Bidswitch - MW [Display],,0.0
2025-08-01,Select - BFM,Xandr,Quorum,Quorum Optimized > Viant > High Index Zips - McDonald's Visitors - Banner,Quoru55,0.0
2025-08-01,DSP Marketplace - BFM,—,Beachfront Deal Curation,Conversant Alcohol Category Targeting - Video/CTV,Beach110,0.0
2025-09-01,DSP Marketplace - BFM,TheTradeDesk,—,TTD Deal - In Market Subaru - CTV,551196808383,10339.45
2025-12-01,DSP Marketplace - BFM,Beeswax,—,Beeswax Deal - CTV - Political (No Approval),426834991759,12604.94
2025-09-01,DSP Marketplace - BFM,Bidswitch,Beachfront Deal Curation,Bidswitch Deal - Zeta - CTV - Political (FP1),625581164304,0.0
2025-10-01,Select - BFM,Xandr,Quorum,Quorum Optimized > MSFT > High Index Zips - Infiniti Dealership Visitors - CTV,Quoru124,0.08
2025-08-01,DSP Marketplace - BFM,Epsilon (Conversant),Beachfront Deal Curation,Conversant Alcohol Category Targeting - Video/CTV,Beach110,11536.92
2025-07-01,Open Auction - BFM,StackAdapt,—,StackAdapt - Desktop - Open Auction,,2428.97
2025-07-01,Select - BFM,Xandr,Quorum,Quorum Optimized > MSFT > High Index Zips - Red Robin Burgers Visitors - Banner,Quoru83,0.0
2025-11-01,Select - BFM,TheTradeDesk,Media Culture,INSP,Media14,0.04
2025-12-01,Open Auction - BFM,—,—,F0037326 FSR GENÉRICA V2 TEXTOS 25S,,0.0
2025-07-01,Select - BFM,TheTradeDesk,Strategus,Strategus - TTD Deal - Tubi - Bundle List - CTV,Strat70,298.11
2025-12-01,Open Auction - BFM,—,—,F0044514 FSR FIN DE AÑO hoy 2025 20S,,0.0
2025-08-01,Select - BFM,TheTradeDesk,IRIS,IRIS.TV - Q11 - West Coast College - Graduates Contextual CTV_BFM,IRIS00360,410.06
2025-09-01,DSP Marketplace - BFM,Octillion,Beachfront Deal Curation,Octillion Deal - CTV - Tubi - Channel Targeted,397917904122,6.07
2025-11-01,Open Auction - BFM,Epsilon (Conversant),—,Conversant Deal - CTV - RON,255653458214,0.0
2025-07-01,Open Auction - BFM,Streamworx Lda.,—,Bidswitch - CTV (Charter),,0.0
2026-07-01,Select - BFM,Beeswax,Simulmedia,PlayerWON-Ribeye-GFN-FY25,PlayerWONRibeyeGFNFY25,0.0
2026-07-01,DSP Marketplace - BFM,Bidswitch,Beachfront Deal Curation,Seedtag NeuroX | Always-On | Pop Culture & Entertainment Insiders - Connected TV,STNXCTV007,0.0
2026-07-01,DSP Marketplace - BFM,Epsilon (Conversant),Beachfront Deal Curation,NBA - CTV - Contextual -  Tentpole Deal - Conversant,Beach130,0.0
2026-07-01,DSP Marketplace - BFM,JamLoop OpenRTB,Beachfront Deal Migration,JamLoop Deal - CTV - Fuse TV,187878729747,90.88
2026-07-01,DSP Marketplace - BFM,Viant,BFM Internal,Viant Deal - CTV (Direct Fixed $8),389866043594,0.0
2025-09-01,Open Auction - BFM,GroundTruth,—,GroundTruth Deal - CTV - 90% VCR,480630561397,0.0
2025-08-01,Select - BFM,Xandr,Quorum,Quorum Optimized > MSFT > High Index Zips - Sonic Visitors - Banner,Quoru81,0.0
2025-08-01,Select - BFM,Yahoo DSP,Camelot,Yahoo - Curated CTV,PMGCuratedCTV,14417.81
2025-09-01,DSP Marketplace - BFM,Zeta DSP,Beachfront Deal Curation,Bidswitch Deal - CTV - Zeta - Paramount (No Pluto),732808904693,7230.87
2025-12-01,Open Auction - BFM,DV360,—,Bidswitch - MW - 1st Price (HB),,98.53
2025-11-01,Select - BFM,Yahoo DSP,Camelot,PMG - LG Ads,PMGLGAds,70043.23
2025-08-01,Select - BFM,Bidswitch,QRate,QrateUS_Guatemala_CTV,QRate20,0.0
2025-10-01,Open Auction - BFM,—,—,IRIS.TV - Quantum11 - Potbelly Contextual CTV_BFM,,0.0
2025-07-01,Select - BFM,TheTradeDesk,Strategus,TTD Deal - Strategus - Web/App Display - $2-$5,Strat63,2.07
2026-07-01,Open Auction - BFM,Walmart,—,TTD - Desktop [Display],,10.89
2026-08-01,DSP Marketplace - BFM,Bidswitch,Beachfront Deal Curation,Seedtag NeuroX | Always-On | Smart Personal Finance Managers - Connected TV,STNXCTV014,0.0
2026-08-01,DSP Marketplace - BFM,Octillion,Beachfront Deal Migration,Octillion Deal - CTV - Newsy,376929459164,0.07
2026-08-01,DSP Marketplace - BFM,Viant,Beachfront Deal Curation,Viant - Political - All Voters ,263290147805,0.0
2025-09-01,Open Auction - BFM,IPONWEB BidCore,—,Bidswitch - Seedtag,,0.6
2025-09-01,Select - BFM,Xandr,Quorum,Quorum Optimized > Viant > Nationwide Targeting - Banner,Quoru52,1.45
2025-09-01,DSP Marketplace - BFM,Stirista,Beachfront Deal Curation,Stirista Deal - DV - CTV RON (Washington DC),298578719382,1.69
2025-09-01,Open Auction - BFM,Stirista,—,Stirista - APP [Display],,1.39
2025-09-01,Open Auction - BFM,Stirista,—,Stirista - Open Auction - OLV (InApp),,0.9
2025-10-01,Open Auction - BFM,Amazon DSP,—,Bidswitch - Desktop [Display],,0.02
2025-10-01,DSP Marketplace - BFM,StackAdapt,Beachfront Deal Migration,StackAdapt Deal - CTV - Political,534891672291,29.39
2025-10-01,Select - BFM,Viant,Viant,Rightwing tv,BFRightWing,15.31
2025-07-01,Select - BFM,Beeswax,Simulmedia,PlayerWON-Ribeye-FY25,PlayerWONRibeyeFY25,0.24
2025-07-01,DSP Marketplace - BFM,Viant,Beachfront Deal Migration,Viant Deal - OLV - CBS,714397033029,94.04
2025-12-01,Open Auction - BFM,Webeye,—,Bidswitch - APP,,0.05
2025-08-01,Open Auction - BFM,Epsilon (Conversant),—,Conversant Future Today CTV (225474),,5.82
2025-11-01,DSP Marketplace - BFM,Epsilon (Conversant),—,Conversant Deal - InApp - RON,116367070037,298.24
2025-12-01,Open Auction - BFM,Quantcast,—,Bidswitch - Desktop [Display],,0.73
2025-10-01,Open Auction - BFM,OnSpot Data,—,Bidswitch - CTV - 1st Price,,293.71
2025-07-01,Open Auction - BFM,Bidswitch,—,Bidswitch - Desktop - 1st Price (HB),,0.0
2025-07-01,Open Auction - BFM,Bidswitch,—,Bidswitch - Desktop [Display],,0.02
2025-07-01,DSP Marketplace - BFM,SimpliFi,Beachfront Deal Migration,SimpliFi Deal - CTV Roku,542169059668,6434.23
2025-11-01,DSP Marketplace - BFM,Viant,—,Viant - Linear (Sports),598949723631,2824.0
2025-09-01,DSP Marketplace - BFM,Octillion,Beachfront Deal Migration,Octillion Deal - CTV - Sling - App List,747279147176,289.74
2025-08-01,DSP Marketplace - BFM,StackAdapt,—,StackAdapt Deal - CTV - Hallmark (Network),545977539514,115.49
2025-07-01,Select - BFM,TheTradeDesk,Aki,Aki Deal - CTV - Movie,Aki8,26.73
2025-12-01,Open Auction - BFM,Samsung DSP,—,Bidswitch - APP 1st Price,,0.0
2025-11-01,DSP Marketplace - BFM,—,Beachfront Deal Migration,0,976384276675,0.0
2025-07-01,DSP Marketplace - BFM,TheTradeDesk,Beachfront Deal Migration,TTD Deal - HavasEdge - CTV RON,676738569288,0.0
2026-07-01,DSP Marketplace - BFM,Beeswax,Beachfront Deal Curation,Datafy - Holiday Travel Seasonal - Q4,Datafy6204970307,72.15
2025-11-01,Open Auction - BFM,SmartyAds,—,SmartyAds - CTV (LG),,11.07
2025-09-01,Select - BFM,Xandr,Quorum,Quorum Optimized > MSFT > High Index Zips - Macy's Visitors - CTV,Quoru32,0.66
2025-12-01,Select - BFM,Viant,IRIS,IRIS.TV - Viant - Altria - Emotional CTV_BFM,IRIS00370,740.81
2025-10-01,Open Auction - BFM,Pubmatic,—,CTV SeedTag,,219974.34
2025-10-01,Select - BFM,TheTradeDesk,IRIS,IRIS.TV - Vayner - Shoppers Contextual CTV_BFM,IRIS00326,19.41
2025-09-01,Open Auction - BFM,Adtheorent,—,Ad Theorent - Desktop/MW - 1st Price,,3744.15
2025-07-01,Open Auction - BFM,OnSpot Data,—,Bidswitch - CTV - 1st Price,,438.95
2025-08-01,DSP Marketplace - BFM,Basis Technologies,Beachfront Deal Curation,Basis Deal - Political Allowed CTV - Swing States (Penn),379104419043,0.06
2025-08-01,DSP Marketplace - BFM,Beeswax,—,Beeswax Deal - CTV - Anoki - RON - $12,996138804224,20502.2
2025-08-01,DSP Marketplace - BFM,SimpliFi,—,Simpli.Fi Deal - Politics Allowed CTV,BFM017,370.56
2025-09-01,DSP Marketplace - BFM,Zeta DSP,Beachfront Deal Curation,Bidswitch Deal - Zeta - CTV - RON (Curation Seat),447383266136,2.56
2025-10-01,DSP Marketplace - BFM,Viant,Beachfront Deal Migration,Viant Deal - Charter,310648224343,426.03
2025-07-01,DSP Marketplace - BFM,SimpliFi,—,Simplifi Deal - App/Web (Cannabis) [Display],403635039516,0.0
2025-07-01,Select - BFM,Xandr,IRIS,MNI - Education & Research CTV_BFM,IRIS75,0.0
2025-12-01,DSP Marketplace - BFM,Viant,Beachfront Deal Curation,Viant Deal - CTV - Walter County Tourism (Channels/Networks),196835969212,1553.72
2025-11-01,Open Auction - BFM,Streamworx Lda.,—,Bidswitch - CTV - 1st Price,,83.02
2025-09-01,DSP Marketplace - BFM,SimpliFi,Beachfront Deal Curation,SimpliFi Deal - CTV - Tubi (Obfuscation),614966276968,1694.86
2025-12-01,Open Auction - BFM,—,—,F0044466 LATITUD ESPECIAL LO MEJOR SABADO 25,,0.0
2025-07-01,Select - BFM,TheTradeDesk,Aki,Aki Deal - CTV - Daytime TV,Aki6,0.71
2025-07-01,DSP Marketplace - BFM,Epsilon (Conversant),Beachfront Deal Curation,Conversant Firearms Category Targeting - Video/CTV,Beach114,4.02
2025-07-01,Open Auction - BFM,4INFO,—,4INFO Deal - CTV - T1 Indirect - (TBS),,0.0
2025-12-01,Open Auction - BFM,—,—,GroundTruth Deal - CTV - 90% VCR,,0.0
2026-07-01,DSP Marketplace - BFM,Beeswax,—,Adte_Optimal_Political,523268969147,0.0
2026-07-01,Open Auction - BFM,Lemma DSP,—,Lemma DSP CTV Ad,,424.82
2026-08-01,DSP Marketplace - BFM,Epsilon (Conversant),Beachfront Deal Curation,Conversant - Seedtag Q1 Tentpole - Valentine’s Day - Contextual CTV,Beach214,36.72
2026-08-01,DSP Marketplace - BFM,SmartyAds,Beachfront Deal Curation,SmartyAds - Coachella - 2026 Deal,Beach259,0.17
2026-08-01,DSP Marketplace - BFM,TheTradeDesk,BFM Internal,TTD Deal - In Market SUV Subaru - CTV (Spanish Language Targeting),709560726794,328.8
2026-08-01,Open Auction - BFM,Viant,—,Viant - MW [Display],,50.07
2025-10-01,Select - BFM,StackAdapt,Audigent,Audigent & Beachfront - AUD-066596 - PMG - Experian - CTV SmartPMP - In Market Credit Card US - ctv,Audig1805,0.0
2025-09-01,Open Auction - BFM,TheTradeDesk,—,TTD - APP [Display],,18887.42
2025-11-01,DSP Marketplace - BFM,MadHive,BFM Internal,MadHive - CTV - Philo Bundle Override (Price Targeted),MH33,1813.93
2025-09-01,Open Auction - BFM,IPONWEB BidCore,—,Bidswitch - CTV (Charter),,0.13
2025-08-01,DSP Marketplace - BFM,4INFO,—,Cadent_TLC_PMP_Test,787859088504,0.0
2025-10-01,Select - BFM,TheTradeDesk,Strategus,Strategus - TTD Deal - Tubi - Bundle List - CTV,Strat70,87.7
2025-08-01,DSP Marketplace - BFM,JamLoop OpenRTB,—,JamLoop Deal - CTV - A&amp;E - Efficient CPM,456808823983,271.76
2025-08-01,Select - BFM,Xandr,Quorum,Quorum Optimized > MSFT > High Index Zips - College & University Visitors - CTV,Quoru54,4.8
2025-09-01,Open Auction - BFM,DV360,—,Bidswitch - APP 1st Price,,602.31
2025-12-01,DSP Marketplace - BFM,StackAdapt,Beachfront Deal Curation,StackAdapt Deal - CTV - Premium Pubs - Political,BFMSA003,4591.05
2025-12-01,Open Auction - BFM,Madopi,—,Bidswitch - APP Display,,0.0
2025-12-01,Open Auction - BFM,SmartyAds,—,SmartyAds - CTV (Samsung),,9285.46
2025-09-01,Open Auction - BFM,Viant,—,Viant - Desktop [Display],,201.1
2025-08-01,Select - BFM,Bidswitch,IRIS,GumGum - Cendyn - Royalton - Brand Safe CTV_BFM,IRIS00290,0.0
2025-10-01,Open Auction - BFM,Viant,—,Viant - CTV - 1st Price,,221512.87
2025-10-01,Select - BFM,Xandr,Quorum,Quorum Optimized > MSFT > High Index Zips - Dick's Sporting Goods Visitors - CTV,Quoru41,0.42
2025-10-01,Open Auction - BFM,—,—,0,,80.07
2025-10-01,Open Auction - BFM,Infillion,—,Bidswitch - APP,,1.01
2025-08-01,Open Auction - BFM,Viant,—,Viant - Linear (Entertainment),,0.0
2025-10-01,Open Auction - BFM,Epsilon (Conversant),—,0,255653458214,0.0
2025-12-01,Select - BFM,Xandr,IRIS,MNI - Science & Tech CTV_BFM,IRIS73,0.0
2025-08-01,DSP Marketplace - BFM,Unruly,—,Unruly RTBHouse Deal - OLV - ($2),577056368531,0.0
2025-10-01,Select - BFM,Xandr,MultiLocal,mCanvas_mlm_Roku_US_CTV_Xandr_BF_MLMBRID7304,Multi48,0.0
2025-09-01,Open Auction - BFM,—,—,JamLoop Deal - CTV - SamsungAds - $9 - DON&#039;T TOUCH QPS,,0.0
2025-09-01,Open Auction - BFM,—,—,Conversant - Web - Open Auction - Display,,0.0
2025-09-01,Open Auction - BFM,—,—,Simplifi Deal - CTV LDA Approved,,0.0
2026-08-01,DSP Marketplace - BFM,Stirista,Beachfront Deal Curation,Stirista Deal - DV - CTV RON (Washington DC),298578719382,0.06
2025-10-01,DSP Marketplace - BFM,JamLoop OpenRTB,—,JamLoop Deal - CTV - LG Ads - $14,533370911919,1544.31
2025-08-01,Open Auction - BFM,Infillion,—,Bidswitch - Desktop - 1st Price (HB),,3.52
2025-08-01,Open Auction - BFM,SimpliFi,—,SimpliFi - MW [Display],,1740.73
2025-12-01,DSP Marketplace - BFM,StackAdapt,Beachfront Deal Curation,StackAdapt_Standard Inventory Packages_Beachfront_2025_Sports (General),Beach157,1232.96
2025-09-01,DSP Marketplace - BFM,TheTradeDesk,Beachfront Deal Migration,TTD Deal - MiQ - CA CTV (RON),662507672500,10377.2
2025-09-01,Open Auction - BFM,SmartyAds,—,SmartyAds - App (1st Price),,276.16
2025-07-01,Select - BFM,Viant,Viant,Rightwing tv,BFRightWing,0.23
2025-12-01,DSP Marketplace - BFM,JamLoop OpenRTB,—,JamLoop Deal - CTV - Fuse TV,187878729747,279.36
2025-11-01,DSP Marketplace - BFM,Beeswax,—,Beeswax Deal - CTV - Datafy - Hispanic Inventory,976376076665,0.0
2025-11-01,Open Auction - BFM,IPONWEB BidCore,—,Bidswitch - APP,,0.0
2025-08-01,DSP Marketplace - BFM,4INFO,—,Cadent_HGTV_PMP,839140517552,0.0
2025-08-01,DSP Marketplace - BFM,MadHive,Beachfront Deal Migration,MadHive Deal - CTV (Alcohol) - Paramount Only,110295217642,1298.8
2025-12-01,DSP Marketplace - BFM,Beeswax,Beachfront Deal Curation,Pathlabs - Swisher Sweets Nicotine-Safe - CTV,Path38106872,0.0
2025-08-01,Open Auction - BFM,—,—,2508 - MGMPLUS - AUG 2025 XCH - MGMP20323-10 - SERIES,,278.72
2025-07-01,DSP Marketplace - BFM,SimpliFi,BFM Internal,Simpli.Fi Deal - Univision,318028617508,6.8
2025-07-01,DSP Marketplace - BFM,Viant,Beachfront Deal Curation,Viant Deal - CTV - Sports Grid (Always on 1:1),748750104921,0.0
2025-12-01,Select - BFM,Viant,Quorum,Quorum Optimized > Viant > High Index Zips - Macy's Visitors - Banner,Quoru176,0.0
2025-09-01,Open Auction - BFM,—,—,GroundTruth Video CTV,,0.0
2025-11-01,DSP Marketplace - BFM,Basis Technologies,—,Basis Deal - CTV - All Supply w/ Network Data (IOWA 55+),155753733539,0.0
2026-07-01,DSP Marketplace - BFM,DV360,Beachfront Deal Curation,Seedtag NeuroX | Always-On | Digital Creators & Influencer Content Viewers - Connected TV,STNXCTV006,27.95
2026-07-01,Open Auction - BFM,Zeta DSP,—,Bidswitch - Desktop - 1st Price (HB),,0.65
2026-08-01,DSP Marketplace - BFM,Viant,Beachfront Deal Curation,Viant - Summer Travel - Liz,908204927401,0.0
2026-08-01,Open Auction - BFM,AdIngenious,—,Bidswitch - APP Display,,0.1
2026-08-01,DSP Marketplace - BFM,JamLoop OpenRTB,BFM Internal,Jamloop Deal - CTV - Network-Override-NBC,JL001,32.72
2026-08-01,Open Auction - BFM,Sharethrough,—,Sharethrough CTV Video - Shamrock Farms Bundle Optimized,,23.65
2026-08-01,DSP Marketplace - BFM,SmartyAds,Beachfront Deal Curation,SmartyAds - Sport Basketball - 2026 Deal,Beach254,0.0
2026-08-01,Open Auction - BFM,The Media Sense,—,The Media Sense DSP CTV Ads Direct,,0.0
2026-08-01,Open Auction - BFM,TheTradeDesk,—,TTD - MW - 1st Price (HB),,34.51
2025-07-01,Open Auction - BFM,Epsilon (Conversant),—,Conversant Future Today CTV (225478),,12.88
2025-11-01,Open Auction - BFM,Madopi,—,Bidswitch - Seedtag,,0.82
2025-08-01,DSP Marketplace - BFM,TheTradeDesk,—,TTD Deal - CTV - Lockard & Wechsler - $7 PP,356251814318,0.0
2025-10-01,DSP Marketplace - BFM,Basis Technologies,Beachfront Deal Curation,Basis Deal - OTT - Skechers 2025 - Men 45+ - Entertainment,765118223712,0.0
2025-09-01,Select - BFM,Xandr,Quorum,Quorum Optimized > MSFT > High Index Zips - Jamba Juice Visitors - Banner,Quoru99,0.0
2025-08-01,DSP Marketplace - BFM,MadHive,BFM Internal,MadHive - CTV - Pluto Bundle Override (Price Targeted),MH32,37127.01
2026-07-01,Open Auction - BFM,—,—,F0047531 GOTF ASTANA ESTRENO 25,,0.0
2025-07-01,Select - BFM,TheTradeDesk,IRIS,IRIS.TV - Quantum11 - Potbelly Sentiment CTV_BFM,IRIS00283,193.72
2025-11-01,Open Auction - BFM,Knorex,—,Bidswitch - APP Display,,0.13
2025-09-01,DSP Marketplace - BFM,Basis Technologies,Beachfront Deal Curation,Basis Deal - OTT - Skechers 2025 - Men 45+ - Sports,343798267566,333.84
2025-10-01,Open Auction - BFM,Knorex,—,Bidswitch - MW - 1st Price (HB),,0.01
2025-07-01,Open Auction - BFM,AdElement,—,Bidswitch - APP Display,,0.0
2026-07-01,DSP Marketplace - BFM,StackAdapt,BFM Internal,StackAdapt Deal - CTV (News Genre-Targeted),564909187691,937.67
2026-07-01,DSP Marketplace - BFM,StackAdapt,Beachfront Deal Curation,StackAdapt Deal - CTV - Sports - Political,BFMSA005,177.48
2026-08-01,DSP Marketplace - BFM,SmartyAds,—,SmartyAds Deal - CTV (Holiday-Shopping),254822275978,0.1
2026-08-01,Open Auction - BFM,TheTradeDesk,—,TTD - APP [Display],,336.32
2025-07-01,DSP Marketplace - BFM,Beeswax,Beachfront Deal Curation,Travel - CTV - Tentpole Deal - VideoAmp,Beach155,8.56
2025-09-01,DSP Marketplace - BFM,MadHive,BFM Internal,MadHive - CTV - Plex (Price Targeted),MH37,1911.51
2025-08-01,DSP Marketplace - BFM,StackAdapt,Beachfront Deal Curation,StackAdapt_Standard Inventory Packages_Beachfront_2025_Travel,Beach156,12.29
2025-10-01,DSP Marketplace - BFM,Viant,—,Viant Deal - CTV (Minority / Woman Owned),BFM027,28.45
2025-10-01,DSP Marketplace - BFM,DeepIntent,Beachfront Deal Curation,DeepIntent - CTV - Sports (genre),461410362718,149.89
2025-09-01,Select - BFM,Xandr,Quorum,Quorum Optimized > MSFT > High Index Zips - JCPenny Visitors - CTV,Quoru37,0.0
2025-12-01,Open Auction - BFM,Adtheorent,—,Ad Theorent - APP [Display],,285.08
2025-12-01,DSP Marketplace - BFM,Viant,—,Viant Deal - CTV - Pride Month,138059117830,0.0
2025-08-01,DSP Marketplace - BFM,MadHive,—,MadHive Deal - CTV - Fubo - No Content Data,214226211548,96.32
2025-07-01,DSP Marketplace - BFM,JamLoop OpenRTB,—,JamLoop Deal - CTV - LG Ads - $14,533370911919,7253.16
2026-07-01,Open Auction - BFM,Seedtag POC,—,SEEDTAG (DON'T USE),,0.0
2025-10-01,Open Auction - BFM,Adtheorent,—,0,,0.0
2025-07-01,Open Auction - BFM,Reset Digital,—,Indirect - Reset Digital - $18 Floor,,0.0
2025-08-01,Open Auction - BFM,—,—,SimpliFi - Seedtag,,0.0
2026-07-01,DSP Marketplace - BFM,DV360,Beachfront Deal Curation,Seedtag NeuroX | Always-On | SMB Owners & Entrepreneurs - Connected TV,STNXCTV013,14.24
2026-08-01,Open Auction - BFM,—,—,Seedtag,,0.0
2026-08-01,DSP Marketplace - BFM,DV360,Beachfront Deal Curation,Seedtag NeuroX | Always-On | Finance & Investment Pros - Connected TV,STNXCTV011,0.11
2026-08-01,DSP Marketplace - BFM,LoopMe,Beachfront Deal Curation,LoopMe - CTV - Live Sports,LoopMe1348234,0.0
2025-12-01,Open Auction - BFM,Bidswitch,—,Bidswitch - APP,,0.0
2025-07-01,DSP Marketplace - BFM,Basis Technologies,—,Basis Deal - Fubo CTV (Sports),BFM061,9.43
2025-08-01,DSP Marketplace - BFM,Beeswax,—,Beeswax Deal - CTV - AudienceXpress - RON - Efficiency Monitoring,765218873628,3.08
2025-07-01,DSP Marketplace - BFM,SimpliFi,—,Simpli.Fi Deal - Politics Allowed CTV (Comscore Data),418855721664,0.0
2025-11-01,Open Auction - BFM,—,—,F0037322 LUP GENERICA FOTOS TEXTOS 20s,,0.0
2025-10-01,Select - BFM,Beeswax,Simulmedia,PlayerWON-Ribeye-FY25,PlayerWONRibeyeFY25,0.0
2025-10-01,DSP Marketplace - BFM,Bidswitch,Beachfront Deal Curation,SamsungAds Efficiency Line,314668390400,0.0
2025-09-01,Select - BFM,Viant,Audigent,Audigent & Beachfront - AUD-066527 - Optimum Media - Multiple Brands - CTV ContextualPMP - Football US - ctv,Audig1799,0.0
2025-09-01,Select - BFM,Xandr,Quorum,Quorum Optimized > MSFT > High Index Zips - Dunkin Donuts Visitors - Banner,Quoru61,0.0
2025-11-01,Open Auction - BFM,SmartyAds,—,SmartyAds - Web (Taboola),,75.84
2025-07-01,Select - BFM,Xandr,Quorum,Quorum Optimized > MSFT > High Index Zips - Genesis Dealership Visitors - Banner,Quoru117,0.0
2025-12-01,Select - BFM,Viant,Quorum,Quorum Optimized > Viant > High Index Zips - Dick's Sporting Goods Visitors - Banner,Quoru184,0.0
2025-09-01,Select - BFM,TheTradeDesk,Media Culture,ION Live,Media10,0.0
2025-12-01,Open Auction - BFM,LoopMe,—,0,,0.0
2025-09-01,Open Auction - BFM,—,—,F0040453 F1 GP SINGAPORE DOMINGO 30,,0.0
2026-07-01,DSP Marketplace - BFM,Bidswitch,Beachfront Deal Curation,Seedtag NeuroX | Always-On | Health & Wellness Seekers - Connected TV,STNXCTV026,0.0
2026-07-01,DSP Marketplace - BFM,TheTradeDesk,BFM Internal,TTD Deal - In Market SUV Subaru - CTV,782973249332,14723.08
2026-08-01,DSP Marketplace - BFM,SmartyAds,Beachfront Deal Curation,SmartyAds - Local Sports Deal,Beach265,0.0
2025-07-01,DSP Marketplace - BFM,Basis Technologies,Beachfront Deal Curation,Basis Deal - OTT - Skechers 2025 - Men 45+ - Entertainment,765118223712,93.06
2025-10-01,Open Auction - BFM,SmartyAds,—,SmartyAds - CTV (Vizio),,14.25
2025-11-01,Select - BFM,Viant,IRIS,IRIS.TV - Viant - Wyndham Contextual CTV_BFM,IRIS00358,0.0
2025-09-01,Open Auction - BFM,TheTradeDesk,—,TTD - MW - 1st Price (HB),,3473.58
2025-11-01,Open Auction - BFM,Adtelligent,—,Adtelligent - CTV,,2084.57
2025-12-01,Select - BFM,JamLoop OpenRTB,TEGNA,Jamloop - AO - News - CTV - TEGNASOURCED 081221,TEGNA1,815.37
2025-11-01,Open Auction - BFM,—,—,F0033649 LATITUD 25_1 SABÍAS QUE 30SEG v4,,0.0
2025-10-01,Select - BFM,Viant,IRIS,IRIS.TV - Viant - Wyndham Emotional Sentiment CTV_BFM,IRIS00359,5.64
2025-07-01,Open Auction - BFM,Bidswitch,—,Bidswitch - APP Display,,0.12
2025-09-01,Select - BFM,Xandr,Quorum,Quorum Optimized > MSFT > High Index Zips - Friendly's Visitors - CTV,Quoru96,3.2
2025-07-01,Open Auction - BFM,535Media,—,535Media - oRTB CTV,,644.87
2025-07-01,DSP Marketplace - BFM,Octillion,Beachfront Deal Migration,Octillion Deal - CTV - EW Scripps,976384276675,7285.54
2025-07-01,Select - BFM,Viant,IRIS,IRIS.TV - Viant - Open-minded - Emotional Sentiment CTV_BFM,IRIS00294,18.06
2025-07-01,Select - BFM,Xandr,IRIS,MNI - Business & Finance CTV_BFM,IRIS72,0.0
2025-08-01,DSP Marketplace - BFM,Epsilon (Conversant),Beachfront Deal Curation,Conversant Pharma Category Targeting - Video/CTV,Beach115,325.39
2025-09-01,DSP Marketplace - BFM,4INFO,—,Cadent_MSNBC_PMP,765929493008,0.0
2025-09-01,DSP Marketplace - BFM,Basis Technologies,Beachfront Deal Curation,Basis Deal - CTV - Skechers 2025 - Work - Entertainment,713917241756,14078.49
2025-09-01,DSP Marketplace - BFM,Viant,—,Glewed TV &amp; Adelphic - Always on RON - Beachfront CTV PMP,653988017159,0.11
2025-08-01,Select - BFM,TheTradeDesk,AI Digital,AI Digital - C0018 - CTV - Live Spots - 032223 - Updated,1651574,84.79
2025-08-01,Open Auction - BFM,Adform,—,Bidswitch - MW - 1st Price (HB),,0.06
2026-07-01,Open Auction - BFM,Infillion,—,Bidswitch - CTV - 1st Price,,287.07
2026-07-01,DSP Marketplace - BFM,Epsilon (Conversant),Beachfront Deal Curation,Conversant - Seedtag Q1 Tentpole - St. Patrick’s Day - Contextual CTV,Beach220,450.57
2026-07-01,DSP Marketplace - BFM,GroundTruth,Beachfront Deal Curation,GroundTruth Sensitive Category Deal - Nicotine - Desktop,Beach120,0.01
2026-08-01,Open Auction - BFM,Viant,—,Viant - Desktop [Display],,4.01
2026-08-01,DSP Marketplace - BFM,Beeswax,—,Adte RibEye Q3,846816640820,6.35
2026-08-01,Open Auction - BFM,Epsilon (Conversant),—,Conversant - Web - Open Auction - Display,,0.35
2026-08-01,Open Auction - BFM,LoopMe,—,LoopMe DSP Lottery Campaign copy (deal mimic),,44.19
2025-07-01,Select - BFM,Viant,Audigent,Audigent & Beachfront - AUD-066527 - Optimum Media - Multiple Brands - CTV ContextualPMP - English Language US - ctv,Audig1776,0.59
2025-09-01,DSP Marketplace - BFM,IQM,—,IQM Deal - Web - News RON - Politics Allowed,599662147395,0.01
2025-08-01,Select - BFM,Xandr,Quorum,Quorum Optimized > MSFT > High Index Zips - Macy's Visitors - Banner,Quoru31,0.0
2025-12-01,Open Auction - BFM,Adform,—,Bidswitch - MW [Display],,0.0
2025-10-01,DSP Marketplace - BFM,JamLoop OpenRTB,BFM Internal,Jamloop Deal - CTV - Network-Channel-Newsmax,914358280972,3.55
2025-08-01,Select - BFM,Bidswitch,MultiLocal,T9_mlm_TA_CA_CT_CTV_BF_MLMBRID4972,Multi25,0.0
2025-12-01,DSP Marketplace - BFM,TheTradeDesk,—,TTD Deal - Bully Pulpit CTV (Local News),154412565624,70.88
2025-11-01,Select - BFM,Beeswax,Simulmedia,Simulmedia Beeswax Connection Rewarded,Simul2,8.35
2025-12-01,Select - BFM,Viant,IRIS,Viant - Sonny's BBQ - Contextual CTV_BFM,IRIS00351,310.86
2025-12-01,Open Auction - BFM,—,—,Viant - CTV - 1st Price,,0.0
2025-07-01,Open Auction - BFM,—,—,F0039224 FUT INT LEIPZIG VS ATALANTA SAB 20,,0.0
2025-08-01,Select - BFM,—,Camelot,PMG - LG Ads,,0.0
2025-07-01,Open Auction - BFM,Samsung DSP,—,Bidswitch - Desktop [Display],,0.0
2025-07-01,DSP Marketplace - BFM,TheTradeDesk,Beachfront Deal Migration,TTD Deal - HavasEdge - OTT RON,676738569288,0.0
2025-11-01,DSP Marketplace - BFM,—,Beachfront Deal Curation,Conversant Deal - CTV  - Paramount,,0.0
2026-07-01,Open Auction - BFM,SmartyAds,—,SmartyAds - CTV (LATAM),,6.25
2025-07-01,DSP Marketplace - BFM,Beeswax,Beachfront Deal Curation,Beeswax Deal - CTV - Videoamp iCTV,366846669359,22.23
2025-10-01,Open Auction - BFM,TheTradeDesk,—,TTD - Desktop - 1st Price (HB),,7154.63
2025-11-01,Select - BFM,Viant,IRIS,IRIS.TV - Viant - Healthy Living CTV_BFM,IRIS00318,532.06
2025-08-01,DSP Marketplace - BFM,Basis Technologies,Beachfront Deal Curation,Basis Deal - CTV - Skechers 2025 - Work - Entertainment,713917241756,17394.15
2025-10-01,Open Auction - BFM,Streamworx Lda.,—,Bidswitch - Seedtag,,2.63
2025-11-01,Select - BFM,Bidswitch,QRate,QrateUS_Honduras_CTV,QRate50,0.0
2025-10-01,DSP Marketplace - BFM,JamLoop OpenRTB,Beachfront Deal Curation,JamLoop Deal - CTV - Live Soccer,789899425708,0.0
2025-07-01,DSP Marketplace - BFM,4INFO,—,Cadent_FBN_FOX Business_PMP,965906603107,0.0
2025-07-01,DSP Marketplace - BFM,JamLoop OpenRTB,BFM Internal,Jamloop Deal - CTV - Syncbak - Local News Adjust,137695710557,1.68
2025-07-01,Open Auction - BFM,Bidswitch,—,Bidswitch Deal - CTV - Roku - MIQ - $12 Fixed RON,,0.0
2025-08-01,Select - BFM,Bidswitch,Infillion Demand,Signet | Male Self Gifters | Desktop & Mobile,SignetInfilGiftBeachDeskMob,0.0
2025-09-01,DSP Marketplace - BFM,StackAdapt,Beachfront Deal Curation,StackAdapt_Standard Inventory Packages_Beachfront_2025_Travel,Beach156,2.59
2025-07-01,DSP Marketplace - BFM,Viant,—,Viant Deal - CTV (Minority / Woman Owned),BFM027,22.8
2025-12-01,Open Auction - BFM,IPONWEB BidCore,—,Bidswitch - APP Display,,0.0
2025-09-01,Select - BFM,TheTradeDesk,Strategus,Strategus CTV - $22-$24.99,Strat35,0.0
2025-09-01,DSP Marketplace - BFM,Viant,Beachfront Deal Curation,Viant Deal - CTV - HGTV,429035289354,0.09
2025-07-01,Open Auction - BFM,Epsilon (Conversant),—,0,,0.0
2025-08-01,Select - BFM,TheTradeDesk,Strategus,TTD Deal - Strategus - Web/App Display - $1-$1.99,Strat62,16.98
2025-11-01,Select - BFM,Quantcast,Quorum,Quorum > Food Lovers > Physical Visitors,Quoru195,0.0
2025-12-01,Select - BFM,Quantcast,Quorum,Quorum > Thanksgiving Shoppers > Physical Visitors,Quoru201,0.0
2026-07-01,Select - BFM,Yahoo DSP,Camelot,PMG - Pub Targeting - Hardee's,PMGPubHardees,0.0
2025-11-01,Open Auction - BFM,Marketing Architects -RTB,—,Marketing Architects - PlayerWON,,0.06
2025-08-01,DSP Marketplace - BFM,Yahoo DSP,—,Yahoo Deal - CTV (Division D RON $13) - Efficiency Monitoring,344398214696,2.07
2025-11-01,DSP Marketplace - BFM,Epsilon (Conversant),Beachfront Deal Curation,Conversant Deal - CTV  - Paramount,136720822616,1830.3
2025-09-01,Open Auction - BFM,Epsilon (Conversant),—,Conversant - Web - Open Auction - Display,,897.15
2025-10-01,Select - BFM,Viant,Quorum,Quorum Optimized > Viant > High Index Zips - Home Depot Visitors - CTV,Quoru179,0.0
2025-07-01,Open Auction - BFM,SimpliFi,—,SimpliFi - Desktop [Display],,1068.83
2025-10-01,DSP Marketplace - BFM,TheTradeDesk,Beachfront Deal Migration,TTD Deal - HavasEdge - CTV RON,676738569288,0.0
2025-09-01,Open Auction - BFM,—,—,F0039623 F1 GP ITALIA DOMINGO 30s,,0.0
2025-07-01,DSP Marketplace - BFM,4INFO,—,Cadent_DIRECTV_PMP,891134562095,0.0
2025-07-01,Select - BFM,JamLoop OpenRTB,Hearst News,Hearst - Jamloop $14 Floor CTV,Hearst2,0.18
2025-07-01,Select - BFM,Xandr,Quorum,Quorum Optimized > MSFT > High Index Zips - Genesis Dealership Visitors - CTV,Quoru118,0.03
2025-07-01,Select - BFM,Stirista,Audigent,Audigent & Beachfront - AUD-066529 - Optimum Media - Multiple Brands - CTV ContextualPMP - Basketball US - ctv,Audig1784,0.0
2026-07-01,Open Auction - BFM,StackAdapt,—,SEEDTAG (DON'T USE),,5107.03
2025-07-01,Select - BFM,TheTradeDesk,Strategus,Strategus CTV RON,300416284256,34788.98
2025-07-01,DSP Marketplace - BFM,4INFO,—,Cadent_Popcornflix_PMP,009663473308,0.0
2025-11-01,DSP Marketplace - BFM,Bidswitch,—,Bidswitch Deal - CTV - Channel Package - Food&Cooking  (Networks),693513730943,0.0
2025-09-01,DSP Marketplace - BFM,Basis Technologies,Beachfront Deal Curation,Basis Deal - CTV - Skechers 2025 - Men 45+ - News,154877815199,12643.28
2025-09-01,Select - BFM,TheTradeDesk,Strategus,Strategus Deal - CTV - Baseball Live,Strat75,4.59
2025-07-01,Open Auction - BFM,—,—,BEISBOL EL SHOW 2025 SABADO 20,,0.0
2025-11-01,Open Auction - BFM,Demandbase,—,0,,0.0
2026-07-01,Open Auction - BFM,Knorex,—,Bidswitch - MW [Display],,0.0
2025-10-01,Open Auction - BFM,Cepia,—,Mighty Wheels September 2025 Dub01,,0.05
2026-07-01,DSP Marketplace - BFM,GroundTruth,Beachfront Deal Curation,NBA - Live - CTV - Contextual - Tentpole Deal - GroundTruth,Beach137,11.36
2026-07-01,Open Auction - BFM,ZetaBidswitch,—,Seedtag,,2.81
2026-08-01,DSP Marketplace - BFM,Octillion,Beachfront Deal Migration,Octillion Deal - CTV - Open Auction,747279147174,0.0
2026-08-01,DSP Marketplace - BFM,Octillion,Beachfront Deal Migration,Octillion Deal - CTV - Sling - App List,747279147176,0.0
2026-08-01,Open Auction - BFM,Streamworx Lda.,—,Bidswitch - MW [Display],,0.0
2025-07-01,DSP Marketplace - BFM,DeepIntent,Beachfront Deal Curation,DeepIntent - CTV - Sports (genre),461410362718,103.72
2025-10-01,DSP Marketplace - BFM,StackAdapt,—,StackAdapt Deal - CTV (Spanish Language),298330405897,175.57
2025-09-01,Open Auction - BFM,SimpliFi,—,SimpliFi - MW [Display],,1736.01
2025-09-01,Open Auction - BFM,Infillion,—,Bidswitch - CTV - 1st Price (Bundle 151908),,2.14
2025-12-01,Open Auction - BFM,LoopMe,—,LoopMe DSP Lottery Campaign copy (deal mimic),,430.37
2025-10-01,Select - BFM,Xandr,Quorum,Quorum Optimized > MSFT > High Index Zips - Audi Dealership Visitors - CTV,Quoru110,0.0
2025-10-01,DSP Marketplace - BFM,Basis Technologies,—,Basis Deal - CTV Genre - Sports,BFM021,118.76
2025-10-01,Select - BFM,SundaySky,Fize,SundaySky,fizesundaysky,35.74
2025-12-01,DSP Marketplace - BFM,Viant,Beachfront Deal Migration,Viant Deal - CTV - Political Approved Pubs RON,554902786103,1718.08
2025-07-01,DSP Marketplace - BFM,StackAdapt,—,StackAdapt Deal - App - 70%+ VCR,950191416301,298.47
2025-07-01,Open Auction - BFM,Pubmatic,—,CTV SeedTag,,44.0
2025-11-01,Open Auction - BFM,—,—,F0041506 INSIDE UFC GENÉRICO 20,,0.0
2025-11-01,Open Auction - BFM,Zeta DSP,—,Bidswitch - APP 1st Price,,0.07
2025-07-01,DSP Marketplace - BFM,—,—,Integration TEST DEAL,763643192544,0.0
2025-07-01,DSP Marketplace - BFM,—,BFM Internal,0,MH32,0.0
2025-07-01,DSP Marketplace - BFM,Basis Technologies,Beachfront Deal Migration,Basis - CTV - Political First Look,BFM108,0.0
2026-07-01,DSP Marketplace - BFM,Bidswitch,Beachfront Deal Curation,Seedtag NeuroX | Always-On | Fantasy Sports & Sports Betting Content Viewers - Connected TV,STNXCTV034,0.0
2026-07-01,Open Auction - BFM,Stirista,—,Stirista - Open Auction - OLV (Web),,0.04
2026-08-01,DSP Marketplace - BFM,DV360,Beachfront Deal Curation,Seedtag NeuroX | Always-On | SMB Owners & Entrepreneurs - Connected TV,STNXCTV013,0.49
2026-08-01,Open Auction - BFM,TheTradeDesk,—,TTD - APP,,377.86
2025-10-01,Open Auction - BFM,Sharethrough,—,Sharethrough InApp Video (Open Auction),,680.18
2025-08-01,DSP Marketplace - BFM,SimpliFi,—,Simplifi Deal - Obsession Media CTV,259169976588,1.63
2025-09-01,DSP Marketplace - BFM,TheTradeDesk,Beachfront Deal Migration,TTD - CTV - Captify $15 Below,730946633654,3344.72
2025-07-01,Select - BFM,Stirista,Audigent,Audigent & Beachfront - AUD-066529 - Optimum Media - Multiple Brands - CTV ContextualPMP - Hockey US - ctv,Audig1789,0.0
2025-07-01,Select - BFM,Basis Technologies,AI Digital,LucidX - Beachfront - C0167 - South Shore Bank - CTV - Finance - 103024,AIDig148,0.0
2025-10-01,Open Auction - BFM,Samsung DSP,—,Bidswitch - MW - 1st Price (HB),,0.01
2025-09-01,DSP Marketplace - BFM,Basis Technologies,Beachfront Deal Curation,Basis Deal - CTV - Skechers 2025 - Work - Pop Culture,240565149913,30846.52
2025-12-01,Open Auction - BFM,Infillion,—,Bidswitch - CTV - 1st Price (Bundle 151908),,42.08
2025-07-01,DSP Marketplace - BFM,IQM,BFM Internal,IQM - CTV - NBC NEWS - Network - Adjusted - Politics Allowed,IQM001,0.06
2025-07-01,Select - BFM,TheTradeDesk,Media Culture,Back to School - CTV Tentpole Deal,Media27,0.0
2025-12-01,Open Auction - BFM,Zeta DSP,—,Bidswitch - Desktop [Display],,0.0
2025-10-01,Select - BFM,Xandr,Quorum,Quorum Optimized > MSFT > High Index Zips - Mazda Dealership Visitors - CTV,Quoru132,0.0
2025-12-01,Select - BFM,Bidswitch,MultiLocal,Ingage_mlm_Beko_Sport_NL_CTV_CT_BF_MLMBRID7107,Multi40,0.0
2025-09-01,Open Auction - BFM,—,—,F0040239 NFL STEELERS VS PATS + CARD VS 49ERS FS DOMINGO 30,,0.0
2025-08-01,DSP Marketplace - BFM,Infillion,Beachfront Deal Curation,0,223910661417,0.0
2025-09-01,DSP Marketplace - BFM,Basis Technologies,Beachfront Deal Migration,Basis Deal - Minority Owned CTV,BFM027,8.53
2026-07-01,Open Auction - BFM,Zeta DSP,—,Bidswitch - MW - 1st Price (HB),,0.0
2026-07-01,DSP Marketplace - BFM,Epsilon (Conversant),Beachfront Deal Curation,Conversant - Seedtag Q1 Tentpole - President’s Day - Contextual CTV,Beach215,8.95
2026-07-01,DSP Marketplace - BFM,StackAdapt,Beachfront Deal Curation,StackAdapt Deal - CTV - Premium Pubs - Political,BFMSA003,1079.88
2026-08-01,Open Auction - BFM,Zeta DSP,—,Bidswitch - MW - 1st Price (HB),,0.05
2025-09-01,DSP Marketplace - BFM,SimpliFi,Beachfront Deal Curation,Simpli.Fi Deal - CTV - Halloween,647809313692,0.0
2025-07-01,Open Auction - BFM,Sharethrough,—,Sharethrough InApp Video (Open Auction),,2287.81
2025-07-01,Select - BFM,Viant,IRIS,Viant - Sonnys BBQ - Emotional CTV_BFM,IRIS00352,210.23
2025-08-01,DSP Marketplace - BFM,4INFO,—,4INFO Deal - CTV - Genre Music,809033757075,0.0
2025-09-01,Open Auction - BFM,LoopMe,—,0,,0.0
2025-12-01,Open Auction - BFM,Amazon DSP,—,Bidswitch - APP 1st Price,,3.46
2025-08-01,DSP Marketplace - BFM,GroundTruth,—,GroundTruth Deal - CTV Univision Philo - 90% VCR,480630561397,285.75
2025-09-01,Select - BFM,TheTradeDesk,Media Culture,Court TV,Media11,1.55
2025-11-01,Open Auction - BFM,Yahoo DSP,—,Yahoo - In-App,,23789.72
2025-09-01,Open Auction - BFM,—,—,F0034477 EL SHOW DE LA F1 LUNES 20s FSP_1,,0.0
2025-10-01,Select - BFM,Xandr,Quorum,Quorum Optimized > MSFT > High Index Zips - Genesis Dealership Visitors - CTV,Quoru118,0.0
2025-09-01,Select - BFM,Xandr,Quorum,Quorum Optimized > MSFT > High Index Zips - Pizza Hut Visitors - Banner,Quoru103,0.0
2025-09-01,Open Auction - BFM,Xandr,—,0,,0.0
2025-12-01,DSP Marketplace - BFM,—,Beachfront Deal Curation,Viant Deal - CTV - Targeting away from Political (IRIS),925896302547,0.0
2025-08-01,DSP Marketplace - BFM,AlexP,—,Select Fees RevShare 20%,RevShare20,0.0
2026-07-01,DSP Marketplace - BFM,StackAdapt,BFM Internal,StackAdapt Deal - CTV - CNN Newsource,122820292944,0.0
2026-08-01,DSP Marketplace - BFM,Bidswitch,Beachfront Deal Curation,Seedtag NeuroX | Always-On | Foodies & Culinary Creators - Connected TV,STNXCTV018,0.0
2025-09-01,DSP Marketplace - BFM,GroundTruth,Beachfront Deal Curation,GroundTruth Sensitive Category Deal - Nicotine - CTV,Beach119,1.02
2025-08-01,Select - BFM,Xandr,Quorum,Quorum Optimized > MSFT > High Index Zips - Arby's Visitors - CTV,Quoru78,0.02
2025-08-01,DSP Marketplace - BFM,Yahoo DSP,Beachfront Deal Curation,New Media CTV/OTT RON - Yahoo,378043004864,383.02
2025-09-01,Open Auction - BFM,AdIngenious,—,Bidswitch - APP Display,,0.36
2025-11-01,DSP Marketplace - BFM,Beeswax,Beachfront Deal Curation,"SuperAwesome - Seedtag - Kids, Tweens - Canada - CTV",SuperAwesome2309,0.0
2025-11-01,Select - BFM,TheTradeDesk,IRIS,IRIS.TV - Q11 - West Coast College - Nursing Contextual CTV_BFM,IRIS00361,146.93
2025-08-01,DSP Marketplace - BFM,4INFO,—,4INFO Deal - CTV - T1 Indirect - (TBS),251976083544,0.0
2025-09-01,Open Auction - BFM,Lemma DSP,—,Lemma DSP Inapp Video,,167.03
2025-10-01,Open Auction - BFM,OnSpot Data,—,Bidswitch - MW - 1st Price (HB),,0.0
2025-10-01,Open Auction - BFM,StackAdapt,—,StackAdapt - APP - Open Auction,,124.56
2025-09-01,Select - BFM,TheTradeDesk,Chief Media,TTD - Chief Media - Walmart - CTV - Pub Targeting - Deal,476519491695,0.0
2025-12-01,DSP Marketplace - BFM,Beeswax,—,Beeswax Deal - CTV - VideoAmp - FEP,118866276082,26592.99
2025-08-01,Select - BFM,Bidswitch,IRIS,GumGum - Cendyn - Royalton - Contextual CTV_BFM,IRIS00289,0.0
2025-12-01,Open Auction - BFM,—,—,F0033691 FFC GENERICA SABADO 25 v3,,0.0
2026-07-01,Open Auction - BFM,IPONWEB BidCore,—,Bidswitch - Desktop - 1st Price (HB),,0.02
2026-07-01,DSP Marketplace - BFM,Octillion,Beachfront Deal Migration,0,976384276675,0.0
2026-07-01,Open Auction - BFM,—,—,Seedtag,,0.0
2025-09-01,Select - BFM,Xandr,Quorum,Quorum Optimized > MSFT > High Index Zips - Home Depot Visitors - CTV,Quoru35,0.0
2025-07-01,Open Auction - BFM,Storygize,—,Storygize - Desktop (1st Price),,230.87
2025-08-01,DSP Marketplace - BFM,Unruly,—,Unruly RTBHouse Deal - OLV - ($4),832060096754,0.0
2025-08-01,Open Auction - BFM,—,—,F0039452 NFL BRON-SAIN FS__CHAR-49ERS FS__RAI-CAR FS2 SABADO 20SEG,,0.0
2025-11-01,DSP Marketplace - BFM,JamLoop OpenRTB,—,JamLoop Deal - OLV - Short-Form - 60%+ VCR - $10 Max - SPL,914358280975,0.0
2025-09-01,DSP Marketplace - BFM,Basis Technologies,Beachfront Deal Migration,Basis Deal - Sports CTV,268236188793,0.25
2026-07-01,DSP Marketplace - BFM,StackAdapt,Beachfront Deal Curation,StackAdapt_Standard Inventory Packages_Beachfront_2025_Entertainment,Beach164,468.49
2025-08-01,Select - BFM,Xandr,Quorum,Quorum Optimized > MSFT > High Index Zips - Taco Bell Visitors - CTV,Quoru70,0.0
2025-07-01,Open Auction - BFM,SmartyAds,—,SmartyAds - CTV (Vizio),,8.16
2025-08-01,Open Auction - BFM,Infillion,—,Bidswitch - MW - 1st Price (HB),,4.16
2025-12-01,Open Auction - BFM,Xandr,—,Xandr CTV,,24498.57
2025-10-01,Select - BFM,Bidswitch,MultiLocal,mCanvas_mlm_Roku_US_CTV_BF_MLMBRID7304,Multi42,0.0
2025-09-01,Open Auction - BFM,LoopMe,—,LoopMe DSP Lottery Campaign copy (deal mimic),,3604.32
2025-10-01,Select - BFM,Viant,IRIS,IRIS.TV - Viant - Video Gaming CTV_BFM,IRIS00296,8.4
2025-09-01,DSP Marketplace - BFM,Basis Technologies,Beachfront Deal Migration,Basis Deal - CTV RON - $10 Floor,893090891708,478.91
2025-09-01,Select - BFM,TheTradeDesk,Strategus,Strategus Deal  - CTV - $25 and Above,Strat36,0.0
2025-08-01,Select - BFM,Quantcast,Infillion Demand,Pulte RON - Display 2,InfPulteRON2,0.0
2025-07-01,DSP Marketplace - BFM,Octillion,—,Octillion Deal - CTV MLB Advanced Media,236721292490,4.72
2025-07-01,Select - BFM,DV360,MultiLocal,T9_mlm_TA_CA_CT_CTV_BF_MLMBRID4972,Multi25,114.73
2025-09-01,DSP Marketplace - BFM,Epsilon (Conversant),Beachfront Deal Curation,NBA - Live - CTV - Contextual - Tentpole Deal - Conversant,Beach129,2.07
2026-07-01,Select - BFM,Yahoo DSP,Camelot,0,PMGPub,0.0
2025-11-01,Open Auction - BFM,SmartClip,—,Vizio_SmartClip_Mexico_$8,,0.0
2025-07-01,Open Auction - BFM,Beeswax,—,Beeswax Deal - CTV - Anoki - RON - $12,996138804224,0.0
2026-08-01,Open Auction - BFM,DV360,—,Bidswitch - APP 1st Price,,0.04
2026-08-01,DSP Marketplace - BFM,GroundTruth,Beachfront Deal Curation,GroundTruth Sensitive Category Deal - Nicotine - CTV,Beach119,0.0
2026-08-01,Open Auction - BFM,Stirista,—,Stirista - Open Auction - OLV (InApp),,0.02
2025-09-01,Open Auction - BFM,Epsilon (Conversant),—,Conversant Future Today CTV (225474),,0.36
2025-08-01,Select - BFM,Xandr,Quorum,Quorum Optimized > MSFT > High Index Zips - Home Depot Visitors - CTV,Quoru35,0.0
2025-09-01,Open Auction - BFM,Quantcast,—,Bidswitch - MW - 1st Price (HB),,0.19
2025-09-01,Select - BFM,Bidswitch,MultiLocal,mCanvas_mlm_Roku_BR_CTV_BF_MLMBRID7304,Multi44,0.0
2025-07-01,Select - BFM,Viant,IRIS,IRIS.TV - Viant - Wyndham Emotional Sentiment CTV_BFM,IRIS00359,2147.7
2025-07-01,DSP Marketplace - BFM,Xandr,Beachfront Deal Migration,Xandr Deal - CTV ($15 MiQ),499078560247,35.4
2025-07-01,Select - BFM,Xandr,Quorum,Quorum Optimized > MSFT > High Index Zips - Blaze Pizza Visitors - Banner,Quoru87,0.0
2025-12-01,Open Auction - BFM,DV360,—,Bidswitch - Desktop [Display],,68.34
2025-10-01,Select - BFM,JamLoop OpenRTB,Hearst News,Hearst - Jamloop $14 Floor CTV,Hearst2,54.44
2025-08-01,Open Auction - BFM,IPONWEB BidCore,—,Bidswitch - Seedtag,,0.04
2025-10-01,DSP Marketplace - BFM,Basis Technologies,Beachfront Deal Curation,Basis Deal - CTV - Skechers 2025 - Women 45+ - Lifestyle,662154926548,111.67
2025-09-01,DSP Marketplace - BFM,TheTradeDesk,—,TTD Deal - CTV - Seedtag - Premium,284131223512,0.0
2025-12-01,Open Auction - BFM,DV360,—,Bidswitch - CTV (Charter),,0.14
2025-09-01,Open Auction - BFM,Unruly,—,Unruly CTV Video,,0.0
2025-12-01,DSP Marketplace - BFM,Beeswax,Beachfront Deal Curation,Datafy - Holiday Travel Seasonal - Q4,Datafy6204970307,3054.15
2025-07-01,DSP Marketplace - BFM,JamLoop OpenRTB,Beachfront Deal Curation,JamLoop Deal - CTV - Live Soccer,789899425708,9.22
2025-07-01,DSP Marketplace - BFM,Viant,—,Viant Deal - CTV - Sports Genre,361724531028,12.0
2025-09-01,Select - BFM,Xandr,Quorum,Quorum Optimized > MSFT > High Index Zips - BMW/Mini Dealership Visitors - CTV,Quoru112,0.0
2025-07-01,Open Auction - BFM,—,—,F0038460 F1 GP BELGICA DOMINGO 30,,0.0
2025-08-01,Open Auction - BFM,Unruly,—,Unruly CTV Video,,0.0
2025-08-01,DSP Marketplace - BFM,Zeta DSP,—,Bidswitch Deal - Zeta - CTV - $5-$9 (Spanish),965563756301,0.36
2025-09-01,DSP Marketplace - BFM,Basis Technologies,—,Basis Deal - CTV (Samsung),BFM055,0.32
2025-09-01,DSP Marketplace - BFM,Basis Technologies,—,Basis Deal - CTV (WeatherNationTV),BFM057,7.33
2025-12-01,Open Auction - BFM,—,—,F0031633 PFL GENERICO 25,,0.0
2026-07-01,Open Auction - BFM,Madopi,—,Bidswitch - Desktop [Display],,0.01
2026-07-01,DSP Marketplace - BFM,SmartyAds,Beachfront Deal Curation,SmartyAds - Sport Basketball - 2026 Deal,Beach254,0.17
2026-08-01,DSP Marketplace - BFM,Basis Technologies,Beachfront Deal Migration,Basis Deal - CTV RON - $10 Floor,893090891708,102.53
2026-08-01,Open Auction - BFM,TheTradeDesk,—,TTD - APP - 1st Price,,17.62
2026-08-01,Open Auction - BFM,Unruly,—,Unruly CTV Video,,0.0
2025-09-01,Open Auction - BFM,TheTradeDesk,—,TTD - APP - 1st Price,,7.65
2025-09-01,DSP Marketplace - BFM,Octillion,Beachfront Deal Migration,Octillion Deal - CTV - Newsy,376929459164,95.51
2025-08-01,Select - BFM,Xandr,Quorum,Quorum Optimized > MSFT > High Index Zips - BMW/Mini Dealership Visitors - Banner,Quoru111,0.0
2025-08-01,Select - BFM,Xandr,Quorum,Quorum Optimized > MSFT > High Index Zips - Dunkin Donuts Visitors - Banner,Quoru61,0.0
2025-09-01,Select - BFM,StackAdapt,Audigent,Audigent & Beachfront - AUD-066596 - PMG - Experian - CTV SmartPMP - Aggregated FICO Score 640 or more u2013 Equifax US - ctv,Audig1802,2461.44
2025-12-01,DSP Marketplace - BFM,JamLoop OpenRTB,BFM Internal,Jamloop Deal - CTV - Network-Override-CBS Extension,JL001,190.54
2025-12-01,Open Auction - BFM,Metax,—,MetaX A&amp;E Networks $16,,2.29
2025-10-01,Select - BFM,Viant,IRIS,Viant - Sonnys BBQ - Emotional CTV_BFM,IRIS00352,228.44
2025-11-01,Select - BFM,Bidswitch,Quorum,Quorum > Thanksgiving Shoppers > Physical Visitors,Quoru201,0.0
2025-08-01,Open Auction - BFM,TheTradeDesk,—,TTD - CTV (1st Price),,194024.13
2025-07-01,DSP Marketplace - BFM,GroundTruth,—,GroundTruth Deal - CTV - 90% VCR,480630561397,2201.6
2025-09-01,DSP Marketplace - BFM,SmartyAds,—,SmartyAds Deal - CTV (Holiday-Shopping),254822275978,0.0
2025-10-01,Open Auction - BFM,StackAdapt,—,StackAdapt - Desktop - Open Auction,,586.83
2025-10-01,Open Auction - BFM,Media Pulse,—,Rogers iCTV,,0.0
2025-09-01,DSP Marketplace - BFM,Yahoo DSP,Beachfront Deal Curation,Yahoo  - Casual IQ - Diverse Audience Content - CTV - Contextual,738205946310,0.0
2025-11-01,DSP Marketplace - BFM,TheTradeDesk,—,TTD Deal - Bully Pulpit - CTV (Political - Left Leaning),335995977,0.0
2026-08-01,DSP Marketplace - BFM,Epsilon (Conversant),Beachfront Deal Curation,NBA - Live - CTV - Contextual - Tentpole Deal - Conversant,Beach129,0.0
2026-08-01,DSP Marketplace - BFM,GroundTruth,Beachfront Deal Curation,NBA - Live - CTV - Contextual - Tentpole Deal - GroundTruth,Beach137,0.06
2026-08-01,Open Auction - BFM,—,—,TrueX FireTV AVOD,,84.78
2025-09-01,Open Auction - BFM,GroundTruth,—,GroundTruth Video CTV,,15849.55
2025-08-01,Open Auction - BFM,GroundTruth,—,GroundTruth Video CTV,,5743.53
2025-08-01,Open Auction - BFM,—,—,Nagios Monitor - DO NOT DISABLE,,0.0
2025-09-01,Select - BFM,Bidswitch,IRIS,GumGum - Cendyn - Royalton - Brand Safe CTV_BFM,IRIS00290,0.0
2025-07-01,DSP Marketplace - BFM,Bidswitch,—,Bidswitch Deal - Zeta - CTV - $9 Fixed (Spanish Language),"021402842725, 21402842725",0.0
2025-07-01,Open Auction - BFM,Bidswitch,—,Bidswitch - MW - 1st Price (HB),,0.0
2025-07-01,Select - BFM,Xandr,Quorum,Quorum Optimized > MSFT > High Index Zips - Mazda Dealership Visitors - CTV,Quoru132,0.32
2025-11-01,Open Auction - BFM,Bidswitch,—,Bidswitch - CTV - 1st Price (Bundle 151908),,0.0
2025-10-01,Select - BFM,TheTradeDesk,IRIS,IRIS.TV - Quantum11 - Potbelly Sentiment CTV_BFM,IRIS00283,10.39
2025-10-01,Open Auction - BFM,Basis Technologies,—,Centro Display InApp,,3839.16
2025-09-01,DSP Marketplace - BFM,StackAdapt,Beachfront Deal Curation,StackAdapt_Standard Inventory Packages_Beachfront_2025_No News,Beach176,0.0
2025-11-01,DSP Marketplace - BFM,MadHive,BFM Internal,MadHive - CTV - Fox Television Stations Bundle Override,831874983072,10561.91
2025-09-01,Select - BFM,TheTradeDesk,Mavern Media,Mavern Media & Beachfront - Ventura Growth - TTD - Multiple - Sports Content Auction Package - CTV - Canada - 20250818,Maver27,0.0
2025-08-01,Open Auction - BFM,Walmart,—,TTD - CTV (Charter),,1.17
2025-08-01,DSP Marketplace - BFM,Epsilon (Conversant),Beachfront Deal Curation,Conversant Political Issues Category Targeting - Video/CTV,Beach116,42.08
2025-12-01,Select - BFM,Bidswitch,QRate,QrateUS_Nicaragua_CTV,QRate10,0.0
2025-09-01,DSP Marketplace - BFM,StackAdapt,—,StackAdapt Deal - CTV - A&E (Pub Only),679382125032,91.35
2025-09-01,DSP Marketplace - BFM,Zeta DSP,Beachfront Deal Curation,Bidswitch Deal - Zeta - CTV - Political (Pol),542428290418,1.03
2025-09-01,DSP Marketplace - BFM,—,Beachfront Deal Migration,StackAdapt Deal - CTV,,0.0
2025-12-01,DSP Marketplace - BFM,Basis Technologies,—,Basis Deal - CTV Genre - News,BFM025,909.33
2025-11-01,Select - BFM,TheTradeDesk,Quorum,Quorum - Holiday Shoppers - Physical Visitors,Quoru212,0.0
2025-08-01,DSP Marketplace - BFM,GroundTruth,Beachfront Deal Curation,Demandbase Postman CTV Deal,Beach183,0.0
2025-07-01,DSP Marketplace - BFM,Viant,Beachfront Deal Curation,Vayu Fox Weather Deal - Viant,473829165204,0.0
2025-08-01,Open Auction - BFM,—,—,SmartyAds - CTV (1st Price),,0.0
2025-07-01,DSP Marketplace - BFM,Adtelligent,Beachfront Deal Migration,Adtelligent Deal - Fubo TV - CTV,503483780102,0.0
2026-07-01,DSP Marketplace - BFM,JamLoop OpenRTB,BFM Internal,Jamloop Deal - CTV - Network-Override-NBC,JL001,557.58
2026-07-01,Select - BFM,JamLoop OpenRTB,TEGNA,Jamloop - AO - News - OTT - TEGNASOURCED 040523,TEGNA6,151.44
2026-07-01,DSP Marketplace - BFM,SmartyAds,Beachfront Deal Curation,SmartyAds - Summer Holidays & Travel - 2026 Deal,Beach257,4.61
2026-07-01,DSP Marketplace - BFM,StackAdapt,Beachfront Deal Curation,StackAdapt_Standard Inventory Packages_Beachfront_2025_Reality,Beach178,12569.44
2026-08-01,Open Auction - BFM,Madopi,—,Bidswitch - Desktop [Display],,0.0
2026-08-01,Open Auction - BFM,Viant,—,0,,0.0
2025-07-01,Open Auction - BFM,Promo-PSA,—,Test Ad: PSA :30 (ready.gov) #9,,0.0
2025-07-01,Select - BFM,Viant,IRIS,IRIS.TV - Viant - Video Gaming CTV_BFM,IRIS00296,6.28
2025-10-01,Open Auction - BFM,Samsung DSP,—,Bidswitch - Desktop - 1st Price (HB),,0.0
2025-08-01,DSP Marketplace - BFM,Bidswitch,—,Bidswitch Deal - CTV - Roku - MIQ - CA CTV (RON),662507672500,0.0
2025-08-01,DSP Marketplace - BFM,Bidswitch,—,T-Ads_CTV_Beachfront_Hearst_$9,482192094743,0.0
2025-08-01,Open Auction - BFM,LoopMe,—,LoopMe - Open Auction - CTV,,44502.56
2025-08-01,DSP Marketplace - BFM,StackAdapt,Beachfront Deal Curation,StackAdapt - Business & Finance US deal,Beach163,6.45
2025-11-01,Open Auction - BFM,Epsilon (Conversant),—,Conversant - Web - Open Auction - Video,,226.46
2025-12-01,DSP Marketplace - BFM,Octillion,Beachfront Deal Migration,Octillion Deal - CTV - WeatherGroup,370043533271,1864.29
2025-08-01,DSP Marketplace - BFM,Viant,—,Viant Deal - CTV - LDA Approved,539578998219,0.01
2025-08-01,DSP Marketplace - BFM,Beeswax,—,TMS_Beeswax_May,437268540530,0.0
2025-07-01,DSP Marketplace - BFM,TheTradeDesk,—,TTD Deal - Desktop [Display] (RON DSPolitical),991281702111,0.0
2025-11-01,Select - BFM,Bidswitch,Quorum,Quorum > Christmas Shoppers > Physical Visitors,Quoru192,0.0
2025-08-01,Open Auction - BFM,IPONWEB BidCore,—,Bidswitch - CTV (Charter),,0.94
2025-08-01,Open Auction - BFM,SmartyAds,—,SmartyAds - CTV (Fubo),,9.94
2025-09-01,Select - BFM,Stirista,Olympusat International,Stirista Miami CTV PMP,Olymp13,0.0
2025-09-01,Open Auction - BFM,—,—,F0039526 F1 MID SEASON 30,,0.0
2025-12-01,Select - BFM,Bidswitch,Quorum,Quorum > Food Lovers > Physical Visitors,Quoru195,0.0
2025-08-01,DSP Marketplace - BFM,MadHive,BFM Internal,0,MH32,0.0
2026-07-01,DSP Marketplace - BFM,4INFO,—,4INFO Deal - CTV (Indirect - G11),449795384017,0.0
2026-08-01,DSP Marketplace - BFM,Epsilon (Conversant),Beachfront Deal Curation,Conversant - Seedtag Q1 Tentpole - St. Patrick’s Day - Contextual CTV,Beach220,18.12
2025-12-01,Open Auction - BFM,Epsilon (Conversant),—,Conversant - Web - Open Auction - Seedtag,,22326.34
2025-08-01,DSP Marketplace - BFM,TheTradeDesk,BFM Internal,TTD Deal - CTV - MiQ Fubo Extension,770425332965,243.96
2025-07-01,Open Auction - BFM,Amazon DSP,—,Bidswitch - Desktop - 1st Price (HB),,0.32
2025-11-01,Open Auction - BFM,SundaySky,—,SundaySky - MW - 1st Price,,2296.17
2025-10-01,Select - BFM,Viant,Quorum,Quorum Optimized > Viant > High Index Zips - Macy's Visitors - CTV,Quoru177,0.0
2025-10-01,Open Auction - BFM,Amazon DSP,—,Bidswitch - Desktop - 1st Price (HB),,218.23
2025-09-01,DSP Marketplace - BFM,MadHive,Beachfront Deal Curation,MadHive Deal - CTV RON,983264025678,3469.81
2025-07-01,Select - BFM,Xandr,Quorum,Quorum Optimized > MSFT > High Index Zips - Honda Dealership Visitors - CTV,Quoru120,0.0
2025-07-01,Select - BFM,Stirista,Audigent,Audigent & Beachfront - AUD-066519 - Optimum Media - Multiple Brands - CTV SmartPMP - US - ctv - Audience Code bsy618,Audig1772,30.67
2025-10-01,Select - BFM,TheTradeDesk,MultiLocal,mCanvas_mlm_Roku_BR_CTV_Xandr_BF_MLMBRID7304,Multi47,0.0
2025-09-01,DSP Marketplace - BFM,Viant,Beachfront Deal Curation,Viant Deal - CTV - Innovid (Montana),544155661434,0.0
2025-12-01,DSP Marketplace - BFM,LoopMe,Beachfront Deal Curation,Seedtag CTV - LoopMe - March Madness (Men's),SeedtagCTV23982143489,0.0
2025-07-01,DSP Marketplace - BFM,—,BFM Internal,MadHive - CTV - Philo Bundle Override (Price Targeted),,0.0
2026-07-01,DSP Marketplace - BFM,Basis Technologies,BFM Internal,Basis Deal - CTV Genre - Sports,BFM021,136.07
2026-07-01,Open Auction - BFM,IQM,—,IQM - Web Video - Open Auction,,2.41
2025-08-01,DSP Marketplace - BFM,Basis Technologies,Beachfront Deal Migration,Basis Deal - Minority Owned CTV,BFM027,48.47
2025-09-01,DSP Marketplace - BFM,TheTradeDesk,Beachfront Deal Migration,TTD Deal - CTV - MiQ Fubo,770425332965,1173.97
2025-08-01,DSP Marketplace - BFM,Zeta DSP,Beachfront Deal Curation,Bidswitch Deal - CTV - Zeta - Paramount (No Pluto),732808904693,10013.01
2025-08-01,DSP Marketplace - BFM,Epsilon (Conversant),Beachfront Deal Curation,Conversant Nicotine Vaping Category Targeting - Video/CTV,Beach117,0.78
2025-09-01,Select - BFM,TheTradeDesk,IRIS,IRIS.TV - Tripadvisor CTV_BFM,IRIS00348,0.0
2025-11-01,Open Auction - BFM,Zeta DSP,—,Bidswitch - APP,,0.04
2025-09-01,Open Auction - BFM,Streamworx Lda.,—,Bidswitch - MW [Display],,0.02
2025-12-01,Select - BFM,Quantcast,Quorum,Quorum > Weekend Shoppers > Physical Visitors,Quoru202,0.0
2026-08-01,Open Auction - BFM,Infillion,—,Bidswitch - CTV - 1st Price,,3.66
2025-10-01,Open Auction - BFM,OnSpot Data,—,Bidswitch - Desktop [Display],,0.26
2025-10-01,Select - BFM,DV360,MultiLocal,T9_mlm_TA_CA_CT_CTV_BF_MLMBRID4972,Multi25,37.17
2025-10-01,DSP Marketplace - BFM,TheTradeDesk,Beachfront Deal Migration,TTD Deal - HavasEdge - OTT RON,676738569288,0.0
2025-08-01,Open Auction - BFM,SmartyAds,—,SmartyAds - App [Display],,24.13
2025-08-01,DSP Marketplace - BFM,TheTradeDesk,—,TTD Deal - CTV - MIQ - Price Targeted CTV,102921928886,0.1
2025-07-01,DSP Marketplace - BFM,SimpliFi,—,SimpliFi Deal - CTV (Newsy),546285791697,0.01
2025-11-01,Select - BFM,Bidswitch,Quorum,Quorum > Tech Shoppers > Physical Visitors,Quoru200,0.0
2025-09-01,DSP Marketplace - BFM,Beeswax,—,Beeswax Deal - CTV - Anoki - RON - $12,996138804224,6795.55
2025-09-01,DSP Marketplace - BFM,Viant,Beachfront Deal Curation,Viant Deal - CTV - Roku Devices,193951448044,20613.63
2025-07-01,Select - BFM,TheTradeDesk,Aki,Aki Deal - CTV - Family Movie Night,Aki9,0.75
2025-07-01,DSP Marketplace - BFM,SimpliFi,Beachfront Deal Curation,Simpli.Fi Deal - CTV - FrndlyTV,687464994224,7.1
2025-11-01,Select - BFM,TheTradeDesk,IRIS,IRIS.TV - Quantum11 - Potbelly Contextual CTV_BFM,IRIS00282,112.19
2025-11-01,Open Auction - BFM,Quantcast,—,Bidswitch - APP,,0.02
2025-09-01,Select - BFM,—,IRIS,0,,0.0
2026-07-01,Open Auction - BFM,DV360,—,Bidswitch - CTV (AMC),,17.06
2026-07-01,Open Auction - BFM,TheTradeDesk,—,TTD - MW - 1st Price (HB),,686.83
2026-07-01,Select - BFM,TheTradeDesk,Strategus,Strategus - TTD - Tennis - CTV Deal,Strat86,0.0
2026-08-01,DSP Marketplace - BFM,Bidswitch,Beachfront Deal Curation,Seedtag NeuroX | Always-On | Health & Wellness Seekers - Connected TV,STNXCTV026,0.0
2026-08-01,DSP Marketplace - BFM,Octillion,Beachfront Deal Migration,Octillion Deal - CTV - Philo,747279147181,0.0
2025-07-01,Select - BFM,Viant,Audigent,Audigent & Beachfront - AUD-066527 - Optimum Media - Multiple Brands - CTV ContextualPMP - Racing US - ctv,Audig1800,0.0
2025-11-01,Open Auction - BFM,Viant,—,Viant - APP [Display],,1043.17
2025-08-01,DSP Marketplace - BFM,4INFO,—,Cadent_truTV_PMP_Testv2,016687997449,0.0
2025-10-01,Open Auction - BFM,Cepia,—,Zhu Zhu Pets City October 2025,,91.79
2025-11-01,Open Auction - BFM,SimpliFi,—,SimpliFi - Web (1st Price),,3507.64
2025-09-01,Open Auction - BFM,—,—,F0039514 90 GENERICO LUN MIER VIER 15,,0.0
2025-08-01,Open Auction - BFM,—,—,F0037424 MEXICANOS MLB 2025 GENERICA 20,,0.0
2025-07-01,Open Auction - BFM,Yahoo DSP,—,Verizon - CTV (Charter),,35.71
2025-08-01,Select - BFM,TheTradeDesk,Chief Media,TTD - Chief Media - Walmart - CTV - Pub Targeting - Deal,476519491695,0.0
2025-08-01,Select - BFM,—,MultiLocal,T9_mlm_TA_US_CT_CTV_BF_MLMBRID4972,,0.0
2025-07-01,Select - BFM,Knorex,Infillion Demand,Pulte RON - Display 2,InfPulteRON2,0.0
2025-12-01,Select - BFM,Quantcast,Quorum,Quorum > Travelers > Physical Visitors,Quoru232,0.0
2026-07-01,DSP Marketplace - BFM,Bidswitch,Beachfront Deal Curation,Seedtag NeuroX | Always-On | Foodies & Culinary Creators - Connected TV,STNXCTV018,0.0
2026-07-01,DSP Marketplace - BFM,Viant,Beachfront Deal Curation,Viant DirectTV CTV Deal,482917560394,2628.9
2025-12-01,Open Auction - BFM,Bidswitch,—,Bidswitch - APP 1st Price,,0.0
2025-07-01,Open Auction - BFM,Basis Technologies,—,Centro Display InApp,,4974.16
2025-09-01,Select - BFM,Xandr,Quorum,Quorum Optimized > MSFT > High Index Zips - Papa John's Visitors - Banner,Quoru101,0.0
2025-09-01,Select - BFM,Xandr,Quorum,Quorum Optimized > MSFT > High Index Zips - Starbucks Visitors - Banner,Quoru65,0.0
2025-08-01,DSP Marketplace - BFM,TheTradeDesk,BFM Internal,TTD Deal - CTV - Goodway Group (<$15),778377951937,37199.43
2025-11-01,Open Auction - BFM,DeepIntent,—,DeepIntent CTV OLV Demand,,446.64
2025-09-01,DSP Marketplace - BFM,Bidswitch,—,T-Ads_CTV_Beachfront_Scripps_$17.50,518341036129,0.0
2025-08-01,Open Auction - BFM,Bidswitch,—,Bidswitch - MW [Display],,0.0
2025-11-01,Open Auction - BFM,AdElement,—,Bidswitch -RTB- Getintent-Whitelist- Web Display,,0.0
2025-07-01,DSP Marketplace - BFM,StackAdapt,—,StackAdapt Deal - CTV (Spanish Language),298330405897,27.16
2025-08-01,DSP Marketplace - BFM,StackAdapt,Beachfront Deal Curation,StackAdapt_Standard Inventory Packages_Beachfront_2025_Channel Level Reporting,Beach175,0.0
2025-12-01,Open Auction - BFM,Samsung DSP,—,Bidswitch - APP,,0.04
2025-07-01,DSP Marketplace - BFM,DeepIntent,Beachfront Deal Curation,DeepIntent - OLV - High CTR,603676934637,143.05
2025-08-01,DSP Marketplace - BFM,Beeswax,—,Beeswax Deal - Display - Cannabis Allowed,835959452192,0.04
2025-10-01,DSP Marketplace - BFM,GroundTruth,—,GroundTruth Deal - CTV - 90% VCR,480630561397,4014.74
2025-10-01,Open Auction - BFM,TheTradeDesk,—,TTD - Desktop [Display],,164.76
2025-12-01,DSP Marketplace - BFM,Epsilon (Conversant),Beachfront Deal Curation,Conversant Deal - CTV - Live Sports RON,810716829549,53.1
2025-11-01,DSP Marketplace - BFM,Epsilon (Conversant),Beachfront Deal Curation,MLB - CTV - Contextual - Tentpole Deal - Conversant,Beach133,0.02
2025-12-01,DSP Marketplace - BFM,Beeswax,—,Beeswax Deal - VideoAmp - CTV - Always On,112854873831,26224.91
2025-12-01,Open Auction - BFM,Viant,—,Viant - APP,,342.53
2025-09-01,DSP Marketplace - BFM,Amobee,—,Amobee Deal - CTV (Politics Allowed),BFM017,0.0
2025-11-01,DSP Marketplace - BFM,Basis Technologies,Beachfront Deal Migration,Basis Deal - Local News CTV,724834360400,11997.08
2025-12-01,Open Auction - BFM,TheTradeDesk,—,TTD - CTV - oRTB (Canada),,570.04
2025-07-01,DSP Marketplace - BFM,Octillion,—,Octillion Deal - CTV - Plex,375504845309,0.02
2025-07-01,DSP Marketplace - BFM,JamLoop OpenRTB,—,JamLoop Deal - CTV - Vizio - Efficient CPM,760573200866,512.3
2025-07-01,Select - BFM,DV360,MultiLocal,T9_mlm_TA_US_CT_CTV_BF_MLMBRID4972,Multi24,1795.52
2026-07-01,DSP Marketplace - BFM,—,Beachfront Deal Migration,TTD Deal - Competitive Conquest Subaru - CTV,747415045888,0.0
2025-08-01,Select - BFM,TheTradeDesk,Strategus,Strategus Deal - CTV - $12-$14.99,Strat32,57.97
2025-07-01,Select - BFM,—,MultiLocal,0,,0.0
2025-11-01,DSP Marketplace - BFM,Viant,—,Viant Deal - Desktop/MW (OLV Political - Right Leaning),420416602656,0.0
2025-12-01,DSP Marketplace - BFM,—,Beachfront Deal Curation,DeepIntent  deal - CTV - 30s RON,,0.0
2026-07-01,DSP Marketplace - BFM,MadHive,Beachfront Deal Curation,MadHive Deal - CTV RON,983264025678,2741.48
2026-07-01,DSP Marketplace - BFM,Octillion,Beachfront Deal Migration,Octillion Deal - CTV - Newsy,376929459164,8.21
2026-07-01,Open Auction - BFM,StackAdapt,—,StackAdapt - CTV - Open Auction (Canada),,2870.12
2026-07-01,DSP Marketplace - BFM,TheTradeDesk,Beachfront Deal Migration,TTD Deal - CTV ($15 MiQ) (Walmart),176619450572,0.0
2026-07-01,DSP Marketplace - BFM,TheTradeDesk,Beachfront Deal Curation,TTD Deal - Test PDP Integration Status,TTDTEST12345,0.0
2026-08-01,Open Auction - BFM,Infillion,—,Bidswitch - APP Display,,0.01
2026-08-01,DSP Marketplace - BFM,TheTradeDesk,BFM Internal,TTD Deal - Bully Pulpit - Selected CTV,941795873183,8.87
2025-07-01,Open Auction - BFM,TheTradeDesk,—,TTD - Desktop [Display],,592.06
2025-07-01,Select - BFM,Viant,Audigent,Audigent & Beachfront - AUD-066527 - Optimum Media - Multiple Brands - CTV ContextualPMP - Golf US - ctv,Audig1793,0.0
2025-12-01,Open Auction - BFM,Quantcast,—,Bidswitch - APP Display,,0.0
2025-09-01,Select - BFM,Viant,IRIS,IRIS.TV - Viant - Family & Relationships CTV_BFM,IRIS00316,2768.39
2025-12-01,DSP Marketplace - BFM,GroundTruth,Beachfront Deal Migration,GroundTruth Deal - CTV - Premium Bundles List,783317263332,18756.14
2025-08-01,DSP Marketplace - BFM,SmartyAds,—,SmartyAds Deal - CTV (Holiday-Shopping),254822275978,0.0
2025-11-01,Open Auction - BFM,Epsilon (Conversant),—,Conversant - InApp - Open Auction,,3168.66
2025-11-01,Open Auction - BFM,Unruly,—,Unruly Web 1st Price Video (Desktop Only),,0.0
2025-08-01,Select - BFM,Xandr,Quorum,Quorum Optimized > MSFT > High Index Zips - Casino Visitors - Banner,Quoru42,0.0
2025-10-01,Select - BFM,TheTradeDesk,Chief Media,TTD - Chief Media - CTV - Pub Targeting - Deal,778185575390,8.48
2025-10-01,Select - BFM,Xandr,Quorum,Quorum Optimized > MSFT > High Index Zips - Jaguar/Land Rover Dealership Visitors - CTV,Quoru126,0.21
2025-07-01,Select - BFM,TheTradeDesk,Strategus,Strategus Deal - CTV - Non-political inventory,Strat30,1987.92
2025-07-01,Select - BFM,Xandr,Quorum,Quorum Optimized > MSFT > High Index Zips - College & University Visitors - Banner,Quoru53,0.0
2025-07-01,Open Auction - BFM,IQM,—,IQM - CTV - Open Auction,,16.26
2025-12-01,Open Auction - BFM,IPONWEB BidCore,—,Bidswitch - Desktop [Display],,0.2
2025-12-01,Open Auction - BFM,Pubmatic,—,0,,0.0
2025-11-01,DSP Marketplace - BFM,—,Beachfront Deal Migration,Yahoo Deal - CTV - Politics Allowed,,0.0
2025-12-01,Open Auction - BFM,—,—,TTD - CTV (1st Price),,0.0
2025-09-01,Open Auction - BFM,—,—,QA Ad 23/9/25,,0.0
2026-07-01,DSP Marketplace - BFM,Epsilon (Conversant),Beachfront Deal Curation,Conversant - Seedtag Q1 Tentpole - Intl. Women’s Month - Contextual CTV,Beach218,4.22
2026-07-01,DSP Marketplace - BFM,Epsilon (Conversant),Beachfront Deal Curation,Conversant Gambling and Sports Betting Category Targeting - Video/CTV,Beach113,4926.31
2026-07-01,DSP Marketplace - BFM,Viant,Beachfront Deal Curation,Viant - Whoop AUS - F1 Fans (High Achiever Audience) - CTV Deal,Beach232,241.37
2026-08-01,DSP Marketplace - BFM,Beeswax,—,Q3 Adte - Beeswax US,799247166210,0.65
2026-08-01,Select - BFM,TheTradeDesk,Strategus,Strategus - TTD - Tennis - CTV Deal,Strat86,0.0
2025-07-01,Open Auction - BFM,DeepIntent,—,DeepIntent - Seedtag,,0.01
2025-10-01,DSP Marketplace - BFM,StackAdapt,—,StackAdapt Deal - CTV - CNN Newsource,122820292944,137.64
2025-11-01,Select - BFM,Viant,IRIS,IRIS.TV - Viant - Pets CTV_BFM,IRIS00295,750.92
2025-08-01,DSP Marketplace - BFM,Basis Technologies,Beachfront Deal Curation,Basis Deal - CTV - Skechers 2025 - Men 45+ - News,154877815199,4135.96
2025-09-01,Select - BFM,Xandr,Quorum,Quorum Optimized > MSFT > High Index Zips - Wingstop Visitors - Banner,Quoru79,0.0
2025-09-01,DSP Marketplace - BFM,—,Beachfront Deal Curation,Conversant Alcohol Category Targeting - Video/CTV,Beach110,0.0
2025-12-01,Open Auction - BFM,Adtheorent,—,Ad Theorent - CTV - 1st Price,,5155.98
2025-12-01,DSP Marketplace - BFM,Epsilon (Conversant),Beachfront Deal Curation,Golf - CTV - Contextual - Tentpole Deal - Conversant,Beach135,1.31
2025-10-01,Open Auction - BFM,SimpliFi,—,SimpliFi - Desktop [Display],,272.85
2025-11-01,DSP Marketplace - BFM,Epsilon (Conversant),Beachfront Deal Curation,Conversant Deal - CTV - Political RON,513073226453,17657.14
2025-11-01,Select - BFM,Xandr,Quorum,Quorum Optimized > MSFT > High Index Zips - Lexus Dealership Visitors - CTV,Quoru130,0.0
2025-08-01,Select - BFM,Xandr,Quorum,Quorum Optimized > MSFT > High Index Zips - Acura Dealership Visitors - Banner,Quoru107,0.0
2025-07-01,Select - BFM,TheTradeDesk,Strategus,Strategus - TTD Deal - Tubi Channel/Network - CTV,Strat71,4.49
2025-07-01,DSP Marketplace - BFM,Zeta DSP,Beachfront Deal Curation,Bidswitch Deal - Zeta - CTV - Live Sports (Planet Fitness),615250198509,15.24
2025-11-01,Select - BFM,TheTradeDesk,IRIS,GumGum - CrossMedia Nascar 2025 - Sports CTV_BFM,IRIS00303,0.0
2025-12-01,Select - BFM,Viant,Quorum,Quorum Optimized > Viant > High Index Zips - Dick's Sporting Goods Visitors - CTV,Quoru185,0.0
2025-09-01,Open Auction - BFM,Knorex,—,Bidswitch -RTB- Getintent-Whitelist- Web Display,,0.0
2025-07-01,Open Auction - BFM,4INFO,—,4INFO Deal - CTV - T1 Indirect - (TLC),,0.0
2026-07-01,DSP Marketplace - BFM,GroundTruth,Beachfront Deal Curation,GroundTruth Deal - CTV - RON - Canada,340423331748,219.68
2026-08-01,Open Auction - BFM,StackAdapt,—,StackAdapt - CTV - Open Auction (Canada),,117.89
2025-08-01,DSP Marketplace - BFM,Octillion,Beachfront Deal Migration,Octillion Deal - CTV - Open Auction,747279147174,7472.41
2025-09-01,Open Auction - BFM,Infillion,—,Bidswitch - CTV - 1st Price,,1852.43
2025-07-01,DSP Marketplace - BFM,Bidswitch,—,Bidswitch Deal - CTV - Local News (Deals Discovery),179348574202,0.0
2025-10-01,Open Auction - BFM,Bidswitch,—,Bidswitch - Desktop [Display],,0.0
2025-12-01,DSP Marketplace - BFM,TheTradeDesk,Beachfront Deal Migration,TTD Deal - Bully Pulpit - Selected CTV (PlutoTV),386363634776,272.95
2025-11-01,DSP Marketplace - BFM,Yahoo DSP,Beachfront Deal Curation,Yahoo - OLV HIGH VCR - Digital Remedy Deal,583917204166,0.0
2025-08-01,Select - BFM,TheTradeDesk,Mavern Media,Mavern Media & Beachfront - Ventura Growth - TTD - Multiple - Sports Content Auction Package - CTV - Canada - 20250818,Maver27,0.0
2025-12-01,Open Auction - BFM,—,—,F0041674 NFL WEEK 14 COLTS VS JAGUARS + BRONCOS VS RAIDERS FS2 30 DOMINGO,,0.0
2025-10-01,Open Auction - BFM,Cepia,—,Mighty Wheels September 2025 Dub02,,0.02
2025-12-01,Select - BFM,Quantcast,Quorum,Quorum > Sports Fans > Physical Visitors,Quoru231,0.0
2026-08-01,Open Auction - BFM,ZetaBidswitch,—,Seedtag,,0.26
2025-08-01,DSP Marketplace - BFM,JamLoop OpenRTB,—,JamLoop Deal - CTV - Xumo,614533760445,0.04
2025-11-01,DSP Marketplace - BFM,TheTradeDesk,Beachfront Deal Migration,TTD Deal - Competitive Conquest Subaru - CTV,747415045888,32608.25
2025-09-01,Open Auction - BFM,Infillion,—,Bidswitch - APP Display,,23.67
2025-07-01,DSP Marketplace - BFM,SimpliFi,—,Simpli.Fi Deal - CTV - Political Allowed (TEGNA),420531083816,101.09
2025-07-01,Open Auction - BFM,Bidswitch,—,Bidswitch Deal - CTV - Roku - MIQ - CA CTV (RON),,0.0
2025-07-01,Select - BFM,Xandr,Quorum,Quorum Optimized > MSFT > High Index Zips - Domino's Visitors - CTV,Quoru72,0.09
2025-07-01,Select - BFM,Xandr,Quorum,Quorum Optimized > MSFT > High Index Zips - Jaguar/Land Rover Dealership Visitors - CTV,Quoru126,0.1
2025-12-01,DSP Marketplace - BFM,GroundTruth,Beachfront Deal Curation,MLB - CTV - Contextual - Tentpole Deal - GroundTruth,Beach140,0.82
2025-11-01,DSP Marketplace - BFM,Viant,—,Viant Deal - CTV - FuseTV,210445449459,146.6
2025-12-01,Select - BFM,TheTradeDesk,Strategus,Strategus - Draftkings - CTV Deal,583029174652,0.0
2025-11-01,Open Auction - BFM,Stirista,—,Stirista - MW [Display],,1.22
2025-08-01,Open Auction - BFM,The Media Sense,—,The Media Sense DSP CTV Ads Direct,,0.0
2025-10-01,DSP Marketplace - BFM,StackAdapt,—,StackAdapt Deal - CTV - NBC (Network),394570428639,2706.29
2025-08-01,Open Auction - BFM,Epsilon (Conversant),—,Conversant Future Today CTV (225391),,1.46
2025-07-01,Open Auction - BFM,Beeswax,—,TMS_Beeswax_May,,0.0
2025-12-01,Select - BFM,Bidswitch,IRIS,GumGum - Virgin Voyages CTV_BFM,IRIS00353,0.0
2025-08-01,Select - BFM,TheTradeDesk,Strategus,Strategus CTV - $22-$24.99,Strat35,3.32
2025-08-01,Open Auction - BFM,JamLoop OpenRTB,—,JamLoop Deal - CTV - Cable Broadcast - Scripps-Newsy,855918727592,0.0
2025-11-01,Select - BFM,TheTradeDesk,Quorum,"Quorum - Fashion, Beauty, and Wellness - Physical Visitors",Quoru208,0.0
2025-11-01,Select - BFM,TheTradeDesk,Quorum,Quorum - Weekend Shoppers - Physical Visitors,Quoru217,0.0
2026-07-01,DSP Marketplace - BFM,Bidswitch,Beachfront Deal Curation,Seedtag NeuroX | Always-On | Event Hosts & Planners - Connected TV,STNXCTV038,0.0
2026-07-01,DSP Marketplace - BFM,Epsilon (Conversant),Beachfront Deal Curation,Conversant - Seedtag Q1 Tentpole - 98th Academy Awards - Contextual CTV,Beach219,273.2
2026-07-01,DSP Marketplace - BFM,GroundTruth,BFM Internal,GroundTruth Deal - CTV - 90% VCR,480630561397,5535.57
2026-07-01,DSP Marketplace - BFM,TheTradeDesk,Beachfront Deal Migration,TTD Deal - MiQ - CA CTV (RON),662507672500,0.0
2026-07-01,Open Auction - BFM,—,—,IDVx Vizio $8 US,,320.71
2026-07-01,DSP Marketplace - BFM,Viant,Beachfront Deal Curation,Viant - Summer Travel - Liz,908204927401,0.0
2026-08-01,DSP Marketplace - BFM,TheTradeDesk,Beachfront Deal Migration,TTD Deal - CTV ($15 MiQ) (Walmart),176619450572,0.0
2026-08-01,Open Auction - BFM,Stirista,—,Stirista - APP [Display],,0.0
2025-10-01,DSP Marketplace - BFM,SimpliFi,Beachfront Deal Curation,Simpli.Fi Deal - CTV - NBA,433152889987,0.0
2025-09-01,Open Auction - BFM,Adtheorent,—,Ad Theorent - Desktop/MW Display,,1610.73
2025-08-01,Select - BFM,Xandr,Quorum,Quorum Optimized > MSFT > High Index Zips - Acura Dealership Visitors - CTV,Quoru108,0.02
2025-09-01,DSP Marketplace - BFM,TheTradeDesk,Beachfront Deal Migration,TTD Deal - CTV ($15 MiQ) (Walmart),176619450572,0.0
2025-07-01,Open Auction - BFM,IPONWEB BidCore,—,Bidswitch - MW [Display],,1.66
2025-08-01,DSP Marketplace - BFM,4INFO,—,4INFO Deal - CTV - T1 Indirect - (TLC),563830582762,0.0
2025-08-01,DSP Marketplace - BFM,4INFO,—,Cadent_Hallmark_PMP,361994853171,0.0
2025-08-01,DSP Marketplace - BFM,Viant,—,Viant Deal - CTV - Estrella,382991979536,18.34
2025-08-01,DSP Marketplace - BFM,Basis Technologies,—,Basis Deal - (All Spanish CTV/OTT) (Spanish Networks),141086649977,0.0
2025-10-01,Open Auction - BFM,Yahoo DSP,—,Verizon - CTV (Charter),,14.12
2025-08-01,Select - BFM,Bidswitch,IRIS,IRIS.TV - OMD - National Guard - Sentiment CTV_BFM,IRIS00270,0.0
2025-07-01,Select - BFM,TheTradeDesk,IRIS,IRIS.TV - Vayner - Shoppers Contextual CTV_BFM,IRIS00326,29.24
2025-07-01,Select - BFM,TheTradeDesk,Chief Media,TTD - Chief Media - CTV - Pub Targeting - Deal,778185575390,163.09
2025-07-01,Open Auction - BFM,Infillion,—,Bidswitch - APP,,0.41
2025-09-01,DSP Marketplace - BFM,Octillion,Beachfront Deal Migration,Octillion Deal - CTV - Philo,747279147181,1661.28
2025-09-01,DSP Marketplace - BFM,Viant,—,Viant Deal - CTV - Hearst News,561461569397,1537.76
2025-12-01,DSP Marketplace - BFM,TheTradeDesk,—,TTD Deal - Ovative - CTV (Sports Data),325511094627,0.0
2025-09-01,DSP Marketplace - BFM,Basis Technologies,Beachfront Deal Curation,Basis Deal - Political Allowed CTV - Swing States (Penn),379104419043,0.0
2025-10-01,Open Auction - BFM,Streamworx Lda.,—,Bidswitch - CTV (Charter),,0.0
2026-07-01,DSP Marketplace - BFM,Octillion,Beachfront Deal Migration,Octillion Deal - CTV - Sling - App List,747279147176,0.0
2025-09-01,DSP Marketplace - BFM,IQM,—,IQM Deal - CTV - Battle States - Florida FL - Politics Allowed (Deal Library),BFM073,0.0
2025-09-01,DSP Marketplace - BFM,Octillion,—,Octillion Deal - CTV - A+E,747279147159,1330.81
2025-08-01,Select - BFM,Xandr,Quorum,Quorum Optimized > MSFT > High Index Zips - Starbucks Visitors - CTV,Quoru66,0.0
2025-08-01,DSP Marketplace - BFM,Bidswitch,Beachfront Deal Curation,Bidswitch Deal - Zeta - CTV - Political (FP1),625581164304,0.0
2025-08-01,Open Auction - BFM,Walmart,—,TTD - Desktop [Display],,9.29
2025-10-01,Open Auction - BFM,—,—,F0039506 MLS TIPSTERS NEW GENERICA 30,,0.0
2025-08-01,Open Auction - BFM,Zeta DSP,—,Bidswitch - CTV (AMC),,0.03
2025-12-01,DSP Marketplace - BFM,StackAdapt,Beachfront Deal Curation,StackAdapt_Standard Inventory Packages_Beachfront_2025_60 Second Placements,Beach173,9733.01
2025-08-01,DSP Marketplace - BFM,SimpliFi,—,Simpli.fi Deal - CTV - (AMC),614613336893,91.77
2025-09-01,Select - BFM,Viant,IRIS,IRIS.TV - Viant - Joy - Emotional Sentiment CTV_BFM,IRIS00317,2140.66
2025-07-01,DSP Marketplace - BFM,TheTradeDesk,—,TTD Deal - OpAd Media - AMC en Espanol CTV,298129641956,0.58
2025-07-01,Select - BFM,TheTradeDesk,Strategus,Strategus Deal - CTV - $18 - $21.99,Strat34,291.38
2025-08-01,DSP Marketplace - BFM,TheTradeDesk,—,TTD Deal - MIQ - EW Scripps CTV,960209121865,0.18
2025-07-01,DSP Marketplace - BFM,Zeta DSP,Beachfront Deal Curation,Bidswitch Deal - Zeta - CTV - Political (FP1),625581164304,0.07
2025-07-01,Open Auction - BFM,4INFO,—,4INFO Deal - CTV - T1 Indirect - (BRVO),,0.0
2025-09-01,Select - BFM,Quantcast,Infillion Demand,Pulte RON - Display 2,InfPulteRON2,0.0
2026-07-01,DSP Marketplace - BFM,Bidswitch,Beachfront Deal Curation,Seedtag NeuroX | Always-On | Active Aging & Senior Wellness Experts - Connected TV,STNXCTV039,0.0
2026-07-01,Open Auction - BFM,Epsilon (Conversant),—,Conversant - Web - Open Auction - Display,,17.99
2026-08-01,Open Auction - BFM,Adtheorent,—,Ad Theorent - Desktop/MW - 1st Price,,32.2
2026-08-01,DSP Marketplace - BFM,Viant,Beachfront Deal Curation,Viant Deal - CTV - Roku Devices,193951448044,0.0
2025-09-01,DSP Marketplace - BFM,GroundTruth,Beachfront Deal Curation,GroundTruth Deal - CTV - RON - Canada,340423331748,767.55
2025-07-01,Open Auction - BFM,Beeswax,—,Beeswax UR Improvement Tier 1 (High UR),,3732.23
2025-07-01,DSP Marketplace - BFM,Quantcast,—,Bidswitch Deal - Display (Bucksense Allow list),938609448678,0.0
2025-07-01,DSP Marketplace - BFM,SimpliFi,—,SimpliFi Deal - CTV (UK),546476210694,0.0
2025-08-01,Open Auction - BFM,Infillion,—,Bidswitch - Desktop [Display],,0.45
2025-11-01,Open Auction - BFM,Walmart,—,TTD - CTV (LG Ads Only),,0.37
2025-08-01,DSP Marketplace - BFM,Basis Technologies,Beachfront Deal Migration,Basis Deal - CTV RON - $10 Floor,893090891708,803.99
2025-08-01,DSP Marketplace - BFM,StackAdapt,Beachfront Deal Curation,StackAdapt_Standard Inventory Packages_Beachfront_2025_Reality,Beach178,4802.67
2025-08-01,DSP Marketplace - BFM,Epsilon (Conversant),Beachfront Deal Curation,NBA - CTV - Contextual -  Tentpole Deal - Conversant,Beach130,11.72
2025-09-01,Select - BFM,Xandr,Quorum,Quorum Optimized > MSFT > High Index Zips - BMW/Mini Dealership Visitors - Banner,Quoru111,0.0
2025-07-01,DSP Marketplace - BFM,Viant,Beachfront Deal Migration,Viant Deal - Charter,310648224343,895.22
2025-10-01,Open Auction - BFM,—,—,TTD - MW [Display],,0.0
2025-11-01,Open Auction - BFM,—,—,Kubernetes Ad Server Test,,0.0
2025-09-01,Open Auction - BFM,IQM,—,IQM - Web Video - Open Auction,,36.9
2025-07-01,Open Auction - BFM,Amazon DSP,—,Bidswitch - Desktop [Display],,0.27
2025-12-01,Open Auction - BFM,DV360,—,Bidswitch - Desktop - 1st Price (HB),,329.46
2025-10-01,Open Auction - BFM,IQM,—,IQM - CTV - Open Auction,,76.48
2025-11-01,Open Auction - BFM,Knorex,—,Bidswitch - CTV - 1st Price,,286.53
2025-08-01,DSP Marketplace - BFM,4INFO,—,4INFO Deal - CTV - T1 Indirect - (BRVO),519422480737,0.0
2025-10-01,DSP Marketplace - BFM,Viant,Beachfront Deal Curation,Viant Deal - CTV - Plex 1:1 Always On,772180040131,36.08
2025-08-01,DSP Marketplace - BFM,Zeta DSP,Beachfront Deal Curation,Bidswitch Deal - Zeta - CTV - Political (Pol),542428290418,0.63
2025-08-01,Open Auction - BFM,Between Exchange,—,Bidswitch - Desktop [Display],,0.01
2025-10-01,Open Auction - BFM,Beeswax,—,Beeswax - CTV - Open Auction EAST,,38659.64
2025-12-01,DSP Marketplace - BFM,Viant,Beachfront Deal Migration,Viant Deal - CTV - Golf (Master&#039;s Enthusiast Segment),408551131456,5231.69
2025-08-01,DSP Marketplace - BFM,Beeswax,—,Beeswax Deal - VideoAmp - CTV - Always On (Efficiency Monitoring),112854873831,260.52
2025-08-01,DSP Marketplace - BFM,StackAdapt,Beachfront Deal Curation,StackAdapt_Standard Inventory Packages_Beachfront_2025_No News,Beach176,0.0
2025-09-01,DSP Marketplace - BFM,Bidswitch,—,Deal Library - CTV - Women&#039;s History Month (Genre Targeting),BFM041,0.0
2025-10-01,Select - BFM,Xandr,IRIS,MNI - Education & Research CTV_BFM,IRIS75,0.0
2025-10-01,Open Auction - BFM,—,—,F0034001 CENTRAL FOX CAJAS ENE 25 v2,,0.0
2025-08-01,DSP Marketplace - BFM,GroundTruth,Beachfront Deal Curation,GroundTruth Sensitive Category Deal - Nicotine - CTV,Beach119,4890.82
2025-11-01,Select - BFM,Xandr,Quorum,Quorum Optimized > MSFT > High Index Zips - Burger King Visitors - CTV,Quoru58,0.25
2025-09-01,Open Auction - BFM,SimpliFi,—,SimpliFi - APP - 1st Price,,3386.55
2025-08-01,Select - BFM,TheTradeDesk,Media Culture,ION Live,Media10,0.0
2025-08-01,Open Auction - BFM,Viant,—,0,389866043594,0.0
2026-07-01,DSP Marketplace - BFM,Marketing Architects -RTB,Beachfront Deal Curation,Marketing Architects - Local News CTV Deal,465078959146,275.62
2026-07-01,DSP Marketplace - BFM,SmartyAds,Beachfront Deal Curation,SmartyAds - Local Sports Deal,Beach265,0.0
2026-08-01,Open Auction - BFM,Amobee,—,Amobee - CTV - 1st Price,,28827.78
2026-08-01,DSP Marketplace - BFM,JamLoop OpenRTB,Beachfront Deal Migration,JamLoop Deal - CTV - Fuse TV,187878729747,13.04
2026-08-01,Open Auction - BFM,Lemma DSP,—,Lemma DSP CTV Ad,,4.17
2026-08-01,DSP Marketplace - BFM,TheTradeDesk,Beachfront Deal Curation,TTD Deal - Test PDP Integration Status,TTDTEST12345,0.0
2025-09-01,Select - BFM,Bidswitch,QRate,QrateUS_Guatemala_CTV,QRate20,0.0
2025-07-01,Open Auction - BFM,Aroscop,—,Bidswitch - Desktop [Display],,0.0
2025-07-01,Open Auction - BFM,Krush Media,—,Krush Media Inapp Video,,0.0
2025-07-01,DSP Marketplace - BFM,SimpliFi,—,Simplifi Deal - Fubo CTV (Entertainment),"065062151319, 65062151319",6.49
2025-07-01,Select - BFM,Xandr,Quorum,Quorum Optimized > MSFT > High Index Zips - Home Depot Visitors - Banner,Quoru34,0.0
2025-07-01,Select - BFM,Xandr,Quorum,Quorum Optimized > MSFT > High Index Zips - Shopping Mall Visitors - CTV,Quoru39,0.0
2025-09-01,DSP Marketplace - BFM,TheTradeDesk,—,TTD Deal - CTV - Lockard & Wechsler - $7 PP,356251814318,0.0
2025-12-01,Select - BFM,Viant,IRIS,IRIS.TV - Viant - Travel CTV_BFM,IRIS00315,413.66
2025-08-01,DSP Marketplace - BFM,Basis Technologies,—,Deal Template - High VCR - Web OLV,BFM081,0.0
2025-08-01,DSP Marketplace - BFM,TheTradeDesk,—,TTD Deal - Bully Pulpit - CTV Cannabis Approved,133914955,1.35
2025-11-01,Select - BFM,Viant,Quorum,Quorum Optimized > Viant > High Index Zips - Shopping Mall Visitors - CTV,Quoru183,0.0
2025-08-01,Open Auction - BFM,TheTradeDesk,—,TTD - APP,,10717.36
2025-07-01,DSP Marketplace - BFM,IQM,—,IQM Deal - CTV - Battle States - Wisconsin WI - Politics Allowed (Deal Library),BFM078,0.04
2025-07-01,DSP Marketplace - BFM,Octillion,BFM Internal,Octillion Deal - CTV - Discovery- Network Adjust,747279147155,0.0
2025-09-01,Select - BFM,TheTradeDesk,Aki,Aki Deal - CTV - Game Time Moments,Aki21,0.04
2025-12-01,Select - BFM,AdElement,Quorum,"Quorum > Fashion, Beauty, and Wellness > Physical Visitors",Quoru194,0.0
2025-11-01,Open Auction - BFM,—,—,StackAdapt - CTV - Open Auction,,0.0
2026-07-01,DSP Marketplace - BFM,Stirista,Beachfront Deal Curation,Stirista Deal - DV - CTV RON (Washington DC),298578719382,0.58
2026-07-01,Open Auction - BFM,Viant,—,Viant - MW [Display],,971.86
2026-08-01,DSP Marketplace - BFM,Basis Technologies,BFM Internal,Basis Deal - CTV Genre - Sports,BFM021,3.66
2025-09-01,DSP Marketplace - BFM,TheTradeDesk,—,TTD Deal - CTV - Seedtag Priority Pubs,122056032436,9466.88
2025-07-01,Open Auction - BFM,TheTradeDesk,—,TTD - Desktop - 1st Price (HB),,11467.87
2025-11-01,Open Auction - BFM,Knorex,—,Bidswitch - CTV - 1st Price (Bundle 151908),,0.97
2025-11-01,Select - BFM,TheTradeDesk,IRIS,IRIS.TV - Q11 Crunch - Inspirational CTV_BFM,IRIS00243,904.72
2025-08-01,DSP Marketplace - BFM,Octillion,—,Octillion Deal - CTV - Cinedigm,379708306000,1296.37
2025-10-01,Select - BFM,TheTradeDesk,Strategus,Strategus Deal - CTV - Non-political inventory,Strat30,40.97
2025-07-01,DSP Marketplace - BFM,4INFO,—,Cadent_NBCSN(Cable)_PMP,548271151819,0.0
2025-07-01,Open Auction - BFM,Walmart,—,TTD - MW [Display],,29.51
2025-09-01,Select - BFM,Xandr,Quorum,Quorum Optimized > MSFT > High Index Zips - Carl's Jr Visitors - CTV,Quoru90,0.98
2025-07-01,Open Auction - BFM,Epsilon (Conversant),—,Conversant Newsy  CTV (204775),,20.88
2025-07-01,DSP Marketplace - BFM,4INFO,—,4INFO Deal - CTV - T1 Indirect - (LIFE),"092881120752, 92881120752",0.08
2025-08-01,Select - BFM,TheTradeDesk,Strategus,Strategus Deal  - CTV - $25 and Above,Strat36,0.2
2025-08-01,Select - BFM,TheTradeDesk,Strategus,TTD Deal - CTV - Wades RV - Local News - Metro Code List - Live,Strat55,0.19
2025-08-01,DSP Marketplace - BFM,StackAdapt,Beachfront Deal Curation,StackAdapt_Standard Inventory Packages_Beachfront_2025_Entertainment,Beach164,67.4
2025-11-01,Open Auction - BFM,Quantcast,—,Bidswitch - APP 1st Price,,0.02
2025-11-01,Open Auction - BFM,Streamworx Lda.,—,Bidswitch - APP Display,,0.01
2025-12-01,Select - BFM,AdElement,Quorum,Quorum > DIY Home Renovators > Physical Visitors,Quoru193,0.0
2026-07-01,Open Auction - BFM,Stirista,—,Stirista - APP [Display],,0.03
2026-08-01,DSP Marketplace - BFM,Viant,BFM Internal,Viant Deal - CTV (Minority / Woman Owned),BFM027,0.0
2025-10-01,DSP Marketplace - BFM,StackAdapt,—,StackAdapt Deal - CTV (News Genre-Targeted),564909187691,7.38
2025-10-01,Open Auction - BFM,Yahoo DSP,—,Yahoo - Desktop MW - Open Auction - Efficiency Monitoring,,894.05
2025-08-01,Open Auction - BFM,Sharethrough,—,Sharethrough CTV Video - Shamrock Farms Bundle Optimized,,2886.76
2025-09-01,DSP Marketplace - BFM,JamLoop OpenRTB,—,JamLoop Deal - CTV - A&amp;E - Efficient CPM,456808823983,210.06
2025-09-01,Select - BFM,TheTradeDesk,Strategus,TTD Deal - Strategus - Web/App Display - $1-$1.99,Strat62,11.18
2025-07-01,Open Auction - BFM,SmartyAds,—,SmartyAds - CTV (Paramount),,2167.1
2025-08-01,DSP Marketplace - BFM,TheTradeDesk,—,TTD Deal - In Market Subaru - CTV,551196808383,9521.23
2025-12-01,DSP Marketplace - BFM,TheTradeDesk,—,TTD - Display - Hispanic RON (Converge Direct),248210772692,0.0
2025-09-01,Open Auction - BFM,—,—,WINGSTOP LIGAMX FEMENIL_SEP_25,,46.42
2025-08-01,Open Auction - BFM,Aroscop,—,Bidswitch - MW [Display],,0.0
2025-08-01,Select - BFM,Bidswitch,Olympusat International,PMP 369 LATAM $3,Olymp7,0.0
2026-08-01,DSP Marketplace - BFM,TheTradeDesk,Beachfront Deal Migration,TTD Deal - MiQ - CA CTV (RON),662507672500,0.0
2026-08-01,Select - BFM,TheTradeDesk,IRIS,IRIS.TV - Q11 - Revitalash Contextual CTV_BFM,IRIS00327,0.5
2025-10-01,Select - BFM,Xandr,Quorum,Quorum Optimized > MSFT > High Index Zips - Honda Dealership Visitors - CTV,Quoru120,0.09
2025-09-01,Select - BFM,TheTradeDesk,IRIS,IRIS.TV - Q11 - Revitalash Contextual CTV_BFM,IRIS00327,74.23
2025-12-01,DSP Marketplace - BFM,MadHive,—,MadHive Deal - CTV - Vizio - No Content Data,848047441598,271.76
2025-11-01,DSP Marketplace - BFM,Basis Technologies,Beachfront Deal Curation,Basis Deal - CTV - Skechers 2025 - Women 45+ - Reality,711907073746,4588.84
2025-12-01,Select - BFM,Basis Technologies,IRIS,IRIS.TV - Basis - Outdoor/Sports - CTV_BFM,IRIS00060,1554.16
2025-07-01,DSP Marketplace - BFM,TheTradeDesk,—,TTD Deal - CTV (Division D Fixed $10),992432077711,21.21
2025-09-01,Select - BFM,DV360,IRIS,IRIS.TV - OMD - National Guard - Contextual CTV_BFM,IRIS00269,376.14
2025-07-01,DSP Marketplace - BFM,SimpliFi,BFM Internal,Simpli.Fi Deal - EW Scripps,602723609558,56.83
2025-07-01,Open Auction - BFM,Marketing Architects -RTB,—,Marketing Architects - CTV 1st Price,,48909.7
2025-07-01,Select - BFM,Xandr,Quorum,Quorum Optimized > MSFT > High Index Zips - Chevrolet/Buick/GMC Dealership Visitors - CTV,Quoru114,0.0
2025-09-01,Select - BFM,Viant,IRIS,IRIS.TV - Viant - Thrivent Emotional Sentiment CTV_BFM,IRIS00322,27.86
2025-09-01,Select - BFM,Xandr,Quorum,Quorum Optimized > MSFT > High Index Zips - Taco Bell Visitors - CTV,Quoru70,0.2
2025-08-01,Select - BFM,TheTradeDesk,Media Culture,NewsMax,Media23,2.61
2025-12-01,Open Auction - BFM,Amobee,—,0,,0.0
2025-07-01,Open Auction - BFM,4INFO,—,Cadent_Cartoon Network_PMP_Test,,0.0
2025-10-01,Open Auction - BFM,GroundTruth,—,0,,0.0
2025-09-01,DSP Marketplace - BFM,Walmart,—,TTD Deal - CTV & STB - TV One - Network,BFMTVONE001,0.22
2025-10-01,DSP Marketplace - BFM,Viant,—,Viant Deal - CTV (Direct Fixed $8),389866043594,13099.75
2025-09-01,DSP Marketplace - BFM,Bidswitch,—,Bidswitch Deal - CTV - Roku - MIQ - $12 Fixed RON,166324629003,0.0
2025-09-01,DSP Marketplace - BFM,MadHive,BFM Internal,MadHive - CTV - Pluto Bundle Override (Price Targeted),MH32,30111.54
2025-08-01,Open Auction - BFM,Walmart,—,TTD - Desktop - 1st Price (HB),,226.41
2025-11-01,Select - BFM,StackAdapt,Audigent,Audigent & Beachfront - AUD-066596 - PMG - Experian - CTV SmartPMP - High Credit Card Score US - ctv,Audig1803,2.53
2025-12-01,Open Auction - BFM,OnSpot Data,—,Bidswitch - APP 1st Price,,2.14
2025-07-01,Open Auction - BFM,Basis Technologies,—,Centro Video Web (1st Price),,12937.95
2025-10-01,Open Auction - BFM,SmartyAds,—,SmartyAds - (Seedtag),,161.97
2025-11-01,DSP Marketplace - BFM,SimpliFi,Beachfront Deal Curation,SimpliFi Deal - CTV - Philo (Obfuscation),582453465559,72.25
2025-10-01,Select - BFM,TheTradeDesk,Media Culture,Mathnasium Canada,MC_MATH_CA_CTV,4.64
2025-11-01,DSP Marketplace - BFM,Basis Technologies,Beachfront Deal Migration,Basis - CTV - Political Local News,BFM109,4670.21
2025-11-01,DSP Marketplace - BFM,Basis Technologies,Beachfront Deal Curation,Basis Deal - CTV - Skechers 2025 - Men 45+ - Sports,558690500585,320.73
2025-12-01,Select - BFM,TheTradeDesk,Quorum,Quorum - Interior Designers - Physical Visitors,Quoru213,0.0
2025-07-01,DSP Marketplace - BFM,Bidswitch,—,Bidswitch Deal - Roku CTV Cross screen  ALWAYS ON,742147321491,0.0
2025-07-01,Select - BFM,Xandr,Quorum,Quorum Optimized > MSFT > High Index Zips - Dick's Sporting Goods Visitors - CTV,Quoru41,1.95
2025-07-01,Select - BFM,Xandr,Quorum,Quorum Optimized > MSFT > High Index Zips - Taco Bell Visitors - Banner,Quoru69,0.0
2025-07-01,Open Auction - BFM,OMG,—,Zombies 4  Day and Date Afternoon (Urgency),,4.65
2025-12-01,DSP Marketplace - BFM,Basis Technologies,Beachfront Deal Curation,Basis Deal - OTT - Skechers 2025 - Women 45+ - Lifestyle,906512946837,1606.14
2025-08-01,Open Auction - BFM,Amazon DSP,—,Bidswitch -RTB- Getintent-Whitelist- Web Display,,0.0
2025-09-01,DSP Marketplace - BFM,Viant,—,Viant Deal - Desktop/MW (Video RON  - Policital Allowed Pubs Only),827453121055,0.09
2025-12-01,Select - BFM,DV360,Quorum,Quorum > Pet Lovers > Physical Visitors,Quoru230,0.0
2026-07-01,DSP Marketplace - BFM,TheTradeDesk,Beachfront Deal Migration,TTD Deal - CTV ($18),955413904519,35457.41
2026-08-01,Select - BFM,Beeswax,Simulmedia,PlayerWON-Ribeye-GFN-FY25,PlayerWONRibeyeGFNFY25,0.0
2025-09-01,Open Auction - BFM,Adtheorent,—,Ad Theorent - Desktop Video (LQPS Audit),,2.49
2025-08-01,Select - BFM,Xandr,Quorum,Quorum Optimized > MSFT > High Index Zips - Friendly's Visitors - CTV,Quoru96,0.77
2025-10-01,Open Auction - BFM,Knorex,—,Bidswitch - Desktop - 1st Price (HB),,0.05
2025-11-01,Select - BFM,Bidswitch,Quorum,Quorum > Boat Enthusiasts > Physical Visitors,Quoru191,0.0
2025-08-01,Open Auction - BFM,DV360,—,Bidswitch - APP 1st Price,,1880.09
2025-12-01,DSP Marketplace - BFM,Octillion,Beachfront Deal Migration,Octillion Deal - CTV - Paramount,976384276767,165.36
2025-07-01,DSP Marketplace - BFM,TheTradeDesk,—,TTD Deal - CTV (Division D RON $13),344398214696,0.36
2025-10-01,Open Auction - BFM,Basis Technologies,—,Centro Video Web (1st Price),,19328.94
2025-10-01,DSP Marketplace - BFM,Beeswax,Beachfront Deal Curation,NBA Finals - CTV - Contextual - Deal - VideoAmp,Beach148,166.37
2025-07-01,DSP Marketplace - BFM,JamLoop OpenRTB,—,JamLoop Deal - CTV - Local News - Transparent Bundles,137695710557,665.83
2025-08-01,Select - BFM,Viant,Audigent,Audigent & Beachfront - AUD-066527 - Optimum Media - Multiple Brands - CTV ContextualPMP - Baseball US - ctv,Audig1790,0.0
2025-09-01,Select - BFM,Xandr,Quorum,Quorum Optimized > MSFT > High Index Zips - Mazda Dealership Visitors - Banner,Quoru131,0.0
2025-09-01,DSP Marketplace - BFM,StackAdapt,Beachfront Deal Curation,StackAdapt_Standard Inventory Packages_Beachfront_2025_[Allows Pharma],Beach161,1.5
2025-09-01,DSP Marketplace - BFM,Viant,—,Viant Deal - Desktop/MW (Video Spanish),347168599627,251.11
2025-07-01,DSP Marketplace - BFM,StackAdapt,—,StackAdapt Deal - CTV (News Genre-Targeted),564909187691,8.34
2026-07-01,Open Auction - BFM,GroundTruth,—,GroundTruth Video CTV,,860.22
2026-08-01,Open Auction - BFM,Adtheorent,—,Ad Theorent - Desktop Video (LQPS Audit),,0.01
2026-08-01,DSP Marketplace - BFM,Bidswitch,Beachfront Deal Curation,Seedtag NeuroX | Always-On | Jetsetters & Travel Enthusiasts - Connected TV,STNXCTV037,0.0
2026-08-01,DSP Marketplace - BFM,MadHive,BFM Internal,MadHive - CTV - Pluto Bundle Override (Price Targeted),MH32,0.0
2026-08-01,Open Auction - BFM,—,—,IDVx Vizio $8 US,,0.0
2025-12-01,DSP Marketplace - BFM,Beeswax,Beachfront Deal Curation,Datafy - Sports Contextual - Q4,Datafy9368363227,2233.2
2025-12-01,DSP Marketplace - BFM,Bidswitch,—,Roku Deal - CTV (Political Networks - Progressive) (Pub Targeted) (MiQ),890620965784,0.0
2025-12-01,Open Auction - BFM,Amazon DSP,—,Bidswitch - APP,,2.56
2025-12-01,DSP Marketplace - BFM,JamLoop OpenRTB,Beachfront Deal Curation,Live Sport - CTV - Golf Only - Jamloop,988359389694,155.77
2025-12-01,Select - BFM,TheTradeDesk,Strategus,Strategus Deal - CTV - $15-$17.99,Strat33,0.0
2025-10-01,Open Auction - BFM,Amazon DSP,—,Bidswitch - MW - 1st Price (HB),,9751.44
2025-07-01,DSP Marketplace - BFM,Beeswax,Beachfront Deal Curation,NBA Finals - CTV - Contextual - Deal - VideoAmp,Beach148,30.23
2025-11-01,Open Auction - BFM,Webeye,—,Bidswitch - APP Display,,4.8
2025-11-01,Select - BFM,TheTradeDesk,Aki,Aki Deal - CTV - Staying Informed Moments,Aki20,0.0
2025-07-01,DSP Marketplace - BFM,MadHive,—,MadHive Deal - CTV/Web/App (Blue Hemp),148764773157,0.0
2025-12-01,Open Auction - BFM,The Media Sense,—,The Media Sense DSP Inapp Video,,0.0
2025-12-01,DSP Marketplace - BFM,TheTradeDesk,—,TTD Deal - Bully Pulpit - CTV (Political - Right Leaning),189028499,0.0
2025-08-01,Open Auction - BFM,Beeswax,—,0,996138804224,0.0
2025-07-01,Open Auction - BFM,GroundTruth,—,0,,0.0
2026-07-01,DSP Marketplace - BFM,MadHive,BFM Internal,MadHive - CTV - Pluto Bundle Override (Price Targeted),MH32,0.0
2026-07-01,DSP Marketplace - BFM,Viant,BFM Internal,Viant Deal - CTV (Minority / Woman Owned),BFM027,0.0
2026-08-01,Open Auction - BFM,GroundTruth,—,GroundTruth Video CTV,,10.09
2026-08-01,DSP Marketplace - BFM,TheTradeDesk,Beachfront Deal Migration,TTD Deal - CTV ($18),955413904519,1368.71
2025-10-01,DSP Marketplace - BFM,SimpliFi,BFM Internal,Simpli.Fi Deal - EW Scripps,602723609558,93.03
2025-10-01,Open Auction - BFM,—,—,Marketing Architects - CTV 1st Price,,0.0
2025-08-01,Open Auction - BFM,SimpliFi,—,SimpliFi - CTV - 1st Price,,59504.12
2025-08-01,Select - BFM,Yahoo DSP,Audigent,PMG & Beachfront - SDEAL-21051 - PMG - PMG - PMG - ctv SmartPMP - Aggregated FICO Score 640 or more – Equifax US,Audig1762,0.0
2025-09-01,Select - BFM,TheTradeDesk,AI Digital,AI Digital - C0018 - CTV - Live Spots - 032223 - Updated,1651574,2.86
2025-10-01,Open Auction - BFM,Walmart,—,TTD - MW [Display],,8.34
2025-10-01,Select - BFM,Basis Technologies,AI Digital,LucidX - Beachfront - C0167 - South Shore Bank - CTV - Finance - 103024,AIDig148,229.23
2025-12-01,Open Auction - BFM,Krush Media,—,Krush Media Web Display,,10.24
2025-07-01,DSP Marketplace - BFM,Viant,—,Viant Deal - CTV (Direct Fixed $8),389866043594,39356.25
2025-08-01,Open Auction - BFM,—,—,2508 - MGMPLUS - INSTITUTE S1 PROMO - MGMPHD363209 - MOVIES,,159.75
2025-09-01,Open Auction - BFM,Cepia,—,Mighty Wheels September 2025,,10.45
2025-07-01,DSP Marketplace - BFM,SimpliFi,—,Simplifi Deal - Fubo CTV (Sports),514795661260,0.4
2025-11-01,Select - BFM,TheTradeDesk,Mavern Media,Mavern Media & Beachfront - MJA - TTD - Multiple - RON - CTV - 20250124,MVRN000026,0.0
2025-07-01,DSP Marketplace - BFM,4INFO,—,Cadent_TNT_PMP_Test,428409004783,0.0
2025-08-01,Select - BFM,Viant,IRIS,IRIS.TV - Viant - Home & Garden CTV_BFM,IRIS00339,20.48
2025-09-01,Open Auction - BFM,Infillion,—,0,,0.0
2026-07-01,Open Auction - BFM,Adtheorent,—,Ad Theorent - Desktop/MW Display,,159.95
2025-09-01,Select - BFM,Beeswax,Simulmedia,PlayerWON-Ribeye-GFN-FY25,PlayerWONRibeyeGFNFY25,0.0
2025-09-01,DSP Marketplace - BFM,Bidswitch,—,BidSwitch Deal - CTV (Future Samsung Ads),630735620159,0.0
2025-08-01,DSP Marketplace - BFM,4INFO,—,Cadent_Cartoon Network_PMP_Test,865665164740,0.0
2025-09-01,Open Auction - BFM,Amobee,—,Amobee - CTV - 1st Price,,12654.03
2025-12-01,Open Auction - BFM,TheTradeDesk,—,TTD - MW [Display],,1443.01
2025-12-01,DSP Marketplace - BFM,Bidswitch,—,Roku Deal - CTV (Political - Left Leaning) (MiQ),890620965784,0.0
2025-11-01,Open Auction - BFM,Octillion,—,Octillion - CTV - Open,,386.37
2025-11-01,Open Auction - BFM,Sharethrough,—,Sharethrough CTV Video,,34541.47
2025-07-01,DSP Marketplace - BFM,Viant,—,Viant Deal - CTV - A&amp;E,409312721336,0.54
2025-11-01,DSP Marketplace - BFM,StackAdapt,—,StackAdapt Deal - MW (70%+ Viewability),350818728459,170.64
2025-09-01,Select - BFM,Stirista,Audigent,Audigent & Beachfront - AUD-066529 - Optimum Media - Multiple Brands - CTV ContextualPMP - Tennis US - ctv,Audig1786,0.01
2025-11-01,Open Auction - BFM,—,—,Conversant Deal - CTV - RON,,0.0
2025-11-01,Open Auction - BFM,TheTradeDesk,—,TTD - CTV (LATAM),,328.2
2025-09-01,DSP Marketplace - BFM,4INFO,—,4INFO Deal - CTV - T1 Indirect - (FOOD),182093321207,0.0
2025-09-01,DSP Marketplace - BFM,4INFO,—,Cadent_Nat Geo_PMP,862521297109,0.0
2025-09-01,DSP Marketplace - BFM,4INFO,—,Cadent_CBSS_PMP,065683922203,0.0
2025-08-01,DSP Marketplace - BFM,Octillion,Beachfront Deal Migration,0,976384276675,0.0
2026-07-01,Open Auction - BFM,Adtheorent,—,Ad Theorent - Desktop Video (LQPS Audit),,1.93
2026-08-01,DSP Marketplace - BFM,Epsilon (Conversant),Beachfront Deal Curation,Conversant - Seedtag Q1 Tentpole - Intl. Women’s Month - Contextual CTV,Beach218,0.24
2026-08-01,DSP Marketplace - BFM,Marketing Architects -RTB,Beachfront Deal Curation,Marketing Architects - Local News CTV Deal,465078959146,8.99
2025-10-01,Select - BFM,TheTradeDesk,Strategus,TTD Deal - CTV - Wades RV - National News - Live,Strat56,242.23
2025-10-01,DSP Marketplace - BFM,GroundTruth,Beachfront Deal Curation,GroundTruth Deal - Mobile Web - Always On - Display,Beach188,0.21
2025-09-01,Open Auction - BFM,DV360,—,Bidswitch - Seedtag,,11993.73
2025-09-01,Open Auction - BFM,SimpliFi,—,SimpliFi - APP [Display],,2987.12
2025-07-01,DSP Marketplace - BFM,DeepIntent,Beachfront Deal Curation,DeepIntent deal - CTV - 90s RON,491527455613,8.41
2025-08-01,Select - BFM,JamLoop OpenRTB,TEGNA,Jamloop - AO - News - OTT - TEGNASOURCED 040523,TEGNA6,290.01
2025-10-01,Open Auction - BFM,Beeswax,—,Beeswax UR Improvement Tier 1 (High UR),,18594.13
2025-09-01,Open Auction - BFM,Quantcast,—,Bidswitch - Desktop - 1st Price (HB),,4.3
2025-09-01,Open Auction - BFM,StackAdapt,—,StackAdapt - CTV - Open Auction (Canada),,2871.52
2025-07-01,Open Auction - BFM,SmartyAds,—,SmartyAds - (Seedtag),,856.32
2025-07-01,Open Auction - BFM,TheTradeDesk,—,TTD - CTV (Charter),,249.43
2025-07-01,Select - BFM,TheTradeDesk,Media Culture,Mathnasium Canada,MC_MATH_CA_CTV,0.0
2025-07-01,DSP Marketplace - BFM,4INFO,—,4INFO Deal - CTV - T1 Indirect - (OWN),489912743465,0.0
2025-11-01,DSP Marketplace - BFM,TheTradeDesk,Beachfront Deal Curation,Seedtag Q1 Tentpole - Tax Season - Contextual CTV (Test),Test12345,0.0
2025-07-01,DSP Marketplace - BFM,StackAdapt,—,StackAdapt Deal - CTV - NBC (Network),394570428639,3210.56
2025-11-01,Open Auction - BFM,Madopi,—,Bidswitch - APP 1st Price,,0.0
2025-08-01,DSP Marketplace - BFM,4INFO,—,Cadent_ABC_Natl(Broadcast)_PMP,464905897267,0.0
2025-09-01,DSP Marketplace - BFM,SimpliFi,Beachfront Deal Curation,SimpliFi Deal - Newsy - CTV,984160496885,1.43
2025-08-01,Open Auction - BFM,Amazon DSP,—,Bidswitch - MW [Display],,0.0
2026-07-01,Open Auction - BFM,OnSpot Data,—,Bidswitch - APP,,3.56
2026-07-01,Open Auction - BFM,—,—,F0047523 FSR GENERICA VOCES 20 S,,0.0
2026-08-01,Open Auction - BFM,Adtelligent,—,Adtelligent - CTV (Price Targeted),,412.22
2026-08-01,Open Auction - BFM,AdElement,—,Bidswitch - Desktop [Display],,0.0
2025-10-01,DSP Marketplace - BFM,SimpliFi,Beachfront Deal Curation,Simpli.Fi Deal - CTV - Halloween,647809313692,0.0
2025-08-01,DSP Marketplace - BFM,Basis Technologies,—,Basis Deal - Fubo CTV (Entertainment),BFM063,20.2
2025-09-01,DSP Marketplace - BFM,MadHive,—,MadHive Deal - CTV (Halloween CTV - Deal Library),BFM031,204.74
2025-07-01,Open Auction - BFM,StackAdapt,—,StackAdapt - CTV - Open Auction,,67040.18
2025-10-01,Open Auction - BFM,SmartyAds,—,SmartyAds - App [Display],,3.64
2025-09-01,DSP Marketplace - BFM,Beeswax,Beachfront Deal Curation,Travel - CTV - Tentpole Deal - VideoAmp,Beach155,13.07
2025-07-01,DSP Marketplace - BFM,Basis Technologies,Beachfront Deal Migration,Basis Deal - Minority Owned CTV,BFM027,40.25
2025-09-01,Select - BFM,TheTradeDesk,Strategus,Strategus Deal - CTV - $15-$17.99,Strat33,0.0
2025-07-01,DSP Marketplace - BFM,StackAdapt,Beachfront Deal Curation,StackAdapt Deal - CTV - Political First Look - TEGNA,688427968140,0.0
2025-09-01,DSP Marketplace - BFM,SimpliFi,—,Simplifi Deal - App/Web (Cannabis) [Display],403635039516,0.0
2025-07-01,DSP Marketplace - BFM,Octillion,—,Octillion Deal - CTV - TEGNA,976384276674,0.35
2025-10-01,Open Auction - BFM,—,—,F0041063 UEL MULTICHANNEL J1 1PM 23 OCTUBRE 20,,0.0
2026-08-01,DSP Marketplace - BFM,Bidswitch,Beachfront Deal Curation,Seedtag NeuroX | Always-On | Small Business Entrepreneurs - Connected TV,STNXCTV009,0.0
2025-11-01,Open Auction - BFM,Adtheorent,—,Ad Theorent - Desktop/MW Display,,372.06
2025-11-01,Open Auction - BFM,Infillion,—,Bidswitch - Seedtag,,50.52
2025-12-01,Open Auction - BFM,Madopi,—,Bidswitch - MW [Display],,0.0
2025-12-01,Open Auction - BFM,Knorex,—,Bidswitch - Seedtag,,119.04
2025-11-01,DSP Marketplace - BFM,Octillion,Beachfront Deal Migration,Octillion Deal - CTV - EW Scripps,976384276675,25871.01
2025-08-01,DSP Marketplace - BFM,SimpliFi,—,Simpli.Fi Deal - CTV - Political Allowed (TEGNA),420531083816,120.93
2025-08-01,DSP Marketplace - BFM,TheTradeDesk,—,TTD Deal - CTV - $12 MIQ RON,166324629003,51.82
2025-09-01,DSP Marketplace - BFM,Bidswitch,—,Deal Library - CTV - Politics Allowed - Super Tuesday,BFM085,0.0
2025-09-01,DSP Marketplace - BFM,MadHive,Beachfront Deal Curation,0,983264025678,0.0
2025-09-01,Open Auction - BFM,Adtheorent,—,0,,0.0
2025-07-01,DSP Marketplace - BFM,Zeta DSP,Beachfront Deal Curation,Bidswitch Deal - Zeta - CTV - RON (Curation Seat),447383266136,1.12
2025-07-01,Open Auction - BFM,Walmart,—,TTD - APP [Display],,4000.85
2025-07-01,DSP Marketplace - BFM,Octillion,Beachfront Deal Migration,Octillion Deal - CTV - AMC - Network Targeting,135878418139,924.71
2025-11-01,Select - BFM,Xandr,MultiLocal,mCanvas_mlm_Roku_US_CTV_Xandr_BF_MLMBRID7304,Multi48,0.0
2025-08-01,DSP Marketplace - BFM,MadHive,BFM Internal,MadHive - CTV - Sling Bundle Override (Price Targeted),MH34,383.83
2025-11-01,DSP Marketplace - BFM,JamLoop OpenRTB,—,JamLoop Deal - CTV - EW Scripps - Vegas Golden Knights,612418020365,362.08
2025-12-01,DSP Marketplace - BFM,Yahoo DSP,Beachfront Deal Curation,Digital Remedy - OLV - Yahoo - Efficient CPM Deal,904382715640,0.0
2025-07-01,DSP Marketplace - BFM,Viant,Beachfront Deal Curation,Viant Deal - CTV - Political First Look,971401463248,93.51
2025-07-01,DSP Marketplace - BFM,Epsilon (Conversant),Beachfront Deal Curation,Conversant Cryptocurrency Category Targeting - Video/CTV,Beach112,797.01
2025-08-01,Select - BFM,TheTradeDesk,Media Culture,MC_BCH_CA_Plex_CTV,BCHCAPL,20.13
2025-08-01,DSP Marketplace - BFM,Viant,Beachfront Deal Migration,Viant Deal - CTV (Sports - All),973650277866,82.15
2025-07-01,Open Auction - BFM,4INFO,—,4INFO Deal - CTV - T1 Indirect - (FOOD),,0.0
2025-10-01,Open Auction - BFM,—,—,F0040541 NFL WEEK 6 BROWNS VS STEEL + TITANS VS RAIDERS DOMINGO FS2 30,,0.0
2025-09-01,Select - BFM,—,IRIS,IRIS.TV - Q11 Crunch - Inspirational CTV_BFM,IRIS00243,0.0
2025-07-01,Open Auction - BFM,4INFO,—,Cadent_CBSS_PMP,,0.0
2026-07-01,DSP Marketplace - BFM,Bidswitch,Beachfront Deal Curation,Seedtag NeuroX | Always-On | Large Enterprise & Corporate Leaders - Connected TV,STNXCTV015,0.0
2026-08-01,Open Auction - BFM,Bidswitch,—,Bidswitch - Desktop - 1st Price (HB),,0.0
2026-08-01,DSP Marketplace - BFM,StackAdapt,Beachfront Deal Migration,StackAdapt Deal - CTV - Efficiency Monitoring,443119806437,51.2
2026-08-01,Select - BFM,TheTradeDesk,MultiLocal,R&R Partners_Many_Hispanics_Politics Allowed_mlm_US_CTV_BF_MLMBRID4768,Multi13,0.0
2025-10-01,Open Auction - BFM,Sharethrough,—,Sharethrough Web (Open Auction),,9458.55
2025-12-01,DSP Marketplace - BFM,JamLoop OpenRTB,—,JamLoop Deal - CTV - A&amp;E - Efficient CPM,456808823983,227.46
2025-08-01,Select - BFM,Xandr,Quorum,Quorum Optimized > MSFT > High Index Zips - Marriott Hotel Visitors - CTV,Quoru48,1.76
2025-08-01,Open Auction - BFM,Beeswax,—,Beeswax UR Improvement Tier 3 (Low UR),,661.87
2025-08-01,DSP Marketplace - BFM,StackAdapt,Beachfront Deal Curation,StackAdapt_Standard Inventory Packages_Beachfront_2025_News,Beach166,0.0
2025-10-01,DSP Marketplace - BFM,StackAdapt,Beachfront Deal Curation,StackAdapt_Standard Inventory Packages_Beachfront_2025_Food,Beach165,1.67
2025-10-01,Select - BFM,Viant,Viant,GameShow,BFViantGameShow,177.99
2025-10-01,DSP Marketplace - BFM,Beeswax,—,Beeswax Deal - CTV - Datafy - Hispanic Inventory,976376076665,0.0
2025-07-01,DSP Marketplace - BFM,JamLoop OpenRTB,BFM Internal,Jamloop Deal - CTV - Frndly - MeTV - Adjust,205969889099,3.14
2025-07-01,DSP Marketplace - BFM,PulsePoint,—,Pulsepoint Deal - CTV - CMI - RON,726544942496,0.0
2025-07-01,Select - BFM,Xandr,Quorum,Quorum Optimized > MSFT > High Index Zips - Friendly's Visitors - CTV,Quoru96,2.83
2025-08-01,Open Auction - BFM,SmartyAds,—,SmartyAds - CTV (Samsung),,5526.3
2025-09-01,Select - BFM,Xandr,Quorum,Quorum Optimized > MSFT > High Index Zips - Kia Dealership Visitors - CTV,Quoru128,0.0
2025-09-01,Select - BFM,Stirista,Audigent,Audigent & Beachfront - AUD-066529 - Optimum Media - Multiple Brands - CTV ContextualPMP - Baseball US - ctv,Audig1783,0.0
2025-12-01,Select - BFM,Bidswitch,Quorum,Quorum > Wholesale Shoppers > Physical Visitors,Quoru220,0.0
2025-12-01,Open Auction - BFM,Viant,—,Viant - Linear (Sports),,0.0
2025-11-01,Open Auction - BFM,TheTradeDesk,—,0,,0.0
2025-11-01,Open Auction - BFM,Amazon DSP,—,Bidswitch - APP,,4.48
2025-11-01,Select - BFM,TheTradeDesk,IRIS,IRIS.TV - Vayner - Shoppers Contextual CTV_BFM,IRIS00326,0.0
2025-08-01,DSP Marketplace - BFM,StackAdapt,Beachfront Deal Curation,StackAdapt Deal - CTV - Premium Pubs - Political,BFMSA003,87.73
2025-10-01,Open Auction - BFM,—,—,F0038200 INSIDE UFC PARPADEO 30 v4,,0.0
2025-07-01,Open Auction - BFM,4INFO,—,Cadent_BBC_PMP,,0.0
2025-07-01,Open Auction - BFM,OnSpot Data,—,Bidswitch - APP Display,,0.0
2025-07-01,DSP Marketplace - BFM,Bidswitch,Beachfront Deal Migration,Bidswitch Deal - Infillion - LATAM OLV,INFIL002,0.0
2025-09-01,Open Auction - BFM,—,—,NAR USA CTV MS POLITICAL - TTD - September 2025 - Political market place,,0.0
2026-07-01,Open Auction - BFM,Amobee,—,Amobee - CTV - 1st Price,,114755.36
2026-07-01,DSP Marketplace - BFM,DV360,Beachfront Deal Curation,Seedtag NeuroX | Always-On | Large Enterprise & Corporate Leaders - Connected TV,STNXCTV015,2459.6
2026-07-01,Open Auction - BFM,GroundTruth,—,GroundTruth Display,,2.4
2026-07-01,Open Auction - BFM,TheTradeDesk,—,TTD - APP - 1st Price,,145.26
2026-08-01,DSP Marketplace - BFM,TheTradeDesk,Beachfront Deal Migration,TTD Deal - Holiday/Shopping CTV (Deal Library) - Genre - Goodway,774408369864,0.0
2026-08-01,DSP Marketplace - BFM,Viant,BFM Internal,Viant Deal - CTV (Direct Fixed $8),389866043594,0.0
2025-11-01,Select - BFM,DV360,Quorum,Quorum > Travelers > Physical Visitors,Quoru232,0.0
2025-08-01,Select - BFM,Xandr,Quorum,Quorum Optimized > MSFT > High Index Zips - Hyundai Dealership Visitors - Banner,Quoru121,0.0
2025-08-01,DSP Marketplace - BFM,Bidswitch,Beachfront Deal Curation,__DEAL__PA__CASUALIQ__MULTICULTURAL__DIVERSE-AUDIENCES-CTV__US__USD__REPRESENTATIVE-CONTENT,CasualIQ3,0.0
2025-10-01,DSP Marketplace - BFM,Basis Technologies,Beachfront Deal Curation,Basis Deal - CTV - Skechers 2025 - Men 45+ - News,154877815199,105.19
2025-07-01,DSP Marketplace - BFM,SimpliFi,Beachfront Deal Curation,Simpli.Fi Deal - CTV - Hallmark,255275153074,0.14
2025-07-01,Select - BFM,Xandr,IRIS,MNI - Health & Wellness CTV_BFM,IRIS74,0.0
2025-12-01,Select - BFM,Viant,Quorum,Quorum Optimized > Viant > High Index Zips - Shopping Mall Visitors - Banner,Quoru182,0.0
2025-09-01,Select - BFM,Xandr,Quorum,Quorum Optimized > MSFT > High Index Zips - Blaze Pizza Visitors - Banner,Quoru87,0.0
2025-10-01,Select - BFM,TheTradeDesk,Strategus,Strategus - TTD Deal - HolidayChristmas Movies - CTV,Strat3113031555,0.0
2025-07-01,Open Auction - BFM,Adtelligent,—,Adtelligent - CTV,,16.62
2025-11-01,DSP Marketplace - BFM,Infillion,Beachfront Deal Curation,Bidswitch Deal - Infillion -  CTV/InApp - FEP/CTV $10 and below (Average Clearing Pice),223910661417,34020.43
2025-11-01,Select - BFM,Quantcast,Quorum,Quorum > DIY Home Renovators > Physical Visitors,Quoru193,0.0
2025-08-01,Select - BFM,TheTradeDesk,Media Culture,Game Show Network,Media24,0.02
2025-09-01,Open Auction - BFM,—,—,Beeswax UR Improvement Tier 1 (High UR),,0.0
2025-08-01,Open Auction - BFM,Samsung DSP,—,Bidswitch - MW [Display],,0.0
2025-12-01,Select - BFM,Quantcast,Quorum,"Quorum > Fashion, Beauty, and Wellness > Physical Visitors",Quoru194,0.0
2025-09-01,Open Auction - BFM,Zeta DSP,—,Bidswitch - APP Display,,0.0
2025-09-01,Open Auction - BFM,—,—,2508 - MGMPLUS - INSTITUTE S1 PROMO - MGMPHD363209 - MOVIES,,4.14
2026-07-01,Open Auction - BFM,LoopMe,—,LoopMe - Open Auction - CTV,,8055.32
2026-08-01,DSP Marketplace - BFM,JamLoop OpenRTB,BFM Internal,JamLoop Deal - CTV - A&amp;E - Efficient CPM,456808823983,92.4
2025-11-01,Select - BFM,DV360,Quorum,Quorum > Pet Lovers > Physical Visitors,Quoru230,0.0
2025-08-01,DSP Marketplace - BFM,SimpliFi,Beachfront Deal Curation,SimpliFi Deal - Local News - CTV,971244897615,56.92
2025-11-01,Open Auction - BFM,—,—,F0041334 TNF JETS VS PATRIOTS JUEVES 20,,0.0
2025-09-01,Select - BFM,Beeswax,Simulmedia,PlayerWON-Ribeye-FY25,PlayerWONRibeyeFY25,0.0
2025-09-01,Open Auction - BFM,Webeye,—,Bidswitch - APP Display,,3.63
2025-09-01,DSP Marketplace - BFM,TheTradeDesk,Beachfront Deal Migration,TTD Deal - CTV ($18),955413904519,1767.92
2025-10-01,Open Auction - BFM,Yahoo DSP,—,Yahoo - Desktop MW - Open Auction,,4825.53
2025-10-01,DSP Marketplace - BFM,Basis Technologies,Beachfront Deal Curation,Basis Deal - CTV - Skechers 2025 - Men 45+ - Entertainment,242487362196,33.68
2025-10-01,DSP Marketplace - BFM,Bidswitch,Beachfront Deal Curation,Bidswitch Deal - CTV - Zeta - Paramount (No Pluto),732808904693,0.0
2025-07-01,Select - BFM,Viant,Audigent,Audigent & Beachfront - AUD-066527 - Optimum Media - Multiple Brands - CTV ContextualPMP - Spanish Language US - ctv,Audig1777,0.18
2025-11-01,Open Auction - BFM,Bidswitch,—,Bidswitch - STB VOD,,0.0
2025-08-01,Open Auction - BFM,Metax,—,MetaX A&amp;E Networks $16,,0.0
2025-08-01,Select - BFM,Viant,IRIS,IRIS.TV - Viant - IRIS-enabled CTV_BFM,IRIS00320,4378.21
2025-07-01,Open Auction - BFM,TheTradeDesk,—,TTD - STB VOD,,0.0
2026-07-01,Open Auction - BFM,IPONWEB BidCore,—,Bidswitch - CTV (Charter),,0.01
2025-08-01,DSP Marketplace - BFM,StackAdapt,Beachfront Deal Curation,StackAdapt Deal - CTV - News - Political,BFMSA001,18.31
2025-09-01,Open Auction - BFM,—,—,1PlayWorks test,,0.04
2025-09-01,DSP Marketplace - BFM,StackAdapt,Beachfront Deal Curation,StackAdapt_Standard Inventory Packages_Beachfront_2025_120 Second Placements,Beach172,0.0
2025-11-01,DSP Marketplace - BFM,Viant,—,Viant Deal - Desktop/MW (OLV Political - Left Leaning),999850674763,0.0
2025-11-01,Open Auction - BFM,—,—,SimpliFi - CTV - 1st Price,,0.0
2026-07-01,DSP Marketplace - BFM,DV360,Beachfront Deal Curation,Seedtag NeuroX | Always-On | Streaming & Content Connoisseurs - Connected TV,STNXCTV004,26.26
2026-07-01,Select - BFM,Yahoo DSP,Camelot,PMG - Pub Targeting,PMGPub,25520.46
2026-07-01,Open Auction - BFM,—,—,TrueX FireTV AVOD,,2451.6
2026-08-01,DSP Marketplace - BFM,TheTradeDesk,BFM Internal,TTD Deal - In Market SUV Subaru - CTV,782973249332,962.48
2025-10-01,Open Auction - BFM,TheTradeDesk,—,TTD - APP,,11835.08
2025-08-01,Select - BFM,Xandr,Quorum,Quorum Optimized > MSFT > High Index Zips - Starbucks Visitors - Banner,Quoru65,0.0
2025-11-01,Open Auction - BFM,—,—,F0022311 UFC MARCA GENÉRICA 2025-1 30,,0.0
2025-08-01,DSP Marketplace - BFM,Beeswax,Beachfront Deal Curation,SuperAwesome Seedtag COPPA-Approved CTV Deal,Beach126,0.0
2025-09-01,Open Auction - BFM,Krush Media,—,Krush Media Web Display,,0.25
2025-08-01,DSP Marketplace - BFM,JamLoop OpenRTB,—,JamLoop Deal - CTV - Local News - Transparent Bundles,137695710557,808.28
2025-07-01,Select - BFM,Viant,IRIS,IRIS.TV - Viant - Wyndham Contextual CTV_BFM,IRIS00358,2513.09
2025-07-01,Select - BFM,Viant,Viant,the first,TheFirstTV,0.0
2025-07-01,Select - BFM,Xandr,Quorum,Quorum Optimized > MSFT > High Index Zips - Checkers & Rally's Visitors - Banner,Quoru51,0.0
2025-12-01,DSP Marketplace - BFM,MadHive,BFM Internal,MadHive - CTV - Pluto Bundle Override (Price Targeted),MH32,0.0
2025-08-01,Open Auction - BFM,Marketing Architects -RTB,—,Marketing Architects - CTV - EW Scripps LAT,,735.06
2025-07-01,Open Auction - BFM,SmartyAds,—,SmartyAds - CTV (LG),,128.04
2025-08-01,DSP Marketplace - BFM,TheTradeDesk,—,TTD Deal - OpAd Media - AMC en Espanol CTV,298129641956,4.5
2025-11-01,Select - BFM,TheTradeDesk,Infillion Demand,ez cater | Business Professionals | CTV,ezCBizInfilBeachVidCTV,0.0
2025-09-01,Open Auction - BFM,Viant,—,Viant - Desktop,,6097.09
2025-09-01,DSP Marketplace - BFM,Viant,Beachfront Deal Migration,Viant Deal - CTV - Golf (Master&#039;s Enthusiast Segment),408551131456,10.47
2025-07-01,Select - BFM,Bidswitch,33Across,33Across Deal - Display - RTB House - Travel,33Acr16,0.0
2025-11-01,DSP Marketplace - BFM,SimpliFi,Beachfront Deal Curation,Simpli.Fi Deal - CTV - Thanksgiving,503894398514,0.0
2025-09-01,DSP Marketplace - BFM,GroundTruth,Beachfront Deal Curation,GroundTruth Deal - Mobile Web - Always On - Display,Beach188,0.03
2025-11-01,Open Auction - BFM,Promo-PSA,—,Test Ad: PSA :30 (ready.gov) #9,,0.0
2025-08-01,DSP Marketplace - BFM,4INFO,—,Cadent_NewsON_PMP,382291303163,0.0
2025-09-01,Open Auction - BFM,Samsung DSP,—,Bidswitch - MW - 1st Price (HB),,0.0
2025-11-01,Select - BFM,Bidswitch,Quorum,Quorum > Travelers > Physical Visitors,Quoru232,0.0
2025-11-01,Select - BFM,Bidswitch,Infillion Demand,Signet | Male Self Gifters | CTV,SignetInfilGiftBeachCTV,0.0
2025-12-01,Open Auction - BFM,IQM,—,IQM - In-App Video - Open Auction,,0.76
2025-09-01,Select - BFM,Beeswax,QRate,QrateUS_Soundwave_CTV_BCH,QRate13,0.69
2025-07-01,DSP Marketplace - BFM,JamLoop OpenRTB,—,JamLoop Deal - CTV OLV - Cable Broadcast,147705376036,54.93
2025-12-01,DSP Marketplace - BFM,GroundTruth,Beachfront Deal Curation,GroundTruth - Deal - CTV - Fire TV,BFMGT004,876.96
2025-08-01,Open Auction - BFM,IPONWEB BidCore,—,Bidswitch - APP Display,,0.0
2025-08-01,Open Auction - BFM,GroundTruth,—,0,,0.0
2025-10-01,Open Auction - BFM,TheTradeDesk,—,TTD - MW [Display],,765.88
2025-11-01,Select - BFM,Xandr,Quorum,Quorum Optimized > MSFT > High Index Zips - Smoothie King Visitors - CTV,Quoru106,0.08
2025-08-01,Open Auction - BFM,Quantcast,—,Bidswitch - Seedtag,,7751.04
2025-07-01,Select - BFM,TheTradeDesk,Strategus,Strategus Deal - CTV - $12-$14.99,Strat32,115.41
2025-07-01,DSP Marketplace - BFM,Viant,—,Viant Deal - CTV - LDA Approved,539578998219,0.07
2025-07-01,Open Auction - BFM,Bidswitch,—,T-Ads_CTV_Beachfront_AMC_$17.50,,0.0
2026-07-01,Open Auction - BFM,—,—,F0047466 90 LIGAS LUN MIE VIE 9 PM 30,,0.0
2026-08-01,Open Auction - BFM,—,—,0,,0.0
2025-12-01,Open Auction - BFM,OnSpot Data,—,Bidswitch - APP,,2.05
2025-12-01,Select - BFM,TheTradeDesk,IRIS,IRIS.TV - Q11 - West Coast College - Nursing Contextual CTV_BFM,IRIS00361,266.76
2025-08-01,Select - BFM,Xandr,Quorum,Quorum Optimized > Viant > High Index Zips - New & Used Automotive Dealer Visitors - CTV,Quoru45,1.19
2025-11-01,Select - BFM,Viant,IRIS,Viant - Sonnys BBQ - Emotional CTV_BFM,IRIS00352,71.39
2025-11-01,Open Auction - BFM,Stirista,—,Stirista - Desktop [Display],,2.51
2025-07-01,Open Auction - BFM,SimpliFi,—,SimpliFi - CTV - 1st Price (Glewed),,40.68
2025-07-01,Open Auction - BFM,DV360,—,Bidswitch - MW [Display],,1446.03
2025-07-01,Open Auction - BFM,TheTradeDesk,—,TTD - APP [Display],,30873.52
2025-07-01,Select - BFM,Viant,IRIS,IRIS.TV - Viant - Thrivent Emotional Sentiment CTV_BFM,IRIS00322,1.63
2025-07-01,Open Auction - BFM,Viant,—,Viant - APP,,2098.36
2025-07-01,Open Auction - BFM,Epsilon (Conversant),—,Conversant - Web - Open Auction - Video,,400.17
2025-12-01,Open Auction - BFM,SmartyAds,—,SmartyAds - CTV (Fubo),,0.16
2025-11-01,Open Auction - BFM,SimpliFi,—,SimpliFi - CTV - 1st Price,,34668.11
2026-07-01,DSP Marketplace - BFM,JamLoop OpenRTB,Beachfront Deal Curation,JamLoop - March Madness (Men's) - CTV,903174628551,11.86
2025-07-01,Select - BFM,TheTradeDesk,SilverBack,TTD Deal - CTV - Silverback RON - Select,438153998068,8839.82
2025-08-01,Open Auction - BFM,IPONWEB BidCore,—,Bidswitch - CTV (AMC),,0.0
2025-07-01,Open Auction - BFM,—,—,Marketing Architects - CTV 1st Price,,0.0
2025-08-01,Open Auction - BFM,Quantcast,—,Bidswitch - MW - 1st Price (HB),,0.22
2025-11-01,Open Auction - BFM,—,—,CTV SeedTag,,0.0
2025-08-01,Select - BFM,TheTradeDesk,Strategus,Strategus - TTD Deal - Tubi Channel/Network - CTV,Strat71,5.51
2025-08-01,Open Auction - BFM,Unruly,—,Unruly InApp 1st Price Video,,0.0
2025-07-01,DSP Marketplace - BFM,Beeswax,Beachfront Deal Migration,Beeswax Deal - OLV - Political (No Approval),604080542704,0.0
2025-08-01,Open Auction - BFM,—,—,Amobee - CTV - 1st Price,,0.0
2025-09-01,Open Auction - BFM,—,—,2508 - MGMPLUS - INSTITUTE S1 PROMO - MGMPHD363209 - SERIES,,8.92
2026-07-01,DSP Marketplace - BFM,Epsilon (Conversant),Beachfront Deal Curation,Conversant - Seedtag Q1 Tentpole - Black History Month  - Contextual CTV,Beach210,112.82
2026-07-01,Select - BFM,TheTradeDesk,IRIS,IRIS.TV - Q11 - West Coast College - Nursing Contextual CTV_BFM,IRIS00361,1190.24
2025-08-01,Select - BFM,Stirista,Audigent,Audigent & Beachfront - AUD-066529 - Optimum Media - Multiple Brands - CTV ContextualPMP - Football US - ctv,Audig1792,0.0
2025-07-01,DSP Marketplace - BFM,Octillion,Beachfront Deal Migration,Octillion Deal - CTV - Newsy,376929459164,155.96
2025-07-01,Select - BFM,Xandr,Quorum,Quorum Optimized > MSFT > High Index Zips - Acura Dealership Visitors - Banner,Quoru107,0.0
2025-07-01,Open Auction - BFM,Yahoo DSP,—,Yahoo - CTV - Open Auction,,4402.06
2025-07-01,Open Auction - BFM,StackAdapt,—,0,,0.0
2025-10-01,Select - BFM,JamLoop OpenRTB,TEGNA,Jamloop - AO - News - OTT CTV - Political - TEGNASOURCED 062922,TEGNA4,0.0
2025-08-01,DSP Marketplace - BFM,Amobee,—,Amobee Deal - CTV (Politics Allowed),BFM017,0.0
2025-10-01,Select - BFM,DV360,MultiLocal,T9_mlm_TA_US_CT_CTV_BF_MLMBRID4972,Multi24,745.96
2025-08-01,DSP Marketplace - BFM,IQM,—,IQM Deal - CTV - ComScore Viewership - Politics Allowed (Deal Library),BFM068,0.12
2025-09-01,DSP Marketplace - BFM,Viant,—,Viant Deal - CTV - (Nicotine Vaping Allowed),535917205940,0.0
2025-09-01,DSP Marketplace - BFM,4INFO,—,Cadent_DIRECTV_PMP,891134562095,0.0
2025-09-01,DSP Marketplace - BFM,4INFO,—,Cadent_Lifetime_PMP,497052641697,0.0
2025-09-01,Select - BFM,Xandr,Quorum,Quorum Optimized > MSFT > High Index Zips - Shopping Mall Visitors - Banner,Quoru38,0.0
2025-09-01,Select - BFM,Yahoo DSP,Audigent,PMG & Beachfront - SDEAL-21051 - PMG - PMG - PMG - ctv SmartPMP - Aggregated FICO Score 640 or more – Equifax US,Audig1762,0.0
2025-08-01,DSP Marketplace - BFM,StackAdapt,—,StackAdapt Deal - CTV/App/Web - Cannabis - US Canada,403635039524,6.63
2025-12-01,Select - BFM,Bidswitch,Quorum,Quorum > Travelers > Physical Visitors,Quoru232,0.0
2025-12-01,Open Auction - BFM,Walmart,—,0,,0.0
2025-12-01,Open Auction - BFM,Knorex,—,Bidswitch - MW - 1st Price (HB),,0.01
2026-07-01,DSP Marketplace - BFM,Epsilon (Conversant),BFM Internal,Conversant Deal - InApp - RON,116367070037,20.95
2026-07-01,Open Auction - BFM,GroundTruth,—,Seedtag,,42.27
2026-07-01,Open Auction - BFM,IQM,—,IQM - In-App Video - Open Auction,,0.0
2026-07-01,Select - BFM,StackAdapt,33Across,RON High CTR - Video - Stackadapt Deal,33Acr42,0.0
2026-07-01,DSP Marketplace - BFM,TheTradeDesk,BFM Internal,TTD Deal - In Market SUV Subaru - CTV (Spanish Language Targeting),709560726794,5057.05
2026-07-01,Select - BFM,TheTradeDesk,Chief Media,TTD - Chief Media - CTV - Fox - Force Factor - Channel/Network - Deal,368357507405,0.0
2026-07-01,Open Auction - BFM,Viant,—,Viant - Linear (Sports),,0.0
2025-08-01,Select - BFM,Xandr,Quorum,Quorum Optimized > MSFT > High Index Zips - Jack In The Box Visitors - Banner,Quoru97,0.0
2025-07-01,Select - BFM,Xandr,Quorum,Quorum Optimized > MSFT > High Index Zips - Red Robin Burgers Visitors - CTV,Quoru84,0.05
2025-10-01,Open Auction - BFM,—,—,VTV VERTA  Dummy Ad_New Test,,0.0
2025-07-01,DSP Marketplace - BFM,Basis Technologies,—,Basis Deal - CTV (Samsung),BFM055,0.11
2025-12-01,DSP Marketplace - BFM,StackAdapt,—,StackAdapt Deal - CTV - Plex,406265079126,172.93
2025-10-01,Open Auction - BFM,IPONWEB BidCore,—,Bidswitch - MW - 1st Price (HB),,0.15
2025-11-01,Open Auction - BFM,IQM,—,IQM - Display - Open Auction,,0.55
2025-09-01,Select - BFM,TheTradeDesk,IRIS,IRIS.TV - VaynerMedia - Sabra Contextual CTV_BFM,IRIS00366,0.0
2025-10-01,DSP Marketplace - BFM,TheTradeDesk,Beachfront Deal Migration,TTD Deal - CTV ($15 MiQ) (Walmart),176619450572,0.0
2025-12-01,Select - BFM,Xandr,IRIS,MNI - Climate & Enviroment CTV_BFM,IRIS76,0.0
2025-09-01,DSP Marketplace - BFM,Octillion,Beachfront Deal Migration,0,976384276675,0.0
2025-11-01,DSP Marketplace - BFM,—,Beachfront Deal Curation,Basis Deal - CTV - Skechers 2025 - Women 45+ - Reality,,0.0
2026-07-01,Open Auction - BFM,Madopi,—,Bidswitch - MW [Display],,0.0
2026-07-01,DSP Marketplace - BFM,Bidswitch,Beachfront Deal Curation,Seedtag NeuroX | Always-On | Sustainability & Energy Experts - Connected TV,STNXCTV003,0.0
2026-08-01,Open Auction - BFM,Basis Technologies,—,Seedtag,,602.24
2026-08-01,Open Auction - BFM,—,—,F0047460 MLS LUN A VIE 6PM 15,,0.0
2026-07-01,Open Auction - BFM,Walmart,—,TTD - APP - 1st Price,,0.0
2025-09-01,Select - BFM,JamLoop OpenRTB,TEGNA,Jamloop - AO - News - OTT - TEGNASOURCED 040523,TEGNA6,244.43
2025-08-01,Select - BFM,Xandr,Quorum,Quorum Optimized > MSFT > High Index Zips - Honda Dealership Visitors - Banner,Quoru119,0.0
2025-09-01,Open Auction - BFM,Zeta DSP,—,Bidswitch - Desktop [Display],,0.0
2025-09-01,Open Auction - BFM,Between Exchange,—,Bidswitch - Seedtag,,0.03
2025-09-01,Select - BFM,Bidswitch,QRate,QrateUS_Costarica_CTV,QRate40,0.0
2025-07-01,DSP Marketplace - BFM,StackAdapt,Beachfront Deal Curation,StackAdapt_Standard Inventory Packages_Beachfront_2025_No News,Beach176,0.0
2025-12-01,Open Auction - BFM,—,—,2512 - MGMPLUS - DECEMBER 2025 - ROBIN HOOD PP CRITICS PROMO - MGMPHD363339-01 - SERIES ,,284.14
2025-08-01,DSP Marketplace - BFM,StackAdapt,—,StackAdapt Deal - App - 70%+ VCR,950191416301,322.03
2025-08-01,DSP Marketplace - BFM,Basis Technologies,—,Basis Deal - Network CTV (Disney / Hearst),BFMNET003,0.08
2025-10-01,Select - BFM,Xandr,Quorum,Quorum Optimized > MSFT > High Index Zips - Baskin Robbins Visitors - CTV,Quoru86,0.24
2025-08-01,DSP Marketplace - BFM,Epsilon (Conversant),Beachfront Deal Curation,Conversant Cannabis Category Targeting - Display,Beach103,0.0
2025-11-01,Open Auction - BFM,Infillion,—,Bidswitch - MW - 1st Price (HB),,0.01
2025-09-01,Select - BFM,TheTradeDesk,IRIS,IRIS.TV - Quantum11 - Potbelly Sentiment CTV_BFM,IRIS00283,23.41
2025-07-01,DSP Marketplace - BFM,MadHive,BFM Internal,0,MH32,0.0
2026-08-01,DSP Marketplace - BFM,Bidswitch,BFM Internal,Roku Deal - CTV (Political Networks - Progressive) (Pub Targeted) (MiQ),890620965784,0.0
2026-08-01,Open Auction - BFM,Krush Media,—,Krush Media Video - CTV Direct (700),,0.23
2026-08-01,Open Auction - BFM,SmartClip,—,Philips_SC_Spain,,0.59
2026-07-01,Open Auction - BFM,Adtelligent,—,Adtelligent - CTV - A+E Networks $15,,11840.44
2026-07-01,DSP Marketplace - BFM,Epsilon (Conversant),Beachfront Deal Curation,NBA - Live - CTV - Contextual - Tentpole Deal - Conversant,Beach129,0.0
2026-07-01,Open Auction - BFM,SamsungBidswitch,—,Seedtag,,0.03
2025-11-01,Select - BFM,TheTradeDesk,Infillion Demand,ez cater | HR Leaders | CTV,ezCBizInfilBeachHRVidCTV,0.0
2025-10-01,Select - BFM,TheTradeDesk,IRIS,IRIS.TV - Q11 Crunch - Contextual CTV_BFM,IRIS00244,6585.96
2026-07-01,Open Auction - BFM,IPONWEB BidCore,—,Bidswitch - MW - 1st Price (HB),,0.0
2025-09-01,DSP Marketplace - BFM,SimpliFi,BFM Internal,Simpli.Fi Deal - CTV - SportsGrid,133806220723,0.19
2025-08-01,Open Auction - BFM,Walmart,—,TTD - MW - 1st Price (HB),,66.72
2025-08-01,Select - BFM,Bidswitch,QRate,QrateUS_Costarica_CTV,QRate40,0.0
2025-07-01,DSP Marketplace - BFM,Viant,Beachfront Deal Curation,Magnolia and HGTV - CTV - Viant Deal,738509621475,3.79
2025-12-01,Select - BFM,Viant,Quorum,Quorum Optimized > Viant > High Index Zips - McDonald's Visitors - Banner,Quoru55,0.0
2025-07-01,DSP Marketplace - BFM,StackAdapt,—,StackAdapt Deal - CTV (Sports),884791415032,8.24
2025-09-01,DSP Marketplace - BFM,Viant,—,Viant Deal - CTV - Travel,BFM056,395.68
2025-07-01,DSP Marketplace - BFM,4INFO,—,Cadent_FOX_Sports_PMP,893559554853,-0.0
2025-09-01,DSP Marketplace - BFM,Basis Technologies,—,Basis Deal - Fubo CTV (Entertainment),BFM063,6.63
2025-09-01,DSP Marketplace - BFM,TheTradeDesk,Beachfront Deal Curation,Strategus - Food & Drink Contextual Deal - $17 CPM,Strat3548981493,0.0
2025-12-01,Select - BFM,DV360,Quorum,Quorum > Auto Enthusiasts > Physical Visitors,Quoru190,0.0
2025-09-01,Select - BFM,—,IRIS,IRIS.TV - Viant -  NH State Lottery CTV_BFM,,0.0
2026-08-01,DSP Marketplace - BFM,Beeswax,BFM Internal,Beeswax Deal - CTV - Anoki - RON - $12,996138804224,11.59
2026-08-01,Open Auction - BFM,Beeswax,—,0,,0.0
2026-07-01,DSP Marketplace - BFM,Epsilon (Conversant),Beachfront Deal Curation,Conversant - Seedtag Q1 Tentpole - Valentine’s Day - Contextual CTV,Beach214,397.26
2025-09-01,Open Auction - BFM,IPONWEB BidCore,—,Bidswitch - CTV - 1st Price (Bundle 151908),,4.73
2025-07-01,DSP Marketplace - BFM,SimpliFi,BFM Internal,SimpliFi Deal - OLV (RON),178331162810,0.26
2025-07-01,Select - BFM,Xandr,Quorum,Quorum Optimized > MSFT > High Index Zips - Ford/Lincoln Dealership Visitors - CTV,Quoru116,0.0
2025-07-01,Select - BFM,Xandr,Quorum,Quorum Optimized > MSFT > High Index Zips - Marriott Hotel Visitors - Banner,Quoru47,0.0
2025-10-01,DSP Marketplace - BFM,DeepIntent,Beachfront Deal Curation,DeepIntent - OLV - High CTR,603676934637,14.55
2025-12-01,DSP Marketplace - BFM,TheTradeDesk,—,TTD Deal - Comcast Playworks,991133437221,0.0
2025-11-01,Open Auction - BFM,OTT Advisors (Demand),—,OTT Advisors Deal - DT - Live Sports (Washington DC),,0.0
2025-11-01,Open Auction - BFM,Viant,—,Viant - Desktop - 1st Price,,3932.39
2025-08-01,Select - BFM,Beeswax,Simulmedia,Simulmedia Beeswax Connection Rewarded,Simul2,21.9
2025-10-01,Select - BFM,Viant,IRIS,IRIS.TV - Viant - Travel CTV_BFM,IRIS00315,438.49
2025-07-01,DSP Marketplace - BFM,Basis Technologies,Beachfront Deal Curation,Basis Deal - OTT - Skechers 2025 - Men 45+ - Sports,343798267566,163.88
2025-07-01,Select - BFM,TheTradeDesk,Media Culture,INSP,Media14,238.1
2025-11-01,Open Auction - BFM,Pubmatic,—,0,,0.0
2025-09-01,Open Auction - BFM,Unruly,—,Unruly InApp 1st Price Video,,0.0
2025-09-01,Select - BFM,Stirista,Audigent,Audigent & Beachfront - AUD-066519 - Optimum Media - Multiple Brands - CTV SmartPMP - US -CTV PoliticalCompliant,Audig1774,0.0
2025-08-01,DSP Marketplace - BFM,Viant,—,Viant - Linear (Sports),598949723631,358.0
2025-11-01,DSP Marketplace - BFM,StackAdapt,Beachfront Deal Curation,StackAdapt Deal - CTV - Sports - Political,BFMSA005,267.31
2025-12-01,Open Auction - BFM,Quantcast,—,Bidswitch - APP 1st Price,,0.0
2025-12-01,DSP Marketplace - BFM,Basis Technologies,Beachfront Deal Curation,Basis Deal - CTV - Fingerlakes Gaming 2025,332440817016,0.06
2025-09-01,DSP Marketplace - BFM,Zeta DSP,—,Bidswitch Deal - Zeta - CTV - $9 Fixed (Spanish Language),021402842725,0.01
2025-07-01,Open Auction - BFM,—,—,Bidswitch - Seedtag,,0.0
2025-09-01,Select - BFM,—,Strategus,Strategus CTV RON,,0.0
2025-08-01,Select - BFM,—,Strategus,Strategus CTV RON,300416284256,0.0
2025-08-01,Open Auction - BFM,JamLoop OpenRTB,—,JamLoop Deal - CTV - SamsungAds - $9 - DON&#039;T TOUCH QPS,948945611529,0.0
2025-08-01,DSP Marketplace - BFM,JamLoop OpenRTB,BFM Internal,Jamloop Deal - CTV - Network-Override-NBC,JL001,1334.02
2025-09-01,DSP Marketplace - BFM,StackAdapt,Beachfront Deal Curation,StackAdapt Deal - CTV - Premium Pubs - Political,BFMSA003,3727.22
2025-12-01,Open Auction - BFM,IPONWEB BidCore,—,Bidswitch - MW [Display],,0.0
2025-08-01,DSP Marketplace - BFM,4INFO,—,Cadent_DIRECTV_PMP,891134562095,0.0
2025-10-01,Open Auction - BFM,IPONWEB BidCore,—,Bidswitch - CTV (Charter),,0.08
2025-10-01,Open Auction - BFM,LoopMe,—,LoopMe - Open Auction - CTV,,42398.86
2025-12-01,Select - BFM,TheTradeDesk,Quorum,"Quorum - Fashion, Beauty, and Wellness - Physical Visitors",Quoru208,0.0
2025-08-01,DSP Marketplace - BFM,StackAdapt,—,StackAdapt Deal - CTV - A&E (Pub Only),679382125032,315.47
2025-08-01,DSP Marketplace - BFM,Basis Technologies,Beachfront Deal Curation,Basis Deal - CTV - Skechers 2025 - Women 45+ - Reality,711907073746,7085.12
2025-09-01,Open Auction - BFM,Marketing Architects -RTB,—,0,,0.0
2025-11-01,Select - BFM,Xandr,Quorum,Quorum Optimized > MSFT > High Index Zips - Acura Dealership Visitors - CTV,Quoru108,0.13
2025-07-01,DSP Marketplace - BFM,Basis Technologies,Beachfront Deal Curation,Basis Deal - CTV (P)-SPF,430109082311,14809.94
2025-12-01,Open Auction - BFM,Adtelligent,—,Adtelligent - CTV - A+E Networks $15,,13261.56
2025-09-01,DSP Marketplace - BFM,Viant,Beachfront Deal Curation,Viant Deal - CTV - Spanish Political CTV,445972645214,5544.48
2025-12-01,Open Auction - BFM,OTT Advisors (Demand),—,OTT Advisors Deal - CTV - (Univision) (Bundles),,0.0
2025-11-01,DSP Marketplace - BFM,Bidswitch,—,Quorum Test,TEST,0.0
2025-12-01,Open Auction - BFM,Samsung DSP,—,Bidswitch - Desktop - 1st Price (HB),,0.06
2025-07-01,DSP Marketplace - BFM,—,Beachfront Deal Curation,Bidswitch Deal - Infillion -  CTV/InApp - FEP/CTV $10 and below (Average Clearing Pice),,0.0
2026-08-01,DSP Marketplace - BFM,Octillion,Beachfront Deal Migration,Octillion Deal - CTV - Paramount,976384276767,0.63
2026-07-01,DSP Marketplace - BFM,Beeswax,BFM Internal,Beeswax Deal - CTV - VideoAmp - FEP,118866276082,1551.98
2026-07-01,DSP Marketplace - BFM,StackAdapt,BFM Internal,StackAdapt Deal - CTV - NBC (Network),394570428639,5.09
2025-09-01,DSP Marketplace - BFM,GroundTruth,Beachfront Deal Migration,GroundTruth Deal - CTV - Premium Bundles List,783317263332,15969.52
2025-09-01,Select - BFM,JamLoop OpenRTB,Hearst News,Hearst - Jamloop $14 Floor CTV,Hearst2,14.03
2025-11-01,DSP Marketplace - BFM,TheTradeDesk,—,TTD Deal - Comcast Playworks,991133437221,0.0
2025-09-01,DSP Marketplace - BFM,TheTradeDesk,BFM Internal,TTD Deal - Food Lion - CTV (RON),569371033244,3053.27
2025-07-01,Open Auction - BFM,SmartyAds,—,SmartyAds - CTV (Plex),,237.19
2025-07-01,Select - BFM,Xandr,Quorum,Quorum Optimized > MSFT > High Index Zips - Taco Bell Visitors - CTV,Quoru70,0.19
2025-12-01,Select - BFM,Yahoo DSP,Camelot,Yahoo - Curated CTV,PMGCuratedCTV,132.3
2025-09-01,DSP Marketplace - BFM,TheTradeDesk,—,TTD Deal - CTV - MIQ - Hearst News,860644267470,0.04
2025-08-01,DSP Marketplace - BFM,Basis Technologies,Beachfront Deal Migration,Basis - CTV - Political Local News,BFM109,639.74
2025-07-01,DSP Marketplace - BFM,Basis Technologies,—,Basis Deal - CTV (WeatherNationTV),BFM057,48.78
2025-11-01,Open Auction - BFM,Knorex,—,Bidswitch - MW - 1st Price (HB),,0.0
2025-12-01,Open Auction - BFM,SmartyAds,—,SmartyAds - CTV (Canada),,35.73
2025-11-01,DSP Marketplace - BFM,IQM,BFM Internal,IQM - CTV - AMC Network - Channel - Adjusted - Politics Allowed,IQM002,0.36
2025-09-01,DSP Marketplace - BFM,SimpliFi,Beachfront Deal Migration,SimpliFi Deal - CTV (RON),546471010694,14090.05
2025-09-01,DSP Marketplace - BFM,Epsilon (Conversant),Beachfront Deal Curation,Conversant Gambling and Sports Betting Category Targeting - Video/CTV,Beach113,1500.79
2026-07-01,DSP Marketplace - BFM,TheTradeDesk,BFM Internal,TTD Deal - Bully Pulpit - CTV Cannabis Approved,133914955,0.0
2026-07-01,Open Auction - BFM,TheTradeDesk,—,TTD - MW [Display],,648.88
2026-07-01,Select - BFM,TheTradeDesk,MultiLocal,R&R Partners_Many_Hispanics_mlm_US_CTV_BF_MLMBRID4768,Multi11,0.0
2026-08-01,DSP Marketplace - BFM,DeepIntent,Beachfront Deal Curation,DeepIntent  deal - CTV - 30s RON,322442866061,14.07
2026-08-01,DSP Marketplace - BFM,StackAdapt,Beachfront Deal Migration,StackAdapt Deal - CTV (Business and News),385551492251,1.27
2025-10-01,DSP Marketplace - BFM,SimpliFi,BFM Internal,Simpli.Fi Deal - Philo,667896312331,1582.18
2025-08-01,DSP Marketplace - BFM,IQM,—,IQM Deal - CTV - Battle States - Minnesota MN - Politics Allowed (Deal Library),BFM076,0.11
2025-08-01,Select - BFM,Yahoo DSP,Camelot,PMG - LG Ads,PMGLGAds,71709.02
2025-07-01,Open Auction - BFM,Bidswitch,—,Bidswitch - MW [Display],,0.0
2025-07-01,Select - BFM,Xandr,Quorum,Quorum Optimized > MSFT > High Index Zips - Macy's Visitors - CTV,Quoru32,1.47
2025-12-01,Open Auction - BFM,—,—,TrueX FireTV AVOD,,1410.08
2025-10-01,Open Auction - BFM,Basis Technologies,—,Centro Display Web,,2382.76
2025-12-01,DSP Marketplace - BFM,Beeswax,—,Beeswax Deal - CTV - Anoki - RON - $12,996138804224,4678.81
2025-09-01,Open Auction - BFM,IPONWEB BidCore,—,Bidswitch - CTV (AMC),,0.0
2025-07-01,Select - BFM,TheTradeDesk,Chief Media,TTD - Chief Media - Walmart - CTV - Pub Targeting - Deal,476519491695,0.0
2025-08-01,Open Auction - BFM,Marketperf,—,Bidswitch - Desktop [Display],,0.0
2025-09-01,Select - BFM,Stirista,Audigent,Audigent & Beachfront - AUD-066529 - Optimum Media - Multiple Brands - CTV ContextualPMP - Soccer US - ctv,Audig1787,0.0
2025-07-01,Open Auction - BFM,—,—,TTD - MW - 1st Price (HB),,0.0
2025-12-01,Select - BFM,Bidswitch,Infillion Demand,Signet Jewelers | Men's Fashion | CTV,SignetInfilBeachCTV,0.0
2025-11-01,Select - BFM,AdElement,Quorum,Quorum > Interior Designers > Physical Visitors,Quoru199,0.0
2025-12-01,Open Auction - BFM,IPONWEB BidCore,—,Bidswitch - MW - 1st Price (HB),,0.0
2025-10-01,Open Auction - BFM,Zeta DSP,—,Bidswitch - MW [Display],,0.0
2026-08-01,Open Auction - BFM,Infillion,—,Bidswitch - Desktop [Display],,0.0
2025-11-01,Open Auction - BFM,Walmart,—,TTD - Desktop [Display],,3.01
2025-07-01,Select - BFM,Viant,IRIS,Viant - Sonny's BBQ - Contextual CTV_BFM,IRIS00351,627.44
2025-07-01,Open Auction - BFM,Media Pulse,—,Rogers iCTV,,0.0
2025-11-01,Open Auction - BFM,Bidswitch,—,Bidswitch - CTV (AMC),,0.0
2025-10-01,Open Auction - BFM,LoopMe,—,LoopMe DSP Lottery Campaign copy (deal mimic),,860.57
2025-08-01,Open Auction - BFM,DV360,—,Bidswitch - APP,,1.81
2025-08-01,Open Auction - BFM,SundaySky,—,SundaySky - Desktop - 1st Price,,3871.22
2025-08-01,DSP Marketplace - BFM,TheTradeDesk,—,TTD Deal - Bully Pulpit CTV (Local News),154412565624,104.18
2025-10-01,Select - BFM,Xandr,IRIS,MNI - Science & Tech CTV_BFM,IRIS73,0.0
2025-08-01,DSP Marketplace - BFM,Octillion,—,Octillion Deal - CTV - A+E,747279147159,1221.15
2025-11-01,Open Auction - BFM,GlewedTV,—,Glewed.tv - Indirect Programmatic - $15,,0.0
2025-10-01,Open Auction - BFM,Viant,—,0,,0.0
2025-07-01,Open Auction - BFM,—,—,2507 - MGMPLUS - JULY XCH - SERIES - MGMPHD20311-12,,88.06
2026-08-01,Open Auction - BFM,DV360,—,Bidswitch - Desktop - 1st Price (HB),,0.05
2025-12-01,DSP Marketplace - BFM,Infillion,Beachfront Deal Curation,Bidswitch Deal - Infillion -  CTV/InApp - FEP/CTV $10 and below (Average Clearing Pice),223910661417,12030.21
2025-12-01,Open Auction - BFM,Zeta DSP,—,Bidswitch - MW [Display],,0.0
2025-08-01,Select - BFM,Xandr,Quorum,Quorum Optimized > MSFT > High Index Zips - KFC Visitors - CTV,Quoru64,0.12
2025-10-01,DSP Marketplace - BFM,Yahoo DSP,Beachfront Deal Curation,Yahoo - OLV HIGH VCR - Digital Remedy Deal,583917204166,13.38
2025-08-01,Open Auction - BFM,Viant,—,Viant - Desktop,,16866.02
2025-07-01,DSP Marketplace - BFM,Basis Technologies,Beachfront Deal Curation,Basis Deal - CTV - Skechers 2025 - Men 45+ - Sports,558690500585,777.29
2025-09-01,DSP Marketplace - BFM,StackAdapt,Beachfront Deal Curation,StackAdapt_Standard Inventory Packages_Beachfront_2025_Reality,Beach178,704.26
2025-07-01,DSP Marketplace - BFM,StackAdapt,Beachfront Deal Curation,StackAdapt_Standard Inventory Packages_Beachfront_2025_Genre Level Reporting,Beach177,0.0
2025-09-01,DSP Marketplace - BFM,Epsilon (Conversant),Beachfront Deal Curation,NBA - CTV - Contextual -  Tentpole Deal - Conversant,Beach130,5.19
2025-09-01,DSP Marketplace - BFM,SimpliFi,—,Simpli.fi Deal - CTV (Haystack TV),808246222774,9.72
2025-11-01,DSP Marketplace - BFM,GroundTruth,Beachfront Deal Curation,MLB - CTV - Contextual - Tentpole Deal - GroundTruth,Beach140,0.46
2025-12-01,Open Auction - BFM,IPONWEB BidCore,—,Bidswitch - CTV (Charter),,0.24
2025-08-01,Open Auction - BFM,Infillion,—,Bidswitch - CTV - 1st Price (Bundle 151908),,0.49
2025-10-01,Select - BFM,Beeswax,MNTN,Beeswax Deal - MNTN - CTV - WeatherNation TV - Adjust,MNTN001,0.0
2025-08-01,Open Auction - BFM,Zeta DSP,—,Bidswitch - Desktop [Display],,0.0
2025-07-01,DSP Marketplace - BFM,StackAdapt,Beachfront Deal Curation,StackAdapt Deal - CTV - Live Sports - Political,BFMSA004,9.25
2025-11-01,Select - BFM,Quantcast,Quorum,Quorum > Holiday Shoppers > Physical Visitors,Quoru198,0.0
2025-07-01,Select - BFM,—,IRIS,IRIS.TV - Viant - IRIS-enabled CTV_BFM,,0.0
2025-11-01,DSP Marketplace - BFM,TheTradeDesk,—,TTD Deal - Bully Pulpit - CTV (Political - Center Leaning),748305990,0.0
2025-07-01,Open Auction - BFM,—,—,Ad Theorent - Desktop/MW - 1st Price,,0.0
2026-07-01,Select - BFM,Walmart,Chief Media,Live Soccer - Walmart DSP,16351684984351,48.74
2026-07-01,Select - BFM,Viant,Viant,GameShow,BFViantGameShow,30.9
2026-08-01,DSP Marketplace - BFM,Viant,Beachfront Deal Curation,Viant - Jetsetters & Travel Enthusiasts -  Liz,584972780815,0.0
2026-08-01,DSP Marketplace - BFM,Viant,Beachfront Deal Curation,Viant Deal - CTV - Walter County Tourism (Channels/Networks),196835969212,3.62
2025-12-01,Open Auction - BFM,GroundTruth,—,GroundTruth Display,,44.25
2025-11-01,Open Auction - BFM,OTT Advisors (Demand),—,OTT Advisors Deal - CTV - (Univision) (Bundles),,0.0
2025-08-01,Select - BFM,Stirista,Audigent,Audigent & Beachfront - AUD-066529 - Optimum Media - Multiple Brands - CTV ContextualPMP - Baseball US - ctv,Audig1783,0.01
2025-08-01,Open Auction - BFM,—,—,TruOptik CTV Pixel,,0.0
2025-08-01,DSP Marketplace - BFM,Beeswax,Beachfront Deal Curation,Travel - CTV - Tentpole Deal - VideoAmp,Beach155,15.29
2025-07-01,DSP Marketplace - BFM,Beeswax,Beachfront Deal Curation,MLB - CTV - Contextual - Tentpole Deal - VideoAmp,Beach150,0.58
2025-11-01,DSP Marketplace - BFM,Viant,—,Viant Deal - CTV (Direct Fixed $8),389866043594,29095.51
2025-09-01,Open Auction - BFM,—,—,2509 - MGMPLUS - BILLY THE KID S3 TRAILER Cutdown - MGMPHD363273 (MOVIES),,143.41
2025-07-01,DSP Marketplace - BFM,4INFO,—,4INFO Deal - CTV - T1 Indirect - (BET),"040759591379, 40759591379",0.01
2025-08-01,Select - BFM,TheTradeDesk,Strategus,Strategus Deal - CTV - Live Sports,BFM105,0.18
2025-09-01,DSP Marketplace - BFM,Viant,Beachfront Deal Migration,Viant Deal - CTV (Sports - All),973650277866,87.43
2025-09-01,Select - BFM,TheTradeDesk,Media Culture,MC_BCH_CA_Plex_CTV,BCHCAPL,4.84
2026-07-01,DSP Marketplace - BFM,Basis Technologies,Beachfront Deal Curation,Basis - Thriller Adaptations,161309148448,0.0
2026-07-01,DSP Marketplace - BFM,Bidswitch,Beachfront Deal Curation,Bidswitch Deal - CTV - Zeta - Paramount (No Pluto),732808904693,0.0
2026-07-01,Open Auction - BFM,Bidswitch,—,Bidswitch - CTV (AMC),,0.0
2026-07-01,DSP Marketplace - BFM,JamLoop OpenRTB,Beachfront Deal Curation,JamLoop - Winter Olympics Coverage - CTV,561084972336,0.0
2026-08-01,DSP Marketplace - BFM,Viant,Beachfront Deal Curation,Viant Live Sports CTV Deal,631904827154,0.0
2025-11-01,Select - BFM,Bidswitch,Quorum,Quorum > Wholesale Shoppers > Physical Visitors,Quoru220,0.0
2025-08-01,Select - BFM,Stirista,Audigent,Audigent & Beachfront - AUD-066519 - Optimum Media - Multiple Brands - CTV SmartPMP - US -CTV PoliticalCompliant,Audig1774,0.0
2025-08-01,DSP Marketplace - BFM,SimpliFi,BFM Internal,Simpli.Fi Deal - CTV - SportsGrid,133806220723,0.42
2025-07-01,DSP Marketplace - BFM,Basis Technologies,Beachfront Deal Curation,Basis Deal - CTV - Skechers 2025 - Women 45+ - Lifestyle,662154926548,1935.94
2025-07-01,DSP Marketplace - BFM,Basis Technologies,—,Basis Deal - Network CTV (Warner Bros Discovery),BFMNET010,591.02
2025-07-01,Select - BFM,Xandr,Quorum,Quorum Optimized > MSFT > High Index Zips - Arby's Visitors - CTV,Quoru78,0.03
2025-07-01,Open Auction - BFM,Viant,—,Viant - MW - 1st Price,,22.16
2025-12-01,Select - BFM,Yahoo DSP,Camelot,PMG - Pub Targeting,PMGPub,1124.29
2025-09-01,Select - BFM,Xandr,Quorum,Quorum Optimized > Viant > High Index Zips - New & Used Automotive Dealer Visitors - CTV,Quoru45,1.06
2025-07-01,Open Auction - BFM,Epsilon (Conversant),—,Conversant - CTV - Open Auction,,16265.33
2025-08-01,Open Auction - BFM,Between Exchange,—,Bidswitch - MW - 1st Price (HB),,0.0
2025-07-01,Select - BFM,TheTradeDesk,Strategus,0,"STRAT002, 300416284256",0.0
2025-11-01,DSP Marketplace - BFM,—,Beachfront Deal Migration,TTD Deal - Competitive Conquest Subaru - CTV,,0.0
2025-08-01,Open Auction - BFM,—,—,2507 - MGMPLUS - INSTITUTE S1 PROMO - MOVIES - MGMPHD363209 ,,4.92
2025-09-01,Open Auction - BFM,—,—,F0040483 UEL FASE LIGA J2 MULTICHANNEL JUEVES 1PM 20,,0.0
2026-07-01,DSP Marketplace - BFM,DV360,Beachfront Deal Curation,Seedtag NeuroX | Always-On | Sustainability & Energy Experts - Connected TV,STNXCTV003,14.24
2026-07-01,Select - BFM,TheTradeDesk,Chief Media,Live Soccer - Walmart DSP,16351684984351,0.0
2026-08-01,Open Auction - BFM,SmartClip,—,Philips_SC_Mexico,,0.0
2025-12-01,Open Auction - BFM,Knorex,—,Bidswitch - CTV (Charter),,0.06
2025-11-01,Open Auction - BFM,Viant,—,Viant - Linear (Sports),,0.0
2025-08-01,Select - BFM,Xandr,Quorum,Quorum Optimized > MSFT > High Index Zips - KFC Visitors - Banner,Quoru63,0.0
2025-08-01,Open Auction - BFM,Bidswitch,—,Bidswitch - APP,,0.0
2025-10-01,Open Auction - BFM,Adtelligent,—,Adtelligent - CTV - A+E Networks $15,,9341.03
2025-10-01,Open Auction - BFM,DeepIntent,—,DeepIntent - Seedtag,,0.0
2025-10-01,DSP Marketplace - BFM,Epsilon (Conversant),Beachfront Deal Curation,NBA - Live - CTV - Contextual - Tentpole Deal - Conversant,Beach129,0.07
2025-09-01,DSP Marketplace - BFM,SimpliFi,BFM Internal,Simpli.Fi Deal - FOX,277471236734,70.44
2025-09-01,DSP Marketplace - BFM,StackAdapt,Beachfront Deal Curation,StackAdapt_Standard Inventory Packages_Beachfront_2025_Entertainment,Beach164,0.55
2025-09-01,DSP Marketplace - BFM,Beeswax,—,Beeswax Deal - VideoAmp - CTV - Always On (Efficiency Monitoring),112854873831,166.37
2025-07-01,Open Auction - BFM,OnSpot Data,—,Bidswitch - Desktop [Display],,2.51
2025-07-01,Select - BFM,Viant,IRIS,IRIS.TV - Viant - Family & Relationships CTV_BFM,IRIS00316,36.94
2025-07-01,Open Auction - BFM,Viant,—,Viant - MW [Display],,2283.75
2025-10-01,Open Auction - BFM,Adtheorent,—,Ad Theorent - CTV - 1st Price,,4425.54
2025-09-01,Select - BFM,Yahoo DSP,Audigent,"PMG & Beachfront - SDEAL-21045 - PMG - PMG - PMG - ctv SmartPMP - Credit Seeking Card Switcher, High Credit Card Balance US",Audig1754,0.0
2025-09-01,DSP Marketplace - BFM,StackAdapt,Beachfront Deal Curation,StackAdapt_Standard Inventory Packages_Beachfront_2025_News,Beach166,0.0
2026-07-01,Open Auction - BFM,—,—,2606 - MGMPLUS - WESTIES PRE-PREMIERE - Promo A - MGMPHD363429 - SERIES,,6.18
2025-11-01,DSP Marketplace - BFM,TheTradeDesk,—,Select Fees RevShare 20%,RevShare20,0.01
2025-11-01,Open Auction - BFM,Infillion,—,Bidswitch - CTV (Charter),,0.02
2026-07-01,Select - BFM,Yahoo DSP,Camelot,Yahoo - Curated CTV,PMGCuratedCTV,12468.8
2026-07-01,DSP Marketplace - BFM,Viant,—,Viant - Linear (News),223928671615,224.0
2026-07-01,Select - BFM,Viant,Quorum,Quorum Optimized > Viant > High Index Zips - McDonald's Visitors - Banner,Quoru55,2.04
2026-08-01,Open Auction - BFM,AdElement,—,Bidswitch - APP Display,,0.0
2026-08-01,DSP Marketplace - BFM,SmartyAds,Beachfront Deal Curation,SmartyAds - Sports Football - 2026 Deal,Beach253,0.0
2026-08-01,DSP Marketplace - BFM,StackAdapt,BFM Internal,StackAdapt Deal - CTV - Plex,406265079126,2.66
2025-11-01,DSP Marketplace - BFM,Basis Technologies,Beachfront Deal Curation,Basis Deal - CTV - Fingerlakes Gaming 2025,332440817016,0.0
2025-08-01,DSP Marketplace - BFM,4INFO,—,4INFO Deal - CTV - T1 Indirect - (AMC),439710757338,0.0
2025-09-01,DSP Marketplace - BFM,TheTradeDesk,—,TTD Deal - OpAd Media - AMC en Espanol CTV,298129641956,3.63
2025-09-01,DSP Marketplace - BFM,Bidswitch,Beachfront Deal Curation,__DEAL__PA__CASUALIQ__SPORTS__ALL-SPORTS-CTV__US__USD__SPORTS-FANS,CasualIQ2,0.0
2025-11-01,Open Auction - BFM,Madopi,—,Bidswitch - MW [Display],,0.0
2025-07-01,Select - BFM,TheTradeDesk,Aki,Aki Deal - CTV - Guilty Pleasure Moment,Aki13,10.76
2025-07-01,Open Auction - BFM,—,—,F0031633 PFL GENERICO 25,,0.0
2025-07-01,DSP Marketplace - BFM,Bidswitch,Beachfront Deal Curation,Bidswitch Deal - Zeta - CTV - Political (Pol),542428290418,0.0
2025-07-01,DSP Marketplace - BFM,Bidswitch,—,T-Ads_CTV_Beachfront_Philo_$14,208381486364,0.0
2025-07-01,Open Auction - BFM,StackAdapt,—,StackAdapt - CTV - Open Auction - Efficiency Monitoring,,5160.31
2025-12-01,Open Auction - BFM,DeepIntent,—,DeepIntent Web/InApp Display,,35.09
2025-12-01,DSP Marketplace - BFM,TheTradeDesk,—,TTD Deal - In Market SUV Subaru - CTV,782973249332,31591.75
2025-11-01,Open Auction - BFM,SmartyAds,—,SmartyAds - Web [Display],,71.67
2025-07-01,Open Auction - BFM,Basis Technologies,—,0,,0.0
2025-07-01,DSP Marketplace - BFM,Epsilon (Conversant),Beachfront Deal Curation,MLB Live Supply - Conversant,Beach134,0.28
2025-09-01,Select - BFM,Stirista,Audigent,Audigent & Beachfront - AUD-066529 - Optimum Media - Multiple Brands - CTV ContextualPMP - Football US - ctv,Audig1792,0.0
2025-07-01,DSP Marketplace - BFM,4INFO,—,4INFO Deal - CTV - T1 Indirect - (TBS),251976083544,0.0
2025-07-01,DSP Marketplace - BFM,4INFO,—,Cadent_HGTV_PMP,839140517552,-0.0
2025-12-01,Open Auction - BFM,Promo-PSA,—,Test Ad: PSA :30 (ready.gov) #9,,0.0
2026-07-01,Open Auction - BFM,Viant,—,0,,0.0
2025-12-01,Select - BFM,DV360,Quorum,Quorum > Hanukkah Shoppers > Physical Visitors,Quoru197,0.0
2026-08-01,DSP Marketplace - BFM,GroundTruth,Beachfront Deal Curation,GroundTruth Sensitive Category Deal - Nicotine - Desktop,Beach120,0.0
2026-08-01,DSP Marketplace - BFM,TheTradeDesk,Beachfront Deal Migration,TTD Deal - Competitive Conquest Subaru - CTV (Spanish Language Targeting),391798492869,358.63
2026-08-01,Select - BFM,TheTradeDesk,Aki,Aki Deal - CTV -  RON,Aki1,1504.22
2025-08-01,DSP Marketplace - BFM,Octillion,Beachfront Deal Migration,Octillion Deal - CTV - Hispanic,649700474243,225.2
2025-07-01,DSP Marketplace - BFM,Bidswitch,—,Pride Month - Tentpole - LGBTQ Content - CTV (Inventory Targeted),BFM104,0.0
2025-07-01,DSP Marketplace - BFM,JamLoop OpenRTB,—,JamLoop Deal - CTV - SamsungAds - $9 - Bundles - DON&#039;T TOUCH QPS,948945611529,131.16
2025-12-01,Open Auction - BFM,Marketperf,—,Bidswitch - MW [Display],,0.0
2025-11-01,Open Auction - BFM,OnSpot Data,—,Bidswitch - APP 1st Price,,4.43
2025-11-01,Open Auction - BFM,DV360,—,Bidswitch - CTV (AMC),,6.09
2025-12-01,Select - BFM,TheTradeDesk,Quorum,Quorum - Weekend Shoppers - Physical Visitors,Quoru217,0.0
2025-11-01,Select - BFM,Yahoo DSP,Camelot,Yahoo - Curated CTV,PMGCuratedCTV,159.43
2025-08-01,Select - BFM,Beeswax,Simulmedia,PlayerWON-Ribeye-FY25,PlayerWONRibeyeFY25,0.01
2025-07-01,DSP Marketplace - BFM,Viant,—,Viant Deal - CTV - Univision RON,622863670680,0.0
2025-10-01,Select - BFM,Bidswitch,MultiLocal,T9_mlm_TA_US_CT_CTV_BF_MLMBRID4972,Multi24,0.0
2025-09-01,Select - BFM,Viant,Viant,Rightwing tv,BFRightWing,0.0
2025-07-01,DSP Marketplace - BFM,Epsilon (Conversant),Beachfront Deal Curation,Conversant Pharma Category Targeting - Video/CTV,Beach115,182.04
2025-07-01,Open Auction - BFM,Epsilon (Conversant),—,Conversant - Web - Open Auction - Display,,868.32
2025-07-01,DSP Marketplace - BFM,JamLoop OpenRTB,—,JamLoop Deal - OLV - Outbrain - CNN &amp; Fox,340705124938,0.0
2025-11-01,DSP Marketplace - BFM,Bidswitch,—,Bidswitch Deal - Roku - CTV - Women that are into fitness,799449392308,0.0
2025-07-01,Open Auction - BFM,BizzClick,—,BizzClick - App (Indirect),,0.0
2026-07-01,DSP Marketplace - BFM,Bidswitch,Beachfront Deal Curation,CTV Contextual Sports Samsung Deal,471828048081,0.0
2026-07-01,DSP Marketplace - BFM,Bidswitch,Beachfront Deal Curation,Seedtag NeuroX | Always-On | Streaming & Content Connoisseurs - Connected TV,STNXCTV004,0.0
2026-07-01,DSP Marketplace - BFM,MadHive,BFM Internal,MadHive Deal - CTV - Frndly - No Content Data,809610338399,1.73
2025-08-01,Select - BFM,Stirista,Audigent,Audigent & Beachfront - AUD-066529 - Optimum Media - Multiple Brands - CTV ContextualPMP - Soccer US - ctv,Audig1787,0.0
2025-07-01,DSP Marketplace - BFM,SimpliFi,Beachfront Deal Curation,Simpli.Fi Deal - CTV - TCL,547546029077,0.11
2025-07-01,Select - BFM,Xandr,Quorum,Quorum Optimized > MSFT > High Index Zips - Smoothie King Visitors - Banner,Quoru105,0.0
2025-12-01,DSP Marketplace - BFM,GroundTruth,Beachfront Deal Curation,GroundTruth Deal - CTV - Paramount Non-Pluto,116958799688,580.61
2025-11-01,Open Auction - BFM,Yahoo DSP,—,Yahoo - Desktop MW - Open Auction - Efficiency Monitoring,,743.65
2025-11-01,Open Auction - BFM,—,—,F0039506 MLS TIPSTERS NEW GENERICA 30,,0.0
2025-08-01,DSP Marketplace - BFM,Basis Technologies,—,Basis Deal - CTV Genre - News,BFM025,2184.17
2025-08-01,Open Auction - BFM,TheTradeDesk,—,TTD - MW - 1st Price (HB),,4735.33
2025-10-01,Select - BFM,Xandr,Quorum,Quorum Optimized > MSFT > High Index Zips - McDonald's Visitors - CTV,Quoru56,0.14
2025-07-01,DSP Marketplace - BFM,Basis Technologies,—,Basis Deal - Network CTV (Hearst News),BFMNET004,0.02
2025-07-01,Select - BFM,Marketing Architects -RTB,Amagi Reseller,Amagi QueStar - Marketing Architects,Amagi5,-0.0
2025-09-01,Select - BFM,Xandr,Quorum,Quorum Optimized > MSFT > High Index Zips - KFC Visitors - CTV,Quoru64,0.07
2025-08-01,DSP Marketplace - BFM,Viant,—,Viant Deal - CTV - (Nicotine Vaping Allowed),535917205940,0.0
2025-09-01,Select - BFM,TheTradeDesk,Infillion Demand,WeatherTech | Holiday Genre | CTV,WTholidayCTVbf,0.0
2025-11-01,Select - BFM,—,IRIS,0,,0.0
2025-07-01,Open Auction - BFM,—,—,Conversant - Web - Open Auction - Display,,0.0
2026-07-01,Open Auction - BFM,TheTradeDesk,—,TTD - APP,,5216.55
2026-08-01,DSP Marketplace - BFM,Xandr,BFM Internal,Xandr Deal - CTV - MiQ (LDA),412577962377,0.0
2025-11-01,Select - BFM,Viant,Quorum,Quorum Optimized > Viant > High Index Zips - McDonald's Visitors - Banner,Quoru55,0.38
2025-09-01,Select - BFM,Viant,IRIS,IRIS.TV - Viant - IRIS-enabled CTV_BFM,IRIS00320,717.54
2025-09-01,Select - BFM,Stirista,Audigent,Audigent & Beachfront - AUD-066529 - Optimum Media - Multiple Brands - CTV ContextualPMP - Spanish Language US - ctv,Audig1780,0.2
2025-12-01,Select - BFM,Bidswitch,Quorum,Quorum > Athletes > Physical Visitors,Quoru188,0.0
2025-12-01,Select - BFM,TheTradeDesk,Strategus,TTD Deal - CTV - Wades RV - National News - Live,Strat56,152.44
2025-11-01,DSP Marketplace - BFM,SimpliFi,Beachfront Deal Curation,SimpliFi Deal - CTV - A+E Networks (Obfuscation),894567458141,22.37
2025-07-01,Open Auction - BFM,DV360,—,Bidswitch - CTV (Charter),,0.0
2025-10-01,DSP Marketplace - BFM,SimpliFi,—,Simpli.fi Deal - CTV (Vizio),231262416313,89.63
2025-08-01,Select - BFM,Xandr,Quorum,Quorum Optimized > MSFT > High Index Zips - Chipotle Visitors - Banner,Quoru59,0.0
2025-10-01,DSP Marketplace - BFM,SimpliFi,—,Simplifi Deal - CTV LDA Approved,993808143903,85673.33
2025-08-01,DSP Marketplace - BFM,Viant,—,Viant Deal - CTV - Xite-Vevo,523575281782,0.58
2025-07-01,Open Auction - BFM,DV360,—,Bidswitch -RTB- Getintent-Whitelist- Web Display,,0.0
2025-09-01,DSP Marketplace - BFM,JamLoop OpenRTB,—,JamLoop Deal - CTV - Fox News - Network Targeted - Zip List,888956426019,0.0
2025-08-01,Select - BFM,TheTradeDesk,Simulmedia,PlayerWON - McDonalds-FY25,PlayerWONMcDonaldsFY25,0.0
2025-11-01,DSP Marketplace - BFM,Beeswax,Beachfront Deal Curation,Beeswax - CTV - VideoAmp - Entertainment,VideoAmp99362,447.87
2025-07-01,Open Auction - BFM,Viant,—,Viant Deal - Desktop/MW (OLV Political - Left Leaning),,0.0
2025-12-01,Select - BFM,DV360,Quorum,Quorum > Athletes > Physical Visitors,Quoru188,0.0
2026-07-01,Select - BFM,Beeswax,Simulmedia,Simulmedia Beeswax Connection Rewarded (new),Simul3,0.0
2026-08-01,DSP Marketplace - BFM,Bidswitch,Beachfront Deal Curation,Seedtag NeuroX | Always-On | Fashion Retail Shoppers - Connected TV,STNXCTV008,0.0
2026-08-01,DSP Marketplace - BFM,JamLoop OpenRTB,BFM Internal,JamLoop Deal - CTV - EW Scripps - Vegas Golden Knights,612418020365,0.0
2026-08-01,Open Auction - BFM,—,—,F0047509 CF JULIO 26 GENEROS LUN-DOM 30,,0.0
2025-10-01,DSP Marketplace - BFM,TheTradeDesk,—,TTD Deal - In Market SUV Subaru - CTV,782973249332,10272.99
2025-11-01,DSP Marketplace - BFM,StackAdapt,—,StackAdapt Deal - CTV - Plex,406265079126,273.68
2025-09-01,Select - BFM,Xandr,Quorum,Quorum Optimized > MSFT > High Index Zips - Hyundai Dealership Visitors - Banner,Quoru121,0.0
2025-09-01,Select - BFM,Xandr,Quorum,Quorum Optimized > MSFT > High Index Zips - Marriott Hotel Visitors - CTV,Quoru48,3.04
2025-09-01,Select - BFM,Xandr,Quorum,Quorum Optimized > MSFT > High Index Zips - Sonic Visitors - Banner,Quoru81,0.0
2025-08-01,Open Auction - BFM,—,—,1PlayWorks test,,0.01
2025-07-01,DSP Marketplace - BFM,Basis Technologies,Beachfront Deal Curation,Basis Deal - CTV - Skechers 2025 - Women 45+ - Reality (Hallmark),711907073746,0.53
2025-12-01,DSP Marketplace - BFM,Bidswitch,Beachfront Deal Curation,Bidswitch Deal - CTV - Zeta - Paramount (No Pluto),732808904693,0.0
2025-07-01,DSP Marketplace - BFM,TheTradeDesk,—,TTD Deal - CTV - $11 Lockard & Wechsler RON,231435167392,0.0
2025-12-01,Select - BFM,Viant,Viant,GameShow,BFViantGameShow,213.62
2025-10-01,Open Auction - BFM,DV360,—,Bidswitch - CTV - 1st Price (Bundle 151908),,335.93
2025-11-01,Select - BFM,Bidswitch,Quorum,Quorum > Pet Lovers > Physical Visitors,Quoru230,0.0
2025-07-01,Open Auction - BFM,Infillion,—,Bidswitch - APP 1st Price,,32.84
2025-09-01,DSP Marketplace - BFM,StackAdapt,Beachfront Deal Curation,StackAdapt Deal - CTV - News - Political,BFMSA001,3001.36
2025-07-01,Select - BFM,Xandr,Quorum,Quorum Optimized > MSFT > High Index Zips - Friendly's Visitors - Banner,Quoru95,0.0
2025-08-01,Open Auction - BFM,Adtheorent,—,Ad Theorent - Desktop Video (LQPS Audit),,0.69
2025-08-01,DSP Marketplace - BFM,TheTradeDesk,Beachfront Deal Migration,TTD Deal - CTV ($18),955413904519,104.83
2025-08-01,DSP Marketplace - BFM,TheTradeDesk,—,TTD Deal - CTV - MIQ - Hearst News,860644267470,0.08
2025-10-01,Open Auction - BFM,—,—,F0040453 F1 GP SINGAPORE DOMINGO 30,,0.0
2025-07-01,DSP Marketplace - BFM,IQM,—,IQM Deal - CTV - Sports RON - Politics Allowed,839419934913,9.18
2025-09-01,DSP Marketplace - BFM,4INFO,—,4INFO Deal - CTV - Genre Music,809033757075,0.0
2025-09-01,DSP Marketplace - BFM,4INFO,—,Cadent_We TV_PMP,111278368904,0.0
2025-07-01,Open Auction - BFM,4INFO,—,Cadent_OutsideTV_PMP,,0.0
2025-07-01,Open Auction - BFM,—,—,Conversant - CTV - Open Auction,,0.0
2025-09-01,Open Auction - BFM,—,—,Bidswitch - MW [Display],,0.0
2026-07-01,Open Auction - BFM,—,—,2607 - MGMPLUS - JULY XCH - MGMP23457-13 - MOVIES,,227.89
2026-08-01,Select - BFM,Adtelligent,A+E Networks,Adtilligent Deal,AENet1,0.34
2026-08-01,DSP Marketplace - BFM,Epsilon (Conversant),Beachfront Deal Curation,Conversant - Seedtag Q1 Tentpole - Spring Break - Contextual CTV,Beach222,0.65
2026-08-01,Open Auction - BFM,The Media Sense,—,The Media Sense DSP Inapp Video,,0.0
2025-10-01,Open Auction - BFM,SmartyAds,—,SmartyAds - CTV (Fubo),,0.35
2025-11-01,Open Auction - BFM,DV360,—,Bidswitch - CTV - 1st Price (Bundle 151908),,692.1
2025-09-01,Select - BFM,Viant,Audigent,Audigent & Beachfront - AUD-066527 - Optimum Media - Multiple Brands - CTV ContextualPMP - Spanish Language Sports US - ctv,Audig1788,0.0
2025-09-01,Select - BFM,Viant,Viant,Fox News,BFViantFoxNews2024,415.69
2025-08-01,Open Auction - BFM,IPONWEB BidCore,—,Bidswitch - CTV - 1st Price (Bundle 151908),,1.21
2025-07-01,Open Auction - BFM,Walmart,—,TTD - CTV (1st Price),,21721.79
2025-11-01,Open Auction - BFM,Viant,—,Viant - CTV - 1st Price,,248906.84
2025-10-01,Select - BFM,TheTradeDesk,Aki,Aki Deal - CTV - Weekend Morning Moments,Aki14,0.0
2025-10-01,DSP Marketplace - BFM,Xandr,BFM Internal,Xandr Deal - CTV - MiQ (LDA),412577962377,13.74
2025-07-01,DSP Marketplace - BFM,Bidswitch,Beachfront Deal Curation,SamsungAds Efficiency Line,314668390400,0.0
2025-09-01,DSP Marketplace - BFM,Bidswitch,Beachfront Deal Curation,__DEAL__PA__CASUALIQ__MULTICULTURAL__DIVERSE-AUDIENCES-CTV__US__USD__REPRESENTATIVE-CONTENT,CasualIQ3,0.0
2025-09-01,DSP Marketplace - BFM,GroundTruth,Beachfront Deal Curation,GroundTruth Deal - Mobile Web - Always On - Video,Beach187,0.0
2025-12-01,Open Auction - BFM,—,—,VTV VERTA  Dummy Ad,,0.0
2025-07-01,DSP Marketplace - BFM,4INFO,—,Cadent_Syfy_PMP,596631837926,0.0
2026-08-01,DSP Marketplace - BFM,Bidswitch,Beachfront Deal Curation,Wellness & Mindful Living Advocates - DV360 - Marketplace,STNXCTV019,0.0
2025-11-01,DSP Marketplace - BFM,SimpliFi,—,Simpli.fi Deal - CTV - (AMC),614613336893,10.74
2025-07-01,DSP Marketplace - BFM,SimpliFi,—,SimpliFi Deal - CTV  (Syncbak),560166540285,45.62
2025-09-01,DSP Marketplace - BFM,TheTradeDesk,—,TTD Deal - Bully Pulpit CTV (Local News),154412565624,519.28
2025-09-01,DSP Marketplace - BFM,TheTradeDesk,Beachfront Deal Migration,TTD Deal - HavasEdge - CTV RON,676738569288,0.0
2025-07-01,DSP Marketplace - BFM,SimpliFi,—,Simplifi Deal - Fubo CTV (RON),362718852020,188.15
2025-07-01,Select - BFM,Viant,IRIS,IRIS.TV - Viant - Capable - Emotional Sentiment CTV_BFM,IRIS00293,383.43
2025-07-01,Select - BFM,Yahoo DSP,Mavern Media,Mavern Media & Beachfront - The New Media Firm - Yahoo - Multiple - RON - CTV - 20250615,Mavern20,0.0
2025-12-01,Open Auction - BFM,Sharethrough,—,Sharethrough Web (Open Auction),,8678.98
2025-12-01,DSP Marketplace - BFM,Bidswitch,—,Quorum Test,TEST,0.0
2025-12-01,Open Auction - BFM,Madopi,—,Bidswitch - MW - 1st Price (HB),,0.0
2025-07-01,DSP Marketplace - BFM,JamLoop OpenRTB,—,JamLoop Deal - CTV - Fuse TV,187878729747,65.38
2025-10-01,Open Auction - BFM,Lift,—,Bidswitch - Desktop [Display],,0.0
2025-08-01,Open Auction - BFM,Inspiritum,—,Bidswitch - MW [Display],,6.06
2025-08-01,Open Auction - BFM,Adform,—,Bidswitch - APP Display,,0.0
2026-07-01,Select - BFM,Bidswitch,IRIS,GumGum - Optimum Media - Brand Safe CTV_BFM,IRIS00371,0.0
2026-07-01,Select - BFM,JamLoop OpenRTB,TEGNA,Jamloop - AO - News - OTT CTV - Political - TEGNASOURCED 062922,TEGNA4,498.37
2026-07-01,Open Auction - BFM,—,—,AEW GEN- PROPIEDADES 2026,,0.0
2026-07-01,Open Auction - BFM,Yahoo DSP,—,Yahoo - Desktop MW - Open Auction,,1778.13
2026-08-01,Open Auction - BFM,OnSpot Data,—,Bidswitch - CTV (Charter),,0.04
2026-08-01,DSP Marketplace - BFM,StackAdapt,Beachfront Deal Curation,StackAdapt_Standard Inventory Packages_Beachfront_2025_Sports (General),Beach157,16.59
2026-08-01,DSP Marketplace - BFM,Walmart,Beachfront Deal Migration,TTD Deal - CTV ($15 MiQ) (Walmart),176619450572,661.8
2026-08-01,DSP Marketplace - BFM,TheTradeDesk,Beachfront Deal Migration,TTD Deal - HavasEdge - OTT RON,676738569288,0.0
2026-08-01,Open Auction - BFM,Aroscop,—,Bidswitch - APP Display,,0.0
2025-09-01,Select - BFM,Xandr,Quorum,Quorum Optimized > MSFT > High Index Zips - Subway Visitors - Banner,Quoru67,0.0
2025-12-01,DSP Marketplace - BFM,MadHive,Beachfront Deal Curation,MadHive Deal - Q1 Tentpole - Winter Olympics - Contextual CTV,970977831419,0.0
2025-10-01,Open Auction - BFM,GroundTruth,—,GroundTruth Display,,20.23
2025-11-01,Open Auction - BFM,IQM,—,IQM - In-App Video - Open Auction,,0.13
2025-09-01,DSP Marketplace - BFM,StackAdapt,—,StackAdapt Deal - App - 70%+ VCR,950191416301,400.81
2025-08-01,DSP Marketplace - BFM,Octillion,Beachfront Deal Migration,Octillion Deal - CTV - Sling - App List,747279147176,567.4
2025-08-01,Select - BFM,Xandr,Quorum,Quorum Optimized > MSFT > High Index Zips - BMW/Mini Dealership Visitors - CTV,Quoru112,0.15
2025-08-01,Select - BFM,Xandr,Quorum,Quorum Optimized > MSFT > High Index Zips - Dairy Queen Visitors - Banner,Quoru93,0.0
2025-11-01,Open Auction - BFM,Stirista,—,Stirista - Open Auction - OLV (Web),,0.0
2025-08-01,DSP Marketplace - BFM,TheTradeDesk,—,TTD Deal - CTV ($20 MiQ),992592731681,25.56
2025-10-01,DSP Marketplace - BFM,Yahoo DSP,Beachfront Deal Curation,Digital Remedy - OLV - Yahoo - Efficient CPM Deal,904382715640,0.0
2025-11-01,Select - BFM,Xandr,Quorum,Quorum Optimized > MSFT > High Index Zips - Resorts World Visitors - CTV,Quoru50,0.63
2025-07-01,Select - BFM,TheTradeDesk,Media Culture,Sports - Contextual - CTV Deal,Media26,1000.07
2025-07-01,Select - BFM,DV360,IRIS,GumGum - Cendyn - Royalton - Brand Safe CTV_BFM,IRIS00290,47.35
2025-10-01,DSP Marketplace - BFM,JamLoop OpenRTB,—,JamLoop Deal - CTV - Vizio - Efficient CPM,760573200866,505.75
2025-11-01,DSP Marketplace - BFM,Yahoo DSP,Beachfront Deal Curation,Digital Remedy - OLV - Yahoo - Efficient CPM Deal,904382715640,0.0
2025-09-01,DSP Marketplace - BFM,JamLoop OpenRTB,BFM Internal,Jamloop Deal - CTV - Network-Override-NBC,JL001,910.76
2025-08-01,Open Auction - BFM,Webeye,—,Bidswitch - APP Display,,27.78
2025-07-01,DSP Marketplace - BFM,StackAdapt,—,StackAdapt Deal - CTV (CBD),314159927810,0.52
2025-10-01,Open Auction - BFM,Bidswitch,—,Bidswitch - CTV - 1st Price (Bundle 151908),,0.0
2025-12-01,Open Auction - BFM,LoopMe,—,LoopMe - Open Auction - CTV,,88451.65
2025-07-01,Open Auction - BFM,DV360,—,Bidswitch - MW - 1st Price (HB),,312.94
2026-07-01,Select - BFM,DV360,MultiLocal,T9_mlm_TA_US_CT_CTV_BF_MLMBRID4972,Multi24,13.62
2025-08-01,Select - BFM,Xandr,Quorum,Quorum Optimized > MSFT > High Index Zips - Mazda Dealership Visitors - Banner,Quoru131,0.0
2025-08-01,DSP Marketplace - BFM,Yahoo DSP,—,Yahoo Deal - CTV (Division D RON $13),344398214696,210.4
2025-09-01,DSP Marketplace - BFM,Epsilon (Conversant),Beachfront Deal Curation,Conversant Cannabis Category Targeting - Display,Beach103,0.0
2025-07-01,DSP Marketplace - BFM,SimpliFi,Beachfront Deal Curation,SimpliFi Deal - Sports Content CTV - Contextual,653038531422,13.4
2025-07-01,Open Auction - BFM,—,—,LiveRamp CTV Pixel,,0.0
2025-08-01,DSP Marketplace - BFM,4INFO,—,4INFO Deal - CTV - T1 Indirect - (PAR),960196981233,0.0
2025-08-01,DSP Marketplace - BFM,StackAdapt,—,StackAdapt Deal - CTV - A&amp;E (Network),679382125032,28.93
2025-07-01,DSP Marketplace - BFM,4INFO,—,4INFO Deal - CTV - T1 Indirect - (MTV),932930387804,0.0
2025-07-01,DSP Marketplace - BFM,4INFO,—,Cadent_FYI_PMP_Test,881880997224,0.0
2025-11-01,DSP Marketplace - BFM,StackAdapt,Beachfront Deal Migration,StackAdapt Deal - CTV,443119806437,11588.18
2025-07-01,Open Auction - BFM,Bidswitch,—,Bidswitch -RTB- Getintent-Whitelist- Web Display,,0.0
2026-07-01,DSP Marketplace - BFM,Bidswitch,Beachfront Deal Curation,Seedtag NeuroX | Always-On | Finance & Investment Pros - Connected TV,STNXCTV011,0.0
2026-07-01,Open Auction - BFM,Amazon DSP,—,Bidswitch - APP,,279.7
2026-07-01,Open Auction - BFM,LoopMe,—,LoopMe DSP Lottery Campaign copy (deal mimic),,859.8
2026-08-01,DSP Marketplace - BFM,DV360,Beachfront Deal Curation,Seedtag NeuroX | Always-On | Pop Culture & Entertainment Insiders - Connected TV,STNXCTV007,2.16
2025-10-01,Open Auction - BFM,The Media Sense,—,The Media Sense DSP Inapp Video,,0.0
2025-11-01,Open Auction - BFM,TheTradeDesk,—,TTD - Desktop [Display],,246.59
2025-09-01,DSP Marketplace - BFM,JamLoop OpenRTB,—,JamLoop Deal - CTV - Cable Broadcast - Scripps-Newsy,855918727592,663.85
2025-07-01,Select - BFM,Viant,Viant,Fox News,BFViantFoxNews2024,318.46
2025-07-01,DSP Marketplace - BFM,Basis Technologies,Beachfront Deal Curation,Basis Deal - OTT - Skechers 2025 - Women 45+ - Entertainment,132775440867,47.58
2025-07-01,DSP Marketplace - BFM,Beeswax,—,Beeswax Deal - CTV - Political (No Approval),426834991759,236.21
2025-10-01,Open Auction - BFM,Madopi,—,Bidswitch - Seedtag,,8.18
2025-10-01,Open Auction - BFM,Zeta DSP,—,Bidswitch - Seedtag,,0.0
2025-09-01,Select - BFM,TheTradeDesk,Strategus,Strategus - TTD Deal - Tubi Channel/Network - CTV,Strat71,1.59
2025-08-01,DSP Marketplace - BFM,Yahoo DSP,Beachfront Deal Curation,Yahoo  - Casual IQ - Diverse Audience Content - CTV - Contextual,738205946310,0.0
2025-09-01,DSP Marketplace - BFM,Bidswitch,Beachfront Deal Curation,SamsungAds Efficiency Line,314668390400,0.0
2025-09-01,Open Auction - BFM,Bidswitch,—,Bidswitch -RTB- Getintent-Whitelist- Web Display,,0.0
2025-11-01,Open Auction - BFM,Demandbase,—,DemandBase - CTV,,2619.33
2025-10-01,Open Auction - BFM,Quantcast,—,Bidswitch - APP,,0.0
2025-09-01,Open Auction - BFM,—,—,DemandBase - CTV,,0.0
2026-07-01,DSP Marketplace - BFM,DV360,Beachfront Deal Curation,Seedtag NeuroX | Always-On | Finance & Investment Pros - Connected TV,STNXCTV011,1.68
2026-07-01,Open Auction - BFM,OTT Advisors (Demand),—,OTT Advisors Deal - DT - Live Sports (Washington DC),,0.0
2026-07-01,Open Auction - BFM,Pubmatic,—,0,,0.0
2026-07-01,Open Auction - BFM,Viant,—,Viant - CTV - 1st Price,,166000.32
2025-10-01,Open Auction - BFM,IQM,—,IQM - In-App Video - Open Auction,,0.54
2025-09-01,Open Auction - BFM,Samsung DSP,—,Bidswitch - MW [Display],,0.0
2025-09-01,Open Auction - BFM,—,—,LiveRamp CTV Pixel,,0.0
2025-08-01,Open Auction - BFM,Streamworx Lda.,—,Bidswitch - CTV - 1st Price (Bundle 151908),,0.01
2025-07-01,Open Auction - BFM,SimpliFi,—,SimpliFi - MW [Display],,1744.32
2025-07-01,Select - BFM,Viant,Audigent,Audigent & Beachfront - AUD-066527 - Optimum Media - Multiple Brands - CTV ContextualPMP - Baseball US - ctv,Audig1790,0.01
2025-12-01,DSP Marketplace - BFM,StackAdapt,Beachfront Deal Curation,StackAdapt Deal - CTV - Sports - Political,BFMSA005,305.69
2025-07-01,Select - BFM,Stirista,Audigent,Audigent & Beachfront - AUD-066519 - Optimum Media - Multiple Brands - CTV SmartPMP - US - CTV OMPremiumPubList,Audig1773,23.55
2025-08-01,DSP Marketplace - BFM,TheTradeDesk,Beachfront Deal Migration,TTD Deal - MiQ - CA CTV (RON),662507672500,1148.38
2025-08-01,Select - BFM,Viant,Audigent,Audigent & Beachfront - AUD-066527 - Optimum Media - Multiple Brands - CTV ContextualPMP - Fighting US - ctv,Audig1801,0.0
2025-09-01,Open Auction - BFM,DV360,—,Bidswitch -RTB- Getintent-Whitelist- Web Display,,0.0
2025-12-01,Open Auction - BFM,—,—,VTV VERTA  Dummy Ad_New Test,,0.0
2025-12-01,Open Auction - BFM,—,—,CTV SeedTag,,0.0
2025-09-01,Select - BFM,Bidswitch,Olympusat International,PMP 369 LATAM $3,Olymp7,0.0
2026-07-01,DSP Marketplace - BFM,GroundTruth,Beachfront Deal Curation,GroundTruth - Deal - CTV - Fire TV,BFMGT004,473.18
2026-08-01,Select - BFM,TheTradeDesk,Strategus,Strategus CTV RON,300416284256,100.14
2026-08-01,Open Auction - BFM,Viant,—,Viant - CTV (Charter),,67.98
2025-09-01,Open Auction - BFM,Epsilon (Conversant),—,Conversant Future Today CTV (225473),,0.41
2025-08-01,Select - BFM,Xandr,Quorum,Quorum Optimized > MSFT > High Index Zips - Domino's Visitors - CTV,Quoru72,0.04
2025-09-01,Select - BFM,DV360,IRIS,GumGum - Cendyn - Royalton - Brand Safe CTV_BFM,IRIS00290,76.12
2025-07-01,DSP Marketplace - BFM,SimpliFi,—,Simplifi Deal - App/Web (Small-Screen OTT UK),546476210694,0.0
2025-12-01,Open Auction - BFM,Stirista,—,Stirista - MW [Display],,0.03
2025-10-01,Open Auction - BFM,SmartyAds,—,SmartyAds - CTV (Canada),,8756.85
2025-08-01,Open Auction - BFM,MadHive,—,Madhive - MW,,1.59
2025-10-01,Open Auction - BFM,Amazon DSP,—,Bidswitch -RTB- Getintent-Whitelist- Web Display,,0.0
2025-11-01,Open Auction - BFM,GroundTruth,—,GroundTruth Display,,7.85
2025-08-01,DSP Marketplace - BFM,Viant,Beachfront Deal Migration,Viant Deal - CTV (Premium),677072730087,643.25
2025-09-01,Select - BFM,TheTradeDesk,Media Culture,Sports - Contextual - CTV Deal,Media26,1279.2
2025-12-01,Open Auction - BFM,Bidswitch,—,Bidswitch - CTV (AMC),,0.0
2025-11-01,Select - BFM,Xandr,Quorum,Quorum Optimized > MSFT > High Index Zips - McDonald's Visitors - CTV,Quoru56,0.08
2025-08-01,DSP Marketplace - BFM,SimpliFi,BFM Internal,Simpli.Fi Deal - FOX,277471236734,73.6
2025-12-01,Select - BFM,Bidswitch,Quorum,Quorum > Auto Enthusiasts > Physical Visitors,Quoru190,0.0
2025-12-01,Open Auction - BFM,—,—,2512 - MGMPLUS - DECEMBER 2025 XCH - MGMP23419-11 - SERIES,,253.18
2026-07-01,Open Auction - BFM,Viant,—,Viant - Linear (Mens),,0.0
2025-10-01,Open Auction - BFM,—,—,Conversant - InApp - Open Auction,,0.0
2026-08-01,Select - BFM,JamLoop OpenRTB,TEGNA,Jamloop - AO - News - OTT CTV - Political - TEGNASOURCED 062922,TEGNA4,66.47
2026-08-01,DSP Marketplace - BFM,MadHive,BFM Internal,MadHive - CTV - Plex (Price Targeted),MH37,13.12
2025-09-01,DSP Marketplace - BFM,JamLoop OpenRTB,Beachfront Deal Curation,Live Sport - CTV - Golf Only - Jamloop,988359389694,66.46
2025-09-01,Open Auction - BFM,Metax,—,MetaX A&amp;E Networks $16,,0.0
2025-08-01,Select - BFM,Stirista,Audigent,Audigent & Beachfront - AUD-066529 - Optimum Media - Multiple Brands - CTV ContextualPMP - Tennis US - ctv,Audig1786,0.17
2025-07-01,Select - BFM,Stirista,Audigent,Audigent & Beachfront - AUD-066529 - Optimum Media - Multiple Brands - CTV ContextualPMP - Spanish Language US - ctv,Audig1780,2.21
2025-07-01,DSP Marketplace - BFM,StackAdapt,Beachfront Deal Curation,StackAdapt_Standard Inventory Packages_Beachfront_2025_Entertainment,Beach164,53.2
2025-10-01,Open Auction - BFM,Krush Media,—,Krush Media Video - CTV Direct (700),,707.41
2025-12-01,Open Auction - BFM,Adtheorent,—,Ad Theorent - Desktop/MW Display,,345.94
2025-12-01,Open Auction - BFM,Walmart,—,TTD - MW [Display],,9.68
2025-12-01,Select - BFM,TheTradeDesk,IRIS,IRIS.TV - Vayner - Shoppers Contextual CTV_BFM,IRIS00326,0.0
2025-09-01,DSP Marketplace - BFM,SimpliFi,Beachfront Deal Migration,Simplifi Deal - A+E Networks CTV,103824164135,475.71
2025-11-01,Open Auction - BFM,—,—,F0037326 FSR GENÉRICA V2 TEXTOS 25S,,0.0
2025-11-01,Open Auction - BFM,—,—,F0041338 NFL WEEK 11 BUCCS VS BILLS + SEAHAWKS VS RAMS DOM 30s,,0.0
2025-08-01,DSP Marketplace - BFM,StackAdapt,Beachfront Deal Curation,StackAdapt_Standard Inventory Packages_Beachfront_2025_[Allows Pharma],Beach161,5.65
2025-11-01,Select - BFM,Bidswitch,Quorum,Quorum > Sports Fans > Physical Visitors,Quoru231,0.0
2025-08-01,Select - BFM,StackAdapt,Audigent,Audigent & Beachfront - AUD-066596 - PMG - Experian - CTV SmartPMP - Credit Seeking Card Switcher - High Credit Card Balance US - ctv,Audig1804,1172.08
2025-09-01,DSP Marketplace - BFM,Yahoo DSP,Beachfront Deal Curation,Yahoo Deal - CTV - Zeta (Political),984632781291,192.5
2025-10-01,Select - BFM,Yahoo DSP,Camelot,PMG - Pub Targeting,PMGPub,14171.16
2025-08-01,DSP Marketplace - BFM,TheTradeDesk,BFM Internal,TTD Deal - Food Lion - CTV (RON),569371033244,2417.49
2025-09-01,Select - BFM,Xandr,Quorum,Quorum Optimized > MSFT > High Index Zips - Starbucks Visitors - CTV,Quoru66,0.0
2025-09-01,DSP Marketplace - BFM,Stirista,Beachfront Deal Curation,0,298578719382,0.0
2025-11-01,Select - BFM,Quantcast,Quorum,"Quorum > Fashion, Beauty, and Wellness > Physical Visitors",Quoru194,0.0
2025-09-01,Open Auction - BFM,—,—,F0040133 NFL FS2 SEAT VS STEE + PANT VS CARD DOMINGO 30,,0.0
2025-07-01,Open Auction - BFM,Bidswitch,—,Quorum Test,,0.0
2026-07-01,DSP Marketplace - BFM,DV360,Beachfront Deal Curation,Seedtag NeuroX | Always-On | Banking & Wealth Builders - Connected TV,STNXCTV016,0.11
2026-08-01,Select - BFM,Bidswitch,MultiLocal,T9_mlm_TA_US_CT_CTV_BF_MLMBRID4972,Multi24,0.0
2026-08-01,Open Auction - BFM,StackAdapt,—,Seedtag,,2886.44
2025-09-01,DSP Marketplace - BFM,JamLoop OpenRTB,—,JamLoop Deal - CTV - LG Ads - $14,533370911919,2350.2
2025-08-01,DSP Marketplace - BFM,IQM,—,IQM Deal - CTV - Battle States - Wisconsin WI - Politics Allowed (Deal Library),BFM078,0.3
2025-07-01,Select - BFM,Viant,Audigent,Audigent & Beachfront - AUD-066527 - Optimum Media - Multiple Brands - CTV ContextualPMP - Spanish Language Sports US - ctv,Audig1788,0.01
2025-08-01,Open Auction - BFM,Between Exchange,—,Bidswitch - MW [Display],,0.01
2025-10-01,DSP Marketplace - BFM,Basis Technologies,Beachfront Deal Curation,Basis Deal - CTV - Fingerlakes Gaming 2025,332440817016,13.8
2025-10-01,DSP Marketplace - BFM,GroundTruth,Beachfront Deal Curation,GroundTruth - Deal - CTV - Fire TV,BFMGT004,272.74
2025-08-01,DSP Marketplace - BFM,Bidswitch,—,Bidswitch Deal - Roku CTV Cross screen  ALWAYS ON,742147321491,0.0
2025-09-01,DSP Marketplace - BFM,4INFO,—,4INFO Deal - CTV - T1 Indirect - (TLC),563830582762,0.0
2025-09-01,DSP Marketplace - BFM,StackAdapt,Beachfront Deal Curation,StackAdapt_Standard Inventory Packages_Beachfront_2025_Kids and Family,Beach169,0.19
2025-09-01,DSP Marketplace - BFM,Viant,—,Viant Deal - Moroccanoil - CTV - Female Skewed - NBCU (Networks),240256146619,3.19
2025-07-01,DSP Marketplace - BFM,Basis Technologies,Beachfront Deal Migration,Basis Deal - CTV RON - $10 Floor,893090891708,1342.99
2025-07-01,DSP Marketplace - BFM,TheTradeDesk,—,TTD Deal - MIQ - EW Scripps CTV,960209121865,0.08
2025-11-01,Select - BFM,AdElement,Quorum,Quorum > Music Lovers > Physical Visitors,Quoru228,0.0
2025-07-01,Select - BFM,Bidswitch,IRIS,GumGum - Cendyn - Royalton - Brand Safe CTV_BFM,IRIS00290,0.0
2025-11-01,Open Auction - BFM,—,—,F0041294 NFL PATR-BUCC RAMS-49ER FS DOM 30,,0.0
2026-07-01,DSP Marketplace - BFM,Beeswax,Beachfront Deal Migration,Beeswax Deal - CTV - AudienceXpress - RON,765218873628,0.0
2026-08-01,DSP Marketplace - BFM,JamLoop OpenRTB,BFM Internal,JamLoop Deal - CTV - Vizio - Efficient CPM,760573200866,1.34
2025-08-01,Select - BFM,Yahoo DSP,Audigent,"PMG & Beachfront - SDEAL-21045 - PMG - PMG - PMG - ctv SmartPMP - Credit Seeking Card Switcher, High Credit Card Balance US",Audig1754,0.0
2025-09-01,DSP Marketplace - BFM,MadHive,—,MadHive Deal - CTV - Vizio - No Content Data,848047441598,178.66
2025-09-01,DSP Marketplace - BFM,Beeswax,Beachfront Deal Curation,SuperAwesome Seedtag COPPA-Approved CTV Deal,Beach126,0.0
2025-07-01,Select - BFM,Xandr,Quorum,Quorum Optimized > MSFT > High Index Zips - Casino Visitors - CTV,Quoru43,0.83
2025-07-01,Select - BFM,Xandr,Quorum,Quorum Optimized > MSFT > High Index Zips - Starbucks Visitors - CTV,Quoru66,0.06
2025-12-01,DSP Marketplace - BFM,IQM,BFM Internal,IQM - CTV - AMC Network - Channel - Adjusted - Politics Allowed,IQM002,0.25
2025-12-01,Open Auction - BFM,Stirista,—,Stirista - APP [Display],,0.0
2025-10-01,Select - BFM,Bidswitch,Infillion Demand,Signet Jewelers | Men's Fashion | CTV,SignetInfilBeachCTV,0.0
2025-12-01,Select - BFM,TheTradeDesk,Strategus,Strategus - TTD Deal - HolidayChristmas Movies - CTV,Strat3113031555,0.0
2025-09-01,DSP Marketplace - BFM,SimpliFi,—,Simplifi Deal - Fubo CTV (RON),362718852020,451.96
2025-08-01,DSP Marketplace - BFM,SimpliFi,—,Simpli.fi Deal - CTV (Haystack TV),808246222774,32.8
2025-08-01,Select - BFM,Viant,Sightly,Goldbelly,Sight21,0.0
2025-08-01,DSP Marketplace - BFM,Walmart,—,TTD Deal - CTV & STB - TV One - Network,BFMTVONE001,0.63
2025-10-01,Open Auction - BFM,Samsung DSP,—,Bidswitch - APP 1st Price,,0.01
2025-09-01,Open Auction - BFM,—,—,F0034009 AEW SHOW 2025-1 LUNES 30’,,0.0
2026-07-01,Open Auction - BFM,—,—,CTV SeedTag,,0.0
2026-07-01,Open Auction - BFM,Amazon DSP,—,Bidswitch - MW [Display],,0.0
2025-09-01,Select - BFM,—,Media Culture,0,Media26,0.0
2025-10-01,Open Auction - BFM,JamLoop OpenRTB,—,JamLoop Deal - CTV - Cable Broadcast - Scripps-Newsy,855918727592,0.0
2026-07-01,DSP Marketplace - BFM,Bidswitch,Beachfront Deal Curation,Seedtag NeuroX | Always-On | Banking & Wealth Builders - Connected TV,STNXCTV016,0.0
2025-09-01,Select - BFM,Bidswitch,Infillion Demand,Signet Jewelers | Men's Fashion | Desktop/Mobile,SignetInfilBeachDeskMob,0.0
2025-11-01,DSP Marketplace - BFM,Beeswax,Beachfront Deal Curation,Datafy - Holiday Travel Seasonal - Q4,Datafy6204970307,2023.08
2025-08-01,DSP Marketplace - BFM,4INFO,—,4INFO Deal - CTV - T1 Indirect - (ID),604331713250,0.0
2025-10-01,Open Auction - BFM,OnSpot Data,—,Bidswitch - APP,,0.29
2025-08-01,DSP Marketplace - BFM,MadHive,Beachfront Deal Curation,MadHive Deal - CTV RON,983264025678,1654.28
2025-09-01,DSP Marketplace - BFM,4INFO,—,Cadent_FBN_FOX Business_PMP,965906603107,0.0
2025-11-01,DSP Marketplace - BFM,Octillion,Beachfront Deal Migration,Octillion Deal - CTV - AMC,135878418139,4651.99
2025-08-01,Open Auction - BFM,Walmart,—,TTD - CTV (LG Ads Only),,50.98
2025-07-01,Select - BFM,TheTradeDesk,Aki,Aki Deal - CTV - Binge Watching,Aki3,3.65
2025-12-01,Open Auction - BFM,Reset Digital,—,Indirect - Reset Digital - $18 Floor,,0.0
2025-07-01,Open Auction - BFM,Storygize,—,Storygize - MW (1st Price),,59.48
2025-09-01,Select - BFM,Xandr,Quorum,Quorum Optimized > MSFT > High Index Zips - Genesis Dealership Visitors - Banner,Quoru117,0.0
2025-07-01,DSP Marketplace - BFM,MadHive,Beachfront Deal Migration,MadHive Deal - CTV (Alcohol) - Paramount Only,110295217642,1529.4
2025-09-01,Open Auction - BFM,Between Exchange,—,Bidswitch - MW - 1st Price (HB),,0.0
2025-08-01,Open Auction - BFM,—,—,TTD - MW [Display],,0.0
2025-09-01,Select - BFM,—,IRIS,IRIS.TV - Viant - IRIS-enabled CTV_BFM,,0.0
2025-10-01,DSP Marketplace - BFM,JamLoop OpenRTB,—,JamLoop Deal - OLV - Short-Form - 60%+ VCR - $10 Max - SPL,914358280975,0.0
2026-08-01,Select - BFM,Bidswitch,IRIS,GumGum - Cendyn - Royalton - Contextual CTV_BFM,IRIS00289,0.0
2025-08-01,Select - BFM,Xandr,Quorum,Quorum Optimized > MSFT > High Index Zips - Pizza Hut Visitors - Banner,Quoru103,0.0
2025-08-01,Select - BFM,Stirista,Audigent,Audigent & Beachfront - AUD-066529 - Optimum Media - Multiple Brands - CTV ContextualPMP - English Language Sports US - ctv,Audig1781,0.25
2025-09-01,Open Auction - BFM,Quantcast,—,Bidswitch - Seedtag,,3490.34
2025-09-01,Select - BFM,Bidswitch,Infillion Demand,Pulte RON - Display 2,InfPulteRON2,0.0
2025-11-01,Open Auction - BFM,Adtelligent,—,Adtelligent - CTV (Fubo),,10.67
2025-09-01,DSP Marketplace - BFM,4INFO,—,4INFO Deal - CTV - T1 Indirect - (MTV),932930387804,0.0
2025-10-01,Open Auction - BFM,Knorex,—,Bidswitch - Seedtag,,3.45
2025-08-01,Open Auction - BFM,SmartyAds,—,SmartyAds - CTV (Paramount),,2235.52
2025-10-01,DSP Marketplace - BFM,StackAdapt,Beachfront Deal Curation,StackAdapt_Standard Inventory Packages_Beachfront_2025_Sports (General),Beach157,1.7
2025-10-01,Select - BFM,Viant,Quorum,Quorum Optimized > Viant > High Index Zips - JCPenny Visitors - CTV,Quoru181,0.0
2025-07-01,Select - BFM,TheTradeDesk,Media Culture,ION Live,Media10,0.03
2025-12-01,DSP Marketplace - BFM,Basis Technologies,—,Basis Deal - RON CTV (Mattress Data),902380401218,0.0
2025-09-01,Select - BFM,Xandr,Quorum,Quorum Optimized > MSFT > High Index Zips - Mercedes-Benz Dealership Visitors - CTV,Quoru134,1.29
2025-10-01,Select - BFM,Xandr,Quorum,Quorum Optimized > MSFT > High Index Zips - Chipotle Visitors - CTV,Quoru60,0.24
2025-12-01,DSP Marketplace - BFM,Epsilon (Conversant),Beachfront Deal Curation,NBA - Live - CTV - Contextual - Tentpole Deal - Conversant,Beach129,0.57
2025-12-01,Open Auction - BFM,—,—,F0041880 NFL RAVENS VS BENGALS + COLTS VS SEAHAWKS DOMINGO 30,,0.0
2025-09-01,DSP Marketplace - BFM,StackAdapt,—,StackAdapt Deal - CTV/App/Web - Cannabis - US Canada,403635039524,0.03
2026-07-01,Open Auction - BFM,—,—,2607 - MGMPLUS - WESTIES - PROMO A - Pre-Premiere - MGMPHD363429 - SERIES,,196.36
2025-09-01,DSP Marketplace - BFM,SimpliFi,Beachfront Deal Curation,SimpliFi Deal - Sports Content CTV - Contextual,653038531422,4.66
2025-11-01,DSP Marketplace - BFM,Infillion,Beachfront Deal Curation,0,223910661417,0.0
2026-07-01,Open Auction - BFM,Sharethrough,—,Sharethrough Web (Open Auction),,708.44
2026-07-01,DSP Marketplace - BFM,SmartyAds,Beachfront Deal Curation,SmartyAds - Memorial Day - 2026 Deal,Beach258,83.23
2026-08-01,DSP Marketplace - BFM,Beeswax,Beachfront Deal Migration,Beeswax Deal - CTV - AudienceXpress - RON,765218873628,0.0
2025-07-01,Open Auction - BFM,—,—,F0034531 E1 SERIES GENÉRICA 2025 15SEG,,0.0
2025-08-01,Open Auction - BFM,Beeswax,—,Beeswax UR Improvement Tier 1 (High UR),,12040.86
2025-08-01,DSP Marketplace - BFM,MadHive,BFM Internal,MadHive - CTV - Philo Bundle Override (Price Targeted),MH33,1590.29
2025-09-01,Open Auction - BFM,SmartClip,—,Sky_DE_SmartClip,,0.0
2025-09-01,DSP Marketplace - BFM,StackAdapt,Beachfront Deal Curation,StackAdapt_Standard Inventory Packages_Beachfront_2025_[Allows Cannabis],Beach158,0.35
2025-12-01,DSP Marketplace - BFM,Viant,—,Viant Deal - Desktop/MW (OLV Political - Left Leaning),999850674763,0.0
2025-08-01,DSP Marketplace - BFM,Viant,—,Viant Deal - Desktop/MW (Video Spanish),347168599627,191.87
2025-07-01,Open Auction - BFM,Epsilon (Conversant),—,Conversant Haystack CTV (204774),,14.16
2025-07-01,DSP Marketplace - BFM,TheTradeDesk,—,TTD Deal - OLV - Gourmet Ads (Moran Group),809371838039,0.01
2025-07-01,Open Auction - BFM,Infillion,—,Bidswitch - Desktop - 1st Price (HB),,0.35
2025-08-01,Select - BFM,Viant,Viant,Rightwing tv,BFRightWing,0.04
2025-08-01,DSP Marketplace - BFM,TheTradeDesk,—,TTD Deal - CTV - Seedtag - Premium,284131223512,0.0
2025-12-01,DSP Marketplace - BFM,TheTradeDesk,Beachfront Deal Migration,0,747415045888,0.0
2026-07-01,Open Auction - BFM,DV360,—,Bidswitch - APP Display,,176.85
2026-08-01,DSP Marketplace - BFM,DV360,Beachfront Deal Curation,Seedtag NeuroX | Always-On | Fashion Retail Shoppers - Connected TV,STNXCTV008,0.46
2026-08-01,Open Auction - BFM,DV360,—,0,,0.0
2026-08-01,DSP Marketplace - BFM,SmartyAds,Beachfront Deal Curation,SmartyAds - Memorial Day - 2026 Deal,Beach258,0.19
2026-08-01,DSP Marketplace - BFM,Viant,Beachfront Deal Curation,LG - Viant CTV deal,482917350641,182.62
2025-09-01,Open Auction - BFM,DV360,—,Bidswitch - APP,,0.82
2025-07-01,DSP Marketplace - BFM,SimpliFi,—,Simpli.Fi Deal - CTV - Political Allowed (Hearst News),401688873447,76.86
2025-07-01,DSP Marketplace - BFM,Octillion,BFM Internal,Octillion Deal - CTV - A&E Network Adjust,747279147159,279.12
2025-12-01,Open Auction - BFM,Quantcast,—,Bidswitch - Desktop - 1st Price (HB),,109.34
2025-12-01,DSP Marketplace - BFM,LoopMe,Beachfront Deal Curation,Seedtag CTV - LoopMe - March Madness (Women's),SeedtagCTV5392152543,0.0
2025-10-01,DSP Marketplace - BFM,JamLoop OpenRTB,BFM Internal,Jamloop Deal - CTV - Network-Override-CBS Extension,JL001,164.51
2025-10-01,Open Auction - BFM,Samsung DSP,—,Bidswitch - CTV - 1st Price,,76.6
2025-10-01,DSP Marketplace - BFM,GroundTruth,Beachfront Deal Curation,NBA - Live - CTV - Contextual - Tentpole Deal - GroundTruth,Beach137,17.01
2025-10-01,Select - BFM,TheTradeDesk,Strategus,Strategus CTV RON,300416284256,27597.06
2025-12-01,Open Auction - BFM,StackAdapt,—,StackAdapt - CTV - Open Auction (Canada),,6304.06
2025-11-01,DSP Marketplace - BFM,Basis Technologies,—,Basis Deal - Premium CTV,BFM012,1339.25
2025-09-01,DSP Marketplace - BFM,TheTradeDesk,—,TTD Deal - CTV - $11 Lockard & Wechsler RON,231435167392,0.0
2025-10-01,Open Auction - BFM,Madopi,—,Bidswitch - MW [Display],,0.0
2025-09-01,Open Auction - BFM,TheTradeDesk,—,TTD - CTV (1st Price),,254307.93
2025-10-01,DSP Marketplace - BFM,StackAdapt,—,StackAdapt Deal - CTV - Plex,406265079126,336.75
2025-08-01,Open Auction - BFM,Basis Technologies,—,Basis - CTV - oRTB - (US),,42952.17
2025-07-01,DSP Marketplace - BFM,4INFO,—,4INFO Deal - CTV - T1 Indirect - (TLC),563830582762,0.0
2025-11-01,Select - BFM,Xandr,Quorum,Quorum Optimized > MSFT > High Index Zips - Dairy Queen Visitors - CTV,Quoru94,0.0
2025-07-01,DSP Marketplace - BFM,Viant,—,Viant Deal - CTV - Estrella,382991979536,8.27
2025-10-01,Select - BFM,Xandr,IRIS,MNI - Climate & Enviroment CTV_BFM,IRIS76,0.0
2025-10-01,Select - BFM,Xandr,Quorum,Quorum Optimized > MSFT > High Index Zips - Jack In The Box Visitors - CTV,Quoru98,0.0
2025-09-01,DSP Marketplace - BFM,Beeswax,Beachfront Deal Curation,Datafy - News Contextual - Q4,Datafy2106644013,4239.55
2025-07-01,Open Auction - BFM,Viant,—,Viant Deal - CTV (Direct Fixed $8),389866043594,0.0
2025-11-01,Open Auction - BFM,—,—,F0041310 NFL BILL-DOLP CARD-SEAH FS2 DOM 30,,0.0
2026-08-01,Open Auction - BFM,OTT Advisors (Demand),—,OTT Advisors Deal - MW/Tablet - Live Sports (Washington DC),,0.0
2025-10-01,Open Auction - BFM,OTT Advisors (Demand),—,OTT Advisors Deal - MW/Tablet - Live Sports (Washington DC),,0.0
2025-08-01,DSP Marketplace - BFM,Octillion,Beachfront Deal Migration,Octillion Deal - CTV - Philo,747279147181,2637.23
2025-08-01,Select - BFM,Xandr,Quorum,Quorum Optimized > MSFT > High Index Zips - Hyundai Dealership Visitors - CTV,Quoru122,0.0
2025-09-01,Select - BFM,DV360,Infillion Demand,Pulte RON - Display 2,InfPulteRON2,1075.71
2025-07-01,Select - BFM,Xandr,Quorum,Quorum Optimized > MSFT > High Index Zips - Sonic Visitors - Banner,Quoru81,0.0
2025-07-01,DSP Marketplace - BFM,StackAdapt,Beachfront Deal Curation,StackAdapt_Standard Inventory Packages_Beachfront_2025_Kids and Family,Beach169,6.48
2025-08-01,DSP Marketplace - BFM,4INFO,—,Cadent_Lifetime_PMP,497052641697,0.0
2025-10-01,Open Auction - BFM,Beeswax,—,0,,0.0
2025-11-01,DSP Marketplace - BFM,GroundTruth,Beachfront Deal Curation,GroundTruth Deal - Desktop Web - Always On - Display,Beach190,3.83
2025-12-01,Select - BFM,TheTradeDesk,Quorum,Quorum - DIY Home Renovators - Physical Visitors,Quoru207,0.0
2025-12-01,Select - BFM,TheTradeDesk,Infillion Demand,ez cater | HR Leaders | CTV,ezCBizInfilBeachHRVidCTV,0.0
2025-07-01,Open Auction - BFM,—,—,QA 15 June iphone Goal Test,,0.0
2025-09-01,Select - BFM,Viant,Audigent,Audigent & Beachfront - AUD-066527 - Optimum Media - Multiple Brands - CTV ContextualPMP - Soccer US - ctv,Audig1797,0.0
2025-12-01,Select - BFM,Bidswitch,QRate,QrateUS_ElSalvador_CTV,QRate30,0.0
2025-11-01,Open Auction - BFM,Viant,—,Viant - APP - 1st Price,,424.44
2025-12-01,Open Auction - BFM,Basis Technologies,—,Centro Video Web (1st Price),,8334.13
2025-07-01,Select - BFM,Bidswitch,Infillion Demand,Pulte RON - Display 2,InfPulteRON2,0.0
2025-08-01,Select - BFM,DV360,MultiLocal,0,Multi24,0.0
2026-07-01,Open Auction - BFM,Bidswitch,—,Bidswitch - APP Display,,0.05
2026-07-01,Open Auction - BFM,OTT Advisors (Demand),—,OTT Advisors Deal - MW/Tablet - Live Sports (Washington DC),,0.0
2026-07-01,DSP Marketplace - BFM,Yahoo DSP,Beachfront Deal Curation,Kaiser Permanente Care Delivery H2 2026 - 6226,496502243352,3.35
2025-08-01,Open Auction - BFM,—,—,F0037322 LUP GENERICA FOTOS TEXTOS 20s,,0.0
2025-09-01,Select - BFM,DV360,IRIS,IRIS.TV - OMD - National Guard - Sentiment CTV_BFM,IRIS00270,108.7
2025-12-01,Open Auction - BFM,Stirista,—,Stirista - Desktop [Display],,0.01
2025-08-01,DSP Marketplace - BFM,Viant,—,Viant Deal - CTV - Travel,BFM056,61.76
2025-07-01,Select - BFM,SimpliFi,33Across,33Across - Simplifi - CTV - Sports Audience - BF,33Acr1,37.67
2025-09-01,DSP Marketplace - BFM,Viant,Beachfront Deal Migration,Viant Deal - OLV - CBS,714397033029,256.42
2025-09-01,DSP Marketplace - BFM,Yahoo DSP,Beachfront Deal Curation,New Media Display RON - Yahoo,319423434369,0.0
2025-09-01,Open Auction - BFM,—,—,2509 - MGMPLUS - SEPT 2025 XCH - MGMP20329-12 - SERIES,,155.62
2025-09-01,Open Auction - BFM,—,—,F0034531 E1 SERIES GENÉRICA 2025 15SEG,,0.0
2025-12-01,Open Auction - BFM,Amobee,—,Amobee - CTV - 1st Price,,85332.8
2025-07-01,DSP Marketplace - BFM,GroundTruth,—,GroundTruth Deal - CTV - Hispanic (Deal Library),820449397388,12.87
2025-10-01,Select - BFM,Xandr,Quorum,Quorum Optimized > MSFT > High Index Zips - Acura Dealership Visitors - CTV,Quoru108,0.08
2025-07-01,Select - BFM,TheTradeDesk,Strategus,Strategus Deal - CTV - Fubo US Sports,937479936681,0.15
2025-08-01,Select - BFM,TheTradeDesk,IRIS,IRIS.TV - Tripadvisor CTV_BFM,IRIS00348,7161.49
2025-07-01,Open Auction - BFM,TheTradeDesk,—,TTD Deal - CTV - Seedtag All BFM Pubs,,0.0
2026-07-01,DSP Marketplace - BFM,Basis Technologies,—,Basis Deal - CTV (MLB),BFM059,0.0
2026-07-01,Open Auction - BFM,—,—,F0046785 BUDO COMBAT GENERICA VIERNES FS2 8PM 30s,,0.0
2025-08-01,Open Auction - BFM,Yahoo DSP,—,0,,0.0
2025-07-01,DSP Marketplace - BFM,Viant,Beachfront Deal Curation,BFM Viant Deal - Moroccanoil - CTV - Female Skewed - Hallmark (Channels),930382264945,0.0
2025-10-01,Open Auction - BFM,—,—,Xandr CTV,,0.0
2025-12-01,DSP Marketplace - BFM,—,Beachfront Deal Migration,TTD Deal - Competitive Conquest Subaru - CTV,,0.0
2026-07-01,Open Auction - BFM,OnSpot Data,—,Bidswitch - CTV - 1st Price,,191.65
2026-08-01,Open Auction - BFM,—,—,AEW GEN- PROPIEDADES 2026,,0.0
2025-09-01,Open Auction - BFM,Bidswitch,—,Bidswitch - APP,,0.0
2025-07-01,Select - BFM,Xandr,Quorum,Quorum Optimized > MSFT > High Index Zips - Mercedes-Benz Dealership Visitors - CTV,Quoru134,1.27
2025-07-01,Select - BFM,Xandr,Quorum,Quorum Optimized > MSFT > High Index Zips - Subway Visitors - Banner,Quoru67,0.0
2025-12-01,Open Auction - BFM,Viant,—,Viant - Desktop - 1st Price,,2518.12
2025-07-01,Select - BFM,Viant,Audigent,Audigent & Beachfront - AUD-066527 - Optimum Media - Multiple Brands - CTV ContextualPMP - Soccer US - ctv,Audig1797,0.0
2025-12-01,Select - BFM,TheTradeDesk,Infillion Demand,ez cater | Business Professionals | CTV,ezCBizInfilBeachVidCTV,0.0
2025-12-01,Select - BFM,Viant,IRIS,IRIS.TV - Viant - Healthy Living CTV_BFM,IRIS00318,775.89
2025-09-01,Select - BFM,Xandr,Quorum,Quorum Optimized > MSFT > High Index Zips - Casino Visitors - CTV,Quoru43,2.84
2025-08-01,DSP Marketplace - BFM,GroundTruth,Beachfront Deal Curation,GroundTruth - Deal - CTV - Apple TV,BFMGT001,23.86
2025-08-01,DSP Marketplace - BFM,MadHive,Beachfront Deal Curation,MadHive Deal - CTV - Live Sports,263057593976,86.38
2025-11-01,DSP Marketplace - BFM,Epsilon (Conversant),Beachfront Deal Curation,Golf - CTV - Contextual - Tentpole Deal - Conversant,Beach135,0.36
2025-12-01,Open Auction - BFM,Walmart,—,TTD - APP,,15.21
2025-12-01,Open Auction - BFM,TheTradeDesk,—,TTD - APP - 1st Price,,2.46
2025-10-01,Open Auction - BFM,Amazon DSP,—,Bidswitch - MW [Display],,0.0
2026-07-01,Open Auction - BFM,—,—,F0047482 LNBP FUERZA REGIA VS SOLES DOMINGO 15,,0.0
2025-07-01,Select - BFM,TheTradeDesk,Chief Media,TTD - Chief Media - CTV - Pub Targeted - Fox,1213870,356.05
2025-08-01,Select - BFM,Between Exchange,Infillion Demand,Pulte RON - Display 2,InfPulteRON2,0.0
2025-10-01,Open Auction - BFM,Walmart,—,TTD - APP - 1st Price,,0.07
2025-12-01,Open Auction - BFM,—,—,Basis - CTV - oRTB - (US),,0.0
2026-08-01,DSP Marketplace - BFM,Bidswitch,Beachfront Deal Curation,Seedtag NeuroX | Always-On | Pop Culture & Entertainment Insiders - Connected TV,STNXCTV007,0.0
2026-08-01,DSP Marketplace - BFM,MadHive,BFM Internal,MadHive - CTV -  CBS Bundle Override (Price Targeted),MH42,260.29
2026-08-01,Select - BFM,TheTradeDesk,IRIS,IRIS.TV - Q11 Crunch - Contextual CTV_BFM,IRIS00244,13.93
2025-10-01,Open Auction - BFM,OTT Advisors (Demand),—,OTT Advisors Deal - DT - Live Sports (Washington DC),,0.0
2025-09-01,Open Auction - BFM,Bidswitch,—,Bidswitch - CTV - 1st Price,,17.4
2025-09-01,Select - BFM,Bidswitch,QRate,QrateUS_Nicaragua_CTV,QRate10,0.0
2025-09-01,DSP Marketplace - BFM,MadHive,Beachfront Deal Migration,MadHive Deal - CTV (Alcohol) - Paramount Only,110295217642,510.12
2025-07-01,DSP Marketplace - BFM,Zeta DSP,Beachfront Deal Curation,Bidswitch Deal - CTV - Zeta - Paramount (No Pluto),732808904693,24914.64
2025-07-01,DSP Marketplace - BFM,TheTradeDesk,—,TTD Deal - CTV (MIQ Political Allowed),672354224091,0.0
2025-11-01,Select - BFM,TheTradeDesk,MultiLocal,Epitaph_Maple TV_mlm_CA_Selected Publishers_Video CTV_CT_BF_V2_MLMBRID7415,Multi51,0.0
2025-10-01,DSP Marketplace - BFM,GroundTruth,Beachfront Deal Curation,NBA - CTV - Contextual -  Tentpole Deal - GroundTruth,Beach138,21.69
2025-10-01,DSP Marketplace - BFM,Viant,—,Viant Deal - CTV (Genre: Movie),737121000152,110.5
2025-12-01,Open Auction - BFM,Yahoo DSP,—,Yahoo - Desktop MW - Open Auction - Efficiency Monitoring,,1730.15
2025-09-01,Open Auction - BFM,IPONWEB BidCore,—,Bidswitch - Desktop [Display],,0.08
2025-09-01,Select - BFM,Xandr,Quorum,Quorum Optimized > MSFT > High Index Zips - Jack In The Box Visitors - Banner,Quoru97,0.0
2025-09-01,Select - BFM,Yahoo DSP,Camelot,PMG - LG Ads,PMGLGAds,32459.06
2025-09-01,DSP Marketplace - BFM,SimpliFi,—,SimpliFi Deal - CTV  (Syncbak),560166540285,8.42
2025-08-01,Open Auction - BFM,—,—,F0035628 MLB TALENTOS GENERICA 2025 25,,0.0
2025-07-01,DSP Marketplace - BFM,Basis Technologies,Beachfront Deal Curation,Basis Deal - CTV - Skechers 2025 - Women 45+ - Entertainment,105507977165,1310.62
2025-09-01,Open Auction - BFM,—,—,QA 15 June iphone Goal Test,,0.0
2025-09-01,Open Auction - BFM,BizzClick,—,BizzClick - App (Indirect),,0.0
2025-07-01,Select - BFM,Bidswitch,Olympusat International,PMP 369 LATAM $3,Olymp7,0.0
2025-07-01,Select - BFM,—,IRIS,IRIS.TV - Tripadvisor CTV_BFM,,0.0
2026-07-01,Open Auction - BFM,Yahoo DSP,—,Seedtag,,9184.73
2026-08-01,DSP Marketplace - BFM,Epsilon (Conversant),Beachfront Deal Curation,Conversant Political Issues Category Targeting - Video/CTV,Beach116,2.87
2025-09-01,DSP Marketplace - BFM,Octillion,BFM Internal,Octillion Deal - CTV - A&E Network Adjust,747279147159,172.44
2025-08-01,Open Auction - BFM,IQM,—,IQM - Web Video - Open Auction,,37.31
2025-08-01,DSP Marketplace - BFM,SimpliFi,—,Simplifi Deal - WeatherNation CTV (Deal),993808143972,0.24
2025-08-01,Select - BFM,Xandr,Quorum,Quorum Optimized > MSFT > High Index Zips - Wendy's Visitors - CTV,Quoru76,0.07
2025-08-01,Open Auction - BFM,Yahoo DSP,—,Yahoo - CTV - Open Auction- Efficiency Monitoring,,233.79
2025-11-01,DSP Marketplace - BFM,TheTradeDesk,—,TTD Deal - In Market SUV Subaru - CTV,782973249332,12407.56
2025-07-01,DSP Marketplace - BFM,Octillion,BFM Internal,Octillion Deal - CTV - HGTV - Network Adjust,747279147158,37.69
2025-10-01,Open Auction - BFM,IPONWEB BidCore,—,Bidswitch - Seedtag,,1.5
2025-08-01,DSP Marketplace - BFM,Walmart,BFM Internal,TTD Deal - CTV - MiQ (LDA),234180798348,32.73
2025-11-01,Select - BFM,Xandr,Quorum,Quorum Optimized > MSFT > High Index Zips - Baskin Robbins Visitors - CTV,Quoru86,0.07
2025-12-01,Open Auction - BFM,DV360,—,Bidswitch - CTV (AMC),,0.82
2025-10-01,Select - BFM,Xandr,Quorum,Quorum Optimized > MSFT > High Index Zips - Blaze Pizza Visitors - CTV,Quoru88,0.11
2025-08-01,Select - BFM,TheTradeDesk,IRIS,IRIS.TV - VaynerMedia - Sabra Contextual CTV_BFM,IRIS00366,0.0
2026-07-01,Open Auction - BFM,—,—,Viant - CTV - 1st Price,,0.0
2025-09-01,Open Auction - BFM,—,—,F0040389 AEW GEN- PROPIEDADES SEP 20,,0.0
2026-07-01,DSP Marketplace - BFM,SmartyAds,Beachfront Deal Curation,SmartyAds Sports Deals - CTV,Beach205,0.74
2026-07-01,Open Auction - BFM,SmartyAds,—,SmartyAds - CTV (Canada),,8.01
2025-09-01,Open Auction - BFM,Zeta DSP,—,Bidswitch - CTV (AMC),,0.0
2025-07-01,Open Auction - BFM,The Media Sense,—,The Media Sense DSP CTV Ads Direct,,0.0
2025-11-01,Open Auction - BFM,DV360,—,Bidswitch - APP Display,,4.28
2025-11-01,Select - BFM,TheTradeDesk,Strategus,TTD - Strategus - CTV - $12 and Below,STRAT002,16369.68
2025-11-01,Open Auction - BFM,SmartyAds,—,SmartyAds - CTV (1st Price),,511.73
2025-10-01,Open Auction - BFM,Walmart,—,0,,0.0
2025-09-01,Open Auction - BFM,Marketperf,—,Bidswitch - Desktop [Display],,0.0
2025-10-01,Select - BFM,Viant,Quorum,Quorum Optimized > Viant > High Index Zips - Home Depot Visitors - Banner,Quoru178,1.55
2025-07-01,Open Auction - BFM,Marketing Architects -RTB,—,0,,0.0
2025-07-01,DSP Marketplace - BFM,Viant,Beachfront Deal Curation,Viant Deal - CTV - Spanish Political CTV,445972645214,157.37
2025-07-01,Select - BFM,DV360,Infillion Demand,Pulte RON - Display 2,InfPulteRON2,6075.79
2025-08-01,DSP Marketplace - BFM,Zeta DSP,—,Bidswitch Deal - Zeta - CTV - $9 Fixed (Spanish Language),021402842725,0.02
2025-08-01,Select - BFM,—,Aki,Aki Deal - CTV -  RON,,0.0
2026-07-01,DSP Marketplace - BFM,Bidswitch,Beachfront Deal Curation,SamsungAds Efficiency Line (copy),703770154228,0.0
2026-07-01,DSP Marketplace - BFM,JamLoop OpenRTB,BFM Internal,JamLoop Deal - CTV - MLB,059073768898,0.0
2026-07-01,Select - BFM,TheTradeDesk,IRIS,IRIS.TV - Q11 Crunch - Contextual CTV_BFM,IRIS00244,3395.53
2026-08-01,Open Auction - BFM,DV360,—,Bidswitch - CTV - 1st Price,,1018.64
2026-08-01,DSP Marketplace - BFM,JamLoop OpenRTB,BFM Internal,Jamloop Deal - CTV - Network-Override-CBS Extension,JL001,21.99
2026-08-01,DSP Marketplace - BFM,TheTradeDesk,Beachfront Deal Migration,TTD Deal - Bully Pulpit - Selected CTV (PlutoTV),386363634776,552.59
2025-09-01,Open Auction - BFM,Infillion,—,Bidswitch - Desktop - 1st Price (HB),,16.95
2025-07-01,Open Auction - BFM,Amazon DSP,—,Bidswitch - APP Display,,0.0
2025-07-01,Select - BFM,Xandr,Quorum,Quorum Optimized > MSFT > High Index Zips - Pizza Hut Visitors - CTV,Quoru104,-0.0
2025-12-01,Open Auction - BFM,IQM,—,IQM - Display - Open Auction,,1.13
2025-11-01,Open Auction - BFM,OnSpot Data,—,Bidswitch - APP,,3.74
2025-11-01,Open Auction - BFM,Knorex,—,Bidswitch - Seedtag,,1327.22
2025-11-01,Select - BFM,TheTradeDesk,Aki,Aki Deal - CTV - Morning News,Aki5,0.0
2025-10-01,DSP Marketplace - BFM,TheTradeDesk,—,TTD Deal - In Market Subaru - CTV,551196808383,19801.31
2025-08-01,DSP Marketplace - BFM,Viant,—,Viant Deal - CTV - A&amp;E,409312721336,1.28
2025-11-01,Open Auction - BFM,LoopMe,—,LoopMe - Open Auction - CTV,,91757.86
2025-11-01,Select - BFM,Bidswitch,Infillion Demand,Signet Jewelers | Men's Fashion | CTV,SignetInfilBeachCTV,0.0
2025-11-01,Open Auction - BFM,—,—,VTV VERTA  Dummy Ad,,0.0
2025-11-01,Open Auction - BFM,—,—,VTV_Smartclip_O&amp;O_$8,,0.0
2025-12-01,Open Auction - BFM,Streamworx Lda.,—,Bidswitch - CTV (Charter),,0.04
2025-07-01,DSP Marketplace - BFM,Viant,—,Viant Deal - Moroccanoil - CTV - Female Skewed - NBCU (Networks),240256146619,0.0
2025-07-01,DSP Marketplace - BFM,Epsilon (Conversant),Beachfront Deal Curation,Conversant Deal - CTV - MLB,638100075104,0.0
2025-09-01,Select - BFM,TheTradeDesk,Strategus,TTD Deal - CTV - Wades RV - Local News - Metro Code List - Live,Strat55,0.11
2026-07-01,DSP Marketplace - BFM,Epsilon (Conversant),Beachfront Deal Curation,Golf - CTV - Contextual - Tentpole Deal - Conversant,Beach135,0.0
2026-07-01,Select - BFM,StackAdapt,33Across,RON High CTR -  Display - Stackadapt Deal,33Acr43,0.0
2026-08-01,DSP Marketplace - BFM,Viant,Beachfront Deal Curation,Viant - Summer Sports - Liz,017239956177,0.0
2025-09-01,Open Auction - BFM,SmartyAds,—,SmartyAds - CTV (Samsung),,3431.2
2025-08-01,DSP Marketplace - BFM,JamLoop OpenRTB,—,JamLoop Deal - CTV OLV - All Spanish / Hispanic,048375798890,5473.76
2025-11-01,DSP Marketplace - BFM,SimpliFi,Beachfront Deal Migration,SimpliFi Deal - CTV Roku,542169059668,2387.4
2025-07-01,DSP Marketplace - BFM,StackAdapt,Beachfront Deal Curation,StackAdapt_Standard Inventory Packages_Beachfront_2025_[Allows Gambling],Beach160,0.05
2025-10-01,DSP Marketplace - BFM,Basis Technologies,—,Basis Deal - Fubo CTV (RON),BFM062,405.65
2025-08-01,Open Auction - BFM,Infillion,—,Bidswitch - APP Display,,3.75
2025-10-01,DSP Marketplace - BFM,TheTradeDesk,Beachfront Deal Migration,TTD Deal - Bully Pulpit - Selected CTV (PlutoTV),386363634776,38.69
2025-11-01,DSP Marketplace - BFM,GroundTruth,Beachfront Deal Curation,GroundTruth - Deal - CTV - Fire TV,BFMGT004,413.19
2025-09-01,DSP Marketplace - BFM,TheTradeDesk,—,TTD Deal - CTV - $12 MIQ RON,166324629003,4.23
2025-11-01,Open Auction - BFM,IPONWEB BidCore,—,Bidswitch - MW - 1st Price (HB),,0.04
2026-07-01,Open Auction - BFM,Infillion,—,Bidswitch - MW - 1st Price (HB),,0.0
2026-07-01,Open Auction - BFM,Lift,—,Bidswitch - Desktop [Display],,0.0
2025-08-01,DSP Marketplace - BFM,Epsilon (Conversant),Beachfront Deal Curation,Conversant Gambling and Sports Betting Category Targeting - Video/CTV,Beach113,1926.14
2025-07-01,Select - BFM,TheTradeDesk,SilverBack,TTD Deal - CTV - Silverback (Spanish Channels/Networks) - Select,713755339107,590.15
2025-09-01,DSP Marketplace - BFM,Epsilon (Conversant),Beachfront Deal Curation,Conversant Deal - CTV  - Paramount,136720822616,769.24
2025-11-01,DSP Marketplace - BFM,Viant,—,Viant Deal - CTV (Sports - Live Game),966310467171,0.0
2025-09-01,DSP Marketplace - BFM,SimpliFi,Beachfront Deal Migration,0,546471010694,0.0
2025-10-01,Open Auction - BFM,TheTradeDesk,—,TTD Deal - CTV - Seedtag Priority Pubs,122056032436,0.0
2025-07-01,Select - BFM,DV360,IRIS,IRIS.TV - OMD - National Guard - Sentiment CTV_BFM,IRIS00270,1.08
2026-08-01,DSP Marketplace - BFM,Bidswitch,Beachfront Deal Curation,CTV Contextual Sports Samsung Deal,471828048081,0.0
2026-08-01,Open Auction - BFM,Bidswitch,—,Bidswitch - CTV - 1st Price,,0.01
2025-10-01,DSP Marketplace - BFM,JamLoop OpenRTB,—,JamLoop Deal - CTV - EW Scripps - Vegas Golden Knights,612418020365,710.81
2025-11-01,Open Auction - BFM,SmartyAds,—,SmartyAds - CTV (Fubo),,0.2
2025-09-01,Select - BFM,Viant,Viant,the first,TheFirstTV,0.0
2025-09-01,Select - BFM,Xandr,Quorum,Quorum Optimized > MSFT > High Index Zips - Dairy Queen Visitors - Banner,Quoru93,0.0
2025-09-01,Select - BFM,Stirista,Audigent,Audigent & Beachfront - AUD-066529 - Optimum Media - Multiple Brands - CTV ContextualPMP - English Language Sports US - ctv,Audig1781,0.02
2025-12-01,DSP Marketplace - BFM,Viant,—,AOD Deal - Viant - Cannabis Allowed ,304579523560,6.33
2025-08-01,DSP Marketplace - BFM,4INFO,—,Cadent_OWN_PMP,469747011240,0.0
2025-08-01,DSP Marketplace - BFM,TheTradeDesk,—,TTD Deal - CTV - Seedtag Priority Pubs,122056032436,10126.52
2025-07-01,Open Auction - BFM,IPONWEB BidCore,—,Bidswitch - CTV - 1st Price (Bundle 151908),,0.0
2025-09-01,Select - BFM,Basis Technologies,IRIS,IRIS.TV - Basis - Outdoor/Sports - CTV_BFM,IRIS00060,163.74
2025-07-01,DSP Marketplace - BFM,JamLoop OpenRTB,—,JamLoop Deal - CTV - Xumo,614533760445,9.75
2025-08-01,DSP Marketplace - BFM,SimpliFi,—,Simplifi Deal - Fubo CTV (RON),362718852020,216.07
2025-11-01,DSP Marketplace - BFM,SimpliFi,Beachfront Deal Curation,Simpli.Fi Deal - CTV - Halloween,647809313692,0.0
2025-11-01,Select - BFM,TheTradeDesk,Quorum,Quorum - Travelers - Physical Visitors,Quoru223,0.0
2025-07-01,DSP Marketplace - BFM,Viant,Beachfront Deal Migration,Viant Deal - CTV - Golf (Master&#039;s Enthusiast Segment),408551131456,17266.77
2025-08-01,Open Auction - BFM,Epsilon (Conversant),—,Conversant - CTV - Open Auction (Charter),,251.9
2025-11-01,Select - BFM,Quantcast,Quorum,Quorum > Weekend Shoppers > Physical Visitors,Quoru202,0.0
2025-09-01,DSP Marketplace - BFM,SimpliFi,—,Simplifi Deal - CTV - All Supply w/ Network Data,263082243873,0.46
2025-09-01,DSP Marketplace - BFM,—,Beachfront Deal Curation,Conversant Deal - CTV  - Paramount,,0.0
2026-07-01,Open Auction - BFM,Samsung DSP,—,Bidswitch - CTV - 1st Price,,0.63
2026-07-01,DSP Marketplace - BFM,Viant,Beachfront Deal Curation,Viant Deal - CTV - Walter County Tourism (Channels/Networks),196835969212,81.26
2026-08-01,DSP Marketplace - BFM,Octillion,Beachfront Deal Migration,Octillion Deal - CTV - Hispanic,649700474243,21.18
2025-08-01,DSP Marketplace - BFM,4INFO,—,Cadent_USA Network_PMP_Testv2,714666065815,0.0
2025-08-01,Open Auction - BFM,Octillion,—,Octillion - CTV - Open,,636.24
2025-11-01,Select - BFM,Bidswitch,Quorum,Quorum > Hanukkah Shoppers > Physical Visitors,Quoru197,0.0
2025-08-01,DSP Marketplace - BFM,MadHive,BFM Internal,MadHive - CTV - Fubo (Price Targeted),MH38,378.11
2025-11-01,Select - BFM,Yahoo DSP,Camelot,PMG - Pub Targeting,PMGPub,2437.11
2025-10-01,Open Auction - BFM,Infillion,—,Bidswitch - Seedtag,,5.73
2025-10-01,Select - BFM,Bidswitch,Infillion Demand,Signet | Male Self Gifters | CTV,SignetInfilGiftBeachCTV,0.0
2025-11-01,DSP Marketplace - BFM,Basis Technologies,Beachfront Deal Curation,Basis Deal - CTV - Skechers 2025 - Men 45+ - News,154877815199,1744.31
2025-11-01,DSP Marketplace - BFM,Basis Technologies,Beachfront Deal Curation,Basis Deal - OTT - Skechers 2025 - Women 45+ - Reality,767012029105,177.82
2025-09-01,DSP Marketplace - BFM,Walmart,BFM Internal,TTD Deal - CTV - MiQ (LDA),234180798348,11.1
2025-11-01,DSP Marketplace - BFM,Bidswitch,—,Bidswitch Deal - CTV - Family (Bidtellect),322033042800,0.0
2026-08-01,DSP Marketplace - BFM,Epsilon (Conversant),Beachfront Deal Curation,Conversant Deal - CTV - Live Sports RON,810716829549,0.48
2025-09-01,Select - BFM,Xandr,IRIS,MNI - Health & Wellness CTV_BFM,IRIS74,0.0
2025-09-01,Select - BFM,Xandr,Quorum,Quorum Optimized > MSFT > High Index Zips - Resorts World Visitors - Banner,Quoru49,0.0
2025-12-01,Open Auction - BFM,Demandbase,—,DemandBase - CTV,,2756.99
2025-07-01,DSP Marketplace - BFM,DeepIntent,Beachfront Deal Curation,DeepIntent - CTV - Minority Owned,879954539720,2.19
2025-11-01,DSP Marketplace - BFM,TheTradeDesk,—,TTD Deal - Bully Pulpit - CTV Cannabis Approved,133914955,0.0
2025-08-01,Select - BFM,Stirista,Olympusat International,Stirista Miami CTV PMP,Olymp13,0.0
2025-09-01,DSP Marketplace - BFM,TheTradeDesk,BFM Internal,TTD Deal - CTV - MiQ Fubo Extension,770425332965,1347.17
2025-10-01,Open Auction - BFM,Amazon DSP,—,Bidswitch - APP,,11.3
2025-12-01,DSP Marketplace - BFM,Xandr,BFM Internal,Xandr Deal - CTV - MiQ (LDA),412577962377,1102.3
2025-08-01,DSP Marketplace - BFM,StackAdapt,Beachfront Deal Curation,StackAdapt_Standard Inventory Packages_Beachfront_2025_Kids and Family,Beach169,15.8
2025-09-01,Select - BFM,TheTradeDesk,Simulmedia,PlayerWON - McDonalds-FY25,PlayerWONMcDonaldsFY25,0.0
2026-07-01,Open Auction - BFM,Unruly,—,Unruly Web Display (Desktop Only),,0.0
2025-09-01,DSP Marketplace - BFM,Basis Technologies,Beachfront Deal Curation,Basis Deal - OTT - Skechers 2025 - Women 45+ - Lifestyle,906512946837,681.73
2025-07-01,DSP Marketplace - BFM,Viant,—,Viant Deal - CTV (Spanish),901374116708,296.65
2025-10-01,DSP Marketplace - BFM,Beeswax,Beachfront Deal Migration,Beeswax Deal - CTV - AudienceXpress - RON,765218873628,1480.89
2025-07-01,Open Auction - BFM,—,—,TTD - CTV (1st Price),,0.0
2025-07-01,DSP Marketplace - BFM,Xandr,BFM Internal,Xandr Deal - OTT (MiQ Canada RON),918568590501,0.0
2025-10-01,Open Auction - BFM,Yahoo DSP,—,Yahoo - Seedtag,,0.0
2026-07-01,Open Auction - BFM,Krush Media,—,Krush Media Video - CTV Direct (700),,2.48
2026-08-01,DSP Marketplace - BFM,MadHive,BFM Internal,MadHive - CTV - Philo Bundle Override (Price Targeted),MH33,18.15
2025-11-01,Open Auction - BFM,SmartyAds,—,SmartyAds - App [Display],,1.91
2025-11-01,Open Auction - BFM,SmartyAds,—,SmartyAds - CTV (Canada),,172.2
2025-09-01,Select - BFM,Xandr,Quorum,Quorum Optimized > MSFT > High Index Zips - Pizza Hut Visitors - CTV,Quoru104,0.26
2025-12-01,DSP Marketplace - BFM,Viant,—,Viant Deal - CTV (Direct Fixed $8),389866043594,49931.91
2025-07-01,Open Auction - BFM,Epsilon (Conversant),—,Conversant Happy Kids CTV (223878) (Bundle ID 32614),,1.6
2025-10-01,DSP Marketplace - BFM,Octillion,Beachfront Deal Migration,Octillion Deal - CTV - Paramount,976384276767,93.41
2025-11-01,Open Auction - BFM,—,—,F0038200 INSIDE UFC PARPADEO 30 v4,,0.0
2025-12-01,DSP Marketplace - BFM,Walmart,Beachfront Deal Migration,TTD Deal - CTV ($15 MiQ) (Walmart),176619450572,161.67
2025-08-01,Select - BFM,Stirista,Audigent,Audigent & Beachfront - AUD-066529 - Optimum Media - Multiple Brands - CTV ContextualPMP - Racing US - ctv,Audig1795,0.01
2025-07-01,DSP Marketplace - BFM,TheTradeDesk,—,TTD Deal - Bully Pulpit - Selected CTV,941795873183,8.33
2025-10-01,DSP Marketplace - BFM,DeepIntent,Beachfront Deal Curation,DeepIntent  deal - CTV - 30s RON,322442866061,647.3
2025-11-01,Select - BFM,TheTradeDesk,Quorum,Quorum - Tech Shoppers - Physical Visitors,Quoru215,0.0
2025-09-01,Open Auction - BFM,—,—,F0040377 F1 TEASER SINGAPUR 10 V2,,0.0
2025-09-01,Open Auction - BFM,—,—,F0040203 NOCHE UFC LOPES VS SILVA DIA 30S,,0.0
2025-08-01,DSP Marketplace - BFM,GroundTruth,Beachfront Deal Migration,0,783317263332,0.0
2026-08-01,DSP Marketplace - BFM,Viant,—,Viant - Linear (Entertainment),236570734372,4.0
2026-08-01,Open Auction - BFM,TheTradeDesk,—,TTD - MW [Display],,37.08
2025-09-01,Select - BFM,Viant,IRIS,IRIS.TV - Viant - Wyndham Contextual CTV_BFM,IRIS00358,3529.09
2025-09-01,Select - BFM,Xandr,Quorum,Quorum Optimized > MSFT > High Index Zips - Checkers & Rally's Visitors - Banner,Quoru51,0.0
2025-07-01,Open Auction - BFM,Quantcast,—,Bidswitch - APP Display,,0.0
2025-09-01,DSP Marketplace - BFM,Bidswitch,Beachfront Deal Curation,Bidswitch Deal - Zeta - CTV - Political (Pol),542428290418,0.0
2025-08-01,Select - BFM,DV360,Infillion Demand,Pulte RON - Display 2,InfPulteRON2,293.2
2025-08-01,Select - BFM,Viant,Audigent,Audigent & Beachfront - AUD-066527 - Optimum Media - Multiple Brands - CTV ContextualPMP - Spanish Language Sports US - ctv,Audig1788,0.0
2025-08-01,Select - BFM,Xandr,Quorum,Quorum Optimized > MSFT > High Index Zips - Shopping Mall Visitors - Banner,Quoru38,0.0
2025-08-01,Select - BFM,Stirista,Audigent,Audigent & Beachfront - AUD-066529 - Optimum Media - Multiple Brands - CTV ContextualPMP - Spanish Language US - ctv,Audig1780,1.97
2025-07-01,DSP Marketplace - BFM,Yahoo DSP,Beachfront Deal Curation,Yahoo Deal - CTV - Zeta (Political),984632781291,1139.13
2025-07-01,Open Auction - BFM,—,—,F0034009 AEW SHOW 2025-1 LUNES 30’,,0.0
2025-08-01,Open Auction - BFM,Inspiritum,—,Bidswitch -RTB- Getintent-Whitelist- Web Display,,0.0
2025-10-01,Open Auction - BFM,DV360,—,Bidswitch - APP Display,,1.49
2025-09-01,DSP Marketplace - BFM,StackAdapt,Beachfront Deal Curation,StackAdapt_Standard Inventory Packages_Beachfront_2025_Channel Level Reporting,Beach175,0.0
2025-07-01,Open Auction - BFM,SimpliFi,—,Simplifi Deal - OTT,,0.0
2025-08-01,Open Auction - BFM,—,—,Lemma DSP CTV Ad,,0.0
2025-08-01,Select - BFM,TheTradeDesk,Strategus,0,"300416284256, STRAT002",0.0
2025-08-01,Open Auction - BFM,—,—,Bidswitch - CTV - 1st Price,,0.0
2025-09-01,Select - BFM,DV360,MultiLocal,0,Multi24,0.0
2025-10-01,Open Auction - BFM,—,—,Pending/Placement BeachFront AD,,0.0
2025-12-01,Select - BFM,AdElement,Quorum,Quorum > Music Lovers > Physical Visitors,Quoru228,0.0
2025-07-01,Select - BFM,Bidswitch,IRIS,IRIS.TV - OMD - National Guard - Sentiment CTV_BFM,IRIS00270,0.0
2026-08-01,DSP Marketplace - BFM,Viant,BFM Internal,Viant Deal - CTV - FuseTV,210445449459,16.22
2026-08-01,Open Auction - BFM,Between Exchange,—,Bidswitch - MW [Display],,0.0
2026-08-01,DSP Marketplace - BFM,JamLoop OpenRTB,BFM Internal,JamLoop Deal - CTV - MLB,059073768898,0.0
2025-09-01,Select - BFM,Xandr,Quorum,Quorum Optimized > MSFT > High Index Zips - Honda Dealership Visitors - Banner,Quoru119,0.0
2025-07-01,Open Auction - BFM,Webeye,—,Bidswitch - APP Display,,21.52
2025-11-01,Select - BFM,Xandr,Quorum,Quorum Optimized > MSFT > High Index Zips - Dunkin Donuts Visitors - CTV,Quoru62,0.0
2025-08-01,Select - BFM,DV360,MultiLocal,T9_mlm_TA_CA_CT_CTV_BF_MLMBRID4972,Multi25,86.26
2025-08-01,Select - BFM,Xandr,Quorum,Quorum Optimized > MSFT > High Index Zips - Mercedes-Benz Dealership Visitors - Banner,Quoru133,0.0
2025-07-01,DSP Marketplace - BFM,Bidswitch,—,Deal Library - CTV - Politics Allowed - Super Tuesday,BFM085,0.0
2025-12-01,DSP Marketplace - BFM,JamLoop OpenRTB,—,JamLoop Deal - CTV - EW Scripps - Vegas Golden Knights,612418020365,346.8
2025-12-01,Open Auction - BFM,—,—,F0039506 MLS TIPSTERS NEW GENERICA 30,,0.0
2025-11-01,DSP Marketplace - BFM,Basis Technologies,Beachfront Deal Curation,Basis Deal - CTV - Catawba Two Kings Casino 2025,589953934941,120.06
2025-09-01,Open Auction - BFM,Walmart,—,TTD - CTV (LG Ads Only),,1.58
2025-10-01,Open Auction - BFM,—,—,F0022311 UFC MARCA GENÉRICA 2025-1 30,,0.0
2025-08-01,Select - BFM,TheTradeDesk,Media Culture,Sports - Contextual - CTV Deal,Media26,48.18
2025-12-01,Open Auction - BFM,Zeta DSP,—,Bidswitch - Seedtag,,0.0
2025-12-01,Open Auction - BFM,—,—,TTD Deal - In Market SUV Subaru - CTV,,0.0
2026-07-01,DSP Marketplace - BFM,TheTradeDesk,Beachfront Deal Migration,TTD Deal - Bully Pulpit - Selected CTV (PlutoTV),386363634776,2279.5
2026-07-01,Open Auction - BFM,—,—,F0047517 LUP GENÉRICA PREGUNTAS NOCHES 30S,,0.0
2026-08-01,DSP Marketplace - BFM,Beeswax,Beachfront Deal Curation,Beeswax - CTV - VideoAmp - Holiday Travel,VideoAmp15938,0.51
2025-11-01,Open Auction - BFM,OnSpot Data,—,Bidswitch - CTV - 1st Price,,524.34
2025-11-01,DSP Marketplace - BFM,StackAdapt,Beachfront Deal Curation,StackAdapt_Standard Inventory Packages_Beachfront_2025_Food,Beach165,13.92
2025-07-01,Open Auction - BFM,Zeta DSP,—,Bidswitch - CTV (AMC),,0.0
2025-07-01,Open Auction - BFM,Between Exchange,—,Bidswitch - Desktop [Display],,0.03
2025-11-01,Select - BFM,Bidswitch,Quorum,Quorum > Athletes > Physical Visitors,Quoru188,0.0
2025-08-01,DSP Marketplace - BFM,SimpliFi,—,SimpliFi Deal - CTV (Newsy),546285791697,0.03
2025-09-01,Open Auction - BFM,Viant,—,Viant - MW,,16074.29
2025-10-01,Open Auction - BFM,Amazon DSP,—,Bidswitch - Seedtag,,18309.46
2025-07-01,DSP Marketplace - BFM,SimpliFi,Beachfront Deal Curation,SimpliFi Deal - Samsung - CTV,117931075272,27.18
2025-07-01,DSP Marketplace - BFM,TheTradeDesk,BFM Internal,TTD Deal - CTV - Goodway Group (<$15),778377951937,32526.1
2025-07-01,Open Auction - BFM,Viant,—,Viant - Desktop,,17768.3
2025-11-01,Open Auction - BFM,Bidswitch,—,Bidswitch - APP Display,,0.0
2025-11-01,Select - BFM,TheTradeDesk,Aki,Aki Deal - CTV - Game Time Moments,Aki21,0.0
2025-12-01,Open Auction - BFM,TheTradeDesk,—,0,,0.0
2025-09-01,DSP Marketplace - BFM,4INFO,—,4INFO Deal - CTV - T1 Indirect - (VH1),533300483090,0.0
2025-07-01,DSP Marketplace - BFM,SimpliFi,—,Simplifi Deal - Obsession Media CTV,259169976588,1.76
2025-08-01,DSP Marketplace - BFM,StackAdapt,Beachfront Deal Curation,StackAdapt_Standard Inventory Packages_Beachfront_2025_[Allows Politics],Beach162,0.0
2025-09-01,DSP Marketplace - BFM,SimpliFi,—,Simplifi Deal - App/Web (Small-Screen OTT UK),546476210694,0.0
2025-07-01,Open Auction - BFM,—,—,LoopMe - Open Auction - CTV,,0.0
2025-12-01,Open Auction - BFM,Infillion,—,Bidswitch - CTV (Charter),,0.0
2026-07-01,Select - BFM,TheTradeDesk,Strategus,TTD - Strategus - CTV - $12 and Below,STRAT002,3823.35
2026-08-01,DSP Marketplace - BFM,Viant,Beachfront Deal Migration,Viant Deal - CTV (Premium),677072730087,471.15
2026-08-01,Open Auction - BFM,Samsung DSP,—,Bidswitch - CTV - 1st Price,,0.15
2026-08-01,Open Auction - BFM,Sharethrough,—,Sharethrough Web (Open Auction),,52.08
2026-08-01,DSP Marketplace - BFM,SmartyAds,Beachfront Deal Curation,SmartyAds - American Football - 2026 Deal,Beach252,0.0
2025-08-01,Open Auction - BFM,Amazon DSP,—,Bidswitch - Desktop [Display],,0.0
2025-08-01,DSP Marketplace - BFM,Octillion,BFM Internal,Octillion Deal - CTV - A&E Network Adjust,747279147159,370.43
2025-07-01,Open Auction - BFM,OnSpot Data,—,Bidswitch - CTV - 1st Price (Bundle 151908),,0.83
2025-07-01,DSP Marketplace - BFM,SimpliFi,Beachfront Deal Migration,SimpliFi Deal - CTV (RON),546471010694,12573.04
2025-12-01,DSP Marketplace - BFM,MadHive,—,MadHive Deal - CTV - Frndly - No Content Data,809610338399,1.41
2025-08-01,DSP Marketplace - BFM,DeepIntent,Beachfront Deal Curation,DeepIntent deal - CTV - 60s RON,996357989476,13.68
2025-08-01,DSP Marketplace - BFM,4INFO,—,4INFO Deal - CTV - T1 Indirect - (HGTV),622702612798,0.0
2025-08-01,DSP Marketplace - BFM,Viant,—,Viant Deal - CTV - TV One (Philo),992851313690,24.82
2025-08-01,DSP Marketplace - BFM,Beeswax,Beachfront Deal Curation,Beeswax Deal - CTV - Univision Demand - Political,601346667710,45.43
2025-11-01,Select - BFM,TheTradeDesk,Quorum,Quorum - Music Lovers - Physical Visitors,Quoru224,0.0
2025-08-01,DSP Marketplace - BFM,Basis Technologies,—,Basis Deal - CTV - All Supply w/ Network Data,BFM037,49.55
2025-07-01,Open Auction - BFM,MadHive,—,Madhive - Desktop,,14.33
2025-08-01,DSP Marketplace - BFM,TheTradeDesk,BFM Internal,0,778377951937,0.0
2025-11-01,DSP Marketplace - BFM,Bidswitch,—,Roku Deal - CTV (Political - Left Leaning) (MiQ) (L2),890620965784,0.0
2025-08-01,Select - BFM,Beeswax,TV One,Simulmedia,TVOne11,0.0
2025-11-01,DSP Marketplace - BFM,TheTradeDesk,Beachfront Deal Migration,0,747415045888,0.0
2026-07-01,DSP Marketplace - BFM,Bidswitch,Beachfront Deal Curation,Seedtag NeuroX | Always-On | SMB Owners & Entrepreneurs - Connected TV,STNXCTV013,0.0
2026-07-01,DSP Marketplace - BFM,GroundTruth,Beachfront Deal Curation,GroundTruth Deal - Desktop Web - Always On - Display,Beach190,6.21
2026-07-01,Open Auction - BFM,SmartClip,—,Philips_SC_Spain,,46.57
2025-09-01,Select - BFM,Bidswitch,IRIS,GumGum - Virgin Voyages CTV_BFM,IRIS00353,0.0
2025-07-01,DSP Marketplace - BFM,Octillion,—,Octillion Deal - CTV - FloSports,976384276753,28.11
2025-11-01,DSP Marketplace - BFM,Octillion,Beachfront Deal Migration,Octillion Deal - CTV - Open Auction,747279147174,6619.17
2025-10-01,Open Auction - BFM,—,—,F0038200 INSIDE UFC PARPADEO 30,,0.0
2025-07-01,DSP Marketplace - BFM,Basis Technologies,Beachfront Deal Migration,Basis Deal - Local News CTV,724834360400,10530.99
2025-09-01,Select - BFM,TheTradeDesk,Media Culture,INSP,Media14,1427.31
2025-11-01,DSP Marketplace - BFM,Beeswax,Beachfront Deal Migration,Beeswax Deal - CTV - AudienceXpress - RON,765218873628,606.72
2025-11-01,DSP Marketplace - BFM,StackAdapt,Beachfront Deal Curation,StackAdapt Deal - CTV - Local News - Political,BFMSA002,225.66
2025-09-01,DSP Marketplace - BFM,Yahoo DSP,Beachfront Deal Curation,Yahoo Deal - CTV - Invisibly CTV RON,467153424436,0.0
2025-11-01,DSP Marketplace - BFM,GroundTruth,Beachfront Deal Curation,NBA - CTV - Contextual -  Tentpole Deal - GroundTruth,Beach138,1.21
2025-11-01,Open Auction - BFM,Krush Media,—,Krush Media Inapp Video,,0.0
2025-09-01,Open Auction - BFM,TheTradeDesk,—,TTD - STB VOD,,0.0
2025-08-01,Open Auction - BFM,OnSpot Data,—,Bidswitch - Seedtag,,0.39
2025-08-01,Select - BFM,—,Aki,0,Aki1,0.0
2025-11-01,Select - BFM,Quantcast,Quorum,Quorum > Athletes > Physical Visitors,Quoru188,0.0
2025-11-01,DSP Marketplace - BFM,Viant,—,Viant Deal - Desktop/MW (OLV Political - Center Leaning),936723160001,0.0
2025-09-01,Open Auction - BFM,Basis Technologies,—,0,,0.0
2026-07-01,DSP Marketplace - BFM,JamLoop OpenRTB,BFM Internal,JamLoop Deal - CTV - EW Scripps - Vegas Golden Knights,612418020365,9.65
2026-07-01,DSP Marketplace - BFM,Octillion,Beachfront Deal Migration,Octillion Deal - CTV - Paramount,976384276767,377.06
2025-08-01,DSP Marketplace - BFM,IQM,—,IQM Deal - CTV - Battle States - Nevada NV - Politics Allowed (Deal Library),BFM077,0.34
2025-12-01,DSP Marketplace - BFM,GroundTruth,Beachfront Deal Curation,NBA - Live - CTV - Contextual - Tentpole Deal - GroundTruth,Beach137,1.51
2025-11-01,Open Auction - BFM,Walmart,—,TTD - MW [Display],,2.55
2025-08-01,DSP Marketplace - BFM,Basis Technologies,Beachfront Deal Migration,Basis Deal - Sports CTV,268236188793,69.41
2025-11-01,Select - BFM,DV360,MultiLocal,T9_mlm_TA_US_CT_CTV_BF_MLMBRID4972,Multi24,256.78
2025-11-01,Select - BFM,Marketing Architects -RTB,TV One,Marketing Architects 2024,MarketingArchitectsTVOne2024,0.0
2025-08-01,Open Auction - BFM,Zeta DSP,—,Bidswitch - CTV - 1st Price (Bundle 151908),,98.76
2025-09-01,Open Auction - BFM,Epsilon (Conversant),—,Conversant - CTV - Open Auction,,27568.42
2025-08-01,Open Auction - BFM,Between Exchange,—,Bidswitch -RTB- Getintent-Whitelist- Web Display,,0.0
2026-07-01,DSP Marketplace - BFM,GroundTruth,Beachfront Deal Curation,MLB - CTV - Contextual - Tentpole Deal - GroundTruth,Beach140,119.01
2026-08-01,DSP Marketplace - BFM,DV360,Beachfront Deal Curation,Seedtag NeuroX | Always-On | Foodies & Culinary Creators - Connected TV,STNXCTV018,0.94
2025-08-01,DSP Marketplace - BFM,Octillion,Beachfront Deal Migration,Octillion Deal - CTV - Fubo,747279147179,915.67
2025-08-01,Select - BFM,Xandr,Quorum,Quorum Optimized > MSFT > High Index Zips - Jamba Juice Visitors - CTV,Quoru100,0.67
2025-07-01,Select - BFM,Xandr,Quorum,Quorum Optimized > MSFT > High Index Zips - Jamba Juice Visitors - CTV,Quoru100,0.76
2025-12-01,DSP Marketplace - BFM,GroundTruth,Beachfront Deal Curation,GroundTruth Deal - Desktop Web - Always On - Display,Beach190,30.82
2025-11-01,DSP Marketplace - BFM,Yahoo DSP,Beachfront Deal Migration,Yahoo Deal - CTV - Politics Allowed,BFM017,12330.91
2025-08-01,DSP Marketplace - BFM,TheTradeDesk,Beachfront Deal Migration,TTD - CTV - Captify $15 Below,730946633654,2935.94
2025-10-01,Open Auction - BFM,DV360,—,Bidswitch - Desktop - 1st Price (HB),,2077.4
2025-11-01,Select - BFM,Viant,IRIS,IRIS.TV - Viant - Thrivent Contextual CTV_BFM,IRIS00321,0.0
2025-11-01,Open Auction - BFM,Madopi,—,Bidswitch - MW - 1st Price (HB),,0.0
2025-07-01,Select - BFM,TheTradeDesk,SilverBack,TTD Deal - Silverback - CTV (Live Sports) - Select,858615175283,751.12
2025-07-01,DSP Marketplace - BFM,Viant,Beachfront Deal Migration,Viant Deal - CTV - Political Approved Pubs RON,554902786103,599.97
2025-11-01,Open Auction - BFM,SmartyAds,—,SmartyAds - App (1st Price),,3.38
2025-07-01,Open Auction - BFM,Adtheorent,—,Ad Theorent - APP Video 1st Price,,123.57
2025-10-01,DSP Marketplace - BFM,SimpliFi,Beachfront Deal Curation,SimpliFi Deal - CTV - Philo (Obfuscation),582453465559,268.75
2025-11-01,Open Auction - BFM,Basis Technologies,—,Centro Video InApp,,0.79
2025-07-01,DSP Marketplace - BFM,JamLoop OpenRTB,Beachfront Deal Curation,Jamloop Deal - CTV - Hallmark Media,254799848154,0.0
2025-10-01,DSP Marketplace - BFM,Basis Technologies,Beachfront Deal Curation,0,430109082311,0.0
2025-12-01,Select - BFM,Quantcast,Quorum,Quorum > Tech Shoppers > Physical Visitors,Quoru200,0.0
2026-07-01,DSP Marketplace - BFM,Beeswax,Beachfront Deal Curation,Beeswax - CTV - VideoAmp - Entertainment,VideoAmp99362,63.14
2026-08-01,DSP Marketplace - BFM,Bidswitch,Beachfront Deal Curation,Seedtag NeuroX | Always-On | Streaming & Content Connoisseurs - Connected TV,STNXCTV004,0.0
2026-08-01,DSP Marketplace - BFM,Epsilon (Conversant),Beachfront Deal Curation,Conversant Deal - CTV  - Paramount,136720822616,88.94
2026-08-01,DSP Marketplace - BFM,SmartyAds,Beachfront Deal Curation,SmartyAds Sports Deals - CTV,Beach205,0.02
2026-08-01,Open Auction - BFM,—,—,2608 - WESTIES Critics Promo - AUG 2026 - MGMPHD363486 - MOVIES,,17.4
2025-08-01,Select - BFM,Xandr,Quorum,Quorum Optimized > MSFT > High Index Zips - Shopping Mall Visitors - CTV,Quoru39,0.0
2025-08-01,Open Auction - BFM,—,—,F0034477 EL SHOW DE LA F1 LUNES 20s FSP_1,,0.0
2025-09-01,Open Auction - BFM,Knorex,—,Bidswitch - APP Display,,1.16
2025-11-01,DSP Marketplace - BFM,Basis Technologies,Beachfront Deal Curation,Basis Deal - CTV - Skechers 2025 - Men 45+ - Entertainment,242487362196,2381.3
2025-09-01,Select - BFM,SimpliFi,33Across,33Across - Simplifi - CTV - Sports Audience - BF,33Acr1,27.01
2025-08-01,Open Auction - BFM,StackAdapt,—,StackAdapt - CTV - Open Auction - Efficiency Monitoring,,5017.48
2025-08-01,Open Auction - BFM,SundaySky,—,SundaySky - MW - 1st Price,,5187.2
2025-10-01,Select - BFM,Xandr,Quorum,Quorum Optimized > MSFT > High Index Zips - Dairy Queen Visitors - CTV,Quoru94,0.0
2025-07-01,DSP Marketplace - BFM,Basis Technologies,Beachfront Deal Migration,Basis - CTV - Political Local News,BFM109,23.48
2025-07-01,DSP Marketplace - BFM,MadHive,—,MadHive Deal - CTV (Halloween CTV - Deal Library),BFM031,235.77
2025-11-01,Open Auction - BFM,Basis Technologies,—,Centro Video Web (1st Price),,11404.78
2025-09-01,DSP Marketplace - BFM,4INFO,—,4INFO Deal - CTV - T1 Indirect - (ID),604331713250,0.0
2025-12-01,Open Auction - BFM,Cepia,—,Zhu Zhu Pets City November,,0.03
2026-07-01,DSP Marketplace - BFM,DV360,Beachfront Deal Curation,Seedtag NeuroX | Always-On | Top Executives - Connected TV,STNXCTV012,13.29
2026-07-01,Select - BFM,Bidswitch,MultiLocal,T9_mlm_TA_US_CT_CTV_BF_MLMBRID4972,Multi24,0.0
2026-07-01,Select - BFM,JamLoop OpenRTB,TEGNA,Jamloop - AO - News - CTV - TEGNASOURCED 081221,TEGNA1,4280.31
2026-07-01,DSP Marketplace - BFM,Octillion,Beachfront Deal Migration,Octillion Deal - CTV - WeatherGroup,370043533271,225.96
2026-08-01,Open Auction - BFM,GroundTruth,—,GroundTruth Display,,0.18
2026-08-01,DSP Marketplace - BFM,SmartyAds,Beachfront Deal Curation,SmartyAds - Juneteenth - 2026 Deal,Beach260,0.0
2025-09-01,DSP Marketplace - BFM,GroundTruth,—,GroundTruth Deal - CTV - Hispanic (Deal Library),820449397388,3.52
2025-09-01,DSP Marketplace - BFM,Octillion,Beachfront Deal Migration,Octillion Deal - CTV - Hispanic,649700474243,252.23
2025-09-01,Open Auction - BFM,DV360,—,Bidswitch - CTV - 1st Price,,24837.79
2025-12-01,DSP Marketplace - BFM,Bidswitch,—,Roku Deal - CTV (Political - Right Leaning) (MiQ),550906806175,0.0
2025-09-01,DSP Marketplace - BFM,SimpliFi,Beachfront Deal Curation,Simpli.Fi Deal - CTV - Hallmark,255275153074,0.03
2025-08-01,DSP Marketplace - BFM,Bidswitch,—,Bidswitch Deal - CTV - Local News (Deals Discovery),179348574202,0.0
2025-08-01,Select - BFM,DV360,IRIS,IRIS.TV - OMD - National Guard - Sentiment CTV_BFM,IRIS00270,127.31
2025-07-01,DSP Marketplace - BFM,TheTradeDesk,—,TTD Deal - HavasEdge - News (CTV),444999098157,0.0
2025-08-01,DSP Marketplace - BFM,StackAdapt,Beachfront Deal Curation,StackAdapt_Standard Inventory Packages_Beachfront_2025_Genre Level Reporting,Beach177,0.0
2025-09-01,DSP Marketplace - BFM,StackAdapt,Beachfront Deal Curation,StackAdapt_Standard Inventory Packages_Beachfront_2025_[Allows Politics],Beach162,0.0
2025-12-01,Open Auction - BFM,Lift,—,Bidswitch - APP Display,,0.0
2025-07-01,DSP Marketplace - BFM,StackAdapt,—,StackAdapt Deal - MW (70%+ Viewability),350818728459,149.31
2025-11-01,Select - BFM,DV360,Quorum,Quorum > Food Lovers > Physical Visitors,Quoru195,0.0
2025-09-01,DSP Marketplace - BFM,Basis Technologies,—,Basis Deal - Broadcast Network CTV,732557695911,0.42
2025-12-01,Select - BFM,DV360,Quorum,Quorum > Sports Fans > Physical Visitors,Quoru231,0.0
2025-12-01,Select - BFM,Quantcast,Quorum,Quorum > Holiday Shoppers > Physical Visitors,Quoru198,0.0
2026-07-01,Open Auction - BFM,The Media Sense,—,The Media Sense DSP Inapp Video,,0.0
2026-07-01,Open Auction - BFM,Viant,—,Viant - Desktop - 1st Price,,413.33
2026-08-01,Open Auction - BFM,Knorex,—,Bidswitch - APP Display,,0.01
2026-08-01,Open Auction - BFM,—,—,F0047466 90 LIGAS LUN MIE VIE 9 PM 30,,0.0
2025-09-01,Select - BFM,Bidswitch,IRIS,GumGum - Cendyn - Royalton - Contextual CTV_BFM,IRIS00289,0.0
2025-07-01,Open Auction - BFM,Sharethrough,—,Sharethrough CTV Video,,9196.71
2025-07-01,Select - BFM,Viant,IRIS,IRIS.TV - Viant - Sports CTV_BFM,IRIS00314,4767.91
2025-12-01,Select - BFM,TheTradeDesk,Aki,Aki Deal - CTV - Morning News,Aki5,0.0
2025-12-01,Select - BFM,TheTradeDesk,Strategus,TTD - Strategus - CTV - $12 and Below,STRAT002,14388.01
2025-08-01,DSP Marketplace - BFM,StackAdapt,—,StackAdapt Deal - CTV (Spanish Language),298330405897,258.03
2025-11-01,Open Auction - BFM,—,—,F0034001 CENTRAL FOX CAJAS ENE 25 v2,,0.0
2025-09-01,DSP Marketplace - BFM,PulsePoint,—,Pulsepoint Deal - CTV - Innovid Test,858893427768,0.0
2025-08-01,DSP Marketplace - BFM,SimpliFi,BFM Internal,Simpli.Fi Deal - TEGNA,121961372178,115.77
2025-09-01,Open Auction - BFM,—,—,F0037424 MEXICANOS MLB 2025 GENERICA 20,,0.0
2025-08-01,Select - BFM,TheTradeDesk,IRIS,IRIS.TV - Quantum11 - Potbelly Contextual CTV_BFM,IRIS00282,296.91
2025-07-01,DSP Marketplace - BFM,Epsilon (Conversant),Beachfront Deal Curation,Conversant Nicotine Vaping Category Targeting - Video/CTV,Beach117,0.27
2025-11-01,Select - BFM,TheTradeDesk,Strategus,TTD Deal - CTV - Wades RV - National News - Live,Strat56,163.06
2025-07-01,DSP Marketplace - BFM,JamLoop OpenRTB,—,JamLoop Deal - CTV - Fox News - Network Targeted - Zip List,888956426019,0.0
2025-11-01,DSP Marketplace - BFM,JamLoop OpenRTB,—,JamLoop Deal - CTV - Fubo - Efficient CPM,302473738758,402.44
2025-09-01,Select - BFM,TheTradeDesk,Media Culture,BCH Tubi TV US,MCBCHTubiTVUS,0.48
2025-09-01,Select - BFM,Viant,Sightly,Goldbelly,Sight21,0.16
2025-11-01,Open Auction - BFM,Viant,—,0,,0.0
2025-07-01,Open Auction - BFM,4INFO,—,4INFO Deal - CTV - T1 Indirect - (COOK),,0.0
2025-07-01,Open Auction - BFM,—,—,2507 - MGMPLUS - JULY XCH - MOVIES - MGMPHD20311-12,,96.53
2025-09-01,DSP Marketplace - BFM,—,Beachfront Deal Migration,0,"443119806437, 554902786103",0.0
2026-07-01,Open Auction - BFM,Zeta DSP,—,Bidswitch - APP,,60.62
2026-07-01,DSP Marketplace - BFM,Viant,—,Viant - Linear (Women),448163662776,336.0
2026-08-01,Open Auction - BFM,Walmart,—,TTD - MW - 1st Price (HB),,0.29
2025-10-01,DSP Marketplace - BFM,MadHive,Beachfront Deal Migration,MadHive Deal - CTV (Alcohol),110295217642,0.0
2025-09-01,Open Auction - BFM,Epsilon (Conversant),—,Conversant - Web - Open Auction - Video,,271.33
2025-07-01,Open Auction - BFM,Beeswax,—,Beeswax UR Improvement Tier 2 (Mid UR),,5540.41
2025-07-01,Open Auction - BFM,Inspiritum,—,Bidswitch - APP Display,,0.0
2025-07-01,Select - BFM,Viant,IRIS,Viant - Coinstar CTV_BFM,IRIS00355,0.0
2025-07-01,Open Auction - BFM,—,—,1PlayWorks test,,0.02
2025-12-01,Open Auction - BFM,Bidswitch,—,Bidswitch - Desktop [Display],,0.0
2026-07-01,Open Auction - BFM,GroundTruth,—,SEEDTAG (DON'T USE),,14.01
2025-11-01,Open Auction - BFM,IPONWEB BidCore,—,Bidswitch - Seedtag,,0.78
2025-11-01,Open Auction - BFM,Amazon DSP,—,Bidswitch -RTB- Getintent-Whitelist- Web Display,,0.0
2025-12-01,DSP Marketplace - BFM,Viant,—,Viant Deal - CTV (Genre: Movie),737121000152,466.83
2025-08-01,Open Auction - BFM,DeepIntent,—,DeepIntent CTV OLV Demand,,56.02
2025-11-01,Select - BFM,Viant,Quorum,Quorum Optimized > Viant > Nationwide Targeting - Banner,Quoru52,0.17
2025-07-01,DSP Marketplace - BFM,TheTradeDesk,BFM Internal,TTD Deal - CTV - MiQ Fubo Extension,770425332965,307.01
2025-07-01,Select - BFM,TheTradeDesk,Media Culture,US_CTV_Family & Parenting,BCHUSCTVFP,0.0
2025-09-01,Select - BFM,Xandr,Quorum,Quorum Optimized > MSFT > High Index Zips - Arby's Visitors - CTV,Quoru78,0.04
2025-09-01,Select - BFM,Xandr,Quorum,Quorum Optimized > MSFT > High Index Zips - Marriott Hotel Visitors - Banner,Quoru47,0.0
2025-09-01,Select - BFM,Xandr,Quorum,Quorum Optimized > MSFT > High Index Zips - Smoothie King Visitors - Banner,Quoru105,0.0
2025-09-01,DSP Marketplace - BFM,Yahoo DSP,—,Yahoo Deal - CTV (Division D RON $13),344398214696,56.29
2025-09-01,DSP Marketplace - BFM,4INFO,—,4INFO Deal - CTV - T1 Indirect - (PAR),960196981233,0.0
2025-12-01,DSP Marketplace - BFM,Basis Technologies,Beachfront Deal Curation,Basis Deal - CTV - Catawba Two Kings Casino 2025,589953934941,61.91
2025-09-01,DSP Marketplace - BFM,Epsilon (Conversant),Beachfront Deal Curation,Conversant Pharma Category Targeting - Video/CTV,Beach115,297.17
2025-07-01,Open Auction - BFM,4INFO,—,4INFO Deal - CTV - T1 Indirect - (USA),,0.0
2026-07-01,DSP Marketplace - BFM,Bidswitch,BFM Internal,Roku Deal - CTV (Political Networks - Progressive) (Pub Targeted) (MiQ),890620965784,0.0
2026-07-01,Open Auction - BFM,DV360,—,Bidswitch - Desktop [Display],,413.9
2026-07-01,DSP Marketplace - BFM,DV360,Beachfront Deal Curation,Seedtag NeuroX | Always-On | Pop Culture & Entertainment Insiders - Connected TV,STNXCTV007,52.84
2026-07-01,DSP Marketplace - BFM,IQM,BFM Internal,IQM - CTV - AMC Network - Channel - Adjusted - Politics Allowed,IQM002,0.0
2026-07-01,DSP Marketplace - BFM,TheTradeDesk,Beachfront Deal Migration,TTD Deal - Holiday/Shopping CTV (Deal Library) - Genre - Goodway,774408369864,0.0
2026-07-01,Open Auction - BFM,Stirista,—,Stirista - MW [Display],,0.0
2026-08-01,Open Auction - BFM,Adtelligent,—,Adtelligent - CTV - A+E Networks $15,,187.34
2026-08-01,Select - BFM,Basis Technologies,IRIS,IRIS.TV - Basis - Outdoor/Sports - CTV_BFM,IRIS00060,85.66
2026-08-01,Open Auction - BFM,Marketing Architects -RTB,—,Marketing Architects - PlayerWON,,0.0
2025-10-01,Open Auction - BFM,Marketing Architects -RTB,—,Marketing Architects - OTT,,742.47
2025-08-01,Select - BFM,Xandr,Quorum,Quorum Optimized > MSFT > High Index Zips - Burger King Visitors - CTV,Quoru58,0.42
2025-07-01,Open Auction - BFM,SmartyAds,—,SmartyAds - CTV (Streaming Apps),,1437.32
2025-07-01,Select - BFM,Xandr,Quorum,Quorum Optimized > MSFT > High Index Zips - Kia Dealership Visitors - CTV,Quoru128,0.0
2025-12-01,Open Auction - BFM,Lemma DSP,—,Lemma DSP CTV Ad,,27583.34
2025-12-01,Open Auction - BFM,Basis Technologies,—,Centro Display Web,,1948.19
2025-12-01,Select - BFM,Beeswax,Simulmedia,PlayerWON-Ribeye-GFN-FY25,PlayerWONRibeyeGFNFY25,0.0
2025-08-01,Open Auction - BFM,Walmart,—,TTD - CTV (1st Price),,5284.9
2025-09-01,DSP Marketplace - BFM,StackAdapt,—,StackAdapt Deal - CTV - A&amp;E (Network),679382125032,18.56
2025-08-01,DSP Marketplace - BFM,TheTradeDesk,—,TTD Deal - CTV (Political Networks - Progressive) (MiQ),699705236534,0.0
2025-10-01,Open Auction - BFM,Unruly,—,Unruly Web 1st Price Video (Mobile Only),,0.0
2025-10-01,Open Auction - BFM,OnSpot Data,—,Bidswitch - APP 1st Price,,3.53
2025-10-01,Open Auction - BFM,Bidswitch,—,Bidswitch - CTV (AMC),,0.0
2025-07-01,Select - BFM,TheTradeDesk,IRIS,IRIS.TV - VaynerMedia - Sabra Contextual CTV_BFM,IRIS00366,0.0
2025-09-01,DSP Marketplace - BFM,4INFO,—,Cadent_FX_PMP_Testv2,063371218587,0.0
2025-12-01,Select - BFM,Bidswitch,MultiLocal,mCanvas_mlm_Roku_US_CTV_BF_MLMBRID7304,Multi42,0.0
2025-11-01,DSP Marketplace - BFM,GroundTruth,Beachfront Deal Curation,GroundTruth Deal - CTV - RON - Canada,340423331748,305.53
2026-07-01,Open Auction - BFM,Unruly,—,Unruly Web 1st Price Video (Mobile Only),,0.0
2025-11-01,Select - BFM,TheTradeDesk,Aki,Aki Deal - CTV - Weekend Morning Moments,Aki14,0.0
2025-12-01,Open Auction - BFM,—,—,F0044572 MASL MILWA VS UTICA DOMINGO 15,,0.0
2025-09-01,Open Auction - BFM,—,—,Ad Theorent - Desktop/MW - 1st Price,,0.0
2025-09-01,Select - BFM,—,IRIS,IRIS.TV - Q11 Crunch - Contextual CTV_BFM,,0.0
2026-07-01,DSP Marketplace - BFM,DV360,Beachfront Deal Curation,Seedtag NeuroX | Always-On | Healthcare Decision Makers - Connected TV,STNXCTV023,1.82
2026-08-01,Open Auction - BFM,Adtheorent,—,Ad Theorent - CTV - 1st Price,,323.87
2025-12-01,DSP Marketplace - BFM,Octillion,—,Octillion Deal - CTV - A&E - Network Targeting,747279147159,4.41
2025-11-01,Open Auction - BFM,Marketing Architects -RTB,—,Marketing Architects - CTV 1st Price,,21834.59
2025-11-01,Select - BFM,Viant,Sightly,MyFitnessPal,Sight18,0.0
2025-08-01,Open Auction - BFM,Marketing Architects -RTB,—,Marketing Architects - OTT,,184.55
2025-09-01,DSP Marketplace - BFM,MadHive,BFM Internal,0,"MH32, MH34, MH37",0.0
2025-08-01,DSP Marketplace - BFM,MadHive,BFM Internal,MadHive - CTV - Plex (Price Targeted),MH37,1727.28
2025-11-01,Select - BFM,Bidswitch,MultiLocal,mCanvas_mlm_Roku_BR_CTV_BF_MLMBRID7304,Multi44,0.0
2025-09-01,Select - BFM,Beeswax,Simulmedia,Simulmedia Beeswax Connection Rewarded,Simul2,0.0
2025-09-01,Open Auction - BFM,DV360,—,0,,0.0
2025-08-01,Select - BFM,Xandr,Quorum,Quorum Optimized > MSFT > High Index Zips - Chevrolet/Buick/GMC Dealership Visitors - Banner,Quoru113,0.0
2025-10-01,Open Auction - BFM,DeepIntent,—,DeepIntent Web/InApp Display,,36.58
2025-11-01,Open Auction - BFM,Sharethrough,—,Sharethrough CTV Video - Shamrock Farms Bundle Optimized,,885.84
2025-09-01,DSP Marketplace - BFM,Viant,—,Viant Deal - CTV - Univision RON,622863670680,0.0
2025-07-01,Open Auction - BFM,SmartClip,—,Sky_DE_SmartClip,,0.0
2025-09-01,DSP Marketplace - BFM,Viant,—,Viant - Linear (Sports),598949723631,2794.0
2025-09-01,Select - BFM,TheTradeDesk,Aki,Aki Deal - CTV - Guilty Pleasure Moment,Aki13,0.11
2025-09-01,Select - BFM,TheTradeDesk,Strategus,Strategus Deal - CTV - Live Sports,BFM105,0.1
2025-12-01,Select - BFM,DV360,Quorum,Quorum > Boat Enthusiasts > Physical Visitors,Quoru191,0.0
2026-08-01,Select - BFM,TheTradeDesk,Chief Media,Live Soccer - Walmart DSP,16351684984351,0.0
2025-11-01,Open Auction - BFM,OnSpot Data,—,Bidswitch - Desktop - 1st Price (HB),,87.14
2025-09-01,Select - BFM,Viant,Plex,Plex_Adelphic_$22,Plex2,31.6
2025-09-01,Select - BFM,Viant,IRIS,Viant - Sonny's BBQ - Contextual CTV_BFM,IRIS00351,787.19
2025-09-01,Select - BFM,Xandr,Quorum,Quorum Optimized > MSFT > High Index Zips - Mercedes-Benz Dealership Visitors - Banner,Quoru133,0.0
2025-12-01,Select - BFM,Bidswitch,MultiLocal,T9_mlm_TA_US_CT_CTV_BF_MLMBRID4972,Multi24,0.0
2025-12-01,Select - BFM,TheTradeDesk,Quorum,Quorum - Tech Shoppers - Physical Visitors,Quoru215,0.0
2025-11-01,DSP Marketplace - BFM,GroundTruth,Beachfront Deal Curation,NBA - Live - CTV - Contextual - Tentpole Deal - GroundTruth,Beach137,0.74
2025-08-01,Select - BFM,DV360,IRIS,GumGum - Cendyn - Royalton - Contextual CTV_BFM,IRIS00289,14.99
2025-09-01,DSP Marketplace - BFM,SimpliFi,Beachfront Deal Curation,Simpli.Fi Deal - CTV - TCL,547546029077,0.0
2025-10-01,Open Auction - BFM,OTT Advisors (Demand),—,OTT Advisors Deal - CTV - (Univision) (Bundles),,0.0
2025-08-01,Select - BFM,Xandr,IRIS,MNI - Business & Finance CTV_BFM,IRIS72,0.0
2025-07-01,DSP Marketplace - BFM,Yahoo DSP,Beachfront Deal Curation,New Media Video RON - Yahoo,319942045448,2.28
2025-09-01,DSP Marketplace - BFM,StackAdapt,Beachfront Deal Curation,StackAdapt_Standard Inventory Packages_Beachfront_2025_[Allows CBD],Beach159,0.0
2025-09-01,DSP Marketplace - BFM,TheTradeDesk,—,TTD Deal - OLV - Gourmet Ads (Moran Group),809371838039,0.0
2025-12-01,Select - BFM,Viant,IRIS,IRIS.TV - Viant - Joy - Emotional Sentiment CTV_BFM,IRIS00317,265.56
2025-08-01,DSP Marketplace - BFM,Viant,—,Viant Deal - CTV - Univision RON,622863670680,0.0
2025-07-01,Open Auction - BFM,Unruly,—,Unruly InApp 1st Price Video,,0.0
2025-07-01,DSP Marketplace - BFM,Viant,Beachfront Deal Migration,Viant Deal - CTV (Sports - All),973650277866,28.23
2025-10-01,DSP Marketplace - BFM,Yahoo DSP,Beachfront Deal Curation,Yahoo - OLV - Live Sports Deal - Digital Remedy,672530948112,0.0
2025-09-01,DSP Marketplace - BFM,Zeta DSP,—,Bidswitch Deal - Zeta - CTV - $5-$9 (Spanish),965563756301,0.0
2025-09-01,Select - BFM,TheTradeDesk,IRIS,IRIS.TV - Quantum11 - Potbelly Contextual CTV_BFM,IRIS00282,84.61
2025-09-01,DSP Marketplace - BFM,SimpliFi,BFM Internal,SimpliFi Deal - OLV (RON),178331162810,0.0
2025-09-01,Open Auction - BFM,—,—,Bidswitch - Seedtag,,0.0
2026-07-01,Open Auction - BFM,—,—,F0047145 MONSTER JAM EP10 SABADO 15s,,0.0
2025-08-01,DSP Marketplace - BFM,—,BFM Internal,MadHive - CTV - Pluto Bundle Override (Price Targeted),,0.0
2026-07-01,DSP Marketplace - BFM,SmartyAds,Beachfront Deal Curation,Russian Language Content - SmartyAds,847291563204,0.0
2026-07-01,DSP Marketplace - BFM,Walmart,Beachfront Deal Migration,TTD Deal - CTV ($15 MiQ) (Walmart),176619450572,6371.38
2026-08-01,DSP Marketplace - BFM,Bidswitch,Beachfront Deal Curation,Seedtag NeuroX | Always-On | Finance & Investment Pros - Connected TV,STNXCTV011,0.0
2026-08-01,DSP Marketplace - BFM,MadHive,BFM Internal,MadHive - CTV - Fubo (Price Targeted),MH38,19.47
2025-07-01,Select - BFM,Xandr,Quorum,Quorum Optimized > MSFT > High Index Zips - Infiniti Dealership Visitors - Banner,Quoru123,0.0
2025-09-01,DSP Marketplace - BFM,4INFO,—,4INFO Deal - CTV - T1 Indirect - (TRU),085159730982,0.0
2025-12-01,Select - BFM,TheTradeDesk,Aki,Aki Deal - CTV - Game Time Moments,Aki21,0.0
2025-12-01,Open Auction - BFM,Unruly,—,Unruly Web 1st Price Video (Mobile Only),,0.0
2025-11-01,DSP Marketplace - BFM,TheTradeDesk,—,TTD Deal - In Market Subaru - CTV,551196808383,16591.75
2025-10-01,DSP Marketplace - BFM,StackAdapt,Beachfront Deal Migration,StackAdapt Deal - CTV - Efficiency Monitoring,443119806437,390.87
2025-10-01,Select - BFM,Bidswitch,MultiLocal,mCanvas_mlm_CSA_DE_CTV_BF_MLMBRID7214,Multi31,0.0
2025-08-01,DSP Marketplace - BFM,IQM,—,IQM Deal - Web - News RON - Politics Allowed,599662147395,0.27
2025-08-01,Select - BFM,JamLoop OpenRTB,Hearst News,Hearst - Jamloop $14 Floor CTV,Hearst2,61.83
2025-08-01,Select - BFM,Xandr,Quorum,Quorum Optimized > MSFT > High Index Zips - Smoothie King Visitors - Banner,Quoru105,0.0
2025-10-01,Select - BFM,Yahoo DSP,Camelot,Yahoo - Curated CTV,PMGCuratedCTV,4495.41
2025-09-01,Open Auction - BFM,Viant,—,Viant - APP,,1550.71
2025-09-01,Select - BFM,Bidswitch,33Across,33Across_Quantum_CustomComfortMattress__CTV_BFM,33Acr39,0.0
2025-12-01,Open Auction - BFM,—,—,Yahoo - Desktop MW - Open Auction - Efficiency Monitoring,,0.0
2026-08-01,DSP Marketplace - BFM,Beeswax,BFM Internal,Beeswax Deal - CTV - VideoAmp - FEP,118866276082,107.17
2026-08-01,DSP Marketplace - BFM,DV360,Beachfront Deal Curation,Wellness & Mindful Living Advocates - DV360 - Marketplace,STNXCTV019,0.02
2025-07-01,DSP Marketplace - BFM,TheTradeDesk,—,TTD Deal - CTV ($20 MiQ),992592731681,14.2
2025-07-01,Open Auction - BFM,—,—,F0033755 UFC FSP GENÉRICA VALS-METAL 20,,0.0
2025-09-01,DSP Marketplace - BFM,4INFO,—,Cadent_HGTV_PMP,839140517552,0.0
2025-11-01,Open Auction - BFM,Lemma DSP,—,Lemma DSP Inapp Video,,164.41
2025-10-01,DSP Marketplace - BFM,Octillion,Beachfront Deal Migration,Octillion Deal - CTV - WeatherGroup,370043533271,438.4
2025-10-01,Open Auction - BFM,AdElement,—,Bidswitch - Desktop [Display],,15.43
2025-10-01,DSP Marketplace - BFM,Epsilon (Conversant),Beachfront Deal Curation,Conversant Political Issues Category Targeting - Video/CTV,Beach116,31.67
2025-09-01,Open Auction - BFM,SmartyAds,—,SmartyAds - Web [Display] (Allow List 9.7.21),,100.6
2025-09-01,DSP Marketplace - BFM,Bidswitch,—,Bidswitch Deal - CTV - Roku - MIQ - Mexico,778660458515,0.0
2025-09-01,DSP Marketplace - BFM,StackAdapt,—,StackAdapt Deal - CTV - Hallmark (Network),545977539514,13.47
2025-12-01,Open Auction - BFM,—,—,Bidswitch - Desktop - 1st Price (HB),,0.0
2025-08-01,Select - BFM,StackAdapt,Audigent,Audigent & Beachfront - AUD-066596 - PMG - Experian - CTV SmartPMP - High Credit Card Score US - ctv,Audig1803,2467.8
2025-09-01,DSP Marketplace - BFM,Unruly,—,Unruly RTBHouse Deal - OLV - ($2),577056368531,0.0
2025-09-01,Select - BFM,Between Exchange,Infillion Demand,Pulte RON - Display 2,InfPulteRON2,0.0
2025-10-01,DSP Marketplace - BFM,Adtheorent,Beachfront Deal Curation,BigHappy Mobile Web RON - Video,BigHappy01733,0.0
2026-07-01,DSP Marketplace - BFM,Beeswax,BFM Internal,Beeswax Deal - CTV - Sensitive (Non-Cannabis),343539490451,0.08
2026-07-01,Open Auction - BFM,OnSpot Data,—,Bidswitch - APP 1st Price,,3.77
2026-08-01,DSP Marketplace - BFM,JamLoop OpenRTB,Beachfront Deal Curation,Live Sport - CTV - Golf Only - Jamloop,988359389694,5.16
2025-07-01,Open Auction - BFM,—,—,2507 - MGMPLUS - INSTITUTE S1 PROMO - MOVIES - MGMPHD363209 ,,275.38
2025-12-01,DSP Marketplace - BFM,DeepIntent,Beachfront Deal Curation,DeepIntent - OLV - High CTR,603676934637,35.78
2025-11-01,Open Auction - BFM,LoopMe,—,LoopMe DSP Lottery Campaign copy (deal mimic),,1824.0
2025-11-01,DSP Marketplace - BFM,StackAdapt,—,StackAdapt Deal - CTV - NBC (Network),394570428639,606.68
2025-09-01,Open Auction - BFM,Bidswitch,—,Bidswitch - APP 1st Price,,0.0
2025-11-01,Open Auction - BFM,Basis Technologies,—,Centro Display Web,,864.14
2025-12-01,Open Auction - BFM,Madopi,—,Bidswitch - Seedtag,,0.11
2025-07-01,DSP Marketplace - BFM,Basis Technologies,Beachfront Deal Migration,Basis Deal - Hispanic CTV,532371564041,571.3
2025-10-01,Open Auction - BFM,OnSpot Data,—,Bidswitch - CTV (Charter),,0.0
2025-07-01,Open Auction - BFM,Lift,—,Bidswitch -RTB- Getintent-Whitelist- Web Display,,0.0
2025-12-01,Select - BFM,Quantcast,Quorum,Quorum > Office and Finance > Physical Visitors,Quoru229,0.0
2026-07-01,DSP Marketplace - BFM,Basis Technologies,BFM Internal,Basis Deal - CTV - All Supply w/ Channel Targeting,BFM038,103.22
2026-07-01,DSP Marketplace - BFM,Viant,—,Viant - Linear (Adults),316829879699,350.0
2026-08-01,DSP Marketplace - BFM,MadHive,Beachfront Deal Curation,MadHive Deal - CTV - Live Sports,263057593976,0.0
2025-10-01,Select - BFM,JamLoop OpenRTB,TEGNA,Jamloop - AO - News - CTV - TEGNASOURCED 081221,TEGNA1,1520.65
2025-10-01,DSP Marketplace - BFM,TheTradeDesk,Beachfront Deal Migration,TTD Deal - Holiday/Shopping CTV (Deal Library) - Genre - Goodway,774408369864,535.5
2025-12-01,Open Auction - BFM,Adtelligent,—,Adtelligent - CTV (Fubo),,1.2
2025-12-01,Open Auction - BFM,Adtelligent,—,Adtelligent - CTV (Price Targeted),,2183.37
2025-12-01,DSP Marketplace - BFM,Viant,Beachfront Deal Curation,Viant Deal - CTV - Plex 1:1 Always On,772180040131,110.62
2025-07-01,Open Auction - BFM,Bidswitch,—,Bidswitch - CTV (Charter),,0.0
2025-08-01,Open Auction - BFM,Epsilon (Conversant),—,Conversant OutsideTV CTV (204777),,1.33
2025-09-01,DSP Marketplace - BFM,DV360,—,Bidswitch Deal - CTV - Local News (Deals Discovery),179348574202,2.17
2025-11-01,Open Auction - BFM,TheTradeDesk,—,TTD - APP,,10511.87
2025-11-01,Open Auction - BFM,Yahoo DSP,—,Yahoo - Desktop MW - Open Auction,,10217.65
2025-07-01,DSP Marketplace - BFM,SimpliFi,—,Simpli.Fi Deal - CTV - Political Allowed,726365806621,135.0
2025-11-01,DSP Marketplace - BFM,Basis Technologies,—,Basis Deal - Fubo CTV (RON),BFM062,224.13
2025-07-01,DSP Marketplace - BFM,Viant,—,Viant - Linear ($2 Spot),669366982181,0.0
2025-07-01,DSP Marketplace - BFM,Viant,—,Viant Deal - CTV  - Women&#039;s World Cup,BFM033,1984.37
2025-10-01,DSP Marketplace - BFM,GroundTruth,Beachfront Deal Curation,GroundTruth Deal - Desktop Web - Always On - Display,Beach190,2.51
2025-11-01,Open Auction - BFM,Amazon DSP,—,Bidswitch - MW [Display],,0.0
2025-11-01,Select - BFM,Quantcast,Quorum,Quorum > Hanukkah Shoppers > Physical Visitors,Quoru197,0.0
2025-11-01,Open Auction - BFM,—,—,Basis - CTV - oRTB - (US),,0.0
2025-11-01,Select - BFM,TheTradeDesk,Mavern Media,Mavern Media & Beachfront - Doe Anderson - TTD - Multiple - Live Sports Auction Package - CTV - 20250402,Maver19,0.0
2025-09-01,DSP Marketplace - BFM,Basis Technologies,—,Basis Deal - Network CTV (Disney / Hearst),BFMNET003,0.0
2025-12-01,DSP Marketplace - BFM,—,Beachfront Deal Curation,Conversant Deal - CTV - Political RON,513073226453,0.0
2025-08-01,Open Auction - BFM,Knorex,—,Bidswitch - Desktop [Display],,0.01
2026-07-01,Open Auction - BFM,Infillion,—,Bidswitch - MW [Display],,0.27
2026-07-01,DSP Marketplace - BFM,Epsilon (Conversant),Beachfront Deal Curation,Conversant - Seedtag Q1 Tentpole - New Year New Me - Contextual CTV,Beach207,0.0
2026-07-01,Open Auction - BFM,IQM,—,IQM - Display - Open Auction,,0.87
2026-07-01,DSP Marketplace - BFM,StackAdapt,Beachfront Deal Migration,StackAdapt Deal - CTV - Efficiency Monitoring,443119806437,583.72
2026-08-01,Open Auction - BFM,DBM,—,Seedtag,,168.02
2026-08-01,DSP Marketplace - BFM,MadHive,BFM Internal,MadHive - CTV - Sling Bundle Override (Price Targeted),MH34,1060.39
2025-12-01,DSP Marketplace - BFM,Basis Technologies,—,Basis Deal - CTV Genre - Sports,BFM021,40.07
2025-08-01,DSP Marketplace - BFM,4INFO,—,Cadent_We TV_PMP,111278368904,0.0
2025-07-01,Open Auction - BFM,TheTradeDesk,—,TTD - CTV (1st Price),,180463.83
2025-07-01,DSP Marketplace - BFM,Beeswax,—,Beeswax Deal - VideoAmp - CTV - Always On,112854873831,143.82
2025-11-01,DSP Marketplace - BFM,Epsilon (Conversant),Beachfront Deal Curation,NBA - Live - CTV - Contextual - Tentpole Deal - Conversant,Beach129,0.45
2025-08-01,Open Auction - BFM,SmartyAds,—,SmartyAds - Web Video,,6.17
2025-11-01,Open Auction - BFM,TheTradeDesk,—,TTD - APP - 1st Price,,30.58
2025-08-01,Open Auction - BFM,DV360,—,Bidswitch - MW [Display],,788.33
2025-10-01,DSP Marketplace - BFM,Viant,Beachfront Deal Curation,Viant Deal - CTV - Walter County Tourism (Channels/Networks),196835969212,1263.66
2025-09-01,Open Auction - BFM,SmartyAds,—,SmartyAds - Web (Taboola),,321.56
2025-09-01,Open Auction - BFM,StackAdapt,—,0,,0.0
2025-09-01,DSP Marketplace - BFM,TheTradeDesk,Beachfront Deal Curation,TTD Deal - CTV - Curated by Seedtag - Banking & Wealth Builders (Test),899605193021,0.0
2025-09-01,DSP Marketplace - BFM,MadHive,Beachfront Deal Curation,MadHive Deal - CTV - Live Sports,263057593976,1214.53
2025-08-01,DSP Marketplace - BFM,Basis Technologies,—,Basis Deal - Broadcast Network CTV,732557695911,2.82
2025-09-01,DSP Marketplace - BFM,Epsilon (Conversant),Beachfront Deal Curation,Conversant Deal - CTV - Live Sports RON,810716829549,55.38
2025-11-01,Open Auction - BFM,—,—,F0041382 NFL COLTS VS CHIEFS + EAGLES VS COWBOYS DOMINGO 30,,0.0
2025-08-01,Select - BFM,Inspiritum,Infillion Demand,Pulte RON - Display 2,InfPulteRON2,0.0
2025-08-01,Select - BFM,TheTradeDesk,IRIS,IRIS.TV - Northwestern Medicine CTV_BFM,IRIS00364,0.0
2025-11-01,Open Auction - BFM,Zeta DSP,—,Bidswitch - MW - 1st Price (HB),,0.0
2025-08-01,Open Auction - BFM,—,—,F0039338 NFL CHIEFS VS CARDINALS APP FS DIA 15SEG,,0.0
2025-08-01,DSP Marketplace - BFM,Epsilon (Conversant),Beachfront Deal Curation,Conversant Deal - CTV -  Political Moderates,897851890984,0.01
2025-09-01,Open Auction - BFM,Yahoo DSP,—,0,,0.0
2026-07-01,Open Auction - BFM,AdElement,—,Bidswitch - Desktop [Display],,0.52
2026-08-01,DSP Marketplace - BFM,Adtelligent,Beachfront Deal Curation,Adtelligent Deal - Tegna - CTV,621590006769,121.76
2026-08-01,DSP Marketplace - BFM,Viant,—,Viant - Linear (Sports),598949723631,4.0
2025-07-01,DSP Marketplace - BFM,DeepIntent,Beachfront Deal Curation,DeepIntent deal - CTV - Live Sports,344231282914,48.12
2025-08-01,Open Auction - BFM,—,—,F0038200 INSIDE UFC PARPADEO 30,,0.0
2025-08-01,DSP Marketplace - BFM,GroundTruth,Beachfront Deal Migration,GroundTruth Deal - CTV - Premium Bundles List,783317263332,17711.35
2025-08-01,DSP Marketplace - BFM,MadHive,—,MadHive Deal - CTV (Blue Emu),729057981120,97.81
2025-07-01,Open Auction - BFM,DV360,—,Bidswitch - APP,,9.24
2025-07-01,Open Auction - BFM,SimpliFi,—,SimpliFi - Seedtag,,1338.19
2025-07-01,Open Auction - BFM,—,—,Nagios Monitor - DO NOT DISABLE,,0.0
2025-07-01,DSP Marketplace - BFM,SimpliFi,—,Simpli.fi Deal - CTV (Haystack TV),808246222774,32.62
2025-07-01,DSP Marketplace - BFM,TheTradeDesk,Beachfront Deal Curation,TTD Deal - Casual IQ - Gearheads - CTV - Contextual,556767318487,0.0
2025-07-01,DSP Marketplace - BFM,Viant,—,Viant Deal - CTV - (Nicotine Vaping Allowed),535917205940,2.96
2025-10-01,Open Auction - BFM,Adtelligent,—,Adtelligent - CTV (Fubo),,29.57
2025-11-01,DSP Marketplace - BFM,SimpliFi,Beachfront Deal Curation,Simpli.Fi Deal - CTV - NBA,433152889987,0.0
2025-11-01,DSP Marketplace - BFM,SimpliFi,BFM Internal,Simpli.Fi Deal - Philo,667896312331,730.46
2025-09-01,DSP Marketplace - BFM,StackAdapt,Beachfront Deal Curation,StackAdapt Deal - CTV - Live Sports - Political,BFMSA004,0.57
2025-11-01,DSP Marketplace - BFM,SmartyAds,—,SmartyAds Deal - CTV (Holiday-Shopping),254822275978,203.85
2025-12-01,Select - BFM,AdElement,Quorum,Quorum > Food Lovers > Physical Visitors,Quoru195,0.0
2025-10-01,Open Auction - BFM,—,—,F0040513 NFL WEEK 6 COWB VS PANTH + 49ERS VS BUCCS DOMINGO FS 30,,0.0
2025-12-01,Open Auction - BFM,—,—,Conversant - InApp - Open Auction,,0.0
2026-08-01,DSP Marketplace - BFM,Beeswax,Beachfront Deal Curation,Sports Content  - CTV - Contextual - VideoAmp,Beach149,0.0
2025-09-01,Open Auction - BFM,Epsilon (Conversant),—,Conversant Xumo CTV (203761),,0.9
2025-09-01,DSP Marketplace - BFM,GroundTruth,Beachfront Deal Curation,GroundTruth - Deal - CTV - Apple TV,BFMGT001,38.03
2025-09-01,Open Auction - BFM,Walmart,—,TTD - MW - 1st Price (HB),,17.08
2025-10-01,Open Auction - BFM,DV360,—,Bidswitch - Desktop [Display],,2.47
2025-08-01,Open Auction - BFM,Viant,—,Viant - CTV (Charter),,569.76
2025-09-01,Open Auction - BFM,—,—,TTD - MW - 1st Price (HB),,0.0
2025-09-01,Select - BFM,Bidswitch,33Across,33Across Deal - Display - RTB House - Travel,33Acr16,0.0
2025-08-01,DSP Marketplace - BFM,—,Beachfront Deal Curation,Basis Deal - CTV (P)-SPF,,0.0
2025-09-01,Open Auction - BFM,Streamworx Lda.,—,Bidswitch - APP Display,,0.0
2025-07-01,Open Auction - BFM,Lemma DSP,—,0,,0.0
2025-07-01,Open Auction - BFM,—,—,Centro Display Web,,0.0
2025-09-01,Open Auction - BFM,Adtelligent,—,Adtelligent - CTV,,1933.97
2025-09-01,DSP Marketplace - BFM,IQM,—,IQM Deal - CTV - Battle States - Nevada NV - Politics Allowed (Deal Library),BFM077,0.0
2025-09-01,Select - BFM,Bidswitch,MultiLocal,T9_mlm_TA_CA_CT_CTV_BF_MLMBRID4972,Multi25,0.0
2025-07-01,DSP Marketplace - BFM,SimpliFi,—,Simpli.Fi Deal - CTV - Political Allowed (AMC Networks),646334733342,25.39
2025-07-01,Select - BFM,Stirista,Audigent,Audigent & Beachfront - AUD-066529 - Optimum Media - Multiple Brands - CTV ContextualPMP - Soccer US - ctv,Audig1787,0.0
2025-12-01,DSP Marketplace - BFM,GroundTruth,Beachfront Deal Curation,GroundTruth Deal - CTV - RON - Canada,340423331748,634.83
2025-07-01,DSP Marketplace - BFM,4INFO,—,4INFO Deal - CTV - Genre Music,809033757075,0.03
2025-08-01,Select - BFM,Viant,Audigent,Audigent & Beachfront - AUD-066527 - Optimum Media - Multiple Brands - CTV ContextualPMP - Soccer US - ctv,Audig1797,0.0
2025-08-01,DSP Marketplace - BFM,MadHive,BFM Internal,MadHive - CTV -  CBS Bundle Override (Price Targeted),MH42,5344.81
2025-12-01,DSP Marketplace - BFM,Viant,—,Viant Deal - Desktop/MW (OLV Political - Center Leaning),936723160001,0.0
2025-08-01,Select - BFM,Basis Technologies,IRIS,IRIS.TV - Basis - Outdoor/Sports - CTV_BFM,IRIS00060,273.89
2025-11-01,Select - BFM,Viant,Quorum,Quorum Optimized > Viant > High Index Zips - Home Depot Visitors - Banner,Quoru178,0.0
2025-10-01,DSP Marketplace - BFM,StackAdapt,Beachfront Deal Migration,StackAdapt Deal - CTV (Business and News),385551492251,1269.15
2025-10-01,Open Auction - BFM,—,—,FS_VD_WINGSTOP_LIGAMX_OCT25,,28.45
2026-07-01,Open Auction - BFM,DV360,—,Bidswitch - Desktop - 1st Price (HB),,1.21
2026-07-01,DSP Marketplace - BFM,TheTradeDesk,Beachfront Deal Migration,TTD Deal - Competitive Conquest Subaru - CTV (Spanish Language Targeting),391798492869,5955.01
2026-08-01,DSP Marketplace - BFM,DV360,Beachfront Deal Curation,Seedtag NeuroX | Always-On | Parents & Caregivers - Connected TV,STNXCTV022,3.18
2026-08-01,DSP Marketplace - BFM,Bidswitch,Beachfront Deal Curation,Seedtag NeuroX | Always-On | SMB Owners & Entrepreneurs - Connected TV,STNXCTV013,0.0
2026-08-01,Open Auction - BFM,Bidswitch,—,Bidswitch - APP 1st Price,,0.0
2026-08-01,Open Auction - BFM,—,—,2607 - MGMPLUS - JULY XCH  - MGMP23457-13 - SERIES,,4.28
2025-11-01,Open Auction - BFM,4INFO,—,4INFO - CTV - 1st Price,,442.6
2025-09-01,Open Auction - BFM,IPONWEB BidCore,—,Bidswitch - APP Display,,0.03
2025-09-01,Select - BFM,Bidswitch,MultiLocal,mCanvas_mlm_CSA_DE_CTV_BF_MLMBRID7214,Multi31,0.0
2025-07-01,Open Auction - BFM,Quantcast,—,Bidswitch - Seedtag,,3878.79
2025-12-01,DSP Marketplace - BFM,GroundTruth,—,GroundTruth Deal - CTV - 90% VCR,480630561397,10273.74
2025-07-01,Select - BFM,Viant,Audigent,Audigent & Beachfront - AUD-066527 - Optimum Media - Multiple Brands - CTV ContextualPMP - Basketball US - ctv,Audig1791,0.0
2025-07-01,DSP Marketplace - BFM,Epsilon (Conversant),Beachfront Deal Curation,0,Beach110,0.0
2025-09-01,DSP Marketplace - BFM,SimpliFi,—,Simpli.Fi Deal - CTV - Political Allowed (AMC Networks),646334733342,2.08
2025-08-01,Open Auction - BFM,DV360,—,Bidswitch -RTB- Getintent-Whitelist- Web Display,,0.0
2025-08-01,Open Auction - BFM,DV360,—,Bidswitch - Desktop - 1st Price (HB),,572.68
2025-12-01,DSP Marketplace - BFM,Basis Technologies,Beachfront Deal Curation,Basis Deal - CTV - Skechers 2025 - Men 45+ - Entertainment,242487362196,17165.46
2025-12-01,DSP Marketplace - BFM,Basis Technologies,Beachfront Deal Curation,Basis Deal - CTV - Skechers 2025 - Men 45+ - News,154877815199,8072.76
2025-10-01,Open Auction - BFM,DV360,—,0,,0.0
2025-12-01,DSP Marketplace - BFM,Beeswax,Beachfront Deal Curation,Beeswax - CTV - VideoAmp - Entertainment,VideoAmp99362,2457.78
2025-12-01,Open Auction - BFM,DV360,—,Bidswitch - APP Display,,7.2
2025-11-01,Select - BFM,Xandr,Quorum,Quorum Optimized > MSFT > High Index Zips - Carl's Jr Visitors - CTV,Quoru90,0.08
2026-07-01,DSP Marketplace - BFM,Infillion,Beachfront Deal Curation,Bidswitch Deal - Infillion -  CTV/InApp - FEP/CTV $10 and below (Average Clearing Pice),223910661417,23.85
2025-10-01,Select - BFM,Xandr,Quorum,Quorum Optimized > MSFT > High Index Zips - Lexus Dealership Visitors - CTV,Quoru130,0.07
2025-07-01,DSP Marketplace - BFM,MadHive,BFM Internal,MadHive - CTV - Sling Bundle Override (Price Targeted),MH34,241.66
2025-08-01,Open Auction - BFM,Epsilon (Conversant),—,Conversant Deal - CTV - RON,255653458214,0.0
2025-09-01,Open Auction - BFM,Adtelligent,—,0,,0.0
2025-08-01,Select - BFM,TheTradeDesk,SilverBack,TTD Deal - CTV - Silverback RON - Select,438153998068,617.15
2026-07-01,DSP Marketplace - BFM,DV360,Beachfront Deal Curation,Wellness & Mindful Living Advocates - DV360 - Marketplace,STNXCTV019,1.74
2026-07-01,DSP Marketplace - BFM,Epsilon (Conversant),Beachfront Deal Curation,Conversant - Seedtag Q1 Tentpole - Spring Break - Contextual CTV,Beach222,16.17
2026-07-01,Open Auction - BFM,OTT Advisors (Demand),—,OTT Advisors Deal - CTV - (Univision) (Bundles),,0.0
2026-08-01,Open Auction - BFM,DeepIntent,—,DeepIntent CTV OLV Demand,,6.58
2026-08-01,Open Auction - BFM,Yahoo DSP,—,Yahoo - CTV - Open Auction- Efficiency Monitoring,,197.08
2026-08-01,Open Auction - BFM,—,—,2607 - MGMPLUS - JULY XCH - MGMP23457-13 - MOVIES,,3.72
2025-09-01,DSP Marketplace - BFM,DeepIntent,Beachfront Deal Curation,DeepIntent deal - CTV - 60s RON,996357989476,16.0
2025-09-01,DSP Marketplace - BFM,IQM,—,IQM Deal - CTV - Battle States - Minnesota MN - Politics Allowed (Deal Library),BFM076,0.0
2025-09-01,Open Auction - BFM,Marketing Architects -RTB,—,Marketing Architects - PlayerWON,,0.13
2025-08-01,Open Auction - BFM,—,—,2508 - MGMPLUS - INSTITUTE S1 PROMO - MGMPHD363209 - SERIES,,229.08
2025-07-01,DSP Marketplace - BFM,SimpliFi,BFM Internal,Simpli.Fi Deal - CTV - SportsGrid,133806220723,0.4
2025-09-01,Open Auction - BFM,SmartyAds,—,SmartyAds - CTV (LG),,3.52
2025-07-01,Open Auction - BFM,Marketing Architects -RTB,—,Marketing Architects - CTV 1st Price (Hearst),,29.08
2025-07-01,Open Auction - BFM,Octillion,—,Octillion - CTV - Open,,135.87
2025-11-01,DSP Marketplace - BFM,GroundTruth,—,GroundTruth Deal - CTV - 90% VCR,480630561397,5458.06
2025-12-01,Select - BFM,TheTradeDesk,Quorum,Quorum - Music Lovers - Physical Visitors,Quoru224,0.0
2025-12-01,Select - BFM,Viant,Quorum,Quorum Optimized > Viant > Nationwide Targeting - Banner,Quoru52,0.0
2025-08-01,DSP Marketplace - BFM,Viant,Beachfront Deal Curation,Viant Deal - CTV - Political First Look,971401463248,43.44
2025-10-01,Select - BFM,Viant,Quorum,Quorum Optimized > Viant > High Index Zips - McDonald's Visitors - Banner,Quoru55,0.0
2025-07-01,Open Auction - BFM,IPONWEB BidCore,—,Bidswitch - APP Display,,2.51
2025-09-01,DSP Marketplace - BFM,TheTradeDesk,BFM Internal,0,778377951937,0.0
2026-07-01,Open Auction - BFM,Marketing Architects -RTB,—,Marketing Architects - OTT,,29.74
2026-07-01,DSP Marketplace - BFM,StackAdapt,Beachfront Deal Curation,StackAdapt_Standard Inventory Packages_Beachfront_2025_Sports (General),Beach157,937.44
2026-07-01,DSP Marketplace - BFM,Viant,—,Viant - Linear (Entertainment),236570734372,404.0
2026-08-01,DSP Marketplace - BFM,Epsilon (Conversant),Beachfront Deal Curation,Conversant - Seedtag Q1 Tentpole - Chinese New Year - Contextual CTV,Beach209,23.49
2025-09-01,DSP Marketplace - BFM,IQM,—,IQM Deal - CTV - Sports RON - Politics Allowed,839419934913,0.09
2025-07-01,Open Auction - BFM,—,—,F0037322 LUP GENERICA FOTOS TEXTOS 20s,,0.0
2025-10-01,Open Auction - BFM,SimpliFi,—,SimpliFi - Web (1st Price),,6307.99
2025-11-01,Select - BFM,Beeswax,Simulmedia,PlayerWON-Ribeye-GFN-FY25,PlayerWONRibeyeGFNFY25,0.0
2025-10-01,DSP Marketplace - BFM,Infillion,Beachfront Deal Curation,Bidswitch Deal - Infillion -  CTV/InApp - FEP/CTV $10 and below (Average Clearing Pice),223910661417,1620.16
2025-12-01,Open Auction - BFM,—,—,VTV_Smartclip_O&amp;O_$8,,0.0
2025-12-01,DSP Marketplace - BFM,StackAdapt,Beachfront Deal Curation,StackAdapt_Standard Inventory Packages_Beachfront_2025_Food,Beach165,11.14
2025-09-01,Open Auction - BFM,Walmart,—,TTD - CTV (1st Price),,1635.01
2025-11-01,Open Auction - BFM,Stirista,—,Stirista - Open Auction - OLV (InApp),,0.0
2025-07-01,Select - BFM,Bidswitch,Finstream,Nationwide Insurance,Finst2,0.0
2025-07-01,DSP Marketplace - BFM,JamLoop OpenRTB,—,JamLoop Deal - CTV - Cable Broadcast - Scripps-Newsy,855918727592,2218.72
2025-07-01,DSP Marketplace - BFM,Viant,Beachfront Deal Curation,Viant Deal - Walter County Tourism (Bundles),196835969212,186.78
2025-11-01,Select - BFM,Viant,Viant,GameShow,BFViantGameShow,171.5
2025-08-01,Select - BFM,Bidswitch,33Across,33Across Deal - CTV - RON - RTB - BFM,33Acr31,0.0
2025-07-01,Open Auction - BFM,MadHive,—,MadHive Deal - CTV (Puerto Rico),,0.0
2025-08-01,Open Auction - BFM,—,—,Yahoo - CTV - Open Auction- Efficiency Monitoring,,0.0
2026-07-01,DSP Marketplace - BFM,DV360,Beachfront Deal Curation,Seedtag NeuroX | Always-On | Parents & Caregivers - Connected TV,STNXCTV022,84.86
2026-07-01,DSP Marketplace - BFM,Octillion,Beachfront Deal Curation,Octillion Deal - CTV - Fox Local TV,638579853073,4.71
2026-07-01,DSP Marketplace - BFM,StackAdapt,BFM Internal,StackAdapt Deal - CTV - Plex,406265079126,74.48
2026-08-01,DSP Marketplace - BFM,Bidswitch,Beachfront Deal Curation,Bidswitch Deal - CTV - Zeta - Paramount (No Pluto),732808904693,0.0
2025-08-01,DSP Marketplace - BFM,SimpliFi,Beachfront Deal Migration,SimpliFi Deal - CTV (RON),546471010694,15168.38
2025-10-01,DSP Marketplace - BFM,Viant,—,Viant Deal - CTV - FuseTV,210445449459,335.35
2025-12-01,DSP Marketplace - BFM,TheTradeDesk,—,TTD Deal - Bully Pulpit - CTV Cannabis Approved,133914955,0.0
2025-12-01,DSP Marketplace - BFM,TheTradeDesk,Beachfront Deal Migration,TTD Deal - CTV ($15 MiQ) (Walmart),176619450572,0.0
2025-10-01,Open Auction - BFM,OnSpot Data,—,Bidswitch - Seedtag,,1.52
2025-12-01,Select - BFM,Viant,Sightly,MyFitnessPal,Sight18,0.0
2025-07-01,Select - BFM,TheTradeDesk,Media Culture,Game Show Network,Media24,110.16
2025-07-01,DSP Marketplace - BFM,Beeswax,—,Beeswax Deal - CTV - Sensitive (Non-Cannabis),343539490451,535.9
2025-07-01,Open Auction - BFM,—,—,SmartyAds - CTV (1st Price),,0.0
2025-09-01,Select - BFM,Viant,Audigent,Audigent & Beachfront - AUD-066527 - Optimum Media - Multiple Brands - CTV ContextualPMP - Basketball US - ctv,Audig1791,0.0
2025-09-01,DSP Marketplace - BFM,Viant,Beachfront Deal Migration,Viant Deal - CTV - Content Object Removed,918860075162,6082.0
2025-10-01,Open Auction - BFM,Yahoo DSP,—,Yahoo - CTV - Open Auction- Efficiency Monitoring,,981.67
2025-09-01,Open Auction - BFM,Lemma DSP,—,0,,0.0
2025-07-01,DSP Marketplace - BFM,Octillion,Beachfront Deal Migration,Octillion Deal - CTV - Paramount - Bundles,976384276767,2.3
2026-08-01,DSP Marketplace - BFM,DV360,Beachfront Deal Curation,Seedtag NeuroX | Always-On | Smart Personal Finance Managers - Connected TV,STNXCTV014,0.0
2026-08-01,DSP Marketplace - BFM,Epsilon (Conversant),BFM Internal,Conversant Deal - InApp - RON,116367070037,0.16
2026-08-01,Select - BFM,TheTradeDesk,IRIS,IRIS.TV - Quantum11 - Potbelly Contextual CTV_BFM,IRIS00282,0.0
2025-08-01,DSP Marketplace - BFM,JamLoop OpenRTB,—,JamLoop Deal - CTV - LG Ads - $14,533370911919,5086.02
2025-08-01,DSP Marketplace - BFM,Octillion,Beachfront Deal Migration,Octillion Deal - CTV - Paramount,976384276767,240.68
2025-08-01,DSP Marketplace - BFM,SimpliFi,—,Simplifi Deal - CTV - All Supply w/ Channel Targeting,263082243873,0.78
2025-08-01,Select - BFM,Xandr,Quorum,Quorum Optimized > MSFT > High Index Zips - Genesis Dealership Visitors - Banner,Quoru117,0.0
2025-07-01,Select - BFM,Stirista,Audigent,Audigent & Beachfront - AUD-066529 - Optimum Media - Multiple Brands - CTV ContextualPMP - Baseball US - ctv,Audig1783,0.0
2025-12-01,Open Auction - BFM,Bidswitch,—,Bidswitch - Desktop - 1st Price (HB),,0.0
2025-08-01,DSP Marketplace - BFM,4INFO,—,Cadent_FBN_FOX Business_PMP,965906603107,0.0
2025-08-01,DSP Marketplace - BFM,Viant,BFM Internal,Viant Deal - Firearms Allowed,130263370196,0.3
2025-08-01,Open Auction - BFM,Viant,—,Viant - APP,,2026.39
2025-09-01,DSP Marketplace - BFM,MadHive,BFM Internal,MadHive - CTV - Fox Television Stations Bundle Override,831874983072,9712.6
2025-08-01,Open Auction - BFM,Bidswitch,—,Bidswitch - CTV - 1st Price,,0.5
2025-10-01,Open Auction - BFM,Epsilon (Conversant),—,Conversant - CTV - Open Auction (Charter),,290.53
2025-09-01,DSP Marketplace - BFM,4INFO,—,4INFO Deal - CTV - T1 Indirect - (HGTV),622702612798,0.0
2025-08-01,DSP Marketplace - BFM,PulsePoint,—,Pulsepoint Deal - CTV - Innovid Test,858893427768,0.0
2025-11-01,DSP Marketplace - BFM,Octillion,—,Octillion Deal - CTV - A&E - Network Targeting,747279147159,286.83
2025-11-01,Open Auction - BFM,—,—,TTD - APP [Display],,0.0
2025-08-01,Select - BFM,TheTradeDesk,Aki,Aki Deal - CTV - DIY Moments,Aki23,74.35
2025-07-01,Open Auction - BFM,Knorex,—,Bidswitch - CTV - 1st Price,,11.82
2025-07-01,Open Auction - BFM,Epsilon (Conversant),—,Conversant OutsideTV CTV (204777),,0.58
2025-08-01,DSP Marketplace - BFM,TheTradeDesk,Beachfront Deal Migration,TTD Deal - Holiday/Shopping CTV (Deal Library) - Genre - Goodway,774408369864,1074.36
2025-08-01,DSP Marketplace - BFM,TheTradeDesk,—,TTD Deal - CTV - $11 Lockard & Wechsler RON,231435167392,0.0
2025-12-01,DSP Marketplace - BFM,Bidswitch,—,Bidswitch Deal - CTV - Family (Bidtellect),322033042800,0.0
2025-08-01,DSP Marketplace - BFM,Epsilon (Conversant),Beachfront Deal Curation,Conversant Deal - CTV  - Paramount,136720822616,751.2
2025-08-01,DSP Marketplace - BFM,Epsilon (Conversant),Beachfront Deal Curation,Conversant Deal - CTV - Live Sports RON,810716829549,80.94
2026-07-01,Open Auction - BFM,Madopi,—,Bidswitch - APP,,0.0
2025-10-01,Open Auction - BFM,—,—,F0033691 FFC GENERICA SABADO 25 v3,,0.0
2025-09-01,Select - BFM,—,Aki,Aki Deal - CTV -  RON,Aki1,0.0
2026-07-01,DSP Marketplace - BFM,GroundTruth,Beachfront Deal Curation,GroundTruth Deal - CTV - Paramount Non-Pluto,116958799688,225.53
2026-08-01,DSP Marketplace - BFM,Bidswitch,Beachfront Deal Curation,Seedtag NeuroX | Always-On | Grocery & Food Shopping Planners - Connected TV,STNXCTV017,0.0
2026-08-01,Open Auction - BFM,Epsilon (Conversant),—,Conversant - InApp - Open Auction,,4.59
2025-10-01,DSP Marketplace - BFM,MadHive,—,Madhive Deal - CTV Genre Sports,BFM021,269.1
2025-09-01,Open Auction - BFM,Epsilon (Conversant),—,Conversant OutsideTV CTV (204777),,0.19
2025-09-01,Open Auction - BFM,DeepIntent,—,DeepIntent CTV OLV Demand,,97.77
2025-08-01,Open Auction - BFM,Krush Media,—,Krush Media Web Display,,3.93
2025-11-01,DSP Marketplace - BFM,SimpliFi,Beachfront Deal Curation,SimpliFi Deal - CTV - Tubi (Obfuscation),614966276968,778.5
2025-09-01,Open Auction - BFM,Streamworx Lda.,—,Bidswitch - CTV - 1st Price (Bundle 151908),,0.05
2025-09-01,DSP Marketplace - BFM,MadHive,BFM Internal,MadHive - CTV - Sling Bundle Override (Price Targeted),MH34,655.93
2025-07-01,DSP Marketplace - BFM,Epsilon (Conversant),Beachfront Deal Curation,Conversant Deal - Display - Health and Wellness,498981940349,0.42
2025-08-01,DSP Marketplace - BFM,Bidswitch,Beachfront Deal Curation,__DEAL__PA__CASUALIQ__AUTOMOTIVE__GEARHEADS-CTV__US__USD__AUTO-ENTHUSIASTS,CasualIQ1,0.0
2025-08-01,DSP Marketplace - BFM,StackAdapt,Beachfront Deal Migration,StackAdapt Deal - CTV - Efficiency Monitoring,443119806437,951.55
2025-11-01,DSP Marketplace - BFM,Basis Technologies,Beachfront Deal Curation,Basis Deal - CTV - Skechers 2025 - Work - Entertainment,713917241756,2068.9
2025-09-01,DSP Marketplace - BFM,TheTradeDesk,—,TTD Deal - CTV (Political Networks - Progressive) (MiQ),699705236534,0.0
2025-12-01,Select - BFM,Viant,IRIS,Viant - Sonnys BBQ - Emotional CTV_BFM,IRIS00352,114.63
2025-07-01,Open Auction - BFM,—,—,TrueX FireTV Games ,,151.14
2025-09-01,Select - BFM,Xandr,Quorum,Quorum Optimized > MSFT > High Index Zips - Hyundai Dealership Visitors - CTV,Quoru122,0.0
2025-12-01,Open Auction - BFM,Cepia,—,Mighty Wheels December 2025,,18.88
2025-08-01,DSP Marketplace - BFM,Epsilon (Conversant),Beachfront Deal Curation,Conversant Cryptocurrency Category Targeting - Video/CTV,Beach112,1781.29
2025-07-01,DSP Marketplace - BFM,Octillion,Beachfront Deal Migration,Octillion Deal - CTV - Filmrise,747279147182,0.09
2025-07-01,Open Auction - BFM,—,—,Lemma DSP CTV Ad,,0.0
2025-10-01,Open Auction - BFM,AdElement,—,Bidswitch - MW - 1st Price (HB),,0.0
2026-07-01,DSP Marketplace - BFM,Bidswitch,Beachfront Deal Curation,Seedtag NeuroX | Always-On | Relief & Recovery Pursuers - Connected TV,STNXCTV021,0.0
2026-08-01,Open Auction - BFM,Beeswax,—,Beeswax UR Improvement Tier 3 (Low UR),,3.47
2025-10-01,DSP Marketplace - BFM,MadHive,Beachfront Deal Curation,MadHive Deal - CTV - Live Sports,263057593976,2377.45
2025-11-01,Open Auction - BFM,StackAdapt,—,StackAdapt - APP - Open Auction,,42.16
2025-12-01,Select - BFM,Bidswitch,Quorum,Quorum > Holiday Shoppers > Physical Visitors,Quoru198,0.0
2025-12-01,Select - BFM,TheTradeDesk,IRIS,IRIS.TV - Q11 Crunch - Contextual CTV_BFM,IRIS00244,1715.89
2025-08-01,DSP Marketplace - BFM,Basis Technologies,Beachfront Deal Curation,Basis Deal - OTT - Skechers 2025 - Women 45+ - Lifestyle,906512946837,170.77
2025-11-01,DSP Marketplace - BFM,TheTradeDesk,Beachfront Deal Migration,TTD Deal - CTV - MiQ Fubo,770425332965,485.59
2025-12-01,Select - BFM,Marketing Architects -RTB,TV One,Marketing Architects 2024,MarketingArchitectsTVOne2024,0.0
2025-08-01,DSP Marketplace - BFM,StackAdapt,Beachfront Deal Curation,StackAdapt_Standard Inventory Packages_Beachfront_2025_120 Second Placements,Beach172,0.0
2025-07-01,Select - BFM,Xandr,Quorum,Quorum Optimized > Viant > High Index Zips - New & Used Automotive Dealer Visitors - CTV,Quoru45,1.22
2025-07-01,DSP Marketplace - BFM,SimpliFi,Beachfront Deal Curation,SimpliFi Deal - Local News - CTV,971244897615,80.84
2025-08-01,DSP Marketplace - BFM,Viant,Beachfront Deal Migration,Viant Deal - OLV - CBS,714397033029,196.41
2025-09-01,Open Auction - BFM,Unruly,—,Unruly Web 1st Price Video (Desktop Only),,0.0
2025-09-01,DSP Marketplace - BFM,Basis Technologies,—,Basis Deal - CTV Genre - News,BFM025,1165.13
2025-09-01,Open Auction - BFM,Marketing Architects -RTB,—,Marketing Architects - CTV - EW Scripps LAT,,739.6
2025-09-01,DSP Marketplace - BFM,SimpliFi,—,Simplifi Deal - WeatherNation CTV (Deal),993808143972,0.08
2025-11-01,Open Auction - BFM,Samsung DSP,—,Bidswitch - Desktop - 1st Price (HB),,0.0
2025-10-01,Open Auction - BFM,Inspiritum,—,0,,0.0
2026-08-01,Open Auction - BFM,Walmart,—,TTD - APP,,2.05
2025-11-01,DSP Marketplace - BFM,StackAdapt,—,StackAdapt Deal - CTV (News Genre-Targeted),564909187691,416.34
2025-08-01,DSP Marketplace - BFM,MadHive,—,MadHive Deal - CTV (Halloween CTV - Deal Library),BFM031,331.39
2025-09-01,Open Auction - BFM,Yahoo DSP,—,Yahoo - CTV - Open Auction- Efficiency Monitoring,,813.82
2025-12-01,Select - BFM,Bidswitch,Quorum,Quorum > Hanukkah Shoppers > Physical Visitors,Quoru197,0.0
2025-07-01,DSP Marketplace - BFM,4INFO,—,4INFO Deal - CTV - T1 Indirect - (TRU),085159730982,0.0
2025-08-01,Open Auction - BFM,IPONWEB BidCore,—,Bidswitch - Desktop [Display],,0.19
2025-11-01,Select - BFM,Xandr,Quorum,Quorum Optimized > MSFT > High Index Zips - Jaguar/Land Rover Dealership Visitors - CTV,Quoru126,0.16
2025-07-01,DSP Marketplace - BFM,IQM,—,IQM Deal - CTV - Battle States - Ohio OH - Politics Allowed (Deal Library),BFM071,0.0
2025-11-01,DSP Marketplace - BFM,Beeswax,Beachfront Deal Curation,NBA Finals - CTV - Contextual - Deal - VideoAmp,Beach148,496.53
2025-08-01,Select - BFM,Xandr,Quorum,Quorum Optimized > MSFT > High Index Zips - Macy's Visitors - CTV,Quoru32,0.62
2025-09-01,DSP Marketplace - BFM,Viant,—,Viant Deal - CTV - TV One (Philo),992851313690,5.72
2025-08-01,Select - BFM,TheTradeDesk,Strategus,TTD Deal - Strategus - Web/App Display - $0.50-$0.99,Strat61,3.71
2025-09-01,DSP Marketplace - BFM,Unruly,—,Unruly RTBHouse Deal - OLV - Holiday/Shopping -  ($8),730014448043,0.0
2025-08-01,Open Auction - BFM,Bidswitch,—,Bidswitch - APP 1st Price,,0.0
2025-09-01,Open Auction - BFM,—,—,Viant - CTV (Charter),,0.0
2025-07-01,Open Auction - BFM,Adtelligent,—,0,,0.0
2025-08-01,Open Auction - BFM,Streamworx Lda.,—,Bidswitch - Desktop [Display],,0.0
2025-12-01,Open Auction - BFM,Quantcast,—,Bidswitch -RTB- Getintent-Whitelist- Web Display,,0.0
2026-07-01,Open Auction - BFM,Adtheorent,—,Ad Theorent - CTV - 1st Price,,8358.86
2026-07-01,Open Auction - BFM,AdElement,—,Bidswitch - MW [Display],,159.94
2026-07-01,Open Auction - BFM,DeepIntent,—,DeepIntent Web/InApp Display,,26.43
2025-12-01,DSP Marketplace - BFM,Basis Technologies,Beachfront Deal Curation,Basis Deal - OTT - Skechers 2025 - Women 45+ - Reality,767012029105,2928.73
2025-12-01,DSP Marketplace - BFM,Viant,—,Viant Deal - CTV (Minority / Woman Owned),BFM027,266.27
2025-08-01,DSP Marketplace - BFM,4INFO,—,Cadent_Scripps_PMP,233708668555,0.0
2025-08-01,Open Auction - BFM,Marketing Architects -RTB,—,Marketing Architects - PlayerWON,,0.33
2025-08-01,Open Auction - BFM,SmartyAds,—,SmartyAds - CTV (LG),,51.97
2025-10-01,DSP Marketplace - BFM,SimpliFi,—,Simplifi Deal - OTT,468896186068,0.0
2025-08-01,Open Auction - BFM,Epsilon (Conversant),—,Conversant Xumo CTV (203761),,11.78
2025-10-01,DSP Marketplace - BFM,Epsilon (Conversant),Beachfront Deal Curation,MLB - CTV - Contextual - Tentpole Deal - Conversant,Beach133,0.15
2025-07-01,Select - BFM,Xandr,Quorum,Quorum Optimized > MSFT > High Index Zips - College & University Visitors - CTV,Quoru54,4.11
2025-10-01,Open Auction - BFM,Webeye,—,Bidswitch - APP,,0.0
2025-08-01,DSP Marketplace - BFM,SimpliFi,Beachfront Deal Migration,Simplifi Deal - A+E Networks CTV,103824164135,169.29
2025-10-01,Open Auction - BFM,Adform,—,Bidswitch - MW [Display],,0.0
2025-07-01,Open Auction - BFM,IPONWEB BidCore,—,Bidswitch - APP 1st Price,,0.49
2025-08-01,DSP Marketplace - BFM,Bidswitch,—,T-Ads_CTV_Beachfront_Multipub_$8,983106218897,0.0
2025-09-01,Open Auction - BFM,Octillion,—,Octillion - CTV - Open,,242.73
2025-09-01,Select - BFM,TheTradeDesk,Media Culture,Game Show Network,Media24,0.01
2025-09-01,DSP Marketplace - BFM,4INFO,—,4INFO Deal - CTV - T1 Indirect - (AMC),439710757338,0.0
2025-12-01,Open Auction - BFM,Streamworx Lda.,—,Bidswitch - Seedtag,,0.07
2025-07-01,Open Auction - BFM,Bidswitch,—,Bidswitch Deal - Zeta - Display - Women 18-34,,0.0
2026-08-01,Select - BFM,TheTradeDesk,IRIS,IRIS.TV - Q11 - West Coast College - Nursing Contextual CTV_BFM,IRIS00361,105.42
2026-07-01,Open Auction - BFM,—,—,F0046725  CMLL GENERICA FRASES LUCHADORES 30S,,0.0
2025-10-01,DSP Marketplace - BFM,Walmart,Beachfront Deal Migration,TTD Deal - CTV ($15 MiQ) (Walmart),176619450572,47.97
2025-08-01,Open Auction - BFM,Knorex,—,Bidswitch - APP Display,,0.75
2025-07-01,Open Auction - BFM,IPONWEB BidCore,—,Bidswitch - CTV - 1st Price,,1670.86
2025-08-01,DSP Marketplace - BFM,TheTradeDesk,Beachfront Deal Curation,TTD Deal - CTV - Curated by Seedtag - Banking & Wealth Builders (Test),899605193021,0.0
2025-11-01,Open Auction - BFM,GroundTruth,—,GroundTruth Video CTV,,6559.76
2025-07-01,DSP Marketplace - BFM,IQM,—,IQM Deal - CTV - ComScore Viewership - Politics Allowed (Deal Library),BFM068,0.22
2025-07-01,DSP Marketplace - BFM,StackAdapt,Beachfront Deal Curation,StackAdapt_Standard Inventory Packages_Beachfront_2025_News,Beach166,0.0
2025-07-01,Open Auction - BFM,SundaySky,—,SundaySky - MW - 1st Price,,4964.33
2025-11-01,Open Auction - BFM,Adtheorent,—,Ad Theorent - Desktop/MW - 1st Price,,3245.08
2025-12-01,DSP Marketplace - BFM,Yahoo DSP,Beachfront Deal Migration,Yahoo Deal - CTV - Politics Allowed,BFM017,3066.98
2025-07-01,Open Auction - BFM,Marketing Architects -RTB,—,Marketing Architects - CTV - EW Scripps LAT,,775.71
2025-12-01,Open Auction - BFM,Infillion,—,Bidswitch - MW - 1st Price (HB),,0.05
2025-09-01,DSP Marketplace - BFM,TheTradeDesk,—,TTD Deal - CTV ($20 MiQ),992592731681,9.0
2025-09-01,DSP Marketplace - BFM,TheTradeDesk,—,TTD Deal - CTV - Chief Media Walmart (Philo),300884885453,0.0
2025-07-01,Select - BFM,Bidswitch,MultiLocal,T9_mlm_TA_CA_CT_CTV_BF_MLMBRID4972,Multi25,0.0
2025-10-01,Open Auction - BFM,Viant,—,Viant - Linear (Sports),,0.0
2025-09-01,Select - BFM,Bidswitch,33Across,33Across Deal - CTV - RON - RTB - BFM,33Acr31,0.0
2026-07-01,DSP Marketplace - BFM,Basis Technologies,BFM Internal,Basis Deal - Premium CTV,BFM012,6694.33
2026-07-01,DSP Marketplace - BFM,DV360,Beachfront Deal Curation,Seedtag NeuroX | Always-On | Foodies & Culinary Creators - Connected TV,STNXCTV018,31.82
2026-07-01,Open Auction - BFM,Epsilon (Conversant),—,Conversant - CTV - Open Auction (Charter),,0.15
2026-08-01,Open Auction - BFM,Basis Technologies,—,Basis - CTV - oRTB - (US),,901.72
2026-08-01,Open Auction - BFM,Epsilon (Conversant),—,Conversant - CTV - Open Auction (Charter),,1.04
2025-10-01,Select - BFM,StackAdapt,Audigent,Audigent & Beachfront - AUD-066596 - PMG - Experian - CTV SmartPMP - High Credit Card Score US - ctv,Audig1803,0.0
2025-09-01,Open Auction - BFM,—,—,Lemma DSP CTV Ad,,0.0
2025-08-01,Open Auction - BFM,—,—,F0034531 E1 SERIES GENÉRICA 2025 15SEG,,0.0
2025-08-01,Open Auction - BFM,Epsilon (Conversant),—,Conversant Philo Android CTV (202995),,13.26
2025-11-01,Select - BFM,Bidswitch,MultiLocal,mCanvas_mlm_Roku_US_CTV_BF_MLMBRID7304,Multi42,0.0
2025-11-01,DSP Marketplace - BFM,StackAdapt,—,StackAdapt Deal - CTV - CNN Newsource,122820292944,51.18
2025-09-01,Open Auction - BFM,Epsilon (Conversant),—,Conversant - CTV - Open Auction (Charter),,226.88
2025-10-01,Select - BFM,TheTradeDesk,MultiLocal,mCanvas_mlm_Roku_US_CTV_Xandr_BF_MLMBRID7304,Multi48,0.0
2025-10-01,Open Auction - BFM,Viant,—,Viant - APP [Display],,690.02
2025-08-01,Select - BFM,Xandr,Quorum,Quorum Optimized > MSFT > High Index Zips - Marriott Hotel Visitors - Banner,Quoru47,0.0
2025-10-01,DSP Marketplace - BFM,Beeswax,Beachfront Deal Curation,Sports Content  - CTV - Contextual - VideoAmp,Beach149,167.0
2025-07-01,DSP Marketplace - BFM,Unruly,—,Unruly RTBHouse Deal - OLV - Holiday/Shopping -  ($8),730014448043,0.0
2025-11-01,Open Auction - BFM,Amobee,—,Amobee - CTV - 1st Price,,54865.33
2025-09-01,DSP Marketplace - BFM,—,BFM Internal,MadHive - CTV - Pluto Bundle Override (Price Targeted),MH32,0.0
2025-08-01,Select - BFM,TheTradeDesk,Strategus,Strategus Deal - CTV - Telly (Big Screen),Strat46,2.27
2025-09-01,Open Auction - BFM,Marketing Architects -RTB,—,Marketing Architects - OTT,,450.84
2025-09-01,DSP Marketplace - BFM,Basis Technologies,Beachfront Deal Curation,Basis Deal - CTV - Skechers 2025 - Women 45+ - Reality,711907073746,21479.8
2025-10-01,Open Auction - BFM,—,—,F0037958 F1 ACADEMY GENERICA VERSION 2 2025 20,,0.0
2025-10-01,Open Auction - BFM,Quantcast,—,Bidswitch - APP 1st Price,,0.0
2025-10-01,Open Auction - BFM,—,—,The Smashing Machine,,897.0
2026-08-01,Select - BFM,JamLoop OpenRTB,TEGNA,Jamloop - AO - News - CTV - TEGNASOURCED 081221,TEGNA1,174.98
2025-12-01,Select - BFM,TheTradeDesk,Quorum,Quorum - Office and Finance - Physical Visitors,Quoru225,0.0
2025-08-01,Open Auction - BFM,SmartyAds,—,SmartyAds - Web (Taboola),,36.11
2025-11-01,DSP Marketplace - BFM,JamLoop OpenRTB,—,JamLoop Deal - CTV - A&amp;E - Efficient CPM,456808823983,873.33
2025-12-01,DSP Marketplace - BFM,SmartyAds,—,SmartyAds Deal - CTV (Holiday-Shopping),254822275978,689.01
2025-10-01,DSP Marketplace - BFM,Epsilon (Conversant),Beachfront Deal Curation,Conversant Deal - CTV - Political RON,513073226453,5193.47
2025-12-01,Open Auction - BFM,Sharethrough,—,Sharethrough CTV Video - Shamrock Farms Bundle Optimized,,486.19
2025-12-01,Open Auction - BFM,OnSpot Data,—,Bidswitch - Desktop - 1st Price (HB),,71.88
2025-11-01,DSP Marketplace - BFM,SimpliFi,—,Simpli.fi Deal - CTV (Vizio),231262416313,38.85
2025-08-01,Select - BFM,Xandr,Quorum,Quorum Optimized > MSFT > High Index Zips - Infiniti Dealership Visitors - CTV,Quoru124,0.08
2025-07-01,Open Auction - BFM,MadHive,—,MadHive - CTV - 1st Price,,5518.75
2026-07-01,Open Auction - BFM,TheTradeDesk,—,0,,0.0
2025-09-01,Select - BFM,TheTradeDesk,Strategus,0,"300416284256, STRAT002",0.0
2025-09-01,DSP Marketplace - BFM,4INFO,—,Cadent_OWN_PMP,469747011240,0.0
2025-12-01,Open Auction - BFM,—,—,F0044674 MASL SAN VS TACO UTI VS BAL DOMINGO 20,,0.0
2026-07-01,Open Auction - BFM,Walmart,—,TTD - APP,,57.24
2025-09-01,Open Auction - BFM,Streamworx Lda.,—,Bidswitch - CTV - 1st Price,,188.62
2025-07-01,DSP Marketplace - BFM,GroundTruth,Beachfront Deal Curation,GroundTruth - Deal - CTV - Apple TV,BFMGT001,25.34
2025-09-01,DSP Marketplace - BFM,Beeswax,Beachfront Deal Curation,Beeswax Deal - CTV - Univision Demand - Political,601346667710,2.55
2025-09-01,Open Auction - BFM,Beeswax,—,Beeswax UR Improvement Tier 3 (Low UR),,1022.22
2025-10-01,Open Auction - BFM,SmartyAds,—,SmartyAds - Web [Display] (Allow List 9.7.21),,53.22
2025-10-01,Open Auction - BFM,Epsilon (Conversant),—,Conversant - InApp - Open Auction,,1378.16
2025-10-01,Open Auction - BFM,Stirista,—,Stirista - MW [Display],,0.7
2025-07-01,DSP Marketplace - BFM,Viant,Beachfront Deal Migration,Viant Deal - CTV - Content Object Removed,918860075162,2303.85
2025-07-01,Open Auction - BFM,Walmart,—,TTD - MW - 1st Price (HB),,91.63
2025-09-01,Select - BFM,Walmart,Chief Media,TTD - Chief Media - Walmart - CTV - Pub Targeting - Deal,476519491695,14009.89
2025-09-01,DSP Marketplace - BFM,JamLoop OpenRTB,—,JamLoop Deal - OLV - Outbrain - CNN &amp; Fox,340705124938,0.0
2025-07-01,Open Auction - BFM,PulsePoint,—,Pulsepoint Deal - CTV - CMI - iCTV Supply,,0.0
2025-08-01,DSP Marketplace - BFM,JamLoop OpenRTB,—,JamLoop Deal - CTV - Fox News - Network Targeted - Zip List,888956426019,0.0
2025-12-01,Open Auction - BFM,Viant,—,0,389866043594,0.0
2025-07-01,DSP Marketplace - BFM,DV360,—,Bidswitch Deal - CTV - Local News (Deals Discovery),179348574202,0.01
2026-07-01,Open Auction - BFM,Amazon DSP,—,Bidswitch - APP 1st Price,,238.37
2026-07-01,Open Auction - BFM,Stirista,—,Stirista - Desktop [Display],,0.0
2026-08-01,DSP Marketplace - BFM,TheTradeDesk,BFM Internal,TTD Deal - CTV - The Moran Group RON,557817962362,2.62
2025-11-01,Open Auction - BFM,Lemma DSP,—,Lemma DSP CTV Ad,,29744.7
2025-09-01,Open Auction - BFM,—,—,F0037322 LUP GENERICA FOTOS TEXTOS 20s,,0.0
2025-12-01,Select - BFM,TheTradeDesk,Quorum,Quorum - Travelers - Physical Visitors,Quoru223,0.0
2025-08-01,Open Auction - BFM,—,—,0,255653458214,14.79
2025-09-01,DSP Marketplace - BFM,MadHive,BFM Internal,MadHive - CTV - Fubo (Price Targeted),MH38,636.62
2025-08-01,DSP Marketplace - BFM,MadHive,BFM Internal,MadHive - CTV - Fox Television Stations Bundle Override,831874983072,3767.57
2025-08-01,Select - BFM,Bidswitch,QRate,QrateUS_Nicaragua_CTV,QRate10,0.0
2025-12-01,DSP Marketplace - BFM,Octillion,Beachfront Deal Migration,Octillion Deal - CTV - EW Scripps,976384276675,42352.8
2025-10-01,Open Auction - BFM,Adtheorent,—,Ad Theorent - APP [Display],,285.82
2025-10-01,DSP Marketplace - BFM,Viant,—,AOD Deal - Viant - Cannabis Allowed ,304579523560,99.39
2025-12-01,Open Auction - BFM,Yahoo DSP,—,Yahoo - Desktop MW - Open Auction,,624.7
2025-07-01,DSP Marketplace - BFM,MadHive,—,MadHive Deal - CTV - Fubo - No Content Data,214226211548,100.22
2025-07-01,Select - BFM,Xandr,Quorum,Quorum Optimized > MSFT > High Index Zips - Burger King Visitors - CTV,Quoru58,0.37
2025-12-01,DSP Marketplace - BFM,Bidswitch,—,Roku Deal - CTV (Political - Left Leaning) (MiQ) (L2),890620965784,0.0
2025-07-01,DSP Marketplace - BFM,StackAdapt,—,StackAdapt Deal - CTV - Hallmark (Network),545977539514,192.61
2025-11-01,Open Auction - BFM,Knorex,—,Bidswitch - CTV (Charter),,0.06
2025-11-01,Select - BFM,Yahoo DSP,Audigent,PMG & Beachfront - SDEAL-21049 - PMG - PMG - PMG - ctv SmartPMP - In Market: Premium rewards credit card US,Audig1758,0.0
2025-09-01,DSP Marketplace - BFM,Basis Technologies,—,Basis Deal - Network CTV (Hearst News),BFMNET004,0.0
2025-10-01,Open Auction - BFM,Marketperf,—,Bidswitch - MW [Display],,0.0
2026-07-01,DSP Marketplace - BFM,Epsilon (Conversant),Beachfront Deal Curation,MLB - CTV - Contextual - Tentpole Deal - Conversant,Beach133,0.0
2026-07-01,DSP Marketplace - BFM,Viant,BFM Internal,Viant Deal - CTV (Spanish),901374116708,4780.37
2026-08-01,Open Auction - BFM,DeepIntent,—,DeepIntent Web/InApp Display,,0.01
2025-10-01,DSP Marketplace - BFM,SimpliFi,BFM Internal,Simpli.Fi Deal - TEGNA,121961372178,126.42
2025-11-01,Open Auction - BFM,Beeswax,—,Beeswax - CTV - Open Auction EAST,,33921.25
2025-11-01,Open Auction - BFM,Amazon DSP,—,Bidswitch - MW - 1st Price (HB),,4341.33
2025-11-01,Open Auction - BFM,Reset Digital,—,Indirect - Reset Digital - $18 Floor,,0.0
2025-09-01,Select - BFM,Xandr,Quorum,Quorum Optimized > MSFT > High Index Zips - Jamba Juice Visitors - CTV,Quoru100,1.23
2025-08-01,DSP Marketplace - BFM,DeepIntent,Beachfront Deal Curation,DeepIntent  deal - CTV - 30s RON,322442866061,633.11
2025-11-01,Open Auction - BFM,Cepia,—,Zhu Zhu Pets City November,,105.84
2025-11-01,Open Auction - BFM,Yahoo DSP,—,Verizon - CTV (Charter),,45.46
2025-11-01,Select - BFM,DV360,Quorum,Quorum > Boat Enthusiasts > Physical Visitors,Quoru191,0.0
2025-11-01,DSP Marketplace - BFM,Bidswitch,—,Roku Deal - CTV (Political - Right Leaning) (MiQ),550906806175,0.0
2025-11-01,Open Auction - BFM,—,—,Yahoo - In-App,,0.0
2025-10-01,Open Auction - BFM,—,—,F0038200 INSIDE UFC PARPADEO 30_v3,,0.0
2026-07-01,Open Auction - BFM,Marketperf,—,Bidswitch - MW [Display],,0.0
2026-07-01,DSP Marketplace - BFM,Epsilon (Conversant),Beachfront Deal Curation,Conversant Deal - CTV - Political RON,513073226453,6954.14
2026-08-01,Open Auction - BFM,—,—,2608 - WESTIES Critics Promo - AUG 2026 - MGMPHD363486 - SERIES,,17.06
2025-10-01,DSP Marketplace - BFM,Octillion,Beachfront Deal Migration,Octillion Deal - CTV - Fubo,747279147179,1707.27
2025-08-01,Open Auction - BFM,Krush Media,—,Krush Media Video - CTV Direct (700),,708.7
2025-08-01,Select - BFM,Xandr,Quorum,Quorum Optimized > MSFT > High Index Zips - Resorts World Visitors - Banner,Quoru49,0.0
2025-11-01,Select - BFM,StackAdapt,Audigent,Audigent & Beachfront - AUD-066596 - PMG - Experian - CTV SmartPMP - In Market Credit Card US - ctv,Audig1805,1.93
2025-09-01,Open Auction - BFM,OnSpot Data,—,Bidswitch - Seedtag,,0.89
2025-09-01,Select - BFM,StackAdapt,Audigent,Audigent & Beachfront - AUD-066596 - PMG - Experian - CTV SmartPMP - Credit Seeking Card Switcher - High Credit Card Balance US - ctv,Audig1804,1177.14
2025-09-01,Select - BFM,StackAdapt,Audigent,Audigent & Beachfront - AUD-066596 - PMG - Experian - CTV SmartPMP - High Credit Card Score US - ctv,Audig1803,2523.17
2025-07-01,Open Auction - BFM,Between Exchange,—,Bidswitch - MW [Display],,0.0
2025-07-01,Open Auction - BFM,Promo-PSA,—,Test Ad: PSA :30 (stoptextsstopwrecks) #20,,0.0
2025-10-01,Open Auction - BFM,IQM,—,IQM - Display - Open Auction,,0.94
2025-10-01,Select - BFM,TheTradeDesk,IRIS,IRIS.TV - Q11 Crunch - Inspirational CTV_BFM,IRIS00243,5040.91
2025-10-01,Select - BFM,TheTradeDesk,Infillion Demand,ez cater | Business Professionals | CTV,ezCBizInfilBeachVidCTV,0.0
2025-10-01,Select - BFM,Bidswitch,QRate,QrateUS_ElSalvador_CTV,QRate30,0.0
2025-07-01,DSP Marketplace - BFM,4INFO,—,Cadent_VICE_PMP_Testv2,481740947959,0.0
2025-07-01,DSP Marketplace - BFM,4INFO,—,Cadent_MLB_PMP,356588049857,-0.0
2025-07-01,Open Auction - BFM,Zeta DSP,—,Bidswitch - CTV - 1st Price (Bundle 151908),,61.41
2025-08-01,Open Auction - BFM,Epsilon (Conversant),—,Conversant Future Today CTV (225473),,3.66
2025-08-01,DSP Marketplace - BFM,DeepIntent,Beachfront Deal Curation,DeepIntent - CTV - Minority Owned,879954539720,4.73
2025-08-01,DSP Marketplace - BFM,SimpliFi,—,Simpli.fi Deal - CTV (Genre Education),766650927744,0.01
2025-12-01,DSP Marketplace - BFM,Beeswax,Beachfront Deal Migration,Beeswax Deal - CTV - AudienceXpress - RON,765218873628,184.53
2025-11-01,Open Auction - BFM,SmartyAds,—,SmartyAds - CTV (Vizio),,10.18
2026-07-01,Open Auction - BFM,—,—,F0047323 WWC U17 TEASER SEMI FIN,,0.0
2025-09-01,Select - BFM,TheTradeDesk,IRIS,IRIS.TV - Northwestern Medicine CTV_BFM,IRIS00364,0.0
2025-11-01,Open Auction - BFM,Streamworx Lda.,—,Bidswitch - CTV (Charter),,0.17
2025-12-01,Open Auction - BFM,Beeswax,—,0,,0.0
2025-10-01,Open Auction - BFM,—,—,2510 - MGMPLUS - OCTOBER XCH - MGMP20330-09 - (SERIES),,127.84
2025-11-01,Open Auction - BFM,IPONWEB BidCore,—,Bidswitch - MW [Display],,0.0
2025-07-01,DSP Marketplace - BFM,Basis Technologies,Beachfront Deal Migration,Basis Deal - Burlington - OTT/CTV RON,557217570693,98.34
2026-08-01,DSP Marketplace - BFM,Bidswitch,Beachfront Deal Curation,Seedtag NeuroX | Always-On | Eco-Conscious Homeowners - Connected TV,STNXCTV002,0.0
2026-08-01,DSP Marketplace - BFM,GroundTruth,Beachfront Deal Curation,GroundTruth Deal - CTV - Paramount Non-Pluto,116958799688,5.15
2025-08-01,Select - BFM,Xandr,Quorum,Quorum Optimized > Viant > High Index Zips - New & Used Automotive Dealer Visitors - Banner,Quoru44,0.0
2025-11-01,Open Auction - BFM,StackAdapt,—,StackAdapt - CTV - Open Auction (Canada),,6752.25
2025-09-01,Open Auction - BFM,Bidswitch,—,Bidswitch - Seedtag,,0.0
2025-07-01,Select - BFM,Yahoo DSP,Audigent,PMG & Beachfront - SDEAL-21048 - PMG - PMG - PMG - ctv SmartPMP - In Market Credit Card US,Audig1757,0.0
2025-12-01,Open Auction - BFM,—,—,LEAP McDonalds (2026),,0.76
2025-09-01,DSP Marketplace - BFM,MadHive,BFM Internal,MadHive - CTV - Philo Bundle Override (Price Targeted),MH33,2570.84
2025-10-01,Select - BFM,Viant,Sightly,Goldbelly,Sight21,0.0
2025-12-01,Select - BFM,Viant,Quorum,Quorum Optimized > Viant > High Index Zips - Home Depot Visitors - Banner,Quoru178,0.0
2025-09-01,Select - BFM,Xandr,Quorum,Quorum Optimized > MSFT > High Index Zips - Chick-fil-A Visitors - CTV,Quoru92,0.13
2025-08-01,Select - BFM,SimpliFi,33Across,33Across - Simplifi - CTV - Sports Audience - BF,33Acr1,46.45
2025-11-01,Open Auction - BFM,SimpliFi,—,SimpliFi - APP - 1st Price,,2658.87
2025-12-01,Open Auction - BFM,Excelate,—,Bidswitch - APP Display,,0.27
2025-07-01,DSP Marketplace - BFM,Viant,—,Viant Deal - CTV - Live Sports,583805358485,0.0
2025-08-01,Select - BFM,TheTradeDesk,Media Culture,INSP,Media14,20.85
2026-07-01,DSP Marketplace - BFM,Basis Technologies,Beachfront Deal Curation,Basis Deal - CTV - Warner Bros Channels & Networks,742050964622,0.85
2026-07-01,DSP Marketplace - BFM,GroundTruth,Beachfront Deal Curation,MLB Live Supply - GroundTruth,Beach143,0.21
2026-07-01,Open Auction - BFM,—,—,StackAdapt - CTV - Open Auction,,0.0
2026-07-01,Open Auction - BFM,Viant,—,Viant - APP [Display],,712.0
2026-08-01,DSP Marketplace - BFM,DV360,Beachfront Deal Curation,Seedtag NeuroX | Always-On | Small Business Entrepreneurs - Connected TV,STNXCTV009,0.51
2026-08-01,Select - BFM,TheTradeDesk,IRIS,IRIS.TV - Q11 Crunch - Inspirational CTV_BFM,IRIS00243,8.5
2025-08-01,Select - BFM,Xandr,Quorum,Quorum Optimized > MSFT > High Index Zips - Subway Visitors - Banner,Quoru67,0.0
2025-11-01,DSP Marketplace - BFM,Beeswax,—,Beeswax Deal - CTV - Anoki - RON - $12,996138804224,6385.39
2025-09-01,Open Auction - BFM,—,—,F0038200 INSIDE UFC PARPADEO 30,,0.0
2025-10-01,Open Auction - BFM,Unruly,—,Unruly Web Display (Desktop Only),,0.0
2025-12-01,DSP Marketplace - BFM,TheTradeDesk,—,TTD Deal - In Market Subaru - CTV,551196808383,7897.78
2025-09-01,DSP Marketplace - BFM,4INFO,—,Cadent_USA Network_PMP_Testv2,714666065815,0.0
2025-09-01,DSP Marketplace - BFM,StackAdapt,Beachfront Deal Curation,StackAdapt_Standard Inventory Packages_Beachfront_2025_Lifestyle,Beach180,0.23
2025-08-01,Open Auction - BFM,—,—,QA 15 June iphone Goal Test,,0.0
2025-07-01,Select - BFM,Walmart,Chief Media,TTD - Chief Media - Walmart - CTV - Pub Targeting - Deal,476519491695,12239.48
2025-07-01,Select - BFM,TheTradeDesk,SilverBack,TTD Deal - CTV - Silverback (Spanish Publishers) - Select,713755339107,99.56
2026-07-01,DSP Marketplace - BFM,Basis Technologies,Beachfront Deal Migration,Basis Deal - Politics Allowed CTV,BFM017,1193.91
2026-08-01,Open Auction - BFM,Marketing Architects -RTB,—,Marketing Architects - OTT,,0.23
2025-08-01,DSP Marketplace - BFM,SimpliFi,—,Simplifi Deal - CTV LDA Approved,993808143903,624.33
2025-07-01,DSP Marketplace - BFM,Bidswitch,—,T-Ads_CTV_Beachfront_Spectrum_$23,916223891677,0.0
2025-11-01,Open Auction - BFM,Quantcast,—,Bidswitch - Desktop - 1st Price (HB),,17.65
2025-08-01,DSP Marketplace - BFM,4INFO,—,4INFO Deal - CTV - T1 Indirect - (VH1),533300483090,0.0
2025-09-01,Select - BFM,Yahoo DSP,Audigent,PMG & Beachfront - SDEAL-21048 - PMG - PMG - PMG - ctv SmartPMP - In Market Credit Card US,Audig1757,0.0
2025-12-01,Select - BFM,Bidswitch,Quorum,Quorum > Pet Lovers > Physical Visitors,Quoru230,0.0
2025-08-01,DSP Marketplace - BFM,TheTradeDesk,—,TTD Deal - CTV - The Moran Group RON,557817962362,185.2
2025-12-01,Open Auction - BFM,—,—,F0044460 NFL BUCCS VS PANTH + JAGUARS VS BRONCOS DOMINGO 30_1,,0.0
2025-08-01,DSP Marketplace - BFM,Bidswitch,Beachfront Deal Curation,__DEAL__PA__CASUALIQ__SPORTS__ALL-SPORTS-CTV__US__USD__SPORTS-FANS,CasualIQ2,0.0
2025-10-01,Select - BFM,Bidswitch,QRate,QrateUS_Honduras_CTV,QRate50,0.0
2025-07-01,DSP Marketplace - BFM,4INFO,—,Cadent_Philo_PMP,953685820466,0.0
2025-08-01,Open Auction - BFM,Epsilon (Conversant),—,Conversant Haystack CTV (204774),,39.56
2025-09-01,DSP Marketplace - BFM,Basis Technologies,Beachfront Deal Migration,Basis - CTV - Political Local News,BFM109,3891.73
2025-07-01,Open Auction - BFM,—,—,4INFO - CTV - 1st Price,,0.0
2025-09-01,DSP Marketplace - BFM,SimpliFi,Beachfront Deal Curation,SimpliFi Deal - Local News - CTV,971244897615,20.47
2025-11-01,Select - BFM,TheTradeDesk,Quorum,Quorum - DIY Home Renovators - Physical Visitors,Quoru207,0.0
2025-09-01,Open Auction - BFM,Samsung DSP,—,Bidswitch - Seedtag,,0.0
2025-10-01,Open Auction - BFM,Streamworx Lda.,—,Bidswitch - APP Display,,0.0
2026-07-01,DSP Marketplace - BFM,Beeswax,Beachfront Deal Curation,Sports Content  - CTV - Contextual - VideoAmp,Beach149,0.0
2026-07-01,Select - BFM,TheTradeDesk,IRIS,IRIS.TV - Q11 Crunch - Inspirational CTV_BFM,IRIS00243,2604.06
2025-08-01,Select - BFM,Xandr,Quorum,Quorum Optimized > MSFT > High Index Zips - Kia Dealership Visitors - CTV,Quoru128,0.0
2025-08-01,Select - BFM,Xandr,Quorum,Quorum Optimized > MSFT > High Index Zips - Pizza Hut Visitors - CTV,Quoru104,0.16
2025-08-01,DSP Marketplace - BFM,Yahoo DSP,Beachfront Deal Curation,New Media Display RON - Yahoo,319423434369,0.01
2025-09-01,Open Auction - BFM,StackAdapt,—,StackAdapt - CTV - Open Auction - Efficiency Monitoring,,4327.53
2025-07-01,Open Auction - BFM,Bidswitch,—,Bidswitch - Seedtag,,0.0
2025-07-01,DSP Marketplace - BFM,TheTradeDesk,—,TTD Deal - CTV - Chief Media Walmart (Philo),300884885453,0.0
2025-07-01,Select - BFM,Viant,Plex,Plex_Adelphic_$22,Plex2,883.73
2025-12-01,Open Auction - BFM,Amazon DSP,—,Bidswitch - MW [Display],,0.0
2025-12-01,DSP Marketplace - BFM,JamLoop OpenRTB,—,JamLoop Deal - CTV - Fubo - Efficient CPM,302473738758,233.11
2025-11-01,Select - BFM,TheTradeDesk,IRIS,IRIS.TV - Q11 - Revitalash Contextual CTV_BFM,IRIS00327,55.03
2025-09-01,DSP Marketplace - BFM,4INFO,—,Cadent_MLB_PMP,356588049857,0.0
2025-07-01,Open Auction - BFM,Basis Technologies,—,Basis - CTV - oRTB - (US),,36230.48
2025-09-01,Open Auction - BFM,SimpliFi,—,SimpliFi - CTV - 1st Price (Glewed),,23.62
2025-09-01,Open Auction - BFM,Between Exchange,—,Bidswitch - MW [Display],,0.0
2025-07-01,DSP Marketplace - BFM,4INFO,—,Cadent_Lifetime_PMP,497052641697,0.0
2025-07-01,Open Auction - BFM,Streamworx Lda.,—,Bidswitch - CTV - 1st Price,,45.17
2025-08-01,DSP Marketplace - BFM,GroundTruth,—,GroundTruth Deal - CTV - Hispanic (Deal Library),820449397388,6.08
2025-10-01,DSP Marketplace - BFM,Beeswax,Beachfront Deal Migration,Beeswax Deal - CTV - Datafy - Women - Audience Targeted,976376076662,0.0
2025-09-01,Open Auction - BFM,Basis Technologies,—,Basis - CTV - oRTB - (US),,69507.57
2025-11-01,Open Auction - BFM,Stirista,—,Stirista - APP [Display],,2.83
2025-12-01,Select - BFM,Quantcast,Quorum,Quorum > Hanukkah Shoppers > Physical Visitors,Quoru197,0.0
2025-10-01,Open Auction - BFM,—,—,StackAdapt - CTV - Open Auction,,0.0
2025-07-01,Select - BFM,Bidswitch,IRIS,IRIS.TV - OMD - National Guard - Contextual CTV_BFM,IRIS00269,0.0
2025-11-01,Open Auction - BFM,—,—,Basis Deal - CTV RON - $10 Floor,,0.0
2026-08-01,DSP Marketplace - BFM,GroundTruth,Beachfront Deal Curation,MLB Live Supply - GroundTruth,Beach143,0.04
2025-08-01,Select - BFM,Xandr,Quorum,Quorum Optimized > MSFT > High Index Zips - Casino Visitors - CTV,Quoru43,3.42
2025-11-01,Open Auction - BFM,SimpliFi,—,SimpliFi - Desktop [Display],,154.38
2025-11-01,DSP Marketplace - BFM,TheTradeDesk,Beachfront Deal Migration,TTD Deal - CTV ($15 MiQ) (Walmart),176619450572,0.0
2025-07-01,Open Auction - BFM,—,—,F0035628 MLB TALENTOS GENERICA 2025 25,,0.0
2025-10-01,DSP Marketplace - BFM,IQM,BFM Internal,IQM - CTV - AMC Network - Channel - Adjusted - Politics Allowed,IQM002,0.81
2025-11-01,Select - BFM,TheTradeDesk,AI Digital,AI Digital - C0018 - CTV - Live Spots - 032223 - Updated,1651574,4.8
2025-11-01,DSP Marketplace - BFM,Viant,Beachfront Deal Curation,Viant Deal - CTV - Plex 1:1 Always On,772180040131,72.85
2025-11-01,Select - BFM,Viant,IRIS,IRIS.TV - Viant - Joy - Emotional Sentiment CTV_BFM,IRIS00317,207.82
2025-08-01,DSP Marketplace - BFM,TheTradeDesk,—,TTD Deal - OLV - Gourmet Ads (Moran Group),809371838039,0.0
2025-08-01,DSP Marketplace - BFM,Basis Technologies,—,Basis Deal - Network CTV (TEGNA),BFMNET008,7.07
2025-09-01,DSP Marketplace - BFM,Viant,Beachfront Deal Migration,Viant Deal - CTV (Premium),677072730087,930.83
2025-07-01,Select - BFM,TheTradeDesk,Media Culture,BCH Tubi TV US,MCBCHTubiTVUS,10.42
2025-09-01,DSP Marketplace - BFM,Basis Technologies,Beachfront Deal Curation,Basis Deal - CTV - Skechers 2025 - Men 45+ - Sports,558690500585,4926.48
2025-07-01,Select - BFM,Beeswax,TV One,Simulmedia,TVOne11,0.0
2025-09-01,DSP Marketplace - BFM,Viant,Beachfront Deal Curation,0,925896302547,0.0
2025-07-01,DSP Marketplace - BFM,Octillion,—,Octillion Deal - CTV - History,747279147189,5.03
2025-10-01,Select - BFM,Xandr,MultiLocal,mCanvas_mlm_Roku_BR_CTV_Xandr_BF_MLMBRID7304,Multi47,0.0
2025-07-01,Open Auction - BFM,—,—,TTD - APP,,0.0
2025-10-01,Open Auction - BFM,—,—,INSIDE UFC PARPADEO 30_v2,,0.0
2026-07-01,DSP Marketplace - BFM,Beeswax,BFM Internal,Beeswax Deal - VideoAmp - CTV - Always On,112854873831,1891.06
2026-07-01,Open Auction - BFM,Epsilon (Conversant),—,Conversant - InApp - Open Auction,,462.71
2025-10-01,DSP Marketplace - BFM,Octillion,Beachfront Deal Curation,Octillion Deal - CTV - Fox Local TV,638579853073,5559.26
2025-09-01,Open Auction - BFM,Zeta DSP,—,Bidswitch - CTV - 1st Price (Bundle 151908),,84.49
2025-09-01,DSP Marketplace - BFM,StackAdapt,—,StackAdapt Deal - MW (70%+ Viewability),350818728459,175.42
2025-12-01,Open Auction - BFM,Viant,—,Viant - CTV - 1st Price,,261749.75
2025-10-01,Select - BFM,TheTradeDesk,IRIS,GumGum - CrossMedia Nascar 2025 - Sports CTV_BFM,IRIS00303,287.98
2025-12-01,Open Auction - BFM,TheTradeDesk,—,TTD - APP,,12999.27
2025-10-01,Open Auction - BFM,Viant,—,Viant - Desktop - 1st Price,,5465.77
2025-12-01,Open Auction - BFM,OTT Advisors (Demand),—,OTT Advisors Deal - DT - Live Sports (Washington DC),,0.0
2025-08-01,DSP Marketplace - BFM,Viant,Beachfront Deal Migration,Viant Deal - CTV - Golf (Master&#039;s Enthusiast Segment),408551131456,10101.06
2025-08-01,DSP Marketplace - BFM,Viant,—,Viant Deal - Moroccanoil - CTV - Female Skewed - NBCU (Networks),240256146619,0.0
2025-07-01,DSP Marketplace - BFM,TheTradeDesk,BFM Internal,TTD Deal - Food Lion - CTV (RON),569371033244,5315.2
2025-08-01,DSP Marketplace - BFM,TheTradeDesk,Beachfront Deal Migration,TTD Deal - Bully Pulpit - Selected CTV (PlutoTV),386363634776,513.56
2025-07-01,DSP Marketplace - BFM,Basis Technologies,—,Basis Deal - CTV - All Supply w/ Channel Targeting,BFM038,28.52
2025-10-01,Open Auction - BFM,Walmart,—,TTD - CTV (LG Ads Only),,1.09
2025-10-01,Open Auction - BFM,Infillion,—,Bidswitch - MW [Display],,0.0
2025-09-01,DSP Marketplace - BFM,SimpliFi,BFM Internal,Simpli.Fi Deal - TEGNA,121961372178,126.65
2025-09-01,Open Auction - BFM,—,—,TTD - APP,,0.0
2026-07-01,Open Auction - BFM,Adform,—,Bidswitch - MW [Display],,0.0
2026-08-01,DSP Marketplace - BFM,Bidswitch,Beachfront Deal Curation,Seedtag NeuroX | Always-On | Healthcare Decision Makers - Connected TV,STNXCTV023,0.0
2025-07-01,Select - BFM,Basis Technologies,IRIS,IRIS.TV - Basis - Outdoor/Sports - CTV_BFM,IRIS00060,261.14
2025-07-01,DSP Marketplace - BFM,TheTradeDesk,Beachfront Deal Migration,TTD Deal - MiQ - CA CTV (RON),662507672500,622.93
2025-08-01,Select - BFM,Xandr,Quorum,Quorum Optimized > MSFT > High Index Zips - Honda Dealership Visitors - CTV,Quoru120,0.0
2025-07-01,Open Auction - BFM,Zeta DSP,—,Bidswitch - CTV - 1st Price,,47753.09
2025-11-01,DSP Marketplace - BFM,MadHive,—,MadHive Deal - CTV - Frndly - No Content Data,809610338399,1.08
2025-07-01,Select - BFM,Xandr,Quorum,Quorum Optimized > MSFT > High Index Zips - BMW/Mini Dealership Visitors - CTV,Quoru112,0.18
2025-07-01,Select - BFM,Xandr,Quorum,Quorum Optimized > MSFT > High Index Zips - Mazda Dealership Visitors - Banner,Quoru131,0.0
2025-07-01,Open Auction - BFM,—,—,F0037424 MEXICANOS MLB 2025 GENERICA 20,,0.0
2025-12-01,Open Auction - BFM,Infillion,—,Bidswitch - Desktop [Display],,0.03
2025-07-01,DSP Marketplace - BFM,StackAdapt,Beachfront Deal Curation,StackAdapt_Standard Inventory Packages_Beachfront_2025_Channel Level Reporting,Beach175,0.0
2025-08-01,Open Auction - BFM,Between Exchange,—,Bidswitch - Seedtag,,0.01
2025-12-01,Open Auction - BFM,Basis Technologies,—,Centro Video InApp,,0.99
2025-10-01,Open Auction - BFM,Walmart,—,TTD - APP,,422.27
2025-07-01,DSP Marketplace - BFM,4INFO,—,Cadent_Hallmark_PMP,361994853171,0.0
2026-07-01,Open Auction - BFM,SmartClip,—,Vizio_SmartClip_Mexico_$8,,0.0
2025-08-01,DSP Marketplace - BFM,Viant,Beachfront Deal Curation,Viant Deal - Walter County Tourism (Bundles),196835969212,89.93
2026-07-01,Open Auction - BFM,Adtheorent,—,Ad Theorent - APP [Display],,0.21
2026-07-01,DSP Marketplace - BFM,DV360,Beachfront Deal Curation,Seedtag NeuroX | Always-On | Small Business Entrepreneurs - Connected TV,STNXCTV009,14.27
2026-08-01,DSP Marketplace - BFM,Bidswitch,Beachfront Deal Curation,Seedtag NeuroX | Always-On | Top Executives - Connected TV,STNXCTV012,0.0
2026-08-01,Open Auction - BFM,Marketperf,—,Bidswitch - MW [Display],,0.0
2025-09-01,DSP Marketplace - BFM,Basis Technologies,—,Basis Deal - CTV Genre - Sports,BFM021,516.33
2025-11-01,Open Auction - BFM,Amazon DSP,—,Bidswitch - Desktop - 1st Price (HB),,6.25
2025-09-01,DSP Marketplace - BFM,IQM,—,IQM Deal - CTV - Battle States - Ohio OH - Politics Allowed (Deal Library),BFM071,0.0
2025-07-01,DSP Marketplace - BFM,StackAdapt,Beachfront Deal Curation,StackAdapt_Standard Inventory Packages_Beachfront_2025_[Allows Politics],Beach162,0.0
2025-07-01,Open Auction - BFM,Stirista,—,Stirista - Open Auction - OLV (InApp),,0.17
2025-12-01,Open Auction - BFM,Yahoo DSP,—,Yahoo - CTV - Open Auction- Efficiency Monitoring,,847.74
2025-12-01,Open Auction - BFM,Bidswitch,—,Bidswitch - STB VOD,,0.0
2025-08-01,Open Auction - BFM,The Media Sense,—,The Media Sense DSP Inapp Video,,0.0
2025-07-01,DSP Marketplace - BFM,GroundTruth,Beachfront Deal Curation,GroundTruth Sensitive Category Deal - Nicotine - CTV,Beach119,2418.82
2025-08-01,Select - BFM,Viant,IRIS,IRIS.TV - Viant - Capable - Emotional Sentiment CTV_BFM,IRIS00293,194.26
2025-09-01,Select - BFM,Xandr,IRIS,MNI - Education & Research CTV_BFM,IRIS75,0.0
2025-08-01,Open Auction - BFM,Walmart,—,TTD - APP,,1526.85
2025-11-01,Select - BFM,AdElement,Quorum,Quorum > Food Lovers > Physical Visitors,Quoru195,0.0
2025-09-01,DSP Marketplace - BFM,PulsePoint,—,Pulsepoint Deal - CTV - CMI - RON,726544942496,0.0
2025-08-01,Open Auction - BFM,Aroscop,—,Bidswitch - APP Display,,0.0
2025-08-01,Select - BFM,TheTradeDesk,Strategus,Strategus Deal - CTV - $15-$17.99,Strat33,13377.89
2025-07-01,DSP Marketplace - BFM,—,Beachfront Deal Curation,MadHive Deal - CTV RON,,0.0
2025-09-01,Open Auction - BFM,Knorex,—,Bidswitch - APP 1st Price,,1.91
2025-07-01,DSP Marketplace - BFM,Yahoo DSP,Beachfront Deal Migration,Yahoo Deal - Zeta - CTV - Political (Pol),161966443333,0.03
2025-10-01,Open Auction - BFM,Between Exchange,—,Bidswitch - MW [Display],,0.0
2025-07-01,DSP Marketplace - BFM,Basis Technologies,Beachfront Deal Curation,Basis Deal - CTV - Warner Bros Channels & Networks,742050964622,0.13
2025-08-01,DSP Marketplace - BFM,JamLoop OpenRTB,—,JamLoop Deal - CTV - ION - Bounce - Court,620792611801,617.74
2025-12-01,Open Auction - BFM,Walmart,—,TTD - Desktop [Display],,13.15
2025-09-01,DSP Marketplace - BFM,Basis Technologies,Beachfront Deal Curation,Basis Deal - OTT - Skechers 2025 - Men 45+ - Entertainment,765118223712,149.97
2025-09-01,Select - BFM,TheTradeDesk,IRIS,IRIS.TV - Q11 Crunch - Inspirational CTV_BFM,IRIS00243,7760.46
2025-11-01,Select - BFM,DV360,Quorum,Quorum > Auto Enthusiasts > Physical Visitors,Quoru190,0.0
2025-08-01,DSP Marketplace - BFM,Yahoo DSP,Beachfront Deal Curation,Yahoo Deal - CTV - Zeta (Political),984632781291,894.79
2025-12-01,Open Auction - BFM,DV360,—,Bidswitch - CTV - 1st Price (Bundle 151908),,1228.36
2025-11-01,DSP Marketplace - BFM,SimpliFi,—,Simpli.Fi Deal - CTV - Political Allowed,726365806621,141.4
2025-08-01,DSP Marketplace - BFM,TheTradeDesk,—,TTD Deal - CTV & STB - TV One - Network,BFMTVONE001,9.81
2025-09-01,DSP Marketplace - BFM,Viant,—,Viant Deal - CTV - Live Sports,583805358485,0.0
2025-12-01,Open Auction - BFM,Amazon DSP,—,Bidswitch -RTB- Getintent-Whitelist- Web Display,,0.02
2025-07-01,DSP Marketplace - BFM,StackAdapt,Beachfront Deal Migration,StackAdapt Deal - CTV (Non-News),674172181259,1196.34
2025-07-01,DSP Marketplace - BFM,StackAdapt,Beachfront Deal Migration,StackAdapt Deal - CTV - Hispanic Audience,160021598282,901.61
2025-11-01,Open Auction - BFM,SmartyAds,—,SmartyAds - Web Video,,0.0
2025-12-01,Select - BFM,Viant,Quorum,Quorum Optimized > Viant > High Index Zips - Macy's Visitors - CTV,Quoru177,0.0
2025-12-01,Open Auction - BFM,—,—,F0041856 NFL BILLS VS PATS + LIONS VS RAMS DOMINGO 30,,0.0
2025-12-01,Select - BFM,AdElement,Quorum,Quorum > Travelers > Physical Visitors,Quoru232,0.0
2025-07-01,Select - BFM,Lift,Infillion Demand,Pulte RON - Display 2,InfPulteRON2,0.0
2025-09-01,Open Auction - BFM,—,—,Conversant Deal - CTV - RON,,0.0
2026-07-01,Open Auction - BFM,Beeswax,—,Beeswax - CTV - Open Auction EAST,,66738.68
2026-07-01,DSP Marketplace - BFM,Bidswitch,Beachfront Deal Curation,Seedtag NeuroX | Always-On | Eco-Conscious Homeowners - Connected TV,STNXCTV002,0.0
2026-07-01,DSP Marketplace - BFM,MadHive,BFM Internal,MadHive - CTV - Xumo (Price Targeted),MH35,1044.46
2026-08-01,DSP Marketplace - BFM,Octillion,Beachfront Deal Migration,Octillion Deal - CTV - EW Scripps,976384276675,1153.05
2025-08-01,Select - BFM,Xandr,Quorum,Quorum Optimized > MSFT > High Index Zips - Chipotle Visitors - CTV,Quoru60,0.13
2025-07-01,Open Auction - BFM,Beeswax,—,Beeswax UR Improvement Tier 3 (Low UR),,101.32
2025-11-01,DSP Marketplace - BFM,MadHive,BFM Internal,MadHive - CTV - Pluto Bundle Override (Price Targeted),MH32,0.0
2025-07-01,Select - BFM,Xandr,Quorum,Quorum Optimized > MSFT > High Index Zips - Hyundai Dealership Visitors - CTV,Quoru122,0.0
2025-07-01,Select - BFM,Stirista,Audigent,Audigent & Beachfront - AUD-066529 - Optimum Media - Multiple Brands - CTV ContextualPMP - English Language Sports US - ctv,Audig1781,0.21
2025-10-01,Select - BFM,TheTradeDesk,Infillion Demand,ez cater | HR Leaders | CTV,ezCBizInfilBeachHRVidCTV,0.0
2025-07-01,DSP Marketplace - BFM,TheTradeDesk,—,TTD Deal - CTV - Seedtag - Premium,284131223512,0.0
2025-10-01,Select - BFM,Viant,IRIS,IRIS.TV - Viant - Healthy Living CTV_BFM,IRIS00318,720.73
2025-09-01,Select - BFM,Xandr,Quorum,Quorum Optimized > MSFT > High Index Zips - Burger King Visitors - CTV,Quoru58,0.54
2025-12-01,DSP Marketplace - BFM,Epsilon (Conversant),Beachfront Deal Curation,Conversant Alcohol Category Targeting - Video/CTV,Beach110,8561.83
2025-12-01,Select - BFM,TheTradeDesk,IRIS,IRIS.TV - Q11 - West Coast College - Graduates Contextual CTV_BFM,IRIS00360,1000.31
2025-08-01,Open Auction - BFM,Samsung DSP,—,Bidswitch - CTV - 1st Price,,189.91
2025-11-01,DSP Marketplace - BFM,DeepIntent,Beachfront Deal Curation,DeepIntent - CTV - Sports (genre),461410362718,153.75
2025-07-01,DSP Marketplace - BFM,JamLoop OpenRTB,—,JamLoop Deal - CTV - Fubo - $14,698777800950,100.18
2025-12-01,Open Auction - BFM,IPONWEB BidCore,—,Bidswitch - Seedtag,,0.7
2025-12-01,DSP Marketplace - BFM,Viant,—,Viant Deal - Desktop/MW (OLV Political - Right Leaning),420416602656,0.0
2025-07-01,Open Auction - BFM,Streamworx Lda.,—,Bidswitch - CTV - 1st Price (Bundle 151908),,0.0
2025-08-01,DSP Marketplace - BFM,SimpliFi,—,Simpli.Fi Deal - CTV - Political Allowed (Hearst News),401688873447,73.75
2025-07-01,Select - BFM,—,Aki,Aki Deal - CTV -  RON,,0.0
2025-11-01,Select - BFM,Quantcast,Quorum,Quorum > Pet Lovers > Physical Visitors,Quoru230,0.0
2025-07-01,Open Auction - BFM,—,—,Viant Deal - CTV (Direct Fixed $8),,0.0
2026-08-01,DSP Marketplace - BFM,Basis Technologies,Beachfront Deal Curation,Basis - Political - All Voters,117050172481,0.0
2025-08-01,DSP Marketplace - BFM,4INFO,—,Cadent_Syfy_PMP,596631837926,0.0
2025-08-01,DSP Marketplace - BFM,IQM,—,IQM Deal - CTV - Battle States - Ohio OH - Politics Allowed (Deal Library),BFM071,0.19
2025-11-01,DSP Marketplace - BFM,JamLoop OpenRTB,—,JamLoop Deal - CTV - Fubo - $14,698777800950,401.25
2025-11-01,Open Auction - BFM,Bidswitch,—,Bidswitch - Desktop [Display],,0.0
2025-08-01,Select - BFM,Xandr,Quorum,Quorum Optimized > MSFT > High Index Zips - Friendly's Visitors - Banner,Quoru95,0.0
2025-08-01,Open Auction - BFM,—,—,F0039446 NFL TEASER CONECTA 10SEG,,0.0
2025-07-01,Select - BFM,Viant,IRIS,IRIS.TV - Viant - Pets CTV_BFM,IRIS00295,5.36
2025-07-01,Select - BFM,Xandr,Quorum,Quorum Optimized > MSFT > High Index Zips - Dunkin Donuts Visitors - Banner,Quoru61,0.0
2025-07-01,Select - BFM,Xandr,Quorum,Quorum Optimized > MSFT > High Index Zips - Pizza Hut Visitors - Banner,Quoru103,0.0
2025-12-01,Open Auction - BFM,Adform,—,Bidswitch - Desktop [Display],,0.02
2025-07-01,DSP Marketplace - BFM,MadHive,BFM Internal,MadHive - CTV - Fubo (Price Targeted),MH38,159.69
2025-10-01,DSP Marketplace - BFM,Basis Technologies,Beachfront Deal Curation,Basis Deal - OTT - Skechers 2025 - Men 45+ - News,850505153503,0.0
2025-08-01,DSP Marketplace - BFM,MadHive,—,MadHive Deal - CTV - Vizio - No Content Data,848047441598,79.39
2025-07-01,DSP Marketplace - BFM,StackAdapt,—,StackAdapt Deal - CTV - A&amp;E (Network),679382125032,53.82
2025-10-01,Select - BFM,StackAdapt,Audigent,Audigent & Beachfront - AUD-066596 - PMG - Experian - CTV SmartPMP - Credit Seeking Card Switcher - High Credit Card Balance US - ctv,Audig1804,0.0
2025-08-01,Open Auction - BFM,Marketing Architects -RTB,—,0,,0.0
2025-11-01,DSP Marketplace - BFM,DeepIntent,Beachfront Deal Curation,DeepIntent - OLV - High CTR,603676934637,48.61
2025-08-01,Select - BFM,DV360,IRIS,GumGum - Cendyn - Royalton - Brand Safe CTV_BFM,IRIS00290,33.74
2025-09-01,Open Auction - BFM,—,—,StackAdapt - CTV - Open Auction,,0.0
2025-07-01,Open Auction - BFM,Zeta DSP,—,Bidswitch - APP 1st Price,,0.0
2025-08-01,Select - BFM,TheTradeDesk,SilverBack,TTD Deal - CTV - Silverback (Spanish Channels/Networks) - Select,713755339107,34.92
2026-07-01,DSP Marketplace - BFM,Samsung DSP,Beachfront Deal Curation,SamsungAds Efficiency Line,314668390400,2.14
2026-07-01,DSP Marketplace - BFM,SmartyAds,Beachfront Deal Curation,SmartyAds - Mother's Day - 2026 Deal,Beach261,0.06
2026-08-01,Open Auction - BFM,Adtheorent,—,Ad Theorent - APP [Display],,0.0
2026-08-01,Open Auction - BFM,DV360,—,Bidswitch - APP Display,,3.49
2026-08-01,Open Auction - BFM,Bidswitch,—,Bidswitch - APP Display,,0.0
2025-11-01,Select - BFM,Viant,IRIS,IRIS.TV - Viant - Sports CTV_BFM,IRIS00314,11402.51
2025-08-01,DSP Marketplace - BFM,JamLoop OpenRTB,Beachfront Deal Curation,Live Sport - CTV - Golf Only - Jamloop,988359389694,224.21
2025-10-01,Open Auction - BFM,IPONWEB BidCore,—,Bidswitch - Desktop [Display],,0.0
2025-08-01,Select - BFM,Xandr,Quorum,Quorum Optimized > MSFT > High Index Zips - Blaze Pizza Visitors - CTV,Quoru88,0.58
2025-09-01,Open Auction - BFM,Knorex,—,Bidswitch - CTV - 1st Price,,34.81
2025-09-01,Open Auction - BFM,AdElement,—,Bidswitch - Desktop [Display],,26.99
2025-09-01,Open Auction - BFM,SundaySky,—,SundaySky - MW - 1st Price,,4207.75
2025-07-01,Open Auction - BFM,Inspiritum,—,Bidswitch - MW [Display],,6.95
2025-07-01,Open Auction - BFM,Lemma DSP,—,Lemma DSP Inapp Video,,445.66
2025-07-01,Select - BFM,Xandr,Quorum,Quorum Optimized > MSFT > High Index Zips - Chick-fil-A Visitors - CTV,Quoru92,0.02
2025-12-01,Open Auction - BFM,Krush Media,—,Krush Media Web Video,,629.26
2025-11-01,DSP Marketplace - BFM,Beeswax,Beachfront Deal Curation,SuperAwesome - Seedtag - Teens - Canada - CTV,SuperAwesome2310,0.0
2025-09-01,DSP Marketplace - BFM,4INFO,—,Cadent_Philo_PMP,953685820466,0.0
2025-11-01,DSP Marketplace - BFM,StackAdapt,Beachfront Deal Migration,StackAdapt Deal - CTV - Sports Genre + Live Sports,983805237051,4848.08
2025-11-01,DSP Marketplace - BFM,Stirista,Beachfront Deal Curation,Stirista Deal - DV - CTV RON (Washington DC),298578719382,3.14
2025-08-01,Select - BFM,Bidswitch,Finstream,Nationwide Insurance,Finst2,0.0
2025-12-01,Select - BFM,Viant,IRIS,IRIS.TV - Viant - Thrivent Contextual CTV_BFM,IRIS00321,0.0
2025-07-01,DSP Marketplace - BFM,Viant,Beachfront Deal Curation,Viant Deal - CTV - MASN (Always on 1:1),173275448739,0.0
2025-12-01,Open Auction - BFM,—,—,TTD - Desktop - 1st Price (HB),,0.0
2025-07-01,Open Auction - BFM,TheTradeDesk,—,TTD - Display - Hispanic RON (Converge Direct),,0.0
2025-07-01,Select - BFM,—,IRIS,IRIS.TV - Viant - Wyndham Emotional Sentiment CTV_BFM,,0.0
2026-07-01,Open Auction - BFM,Webeye,—,Bidswitch - APP,,0.0
2026-08-01,Open Auction - BFM,IPONWEB BidCore,—,Bidswitch - APP Display,,0.0
2026-08-01,Open Auction - BFM,Webeye,—,Bidswitch - APP Display,,0.0
2025-07-01,DSP Marketplace - BFM,Basis Technologies,Beachfront Deal Migration,Basis Deal - Politics Allowed CTV,BFM017,2472.43
2025-07-01,DSP Marketplace - BFM,Beeswax,Beachfront Deal Curation,Beeswax Deal - CTV - Univision Demand - Political,601346667710,841.69
2025-08-01,Open Auction - BFM,DeepIntent,—,DeepIntent - Seedtag,,0.02
2025-08-01,DSP Marketplace - BFM,JamLoop OpenRTB,—,JamLoop Deal - CTV - Fuse TV,187878729747,27.33
2025-10-01,Open Auction - BFM,TheTradeDesk,—,TTD - MW - 1st Price (HB),,3925.11
2025-10-01,Open Auction - BFM,Epsilon (Conversant),—,Conversant - Web - Open Auction - Seedtag,,25823.12
2025-09-01,DSP Marketplace - BFM,IQM,BFM Internal,IQM - CTV - NBC NEWS - Network - Adjusted - Politics Allowed,IQM001,0.04
2025-09-01,DSP Marketplace - BFM,StackAdapt,Beachfront Deal Migration,StackAdapt Deal - CTV (Non-News),674172181259,2203.35
2025-08-01,Select - BFM,Stirista,Audigent,Audigent & Beachfront - AUD-066519 - Optimum Media - Multiple Brands - CTV SmartPMP - US - CTV OMPremiumPubList,Audig1773,12.0
2025-12-01,DSP Marketplace - BFM,GroundTruth,Beachfront Deal Curation,NBA - CTV - Contextual -  Tentpole Deal - GroundTruth,Beach138,3.26
2025-08-01,DSP Marketplace - BFM,4INFO,—,Cadent_FX_PMP_Testv2,063371218587,0.0
2025-08-01,Open Auction - BFM,Bidswitch,—,Bidswitch - MW - 1st Price (HB),,0.0
2025-11-01,Select - BFM,Viant,Quorum,Quorum Optimized > Viant > High Index Zips - Shopping Mall Visitors - Banner,Quoru182,0.0
2025-12-01,DSP Marketplace - BFM,Basis Technologies,—,Basis Deal - Fubo CTV (RON),BFM062,214.57
2025-08-01,Select - BFM,Bidswitch,IRIS,GumGum - Virgin Voyages CTV_BFM,IRIS00353,0.0
2025-12-01,DSP Marketplace - BFM,Octillion,Beachfront Deal Migration,Octillion Deal - CTV - Open Auction,747279147174,89.2
2025-08-01,DSP Marketplace - BFM,StackAdapt,—,StackAdapt Deal - CTV (CBD),314159927810,0.06
2025-07-01,Open Auction - BFM,Unruly,—,Unruly Web 1st Price Video (Desktop Only),,0.0
2025-12-01,Open Auction - BFM,AdElement,—,Bidswitch -RTB- Getintent-Whitelist- Web Display,,0.0
2026-07-01,DSP Marketplace - BFM,Bidswitch,Beachfront Deal Curation,Seedtag NeuroX | Always-On | Smart Shoppers & Deal Hunters - Connected TV,STNXCTV029,0.0
2026-08-01,DSP Marketplace - BFM,Basis Technologies,Beachfront Deal Migration,Basis - CTV - Political Local News,BFM109,192.11
2026-08-01,DSP Marketplace - BFM,Viant,—,Viant - Linear (Women),448163662776,0.0
2025-09-01,DSP Marketplace - BFM,Octillion,Beachfront Deal Migration,Octillion Deal - CTV - Fubo,747279147179,1291.81
2025-08-01,Open Auction - BFM,—,—,F0034009 AEW SHOW 2025-1 LUNES 30’,,0.0
2025-07-01,DSP Marketplace - BFM,Bidswitch,Beachfront Deal Curation,Bidswitch Deal - Infillion -  CTV/InApp - FEP/CTV $10 and below (Average Clearing Pice),223910661417,0.0
2025-07-01,DSP Marketplace - BFM,Octillion,Beachfront Deal Migration,Octillion Deal - CTV - Sling - App List,747279147176,344.68
2025-07-01,Select - BFM,Xandr,Quorum,Quorum Optimized > MSFT > High Index Zips - Shopping Mall Visitors - Banner,Quoru38,0.0
2025-10-01,Open Auction - BFM,IQM,—,IQM - Web Video - Open Auction,,13.81
2025-08-01,DSP Marketplace - BFM,4INFO,—,4INFO Deal - CTV - T1 Indirect - (MTV),932930387804,0.0
2025-08-01,DSP Marketplace - BFM,4INFO,—,4INFO Deal - CTV - T1 Indirect - (OWN),489912743465,0.0
2025-10-01,Open Auction - BFM,Infillion,—,Bidswitch - CTV - 1st Price (Bundle 151908),,0.5
2025-10-01,Select - BFM,TheTradeDesk,IRIS,IRIS.TV - Q11 - West Coast College - Nursing Contextual CTV_BFM,IRIS00361,30.3
2025-12-01,Open Auction - BFM,Madopi,—,Bidswitch - APP 1st Price,,0.02
2025-10-01,DSP Marketplace - BFM,Beeswax,Beachfront Deal Curation,Datafy - Sports Contextual - Q4,Datafy9368363227,2956.31
2025-09-01,DSP Marketplace - BFM,Viant,—,Viant Deal - CTV (Minority / Woman Owned),BFM027,19.99
2025-11-01,Open Auction - BFM,SimpliFi,—,SimpliFi - APP [Display],,170.51
2025-12-01,Select - BFM,TheTradeDesk,IRIS,IRIS.TV - Quantum11 - Potbelly Contextual CTV_BFM,IRIS00282,189.57
2025-09-01,DSP Marketplace - BFM,4INFO,—,Cadent_FOX_Sports_PMP,893559554853,0.0
2025-11-01,DSP Marketplace - BFM,Basis Technologies,—,Basis Deal - CTV - All Supply w/ Channel Targeting,BFM038,20.34
2025-10-01,Open Auction - BFM,Stirista,—,Stirista - Desktop [Display],,3.53
2025-09-01,DSP Marketplace - BFM,Viant,BFM Internal,Viant Deal - Firearms Allowed,130263370196,0.0
2025-08-01,Select - BFM,TheTradeDesk,Media Culture,Law & Crime,Media21,4.29
2025-12-01,Select - BFM,AdElement,Quorum,Quorum > Sports Fans > Physical Visitors,Quoru231,0.0
2025-09-01,Open Auction - BFM,Between Exchange,—,Bidswitch -RTB- Getintent-Whitelist- Web Display,,0.0
2025-12-01,Select - BFM,Quantcast,Quorum,Quorum > DIY Home Renovators > Physical Visitors,Quoru193,0.0
2025-11-01,Open Auction - BFM,IPONWEB BidCore,—,Bidswitch - CTV (Charter),,0.04
2026-07-01,DSP Marketplace - BFM,Beeswax,Beachfront Deal Curation,NBA Finals - CTV - Contextual - Deal - VideoAmp,Beach148,0.0
2026-07-01,Open Auction - BFM,Yahoo DSP,—,Yahoo - In-App,,16030.33
2026-08-01,Open Auction - BFM,Equative,—,Equative CTV Main,,0.04
2026-08-01,Select - BFM,JamLoop OpenRTB,Hearst News,Hearst - Jamloop $14 Floor CTV,Hearst2,0.39
2026-08-01,DSP Marketplace - BFM,Yahoo DSP,Beachfront Deal Curation,Yahoo Deal - CTV - Zeta (Political),984632781291,0.0
2026-08-01,Open Auction - BFM,Viant,—,Viant - Desktop,,20.61
2025-09-01,DSP Marketplace - BFM,Bidswitch,Beachfront Deal Curation,Bidswitch Deal - Infillion -  CTV/InApp - FEP/CTV $10 and below (Average Clearing Pice),223910661417,0.0
2025-09-01,Select - BFM,Viant,IRIS,IRIS.TV - Viant - Wyndham Emotional Sentiment CTV_BFM,IRIS00359,2263.61
2025-09-01,Select - BFM,Xandr,Quorum,Quorum Optimized > MSFT > High Index Zips - Red Robin Burgers Visitors - Banner,Quoru83,0.0
2025-09-01,Select - BFM,Xandr,Quorum,Quorum Optimized > MSFT > High Index Zips - Sonic Visitors - CTV,Quoru82,0.1
2025-10-01,DSP Marketplace - BFM,SimpliFi,Beachfront Deal Migration,Simplifi Deal - A+E Networks CTV,103824164135,219.77
2025-11-01,DSP Marketplace - BFM,MadHive,—,Madhive Deal - CTV Genre Sports,BFM021,679.93
2025-07-01,Open Auction - BFM,IPONWEB BidCore,—,Bidswitch - Desktop [Display],,0.65
2025-10-01,Open Auction - BFM,4INFO,—,4INFO - CTV - 1st Price,,493.11
2025-11-01,DSP Marketplace - BFM,Octillion,Beachfront Deal Migration,Octillion Deal - CTV - Paramount,976384276767,159.87
2025-08-01,Select - BFM,Xandr,Quorum,Quorum Optimized > MSFT > High Index Zips - Popeyes Visitors - Banner,Quoru73,0.0
2025-11-01,DSP Marketplace - BFM,SimpliFi,BFM Internal,Simpli.Fi Deal - TEGNA,121961372178,54.6
2025-08-01,DSP Marketplace - BFM,SimpliFi,—,Simpli.Fi Deal - CTV - Political Allowed (AMC Networks),646334733342,56.6
2025-11-01,Open Auction - BFM,—,—,Ad Theorent - Desktop/MW Display,,0.0
2025-12-01,Open Auction - BFM,Amazon DSP,—,Bidswitch - Desktop - 1st Price (HB),,3.58
2025-07-01,Select - BFM,TheTradeDesk,Strategus,Strategus Deal  - CTV - $25 and Above,Strat36,3.01
2025-08-01,DSP Marketplace - BFM,Viant,—,Viant Deal - CTV (Genre: Entertainment),577096258514,26.07
2025-09-01,DSP Marketplace - BFM,SimpliFi,—,Simplifi Deal - CTV - All Supply w/ Channel Targeting,263082243873,0.07
2025-11-01,Open Auction - BFM,—,—,0041254 NFL VIKI-LION JAGU-RAID FS2 DOM 30,,0.0
2025-11-01,Open Auction - BFM,—,—,TTD - CTV (1st Price),,0.0
2026-07-01,DSP Marketplace - BFM,SmartyAds,Beachfront Deal Curation,SmartyAds - Sport Hockey - 2026 Deal,Beach255,0.0
2026-07-01,DSP Marketplace - BFM,Viant,Beachfront Deal Curation,LG - Viant CTV deal,482917350641,4295.59
2026-08-01,Select - BFM,TheTradeDesk,IRIS,IRIS.TV - Quantum11 - Potbelly Sentiment CTV_BFM,IRIS00283,0.0
2025-09-01,Select - BFM,Xandr,Quorum,Quorum Optimized > MSFT > High Index Zips - Chevrolet/Buick/GMC Dealership Visitors - CTV,Quoru114,0.0
2025-07-01,DSP Marketplace - BFM,Beeswax,—,Beeswax Deal - CTV - Datafy - Minority Owned,976376076665,961.2
2025-11-01,DSP Marketplace - BFM,StackAdapt,Beachfront Deal Migration,StackAdapt Deal - CTV (Business and News),385551492251,5668.11
2025-09-01,DSP Marketplace - BFM,SimpliFi,—,Simpli.Fi Deal - CTV - Spanish Language,994799782049,3.17
2025-07-01,Select - BFM,StackAdapt,Audigent,Audigent & Beachfront - AUD-066596 - PMG - Experian - CTV SmartPMP - Credit Seeking Card Switcher - High Credit Card Balance US - ctv,Audig1804,1152.07
2025-09-01,Open Auction - BFM,SimpliFi,—,0,993808143903,0.0
2025-07-01,DSP Marketplace - BFM,Basis Technologies,Beachfront Deal Curation,Basis Deal - OTT - Skechers 2025 - Women 45+ - Lifestyle,906512946837,322.97
2025-10-01,DSP Marketplace - BFM,GroundTruth,Beachfront Deal Curation,GroundTruth Deal - CTV - RON - Canada,340423331748,450.24
2025-09-01,DSP Marketplace - BFM,Viant,—,Viant Deal - CTV (Spanish),901374116708,90.2
2025-07-01,DSP Marketplace - BFM,Yahoo DSP,Beachfront Deal Curation,Yahoo  - Casual IQ - Diverse Audience Content - CTV - Contextual,738205946310,0.0
2026-07-01,DSP Marketplace - BFM,StackAdapt,—,Q4 Gold Publishers,078498699473,0.0
2025-12-01,Select - BFM,Basis Technologies,AI Digital,LucidX - Beachfront - C0167 - South Shore Bank - CTV - Finance - 103024,AIDig148,48.22
2025-12-01,DSP Marketplace - BFM,Samsung DSP,Beachfront Deal Curation,SamsungAds Efficiency Line,314668390400,4.06
2025-12-01,DSP Marketplace - BFM,StackAdapt,—,StackAdapt Deal - CTV (News Genre-Targeted),564909187691,1418.46
2025-09-01,DSP Marketplace - BFM,SimpliFi,Beachfront Deal Curation,SimpliFi Deal - CTV - Philo (Obfuscation),582453465559,474.57
2025-11-01,Select - BFM,Viant,IRIS,IRIS.TV - Viant - Video Gaming CTV_BFM,IRIS00296,75.74
2025-10-01,DSP Marketplace - BFM,TheTradeDesk,—,TTD Deal - Bully Pulpit - CTV Cannabis Approved,133914955,0.0
2025-09-01,Open Auction - BFM,Adtheorent,—,Ad Theorent - APP Video 1st Price,,68.06
2025-08-01,Open Auction - BFM,OTT Advisors (Demand),—,OTT Advisors Deal - MW/Tablet - Live Sports (Washington DC),,0.0
2025-12-01,Select - BFM,StackAdapt,Audigent,Audigent & Beachfront - AUD-066596 - PMG - Experian - CTV SmartPMP - High Credit Card Score US - ctv,Audig1803,0.0
2025-10-01,DSP Marketplace - BFM,Beeswax,Beachfront Deal Curation,Datafy - News Contextual - Q4,Datafy2106644013,9698.1
2025-08-01,Select - BFM,Xandr,IRIS,MNI - Science & Tech CTV_BFM,IRIS73,0.0
2025-07-01,DSP Marketplace - BFM,Bidswitch,—,Bidswitch Deal - Zeta - CTV - $5-$9 (Spanish),965563756301,0.0
2025-08-01,DSP Marketplace - BFM,Basis Technologies,Beachfront Deal Migration,Basis Deal - Hispanic CTV,532371564041,865.95
2025-07-01,Select - BFM,TheTradeDesk,IRIS,IRIS.TV - Q11 - Revitalash Contextual CTV_BFM,IRIS00327,192.85
2025-07-01,Select - BFM,TheTradeDesk,Simulmedia,PlayerWON - McDonalds-FY25,PlayerWONMcDonaldsFY25,0.0
2025-08-01,DSP Marketplace - BFM,Unruly,—,Unruly RTBHouse Deal - OLV - Holiday/Shopping -  ($8),730014448043,0.0
2025-11-01,Open Auction - BFM,SimpliFi,—,0,,0.0
2025-10-01,DSP Marketplace - BFM,—,Beachfront Deal Migration,Viant Deal - CTV - Political Approved Pubs RON,,0.0
2025-07-01,DSP Marketplace - BFM,Beeswax,Beachfront Deal Curation,Beeswax Deal - CTV - Vibe - Paramount-Pluto Channel Targeted - Multipub,156397182645,0.0
2025-07-01,Open Auction - BFM,Adform,—,Bidswitch - APP Display,,0.0
2025-08-01,Open Auction - BFM,—,—,2507 - MGMPLUS - INSTITUTE S1 PROMO - SERIES - MGMPHD363209,,4.21
2025-09-01,Select - BFM,—,Strategus,TTD - Strategus - CTV - $12 and Below,,0.0
2026-08-01,Select - BFM,Bidswitch,IRIS,GumGum - Optimum Media - Brand Safe CTV_BFM,IRIS00371,0.0
2026-08-01,DSP Marketplace - BFM,Octillion,BFM Internal,Octillion Deal - CTV - Cinedigm,379708306000,0.0
2025-11-01,Open Auction - BFM,Amazon DSP,—,Bidswitch - Seedtag,,16840.87
2025-07-01,Open Auction - BFM,Adtheorent,—,Ad Theorent - Desktop Video (LQPS Audit),,1.08
2025-11-01,Select - BFM,Bidswitch,Quorum,Quorum > DIY Home Renovators > Physical Visitors,Quoru193,0.0
2025-11-01,Open Auction - BFM,SmartyAds,—,SmartyAds - CTV (Sports),,0.0
2025-11-01,DSP Marketplace - BFM,TheTradeDesk,Beachfront Deal Curation,Strategus FAST-Only CTV Deal,Strat3113031663,0.0
2025-08-01,Select - BFM,DV360,MultiLocal,T9_mlm_TA_US_CT_CTV_BF_MLMBRID4972,Multi24,1754.86
2025-08-01,Open Auction - BFM,IQM,—,IQM - CTV - Open Auction,,21.05
2025-08-01,DSP Marketplace - BFM,JamLoop OpenRTB,—,JamLoop Deal - CTV - Vizio - Efficient CPM,760573200866,323.06
2025-08-01,Open Auction - BFM,Lemma DSP,—,0,,0.0
2025-08-01,Select - BFM,Stirista,Audigent,Audigent & Beachfront - AUD-066519 - Optimum Media - Multiple Brands - CTV SmartPMP - US - ctv - Audience Code bsy618,Audig1772,10.3
2025-12-01,Open Auction - BFM,TheTradeDesk,—,TTD - Desktop - 1st Price (HB),,7559.7
2025-09-01,Select - BFM,StackAdapt,Audigent,Audigent & Beachfront - AUD-066596 - PMG - Experian - CTV SmartPMP - In Market Credit Card US - ctv,Audig1805,969.91
2025-09-01,DSP Marketplace - BFM,SimpliFi,BFM Internal,Simpli.Fi Deal - Vix (Network-Channel),527344445666,0.18
2025-07-01,DSP Marketplace - BFM,StackAdapt,Beachfront Deal Curation,StackAdapt_Standard Inventory Packages_Beachfront_2025_[Allows Pharma],Beach161,2.68
2025-07-01,DSP Marketplace - BFM,TheTradeDesk,—,TTD Deal - Bully Pulpit - CTV Cannabis Approved,133914955,1.05
2025-07-01,DSP Marketplace - BFM,Walmart,—,TTD Deal - CTV & STB - TV One - Network,BFMTVONE001,1.28
2025-07-01,DSP Marketplace - BFM,Stirista,Beachfront Deal Curation,Stirista Deal - DV - CTV RON (Washington DC),298578719382,0.7
2025-11-01,DSP Marketplace - BFM,Basis Technologies,—,Basis Deal - CTV Genre - Sports,BFM021,80.62
2025-11-01,Open Auction - BFM,Basis Technologies,—,Basis - CTV - oRTB - (Canada),,661.58
2025-09-01,Select - BFM,TheTradeDesk,Strategus,Strategus CTV RON,300416284256,31306.46
2025-09-01,Select - BFM,TheTradeDesk,Media Culture,Back to School - CTV Tentpole Deal,Media27,0.0
2025-09-01,DSP Marketplace - BFM,4INFO,—,Cadent_NBCSN(Cable)_PMP,548271151819,0.0
2025-07-01,DSP Marketplace - BFM,Octillion,—,Octillion Deal - CTV - CBS - Apps,747279147187,0.0
2025-12-01,Open Auction - BFM,—,—,TTD - APP [Display],,0.0
2025-08-01,DSP Marketplace - BFM,StackAdapt,—,StackAdapt Deal - MW - 70%+ VCR,950191416301,18.51
2025-09-01,DSP Marketplace - BFM,Viant,Beachfront Deal Curation,Viant Deal - CTV - Sports Grid (Always on 1:1),748750104921,0.02
2025-07-01,DSP Marketplace - BFM,Epsilon (Conversant),Beachfront Deal Curation,Conversant Deal - CTV - Live Sports RON,810716829549,75.13
2025-12-01,Select - BFM,AdElement,Quorum,Quorum > Wholesale Shoppers > Physical Visitors,Quoru220,0.0
2026-08-01,Open Auction - BFM,Yahoo DSP,—,Yahoo - Desktop MW - Open Auction - Efficiency Monitoring,,11.7
2025-11-01,Open Auction - BFM,StackAdapt,—,StackAdapt - Desktop - Open Auction,,403.35
2025-11-01,Open Auction - BFM,Bidswitch,—,Bidswitch - Desktop - 1st Price (HB),,0.0
2025-12-01,Open Auction - BFM,DeepIntent,—,DeepIntent CTV OLV Demand,,769.79
2025-10-01,Select - BFM,TheTradeDesk,Aki,Aki Deal - CTV - Game Time Moments,Aki21,0.0
2025-10-01,Open Auction - BFM,Beeswax,—,Beeswax - CTV - Open Auction (Charter Political),,0.0
2025-07-01,Open Auction - BFM,SmartyAds,—,SmartyAds - App (1st Price),,35.43
2025-07-01,Select - BFM,AdElement,Infillion Demand,Pulte RON - Display 2,InfPulteRON2,0.0
2025-07-01,Open Auction - BFM,—,—,Conversant - Web - Open Auction - Seedtag,,0.0
2025-08-01,Select - BFM,Xandr,Quorum,Quorum Optimized > MSFT > High Index Zips - Audi Dealership Visitors - Banner,Quoru109,0.0
2025-11-01,Open Auction - BFM,Sharethrough,—,Sharethrough InApp Video (Open Auction),,664.93
2025-09-01,Select - BFM,TheTradeDesk,Aki,Aki Deal - CTV - Game Show,Aki7,0.0
2025-08-01,DSP Marketplace - BFM,StackAdapt,Beachfront Deal Curation,StackAdapt_Standard Inventory Packages_Beachfront_2025_Spanish Inventory,Beach171,0.0
2025-12-01,Open Auction - BFM,—,—,F0044494 NFL BENGALS V DOLPHINS + RAIERS VS TEXANS DOMINGO 30,,0.0
2025-07-01,Select - BFM,Xandr,Quorum,Quorum Optimized > MSFT > High Index Zips - Wendy's Visitors - CTV,Quoru76,0.0
2025-07-01,DSP Marketplace - BFM,TheTradeDesk,Beachfront Deal Curation,TTD Deal - CTV  - Prudential - Age + Genre,193213565700,0.0
2025-08-01,Open Auction - BFM,Basis Technologies,—,Centro Display Web,,13104.58
2025-09-01,Select - BFM,Xandr,Quorum,Quorum Optimized > MSFT > High Index Zips - Audi Dealership Visitors - CTV,Quoru110,0.04
2025-08-01,DSP Marketplace - BFM,Epsilon (Conversant),Beachfront Deal Curation,0,"Beach110, Beach111, Beach112, Beach113, 513073226453",0.0
2025-10-01,DSP Marketplace - BFM,TheTradeDesk,Beachfront Deal Migration,TTD Deal - MiQ - CA CTV (RON),662507672500,404.09
2025-09-01,Open Auction - BFM,Krush Media,—,Krush Media Video - CTV Direct (700),,216.99
2025-07-01,DSP Marketplace - BFM,Beeswax,—,Beeswax Deal - Display - Cannabis Allowed,835959452192,0.07
2025-10-01,Select - BFM,TheTradeDesk,IRIS,IRIS.TV - Tripadvisor CTV_BFM,IRIS00348,0.0
2025-09-01,Open Auction - BFM,StackAdapt,—,StackAdapt - Desktop - Open Auction,,617.34
2025-07-01,Open Auction - BFM,4INFO,—,4INFO - CTV - 1st Price,,7930.59
2025-07-01,Open Auction - BFM,DV360,—,Bidswitch - APP 1st Price,,325.33
2025-12-01,Select - BFM,Viant,IRIS,IRIS.TV - Viant -  NH State Lottery CTV_BFM,IRIS00357,1096.96
2025-09-01,Select - BFM,TheTradeDesk,Aki,Aki Deal - CTV - DIY Moments,Aki23,0.0
2025-10-01,Open Auction - BFM,—,—,F0039526 F1 MID SEASON 30,,0.0
2025-10-01,Open Auction - BFM,—,—,F0040479 UEL FASE LIGA J2 MULTICHANNEL JUEVES 10AM 20,,0.0
2025-07-01,DSP Marketplace - BFM,Epsilon (Conversant),Beachfront Deal Curation,Conversant Deal - CTV -  Political Moderates,897851890984,1.43
2025-07-01,Open Auction - BFM,4INFO,—,Cadent_Scripps_PMP,,0.0
2026-07-01,DSP Marketplace - BFM,Beeswax,Beachfront Deal Curation,Beeswax - SuperAwesome - Nickelodeon - CTV Deal,Beach249,0.0
2026-07-01,DSP Marketplace - BFM,Viant,Beachfront Deal Curation,Viant Deal - CTV - Targeting away from Political (IRIS),925896302547,3397.68
2026-08-01,Open Auction - BFM,Stirista,—,Stirista - Desktop [Display],,0.0
2025-12-01,DSP Marketplace - BFM,StackAdapt,—,StackAdapt Deal - CTV - CNN Newsource,122820292944,23.69
2025-09-01,Open Auction - BFM,Beeswax,—,Beeswax UR Improvement Tier 2 (Mid UR),,17845.28
2025-09-01,DSP Marketplace - BFM,Bidswitch,—,Bidswitch Deal - Roku - CTV - Revry TV,335316630773,0.0
2025-11-01,Select - BFM,Xandr,Quorum,Quorum Optimized > MSFT > High Index Zips - Mazda Dealership Visitors - CTV,Quoru132,0.0
2025-12-01,DSP Marketplace - BFM,JamLoop OpenRTB,BFM Internal,Jamloop Deal - CTV - Network-Channel-Newsmax,914358280972,122.63
2025-07-01,Open Auction - BFM,Bidswitch,—,Bidswitch - APP 1st Price,,0.0
2025-10-01,Open Auction - BFM,Unruly,—,Unruly CTV Video,,0.0
2025-11-01,DSP Marketplace - BFM,Beeswax,—,Beeswax Deal - VideoAmp - CTV - Always On,112854873831,28479.79
2025-07-01,Open Auction - BFM,Unruly,—,Unruly CTV Video,,0.0
2025-11-01,DSP Marketplace - BFM,SimpliFi,BFM Internal,Simpli.Fi Deal - CTV - Fox Television Stations,982803901767,1694.06
2025-09-01,Select - BFM,TheTradeDesk,Chief Media,TTD - Chief Media - CTV - Pub Targeted - Fox,1213870,90.46
2025-08-01,DSP Marketplace - BFM,Bidswitch,—,BidSwitch Deal - CTV (Plex Samsung Ads),377917241993,0.0
2025-07-01,DSP Marketplace - BFM,Epsilon (Conversant),Beachfront Deal Curation,Conversant deal - OLV - Health and Wellness,681334658713,23.22
2025-10-01,DSP Marketplace - BFM,Stirista,Beachfront Deal Curation,Stirista Deal - DV - CTV RON (Washington DC),298578719382,3.09
2025-11-01,Select - BFM,TheTradeDesk,Quorum,Quorum - Office and Finance - Physical Visitors,Quoru225,0.0
2025-08-01,Open Auction - BFM,DV360,—,Bidswitch - MW - 1st Price (HB),,462.23
2026-07-01,Open Auction - BFM,—,—,F0044634 FFC GENERICO SAB 20,,0.0
2025-07-01,DSP Marketplace - BFM,IQM,Beachfront Deal Migration,IQM Deal - Local News CTV - Politics Allowed,188589303674,0.0
2025-11-01,DSP Marketplace - BFM,—,Beachfront Deal Migration,Basis Deal - CTV RON - $10 Floor,893090891708,0.0
2025-11-01,Open Auction - BFM,—,—,Beeswax UR Improvement Tier 2 (Mid UR),,0.0
2025-12-01,Select - BFM,Quantcast,Quorum,Quorum > Auto Enthusiasts > Physical Visitors,Quoru190,0.0
2026-07-01,Select - BFM,Adtelligent,A+E Networks,Adtilligent Deal,AENet1,11.4
2026-08-01,DSP Marketplace - BFM,GroundTruth,Beachfront Deal Curation,GroundTruth Deal - Mobile Web - Always On - Display,Beach188,0.0
2025-09-01,Open Auction - BFM,SimpliFi,—,SimpliFi - Desktop [Display],,1364.3
2025-09-01,Select - BFM,Xandr,Quorum,Quorum Optimized > MSFT > High Index Zips - Dick's Sporting Goods Visitors - CTV,Quoru41,1.47
2025-12-01,DSP Marketplace - BFM,Octillion,—,Octillion Deal - CTV - Cinedigm,379708306000,1439.05
2025-10-01,Open Auction - BFM,Marketperf,—,Bidswitch - Desktop [Display],,0.0
2025-07-01,DSP Marketplace - BFM,TheTradeDesk,—,TTD Deal - CTV - Seedtag All BFM Pubs,626839283178,0.0
2025-07-01,DSP Marketplace - BFM,SmartyAds,—,SmartyAds Deal - CTV (Holiday-Shopping),254822275978,0.0
2025-09-01,Select - BFM,Bidswitch,IRIS,IRIS.TV - OMD - National Guard - Contextual CTV_BFM,IRIS00269,0.0
2025-09-01,DSP Marketplace - BFM,TheTradeDesk,Beachfront Deal Migration,TTD Deal - Holiday/Shopping CTV (Deal Library) - Genre - Goodway,774408369864,435.69
2025-09-01,DSP Marketplace - BFM,Viant,Beachfront Deal Curation,Viant Deal - CTV - Comedy Central - Channel,945137366538,6.56
2025-08-01,DSP Marketplace - BFM,StackAdapt,Beachfront Deal Curation,StackAdapt_Standard Inventory Packages_Beachfront_2025_Sports (General),Beach157,41.47
2025-10-01,Open Auction - BFM,Stirista,—,Stirista - Open Auction - OLV (InApp),,0.0
2025-10-01,Open Auction - BFM,—,—,Conversant - Web - Open Auction - Seedtag,,0.0
2025-07-01,Open Auction - BFM,Promo-PSA,—,Test Ad: PSA :30 (feedingamerica.org)#12,,0.0
2025-12-01,Open Auction - BFM,—,—,F0041648 MASL KANSAS VS BALTIMORE SABADO 011225,,0.0
2025-12-01,Open Auction - BFM,OnSpot Data,—,Bidswitch - MW - 1st Price (HB),,0.0
2025-11-01,Open Auction - BFM,Between Exchange,—,Bidswitch - APP Display,,0.0
2026-07-01,DSP Marketplace - BFM,DV360,Beachfront Deal Curation,Seedtag NeuroX | Always-On | Grocery & Food Shopping Planners - Connected TV,STNXCTV017,28.47
2026-07-01,Open Auction - BFM,Marketing Architects -RTB,—,Marketing Architects - CTV 1st Price,,904.74
2026-08-01,DSP Marketplace - BFM,DV360,Beachfront Deal Curation,Seedtag NeuroX | Always-On | Banking & Wealth Builders - Connected TV,STNXCTV016,0.02
2026-08-01,DSP Marketplace - BFM,Epsilon (Conversant),Beachfront Deal Curation,Conversant - Seedtag Q1 Tentpole - Winter Olympics - Contextual CTV,Beach216,0.43
2025-11-01,Select - BFM,SundaySky,Fize,SundaySky,fizesundaysky,166.44
2025-10-01,DSP Marketplace - BFM,JamLoop OpenRTB,BFM Internal,Jamloop Deal - CTV - Network-Override-NBC,JL001,1149.61
2025-07-01,DSP Marketplace - BFM,Basis Technologies,Beachfront Deal Curation,Basis Deal - CTV - Skechers 2025 - Work - Entertainment,713917241756,22177.62
2025-10-01,DSP Marketplace - BFM,GroundTruth,Beachfront Deal Curation,GroundTruth Sensitive Category Deal - Nicotine - CTV,Beach119,1.91
2025-10-01,Select - BFM,Viant,IRIS,IRIS.TV - Viant - College Basketball CTV_BFM,IRIS00309,2.3
2025-10-01,Select - BFM,Viant,IRIS,IRIS.TV - Viant - Joy - Emotional Sentiment CTV_BFM,IRIS00317,272.71
2025-07-01,Select - BFM,TheTradeDesk,Aki,Aki Deal - CTV - Game Time Moments,Aki21,51.43
2025-08-01,DSP Marketplace - BFM,Viant,Beachfront Deal Curation,Viant Deal - CTV - Walter County Tourism (Channels/Networks),196835969212,578.62
2025-07-01,Open Auction - BFM,4INFO,—,4INFO Deal - CTV - DEI,,0.0
2025-11-01,Open Auction - BFM,—,—,Beeswax Deal - CTV - Anoki - RON - $12,996138804224,0.0
2026-08-01,DSP Marketplace - BFM,TheTradeDesk,Beachfront Deal Migration,TTD Deal - HavasEdge - CTV RON,676738569288,0.0
2026-08-01,Open Auction - BFM,Viant,—,Viant - Desktop - 1st Price,,17.43
2025-08-01,DSP Marketplace - BFM,4INFO,—,4INFO Deal - CTV - T1 Indirect - (LIFE),092881120752,0.0
2025-10-01,Open Auction - BFM,Lemma DSP,—,Lemma DSP Inapp Video,,139.64
2025-08-01,Open Auction - BFM,Adtheorent,—,Ad Theorent - APP [Display],,137.62
2025-12-01,DSP Marketplace - BFM,Bidswitch,—,Bidswitch Deal - Zeta - OLV Web - Women 18-34,866808155125,0.0
2025-08-01,DSP Marketplace - BFM,Walmart,Beachfront Deal Migration,TTD Deal - CTV ($15 MiQ) (Walmart),176619450572,117.37
2025-10-01,DSP Marketplace - BFM,Basis Technologies,Beachfront Deal Curation,Basis Deal - CTV - Catawba Two Kings Casino 2025,589953934941,501.11
2025-09-01,Open Auction - BFM,Quantcast,—,Bidswitch - APP,,0.0
2025-09-01,Select - BFM,Viant,IRIS,IRIS.TV - Viant - Video Gaming CTV_BFM,IRIS00296,1.27
2025-12-01,Open Auction - BFM,—,—,Nagios Monitor - DO NOT DISABLE,,0.0
2025-08-01,DSP Marketplace - BFM,Viant,—,Viant Deal - CTV - Live Sports,583805358485,0.0
2025-08-01,DSP Marketplace - BFM,StackAdapt,Beachfront Deal Curation,StackAdapt_Standard Inventory Packages_Beachfront_2025_Food,Beach165,520.1
2025-09-01,DSP Marketplace - BFM,Viant,Beachfront Deal Migration,Viant Deal - Charter,310648224343,482.63
2025-08-01,Select - BFM,TheTradeDesk,Chief Media,TTD - Chief Media - CTV - Pub Targeting - Deal,778185575390,95.23
2026-07-01,Open Auction - BFM,OnSpot Data,—,Bidswitch - MW - 1st Price (HB),,0.0
2026-07-01,DSP Marketplace - BFM,Beeswax,Beachfront Deal Curation,Beeswax - CTV - VideoAmp - Holiday Travel,VideoAmp15938,3.84
2026-07-01,Open Auction - BFM,Knorex,—,Bidswitch - APP Display,,0.25
2026-07-01,Open Auction - BFM,DeepIntent,—,DeepIntent CTV OLV Demand,,676.49
2026-08-01,Open Auction - BFM,OTT Advisors (Demand),—,OTT Advisors Deal - CTV - (Univision) (Bundles),,0.0
2025-09-01,DSP Marketplace - BFM,Walmart,Beachfront Deal Migration,TTD Deal - CTV ($15 MiQ) (Walmart),176619450572,182.65
2025-07-01,Select - BFM,Beeswax,Simulmedia,Simulmedia Beeswax Connection Rewarded,Simul2,6.65
2025-11-01,Open Auction - BFM,AdElement,—,Bidswitch - Desktop [Display],,0.23
2025-10-01,DSP Marketplace - BFM,Beeswax,—,Beeswax Deal - CTV - VideoAmp - FEP,118866276082,6005.8
2025-08-01,DSP Marketplace - BFM,Beeswax,Beachfront Deal Curation,Beeswax Deal - CTV - Videoamp iCTV,366846669359,0.0
2025-10-01,Open Auction - BFM,Bidswitch,—,Bidswitch - APP 1st Price,,0.01
2025-11-01,Select - BFM,Xandr,MultiLocal,mCanvas_mlm_Roku_BR_CTV_Xandr_BF_MLMBRID7304,Multi47,0.0
2025-09-01,Open Auction - BFM,—,—,F0024818 LATITUD 2024-2 20SEG,,0.0
2025-09-01,DSP Marketplace - BFM,Basis Technologies,Beachfront Deal Migration,Basis Deal - Hispanic CTV,532371564041,440.19
2025-11-01,DSP Marketplace - BFM,JamLoop OpenRTB,BFM Internal,Jamloop Deal - CTV - Network-Channel-Newsmax,914358280972,60.72
2025-08-01,DSP Marketplace - BFM,Viant,Beachfront Deal Curation,Viant Deal - CTV - Plex 1:1 Always On,772180040131,52.41
2025-08-01,Select - BFM,TheTradeDesk,IRIS,IRIS.TV - Q11 Crunch - Contextual CTV_BFM,IRIS00244,6493.18
2025-08-01,DSP Marketplace - BFM,—,Beachfront Deal Curation,0,"Beach110, 513073226453",0.0
2025-08-01,DSP Marketplace - BFM,TheTradeDesk,Beachfront Deal Migration,0,747415045888,0.0
2025-10-01,Select - BFM,—,Camelot,PMG - LG Ads,,0.0
2025-09-01,Open Auction - BFM,—,—,SimpliFi - Desktop [Display],,0.0
2026-07-01,DSP Marketplace - BFM,DV360,Beachfront Deal Curation,Seedtag NeuroX | Always-On | Relief & Recovery Pursuers - Connected TV,STNXCTV021,286.3
2026-07-01,Open Auction - BFM,OnSpot Data,—,Bidswitch - Desktop - 1st Price (HB),,0.96
2026-07-01,Open Auction - BFM,StackAdapt,—,StackAdapt - APP - Open Auction,,48.22
2026-08-01,DSP Marketplace - BFM,GroundTruth,BFM Internal,GroundTruth Deal - CTV Univision Philo - 90% VCR,480630561397,3.79
2025-09-01,Open Auction - BFM,Bidswitch,—,Bidswitch - MW - 1st Price (HB),,0.0
2025-07-01,Open Auction - BFM,Lift,—,Bidswitch - MW [Display],,0.15
2025-11-01,DSP Marketplace - BFM,Bidswitch,Beachfront Deal Curation,Bidswitch Deal - Infillion -  CTV/InApp - FEP/CTV $10 and below (Average Clearing Pice),223910661417,0.0
2025-12-01,Open Auction - BFM,Marketing Architects -RTB,—,Marketing Architects - PlayerWON,,0.0
2025-07-01,Open Auction - BFM,Epsilon (Conversant),—,Conversant Filmrise CTV (203765),,92.11
2025-08-01,DSP Marketplace - BFM,DeepIntent,Beachfront Deal Curation,DeepIntent - OLV - High CTR,603676934637,51.61
2025-08-01,Open Auction - BFM,SmartyAds,—,SmartyAds - CTV (Plex),,80.9
2025-10-01,Open Auction - BFM,Madopi,—,Bidswitch - Desktop [Display],,0.0
2025-10-01,DSP Marketplace - BFM,GroundTruth,—,GroundTruth Deal - CTV Univision Philo - 90% VCR,480630561397,342.65
2025-12-01,DSP Marketplace - BFM,Octillion,—,Octillion Deal - CTV - Frndly,976376076661,0.47
2025-12-01,Select - BFM,DV360,IRIS,GumGum - Cendyn - Royalton - Contextual CTV_BFM,IRIS00289,216.91
2025-07-01,DSP Marketplace - BFM,StackAdapt,—,StackAdapt Deal - CTV/App/Web - Cannabis - US Canada,403635039524,10.81
2025-12-01,DSP Marketplace - BFM,TheTradeDesk,Beachfront Deal Migration,TTD Deal - Competitive Conquest Subaru - CTV,747415045888,31918.19
2025-09-01,DSP Marketplace - BFM,SimpliFi,—,Simpli.fi Deal - CTV (Genre Education),766650927744,0.0
2025-08-01,Select - BFM,TheTradeDesk,Media Culture,Back to School - CTV Tentpole Deal,Media27,0.0
2025-07-01,Open Auction - BFM,—,—,Bat Media,,0.0
2026-07-01,Open Auction - BFM,—,—,F0047509 CF JULIO 26 GENEROS LUN-DOM 30,,0.0
2025-08-01,Select - BFM,JamLoop OpenRTB,TEGNA,Jamloop - AO - News - CTV - TEGNASOURCED 081221,TEGNA1,1420.86
2025-07-01,DSP Marketplace - BFM,Xandr,BFM Internal,Xandr Deal - CTV (MiQ Canada RON),418366376674,0.0
2025-07-01,Select - BFM,Xandr,Quorum,Quorum Optimized > MSFT > High Index Zips - Ford/Lincoln Dealership Visitors - Banner,Quoru115,0.0
2025-11-01,DSP Marketplace - BFM,Viant,—,Viant Deal - CTV (Minority / Woman Owned),BFM027,86.28
2025-11-01,DSP Marketplace - BFM,Viant,Beachfront Deal Migration,Viant Deal - CTV - Political Approved Pubs RON,554902786103,11204.16
2025-08-01,Select - BFM,Viant,IRIS,Viant - Sonny's BBQ - Contextual CTV_BFM,IRIS00351,755.02
2025-12-01,Select - BFM,SundaySky,Fize,SundaySky,fizesundaysky,339.85
2025-11-01,Select - BFM,Bidswitch,MultiLocal,mCanvas_mlm_CSA_DE_CTV_BF_MLMBRID7214,Multi31,0.0
2025-10-01,Select - BFM,Xandr,Quorum,Quorum Optimized > MSFT > High Index Zips - BMW/Mini Dealership Visitors - CTV,Quoru112,0.16
2025-10-01,DSP Marketplace - BFM,Yahoo DSP,Beachfront Deal Curation,New Media CTV/OTT RON - Yahoo,378043004864,6.37
2025-10-01,DSP Marketplace - BFM,Basis Technologies,—,Basis Deal - CTV Genre - News,BFM025,1473.42
2025-09-01,Select - BFM,Stirista,Audigent,Audigent & Beachfront - AUD-066529 - Optimum Media - Multiple Brands - CTV ContextualPMP - Hockey US - ctv,Audig1789,0.0
2025-11-01,DSP Marketplace - BFM,GroundTruth,Beachfront Deal Curation,GroundTruth Sensitive Category Deal - Nicotine - Desktop,Beach120,0.0
2025-11-01,Select - BFM,AdElement,Quorum,Quorum > Travelers > Physical Visitors,Quoru232,0.0
2025-11-01,DSP Marketplace - BFM,Viant,Beachfront Deal Migration,0,677072730087,0.0
2026-07-01,DSP Marketplace - BFM,Beeswax,BFM Internal,Beeswax Deal - CTV - Political (No Approval),426834991759,6.08
2026-07-01,Open Auction - BFM,Krush Media,—,Krush Media Web Video,,0.4
2026-07-01,DSP Marketplace - BFM,TheTradeDesk,Beachfront Deal Curation,Seedtag Q1 Tentpole - GroundHog Day - Contextual CTV (Test),Test1234567,0.0
2026-07-01,DSP Marketplace - BFM,Stirista,Beachfront Deal Curation,Stirista Deal - DV - CTV RON,298578719382,36.91
2026-08-01,DSP Marketplace - BFM,JamLoop OpenRTB,Beachfront Deal Curation,JamLoop - Winter Olympics Coverage - CTV,561084972336,0.0
2026-08-01,Select - BFM,TheTradeDesk,Media Culture,Sports - Contextual - CTV Deal,Media26,0.0
2025-09-01,Open Auction - BFM,DeepIntent,—,DeepIntent - Seedtag,,0.0
2025-08-01,Select - BFM,Stirista,Audigent,Audigent & Beachfront - AUD-066529 - Optimum Media - Multiple Brands - CTV ContextualPMP - Hockey US - ctv,Audig1789,0.0
2025-07-01,Open Auction - BFM,Bidswitch,—,Bidswitch Deal - Roku - CTV - Revry TV,,0.0
2025-07-01,Open Auction - BFM,—,—,F0033719 FGM C25 DOMINGO 20,,0.0
2025-07-01,DSP Marketplace - BFM,StackAdapt,Beachfront Deal Curation,StackAdapt_Standard Inventory Packages_Beachfront_2025_60 Second Placements,Beach173,89.03
2025-11-01,DSP Marketplace - BFM,Viant,—,Viant Deal - CTV - Hearst News,561461569397,36.05
2025-12-01,Select - BFM,TheTradeDesk,IRIS,IRIS.TV - Q11 - Sparklight - Internet & Telecom Contextual CTV_BFM,IRIS00368,0.0
2025-10-01,DSP Marketplace - BFM,StackAdapt,Beachfront Deal Curation,StackAdapt_Standard Inventory Packages_Beachfront_2025_60 Second Placements,Beach173,295.23
2025-08-01,Open Auction - BFM,Adtheorent,—,Ad Theorent - APP Video 1st Price,,55.62
2025-11-01,DSP Marketplace - BFM,Basis Technologies,Beachfront Deal Curation,Basis Deal - OTT - Skechers 2025 - Men 45+ - Entertainment,765118223712,19.89
2025-09-01,DSP Marketplace - BFM,TheTradeDesk,Beachfront Deal Curation,TTD Deal - Casual IQ - Gearheads - CTV - Contextual,556767318487,0.0
2025-10-01,Open Auction - BFM,—,—,VTV_Smartclip_O&amp;O_$8,,0.0
2025-10-01,Open Auction - BFM,Amazon DSP,—,Bidswitch - APP 1st Price,,3946.64
2025-07-01,DSP Marketplace - BFM,GroundTruth,Beachfront Deal Curation,GroundTruth Deal - CTV - RON - Canada,340423331748,841.9
2025-09-01,Select - BFM,Xandr,Quorum,Quorum Optimized > MSFT > High Index Zips - Genesis Dealership Visitors - CTV,Quoru118,0.16
2025-10-01,Open Auction - BFM,Streamworx Lda.,—,Bidswitch - CTV - 1st Price (Bundle 151908),,0.73
2025-11-01,DSP Marketplace - BFM,StackAdapt,Beachfront Deal Migration,StackAdapt Deal - CTV (Non-News),674172181259,7361.42
2026-07-01,Open Auction - BFM,Aroscop,—,Bidswitch - APP Display,,0.05
2025-08-01,Select - BFM,Xandr,Quorum,Quorum Optimized > MSFT > High Index Zips - Genesis Dealership Visitors - CTV,Quoru118,0.13
2025-08-01,Select - BFM,Stirista,Audigent,Audigent & Beachfront - AUD-066519 - Optimum Media - Multiple Brands - CTV SmartPMP - US - CTV + OTT - RON,Audig1775,2.72
2025-09-01,DSP Marketplace - BFM,TheTradeDesk,Beachfront Deal Migration,TTD Deal - HavasEdge - OTT RON,676738569288,0.0
2025-07-01,Open Auction - BFM,Marketperf,—,Bidswitch - Desktop [Display],,0.0
2025-07-01,Select - BFM,Xandr,Quorum,Quorum Optimized > MSFT > High Index Zips - Popeyes Visitors - CTV,Quoru74,0.02
2025-07-01,DSP Marketplace - BFM,Yahoo DSP,Beachfront Deal Curation,New Media CTV/OTT RON - Yahoo,378043004864,595.1
2025-08-01,DSP Marketplace - BFM,4INFO,—,4INFO Deal - CTV - DEI,CADENT024BET,0.0
2025-10-01,Select - BFM,Bidswitch,IRIS,GumGum - Cendyn - Royalton - Contextual CTV_BFM,IRIS00289,0.0
2025-12-01,DSP Marketplace - BFM,MadHive,Beachfront Deal Curation,Madhive Deal - CTV - Spanish Channels & Networks,735504792609,51.2
2025-07-01,DSP Marketplace - BFM,Basis Technologies,—,Basis Deal - Network CTV (Disney / Hearst),BFMNET003,0.0
2025-08-01,Open Auction - BFM,Adtheorent,—,Ad Theorent - CTV - 1st Price,,7177.27
2025-08-01,DSP Marketplace - BFM,DeepIntent,Beachfront Deal Curation,DeepIntent deal - CTV - Live Sports,344231282914,33.03
2025-07-01,Open Auction - BFM,GroundTruth,—,GroundTruth Video CTV - Efficiency Monitoring,,103.65
2025-07-01,Select - BFM,TheTradeDesk,Strategus,TTD - Strategus - CTV - $14 and Below,STRAT003,57.59
2025-12-01,DSP Marketplace - BFM,Epsilon (Conversant),Beachfront Deal Curation,Conversant Political Issues Category Targeting - Video/CTV,Beach116,453.31
2025-12-01,DSP Marketplace - BFM,TheTradeDesk,Beachfront Deal Curation,Seedtag Q1 Tentpole - Tax Season - Contextual CTV (Test),Test12345,0.0
2025-11-01,Open Auction - BFM,Knorex,—,Bidswitch - APP 1st Price,,0.04
2025-11-01,Select - BFM,Quantcast,Quorum,Quorum > Travelers > Physical Visitors,Quoru232,0.0
2026-08-01,Open Auction - BFM,IQM,—,IQM - Display - Open Auction,,0.14
2025-09-01,DSP Marketplace - BFM,StackAdapt,Beachfront Deal Migration,StackAdapt Deal - CTV (Business and News),385551492251,3309.64
2025-08-01,Open Auction - BFM,SimpliFi,—,SimpliFi - Desktop [Display],,1290.26
2025-09-01,Select - BFM,Beeswax,MNTN,Beeswax Deal - MNTN - Xumo - Genre Entertainment Adjust,MNTN002,0.0
2025-07-01,Select - BFM,Viant,IRIS,IRIS.TV - Viant - College Basketball CTV_BFM,IRIS00309,1.35
2025-07-01,DSP Marketplace - BFM,MadHive,BFM Internal,MadHive - CTV - Plex (Price Targeted),MH37,773.86
2025-12-01,Select - BFM,TheTradeDesk,Aki,Aki Deal - CTV - Staying Informed Moments,Aki20,0.0
2025-12-01,Open Auction - BFM,Beeswax,—,Beeswax - CTV - Open Auction EAST,,43366.25
2025-07-01,Open Auction - BFM,Epsilon (Conversant),—,Conversant - Web - Open Auction - Seedtag,,50502.92
2025-08-01,Select - BFM,Viant,Audigent,Audigent & Beachfront - AUD-066527 - Optimum Media - Multiple Brands - CTV ContextualPMP - Golf US - ctv,Audig1793,0.0
2025-12-01,DSP Marketplace - BFM,StackAdapt,—,Q4 Gold Publishers,078498699473,0.0
2025-12-01,DSP Marketplace - BFM,StackAdapt,—,StackAdapt Deal - CTV (Spanish Language),298330405897,37.49
2025-10-01,DSP Marketplace - BFM,Beeswax,Beachfront Deal Curation,"SuperAwesome - Seedtag - Kids, Tweens - Canada - CTV",SuperAwesome2309,0.0
2025-09-01,DSP Marketplace - BFM,Basis Technologies,Beachfront Deal Migration,Basis Deal - Local News CTV,724834360400,7928.04
2025-09-01,DSP Marketplace - BFM,Viant,Beachfront Deal Curation,Vayu Fox Weather Deal - Viant,473829165204,0.0
2026-07-01,Open Auction - BFM,Equative,—,Equative InApp Video (Open Auction) (copy),,0.0
2026-07-01,Open Auction - BFM,Marketing Architects -RTB,—,Marketing Architects - PlayerWON,,0.0
2026-07-01,DSP Marketplace - BFM,Viant,BFM Internal,Viant Deal - CTV - FuseTV,210445449459,232.28
2026-08-01,Open Auction - BFM,Bidswitch,—,Bidswitch - CTV (AMC),,0.0
2026-08-01,Select - BFM,Viant,Viant,Fox News,BFViantFoxNews2024,5.1
2025-09-01,DSP Marketplace - BFM,JamLoop OpenRTB,BFM Internal,Jamloop Deal - CTV - Network-Channel-Newsmax,914358280972,143.29
2025-07-01,DSP Marketplace - BFM,StackAdapt,Beachfront Deal Curation,StackAdapt_Standard Inventory Packages_Beachfront_2025_Home & Garden,Beach168,66.84
2025-11-01,Open Auction - BFM,DV360,—,Bidswitch - Desktop - 1st Price (HB),,1965.04
2025-08-01,DSP Marketplace - BFM,SimpliFi,Beachfront Deal Curation,SimpliFi Deal - CTV - Fubo (Obfuscation),461267945983,6.97
2025-10-01,DSP Marketplace - BFM,Basis Technologies,Beachfront Deal Curation,Basis Deal - CTV - Skechers 2025 - Work - Entertainment,713917241756,0.0
2025-08-01,DSP Marketplace - BFM,SimpliFi,Beachfront Deal Curation,Simpli.Fi Deal - CTV - Hallmark,255275153074,0.04
2025-10-01,DSP Marketplace - BFM,StackAdapt,Beachfront Deal Curation,StackAdapt_Standard Inventory Packages_Beachfront_2025_Home & Garden,Beach168,56.33
2025-12-01,Open Auction - BFM,Marketing Architects -RTB,—,Marketing Architects - CTV 1st Price,,39977.56
2025-09-01,Select - BFM,Viant,IRIS,Viant - Coinstar CTV_BFM,IRIS00355,0.3
2025-07-01,DSP Marketplace - BFM,4INFO,—,4INFO Deal - CTV - T1 Indirect - (PAR),960196981233,0.0
2025-07-01,Select - BFM,Infillion,Infillion Demand,Pulte RON - Display 2,InfPulteRON2,0.0
2025-12-01,Select - BFM,Bidswitch,IRIS,GumGum - Cendyn - Royalton - Contextual CTV_BFM,IRIS00289,0.0
2025-07-01,Open Auction - BFM,Infillion,—,Bidswitch - CTV - 1st Price (Bundle 151908),,2.19
2025-09-01,DSP Marketplace - BFM,4INFO,—,Cadent_Popcornflix_PMP,009663473308,0.0
2025-09-01,DSP Marketplace - BFM,SimpliFi,Beachfront Deal Curation,Simplifi Deal - OLV (Cannabis),403635039517,0.0
2025-08-01,DSP Marketplace - BFM,StackAdapt,Beachfront Deal Migration,0,443119806437,0.0
2025-07-01,Open Auction - BFM,Knorex,—,Bidswitch -RTB- Getintent-Whitelist- Web Display,,0.0
2025-12-01,DSP Marketplace - BFM,—,Beachfront Deal Migration,Yahoo Deal - CTV - Politics Allowed,,0.0
2026-07-01,DSP Marketplace - BFM,JamLoop OpenRTB,BFM Internal,Jamloop Deal - CTV - Network-Channel-Newsmax,914358280972,280.44
2026-07-01,Open Auction - BFM,—,—,2607 - MGMPLUS - JULY XCH  - MGMP23457-13 - SERIES,,474.16
2026-08-01,DSP Marketplace - BFM,Bidswitch,Beachfront Deal Curation,Seedtag NeuroX | Always-On | Sustainability & Energy Experts - Connected TV,STNXCTV003,0.0
2026-08-01,Open Auction - BFM,IQM,—,IQM - In-App Video - Open Auction,,0.0
2026-08-01,Open Auction - BFM,TheTradeDesk,—,TTD - CTV (UK) ,,6.25
2026-08-01,DSP Marketplace - BFM,Viant,Beachfront Deal Migration,Viant Deal - CTV (Sports - All),973650277866,14.79
2025-12-01,Open Auction - BFM,TheTradeDesk,—,TTD - CTV (LATAM),,189.01
2025-09-01,Open Auction - BFM,Amazon DSP,—,Bidswitch - Seedtag,,11825.42
2025-07-01,Select - BFM,Stirista,Audigent,Audigent & Beachfront - AUD-066529 - Optimum Media - Multiple Brands - CTV ContextualPMP - Racing US - ctv,Audig1795,0.1
2025-10-01,Select - BFM,JamLoop OpenRTB,TEGNA,Jamloop - AO - News - OTT - TEGNASOURCED 040523,TEGNA6,366.92
2025-11-01,DSP Marketplace - BFM,Beeswax,—,Beeswax Deal - CTV - Datafy - M25-54 Sports and Gaming,976376076664,0.0
2025-08-01,DSP Marketplace - BFM,Epsilon (Conversant),Beachfront Deal Curation,Conversant Deal - CTV - Fox (Exlcuding Fox Sports),581367911451,0.54
2025-07-01,DSP Marketplace - BFM,Basis Technologies,—,Basis Deal - Broadcast Network CTV,732557695911,1.38
2025-07-01,Select - BFM,Bidswitch,IRIS,GumGum - Cendyn - Royalton - Contextual CTV_BFM,IRIS00289,0.0
2025-11-01,Open Auction - BFM,—,—,LoopMe - Open Auction - CTV,,0.0
2025-08-01,DSP Marketplace - BFM,TheTradeDesk,Beachfront Deal Curation,TTD Deal - Casual IQ - Gearheads - CTV - Contextual,556767318487,0.0
2025-11-01,Select - BFM,Quantcast,Quorum,Quorum > Boat Enthusiasts > Physical Visitors,Quoru191,0.0
2025-08-01,Open Auction - BFM,Basis Technologies,—,0,,0.0
2025-09-01,DSP Marketplace - BFM,—,BFM Internal,0,,0.0
2025-07-01,DSP Marketplace - BFM,—,Beachfront Deal Migration,0,893090891708,0.0
2026-07-01,DSP Marketplace - BFM,Epsilon (Conversant),Beachfront Deal Curation,Conversant Cannabis Category Targeting - Video/CTV,Beach111,7329.55
2026-07-01,DSP Marketplace - BFM,StackAdapt,Beachfront Deal Migration,StackAdapt Deal - CTV (Business and News),385551492251,299.67
2026-07-01,DSP Marketplace - BFM,Viant,BFM Internal,Viant Deal - CTV (Genre: Movie),737121000152,1630.58
2026-08-01,Open Auction - BFM,TheTradeDesk,—,TTD - Desktop [Display],,11.37
2025-09-01,Open Auction - BFM,OTT Advisors (Demand),—,OTT Advisors Deal - MW/Tablet - Live Sports (Washington DC),,0.0
2025-07-01,DSP Marketplace - BFM,Octillion,—,Octillion Deal - CTV - Univision,370633388408,4871.73
2025-07-01,Select - BFM,Viant,IRIS,IRIS.TV - Viant - IRIS-enabled CTV_BFM,IRIS00320,3861.37
2025-11-01,Open Auction - BFM,Quantcast,—,Bidswitch - Desktop [Display],,0.0
2025-10-01,Open Auction - BFM,Zeta DSP,—,Bidswitch - CTV - 1st Price,,25434.81
2025-10-01,Select - BFM,TheTradeDesk,IRIS,IRIS.TV - Q11 - West Coast College - Graduates Contextual CTV_BFM,IRIS00360,210.95
2025-10-01,DSP Marketplace - BFM,Viant,—,Viant Deal - CTV (Sports - Live Game),966310467171,0.0
2025-07-01,DSP Marketplace - BFM,Basis Technologies,—,Basis Deal - CTV Genre - News,BFM025,809.13
2025-07-01,DSP Marketplace - BFM,MadHive,—,MadHive Deal - CTV - Vizio - No Content Data,848047441598,108.67
2025-10-01,Open Auction - BFM,Quantcast,—,Bidswitch - Seedtag,,3787.57
2025-09-01,Open Auction - BFM,—,—,Bidswitch - CTV - 1st Price,,0.0
2025-08-01,Select - BFM,TheTradeDesk,Strategus,TTD Deal - CTV - Wades RV - National News - Live,Strat56,355.95
2025-08-01,DSP Marketplace - BFM,Viant,—,Viant - Linear ($2 Spot),669366982181,0.0
2025-09-01,Select - BFM,TheTradeDesk,Strategus,Strategus - TTD Deal - Tubi - Bundle List - CTV,Strat70,143.42
2025-11-01,Select - BFM,DV360,Quorum,"Quorum > Fashion, Beauty, and Wellness > Physical Visitors",Quoru194,0.0
2025-12-01,DSP Marketplace - BFM,Basis Technologies,Beachfront Deal Curation,Basis Deal - OTT - Skechers 2025 - Men 45+ - News,850505153503,6111.47
2025-11-01,Open Auction - BFM,GroundTruth,—,GroundTruth Video CTV - Efficiency Monitoring,,280.96
2025-11-01,Open Auction - BFM,Xandr,—,0,,0.0
2025-09-01,DSP Marketplace - BFM,Basis Technologies,—,Basis Deal - Network CTV (Warner Bros Discovery),BFMNET010,2728.28
2025-11-01,Open Auction - BFM,Quantcast,—,Bidswitch -RTB- Getintent-Whitelist- Web Display,,0.0
2025-08-01,Open Auction - BFM,—,—,F0039250 NFL COMBO PRE STEE VS JAG __CHIE VS CAR__49ERS VS BRON SAB 20SEG,,0.0
2025-12-01,Open Auction - BFM,—,—,2511 - MGMPLUS - ROBIN HOOD PROMO - MGMPHD363301-01  (SERIES),,43.67
2025-09-01,Select - BFM,Walmart,Chief Media,0,476519491695,0.0
2026-07-01,Select - BFM,TheTradeDesk,IRIS,IRIS.TV - Quantum11 - Potbelly Contextual CTV_BFM,IRIS00282,0.0
2026-08-01,Open Auction - BFM,Viant,—,Viant - Linear (Sports),,0.0
2026-08-01,Select - BFM,StackAdapt,33Across,Sports Contextual - Stackadapt Deal,33Acr44,0.0
2025-09-01,Open Auction - BFM,Epsilon (Conversant),—,Conversant Newsy CTV (202814),,0.84
2025-09-01,Select - BFM,JamLoop OpenRTB,TEGNA,Jamloop - AO - News - OTT CTV - Political - TEGNASOURCED 062922,TEGNA4,0.0
2025-08-01,Select - BFM,JamLoop OpenRTB,TEGNA,Jamloop - AO - News - OTT CTV - Political - TEGNASOURCED 062922,TEGNA4,0.0
2025-09-01,Select - BFM,Bidswitch,Finstream,Nationwide Insurance,Finst2,0.0
2025-09-01,DSP Marketplace - BFM,StackAdapt,Beachfront Deal Migration,StackAdapt Deal - CTV - Efficiency Monitoring,443119806437,949.43
2025-07-01,DSP Marketplace - BFM,JamLoop OpenRTB,—,JamLoop Deal - CTV - SamsungAds - $9 - DON&#039;T TOUCH QPS,948945611529,1686.91
2025-08-01,Select - BFM,Viant,IRIS,IRIS.TV - Viant - Open-minded - Emotional Sentiment CTV_BFM,IRIS00294,5.06
2025-11-01,DSP Marketplace - BFM,Basis Technologies,Beachfront Deal Migration,Basis Deal - Hispanic CTV,532371564041,569.09
2025-11-01,DSP Marketplace - BFM,SimpliFi,—,Simplifi Deal - CTV LDA Approved,993808143903,18067.34
2025-07-01,Select - BFM,TheTradeDesk,Aki,Aki Deal - CTV -  RON,Aki1,159336.25
2025-07-01,DSP Marketplace - BFM,Zeta DSP,—,Bidswitch Deal - Zeta - CTV - $5-$9 (Spanish),965563756301,0.26
2025-07-01,DSP Marketplace - BFM,GroundTruth,—,GroundTruth Deal - CTV Univision Philo - 90% VCR,480630561397,713.85
2025-07-01,Open Auction - BFM,Unruly,—,Unruly Web Display (Mobile Only),,0.0
2025-09-01,Select - BFM,—,MultiLocal,0,,0.0
2025-10-01,Open Auction - BFM,Madopi,—,Bidswitch - APP Display,,0.0
2025-07-01,DSP Marketplace - BFM,4INFO,—,Cadent_TBS_PMP_Test,270445115621,0.0
2025-12-01,Open Auction - BFM,Sharethrough,—,Sharethrough InApp Video (Open Auction),,768.08
2025-08-01,DSP Marketplace - BFM,Basis Technologies,Beachfront Deal Curation,Basis Deal - CTV - Skechers 2025 - Women 45+ - Reality (Hallmark),711907073746,0.66
2025-08-01,Select - BFM,StackAdapt,Audigent,Audigent & Beachfront - AUD-066596 - PMG - Experian - CTV SmartPMP - In Market Credit Card US - ctv,Audig1805,994.01
2025-08-01,Open Auction - BFM,Infillion,—,Bidswitch - APP 1st Price,,47.53
2025-09-01,Select - BFM,TheTradeDesk,Aki,Aki Deal - CTV - Adrenaline-Seeking,Aki4,0.0
2025-10-01,Open Auction - BFM,—,—,Beeswax - CTV - Open Auction EAST,,0.0
2025-11-01,Open Auction - BFM,Yahoo DSP,—,0,,0.0
2026-07-01,Open Auction - BFM,Krush Media,—,Krush Media Inapp Video,,0.0
2026-07-01,DSP Marketplace - BFM,MadHive,Beachfront Deal Curation,MadHive Deal - CTV - Live Sports,263057593976,0.0
2026-07-01,DSP Marketplace - BFM,StackAdapt,BFM Internal,StackAdapt Deal - MW (70%+ Viewability),350818728459,387.94
2026-07-01,Open Auction - BFM,Walmart,—,TTD - MW - 1st Price (HB),,17.01
2025-09-01,Open Auction - BFM,Bidswitch,—,Bidswitch - Desktop - 1st Price (HB),,0.02
2025-12-01,Open Auction - BFM,StackAdapt,—,StackAdapt - APP - Open Auction,,32.01
2025-07-01,Open Auction - BFM,SimpliFi,—,SimpliFi - APP - 1st Price,,3049.57
2025-08-01,Open Auction - BFM,—,—,Marketing Architects - CTV 1st Price,,0.0
2026-07-01,Open Auction - BFM,Webeye,—,Bidswitch - APP 1st Price,,0.01
2025-09-01,DSP Marketplace - BFM,Bidswitch,—,Bidswitch Deal - CTV - Roku - MIQ - $Other,841987070336,0.0
2025-08-01,Select - BFM,TheTradeDesk,Media Culture,MC_Mathnasium_Asian,Media8,0.0
2025-08-01,Select - BFM,TheTradeDesk,Chief Media,TTD - Chief Media - CTV - Paramount - Channel/Network Targeting - Deal,778185575390,0.0
2025-09-01,DSP Marketplace - BFM,Basis Technologies,Beachfront Deal Curation,Basis Deal - OTT - Skechers 2025 - Women 45+ - Entertainment,132775440867,283.87
2026-07-01,Open Auction - BFM,Metax,—,MetaX Paramount $10.11,,8.7
2026-08-01,Open Auction - BFM,Viant,—,Viant - CTV - 1st Price,,6259.38
2026-08-01,DSP Marketplace - BFM,Viant,Beachfront Deal Curation,Viant Deal - CTV - Spanish Political CTV,445972645214,0.0
2025-09-01,DSP Marketplace - BFM,DeepIntent,Beachfront Deal Curation,DeepIntent - CTV - Minority Owned,879954539720,1.92
2025-09-01,Open Auction - BFM,SmartyAds,—,SmartyAds - CTV (Streaming Apps),,664.74
2025-09-01,DSP Marketplace - BFM,MadHive,—,Madhive Deal - CTV Genre Sports,BFM021,125.88
2025-08-01,DSP Marketplace - BFM,IQM,BFM Internal,IQM - CTV - NBC NEWS - Network - Adjusted - Politics Allowed,IQM001,0.11
2025-08-01,Open Auction - BFM,—,—,VTV VERTA  Dummy Ad_New Test,,0.0
2025-09-01,Select - BFM,DV360,MultiLocal,T9_mlm_TA_US_CT_CTV_BF_MLMBRID4972,Multi24,2328.06
2025-09-01,DSP Marketplace - BFM,StackAdapt,—,StackAdapt Deal - CTV (Spanish Language),298330405897,310.7
2025-07-01,Open Auction - BFM,Metax,—,MetaX A&amp;E Networks $16,,0.0
2025-07-01,Select - BFM,Viant,IRIS,IRIS.TV - Viant - Joy - Emotional Sentiment CTV_BFM,IRIS00317,2.94
2025-11-01,Open Auction - BFM,Quantcast,—,Bidswitch - APP Display,,0.0
2025-08-01,DSP Marketplace - BFM,SimpliFi,—,Simpli.Fi Deal - CTV - Spanish Language,994799782049,21.47
2025-08-01,Select - BFM,Viant,Viant,the first,TheFirstTV,0.0
2025-11-01,Select - BFM,Adtelligent,A+E Networks,Adtilligent Deal,AENet1,0.59
2025-12-01,DSP Marketplace - BFM,SmartyAds,Beachfront Deal Curation,SmartyAds Deal - Q1 Tentpole - Winter Olympics - Contextual CTV,824105210563,221.97
2025-11-01,DSP Marketplace - BFM,StackAdapt,Beachfront Deal Curation,StackAdapt_Standard Inventory Packages_Beachfront_2025_LDA Approved,Beach170,435.43
2025-12-01,Select - BFM,TheTradeDesk,Quorum,Quorum - Thanksgiving Shoppers - Physical Visitors,Quoru216,0.0
2025-10-01,DSP Marketplace - BFM,StackAdapt,Beachfront Deal Curation,StackAdapt_Standard Inventory Packages_Beachfront_2025_LDA Approved,Beach170,1.42
2025-12-01,DSP Marketplace - BFM,Yahoo DSP,Beachfront Deal Curation,New Media CTV/OTT RON - Yahoo,378043004864,3860.21
2026-07-01,Open Auction - BFM,—,—,2607 - MGMPLUS - WESTIES - PROMO A - Pre-Premiere - MGMPHD363429 - MOVIES,,148.72
2025-11-01,DSP Marketplace - BFM,TheTradeDesk,Beachfront Deal Curation,Seedtag Q1 Tentpole - GroundHog Day - Contextual CTV (Test),Test1234567,0.0
2025-09-01,DSP Marketplace - BFM,DV360,—,Bidswitch Deal - Display (Bucksense Allow list),938609448678,0.0
2025-08-01,Select - BFM,TheTradeDesk,Strategus,TTD - Strategus - CTV - $10 Below,STRAT001,7.14
2025-08-01,DSP Marketplace - BFM,Viant,Beachfront Deal Curation,Viant Deal - CTV - Oceania Cruises,179734962394,37.5
2025-11-01,Open Auction - BFM,SmartyAds,—,SmartyAds - Web [Display] (Allow List 9.7.21),,11.14
2025-12-01,Open Auction - BFM,IPONWEB BidCore,—,Bidswitch - APP,,0.04
2025-08-01,Open Auction - BFM,OnSpot Data,—,Bidswitch - APP Display,,0.0
2025-07-01,DSP Marketplace - BFM,StackAdapt,Beachfront Deal Curation,StackAdapt Deal - CTV - News - Political,BFMSA001,5.03
2026-07-01,DSP Marketplace - BFM,DV360,Beachfront Deal Curation,Seedtag NeuroX | Always-On | Smart Personal Finance Managers - Connected TV,STNXCTV014,0.14
2026-07-01,Open Auction - BFM,TheTradeDesk,—,TTD - Desktop - 1st Price (HB),,1525.44
2026-07-01,Select - BFM,TheTradeDesk,Strategus,Strategus - TTD - MLB Mexico - CTV Deal,Strat82,0.0
2026-08-01,Open Auction - BFM,Madopi,—,Bidswitch - MW [Display],,0.0
2025-07-01,DSP Marketplace - BFM,TheTradeDesk,—,TTD Deal - CTV - Lockard &amp; Wechsler - $7 Fox,520826425909,0.0
2025-10-01,Select - BFM,Beeswax,Simulmedia,Simulmedia Beeswax Connection Rewarded,Simul2,0.0
2025-08-01,Select - BFM,Viant,Audigent,Audigent & Beachfront - AUD-066527 - Optimum Media - Multiple Brands - CTV ContextualPMP - Spanish Language US - ctv,Audig1777,0.0
2025-07-01,DSP Marketplace - BFM,Basis Technologies,—,Basis Deal - vMVPDs CTV,664372744248,0.8
2025-07-01,Open Auction - BFM,—,—,VTV_Smartclip_O&amp;O_$8,,0.0
2025-07-01,DSP Marketplace - BFM,Beeswax,—,Beeswax Deal - CTV - VideoAmp - FEP,118866276082,2240.17
2025-07-01,Open Auction - BFM,Epsilon (Conversant),—,Conversant Pluto CTV (204778),,3270.76
2025-07-01,DSP Marketplace - BFM,IQM,—,IQM Deal - Web - News RON - Politics Allowed,599662147395,0.31
2025-10-01,DSP Marketplace - BFM,Epsilon (Conversant),Beachfront Deal Curation,Conversant Deal - CTV - Live Sports RON,810716829549,46.58
2025-12-01,Open Auction - BFM,Knorex,—,Bidswitch - APP Display,,0.48
2025-12-01,Open Auction - BFM,Pubmatic,—,CTV SeedTag,,147692.52
2025-09-01,Select - BFM,Xandr,Quorum,Quorum Optimized > MSFT > High Index Zips - Chipotle Visitors - CTV,Quoru60,0.65
2025-11-01,Open Auction - BFM,TheTradeDesk,—,TTD - CTV - oRTB (Canada),,1166.02
2025-08-01,Select - BFM,TheTradeDesk,Aki,Aki Deal - CTV - Game Show,Aki7,0.28
2025-08-01,DSP Marketplace - BFM,Beeswax,Beachfront Deal Curation,Sports Content  - CTV - Contextual - VideoAmp,Beach149,68.57
2025-10-01,Open Auction - BFM,—,—,F0037326 FSR GENÉRICA V2 TEXTOS 25S,,0.0
2025-08-01,Open Auction - BFM,Bidswitch,—,Bidswitch - CTV (Charter),,0.0
2025-11-01,DSP Marketplace - BFM,Beeswax,Beachfront Deal Curation,Pathlabs - Swisher Sweets Nicotine-Safe - CTV,Path38106872,0.0
2025-11-01,Select - BFM,Quantcast,Quorum,Quorum > Christmas Shoppers > Physical Visitors,Quoru192,0.0
2025-09-01,DSP Marketplace - BFM,Yahoo DSP,Beachfront Deal Curation,Yahoo - OLV HIGH VCR - Digital Remedy Deal,583917204166,0.0
2025-11-01,DSP Marketplace - BFM,TheTradeDesk,—,TTD Deal - OLV - (Montchevre),576839990427,0.0
2026-07-01,DSP Marketplace - BFM,Epsilon (Conversant),Beachfront Deal Curation,Conversant - Seedtag Q1 Tentpole - March Madness - Contextual CTV,Beach217,10.2
2026-08-01,DSP Marketplace - BFM,Bidswitch,Beachfront Deal Curation,SamsungAds Efficiency Line,314668390400,0.0
2026-08-01,DSP Marketplace - BFM,Viant,—,Viant - Linear (News),223928671615,0.0
2025-10-01,DSP Marketplace - BFM,MadHive,BFM Internal,MadHive - CTV - Plex (Price Targeted),MH37,1853.39
2025-09-01,DSP Marketplace - BFM,SimpliFi,—,Simpli.Fi Deal - CTV - Political Allowed (Hearst News),401688873447,37.74
2025-07-01,DSP Marketplace - BFM,TheTradeDesk,—,TTD Deal - Bully Pulpit CTV (Local News),154412565624,224.86
2025-07-01,Select - BFM,Viant,IRIS,IRIS.TV - Viant -  NH State Lottery CTV_BFM,IRIS00357,406.49
2025-07-01,Select - BFM,Xandr,Quorum,Quorum Optimized > MSFT > High Index Zips - Marriott Hotel Visitors - CTV,Quoru48,1.78
2025-08-01,DSP Marketplace - BFM,SimpliFi,Beachfront Deal Curation,Simpli.Fi Deal - CTV - FrndlyTV,687464994224,7.32
2025-08-01,Select - BFM,Viant,IRIS,IRIS.TV - Viant - Wyndham Emotional Sentiment CTV_BFM,IRIS00359,2732.43
2025-11-01,Select - BFM,Viant,Quorum,Quorum Optimized > Viant > High Index Zips - Home Depot Visitors - CTV,Quoru179,0.0
2025-07-01,Open Auction - BFM,TheTradeDesk,—,TTD - MW - 1st Price (HB),,3624.05
2025-12-01,Open Auction - BFM,SmartyAds,—,SmartyAds - CTV (Vizio),,0.01
2025-12-01,Open Auction - BFM,—,—,F0044588 AEW WORLDS END SABADO 25,,0.0
2026-07-01,Open Auction - BFM,—,—,TTD - APP [Display],,0.0
2025-11-01,Open Auction - BFM,—,—,F0041444 NFL CARTELERA 4 JUEGOS DOMINGO SEMANA 13 15s,,0.0
2025-09-01,Open Auction - BFM,AdElement,—,Bidswitch - APP Display,,0.0
2025-09-01,Select - BFM,Stirista,Audigent,Audigent & Beachfront - AUD-066519 - Optimum Media - Multiple Brands - CTV SmartPMP - US - CTV OMPremiumPubList,Audig1773,2.3
2025-10-01,DSP Marketplace - BFM,TheTradeDesk,—,TTD Deal - Bully Pulpit CTV (Local News),154412565624,233.95
2025-08-01,DSP Marketplace - BFM,Basis Technologies,—,Basis Deal - Network CTV (Warner Bros Discovery),BFMNET010,911.3
2025-08-01,Select - BFM,TheTradeDesk,Strategus,Strategus CTV RON,300416284256,27354.89
2025-12-01,Open Auction - BFM,Sharethrough,—,Sharethrough CTV Video,,9635.2
2025-09-01,DSP Marketplace - BFM,Viant,Beachfront Deal Curation,Viant Deal - Walter County Tourism (Bundles),196835969212,14.83
2025-11-01,Select - BFM,TheTradeDesk,Quorum,Quorum - Wholesale Shoppers - Physical Visitors,Quoru221,0.0
2025-10-01,Open Auction - BFM,IPONWEB BidCore,—,Bidswitch - CTV (AMC),,0.06
2025-09-01,DSP Marketplace - BFM,Yahoo DSP,Beachfront Deal Curation,Yahoo - OLV - Live Sports Deal - Digital Remedy,672530948112,0.0
2026-07-01,Open Auction - BFM,Basis Technologies,—,Centro Video InApp,,120.68
2026-07-01,DSP Marketplace - BFM,Epsilon (Conversant),BFM Internal,Conversant Deal - CTV - RON,255653458214,15807.29
2026-07-01,Open Auction - BFM,Viant,—,Viant - MW,,2859.49
2026-08-01,Open Auction - BFM,—,—,F0047523 FSR GENERICA VOCES 20 S,,0.0
2025-12-01,DSP Marketplace - BFM,MadHive,BFM Internal,MadHive - CTV - Philo Bundle Override (Price Targeted),MH33,993.91
2025-10-01,Open Auction - BFM,Walmart,—,TTD - Desktop - 1st Price (HB),,660.76
2025-07-01,DSP Marketplace - BFM,4INFO,—,Cadent_NewsON_PMP,382291303163,0.0
2025-07-01,DSP Marketplace - BFM,GroundTruth,—,GroundTruth Deal - CTV - Hispanic CTV - Network Targeting,820449397388,3.64
2025-11-01,DSP Marketplace - BFM,Walmart,Beachfront Deal Migration,TTD Deal - CTV ($15 MiQ) (Walmart),176619450572,27.53
2025-08-01,Select - BFM,Xandr,Quorum,Quorum Optimized > MSFT > High Index Zips - Audi Dealership Visitors - CTV,Quoru110,0.0
2025-09-01,Open Auction - BFM,Infillion,—,Bidswitch - APP 1st Price,,40.38
2025-09-01,Open Auction - BFM,Bidswitch,—,Bidswitch - CTV (Charter),,0.0
2025-10-01,Select - BFM,Xandr,Quorum,Quorum Optimized > MSFT > High Index Zips - Marriott Hotel Visitors - CTV,Quoru48,0.17
2025-12-01,DSP Marketplace - BFM,DeepIntent,Beachfront Deal Curation,DeepIntent - CTV - Sports (genre),461410362718,87.45
2025-11-01,DSP Marketplace - BFM,Basis Technologies,Beachfront Deal Curation,Basis Deal - CTV - Skechers 2025 - Work - Pop Culture,240565149913,3341.98
2025-09-01,DSP Marketplace - BFM,TheTradeDesk,—,TTD Deal - Bully Pulpit - Selected CTV,941795873183,2.53
2025-09-01,Select - BFM,Xandr,Quorum,Quorum Optimized > MSFT > High Index Zips - Friendly's Visitors - Banner,Quoru95,0.0
2025-08-01,Open Auction - BFM,AdElement,—,Bidswitch - Desktop [Display],,15.24
2025-11-01,Select - BFM,AdElement,Quorum,Quorum > Office and Finance > Physical Visitors,Quoru229,0.0
2025-08-01,Open Auction - BFM,MadHive,—,MadHive - APP - 1st Price,,6.33
2025-07-01,Open Auction - BFM,Adform,—,Bidswitch - Desktop [Display],,0.0
2025-07-01,Open Auction - BFM,IPONWEB BidCore,—,Bidswitch - CTV (AMC),,0.0
2025-09-01,DSP Marketplace - BFM,Beeswax,Beachfront Deal Curation,"Datafy - Entertainment, Video-Level Contextual - Q4",Datafy2255792809,7347.08
2025-09-01,Open Auction - BFM,Streamworx Lda.,—,Bidswitch - APP 1st Price,,0.08
2025-12-01,Open Auction - BFM,Epsilon (Conversant),—,0,,0.0
2026-07-01,Open Auction - BFM,Basis Technologies,—,Seedtag,,3157.55
2026-08-01,DSP Marketplace - BFM,Basis Technologies,Beachfront Deal Curation,Basis - Thriller Adaptations,161309148448,0.0
2026-08-01,DSP Marketplace - BFM,Yahoo DSP,Beachfront Deal Curation,Kaiser Permanente Care Delivery H2 2026 - 6226,496502243352,0.41
2025-10-01,Open Auction - BFM,GroundTruth,—,GroundTruth Video CTV - Efficiency Monitoring,,333.94
2025-07-01,Select - BFM,TheTradeDesk,IRIS,IRIS.TV - Q11 - West Coast College - Graduates Contextual CTV_BFM,IRIS00360,701.87
2025-11-01,Open Auction - BFM,The Media Sense,—,The Media Sense DSP Inapp Video,,0.0
2025-08-01,DSP Marketplace - BFM,Octillion,Beachfront Deal Migration,Octillion Deal - CTV - AMC - Network Targeting,135878418139,1260.33
2025-07-01,DSP Marketplace - BFM,Viant,Beachfront Deal Curation,Viant Deal - CTV - Roku Devices,193951448044,12553.33
2026-07-01,Open Auction - BFM,—,—,F0047541 JCC DATOS 24 JUL-8 AGO FECHA 20,,0.0
2025-10-01,Open Auction - BFM,Between Exchange,—,Bidswitch - MW - 1st Price (HB),,0.01
2025-09-01,Open Auction - BFM,Samsung DSP,—,Bidswitch - CTV - 1st Price,,189.65
2025-09-01,DSP Marketplace - BFM,Xandr,BFM Internal,Xandr Deal - CTV - MiQ (LDA),412577962377,39.43
2025-09-01,Open Auction - BFM,—,—,TruOptik CTV Pixel (JamLoop),,0.0
2025-09-01,Open Auction - BFM,Quantcast,—,Bidswitch -RTB- Getintent-Whitelist- Web Display,,0.0
2025-09-01,Select - BFM,Viant,Audigent,Audigent & Beachfront - AUD-066527 - Optimum Media - Multiple Brands - CTV ContextualPMP - Racing US - ctv,Audig1800,0.0
2025-12-01,DSP Marketplace - BFM,Basis Technologies,—,Basis Deal - CTV - All Supply w/ Network Data (IOWA 55+),155753733539,0.0
2025-09-01,DSP Marketplace - BFM,—,Beachfront Deal Curation,"Datafy - Entertainment, Video-Level Contextual - Q4",,0.0
2025-12-01,Open Auction - BFM,—,—,TTD - MW [Display],,0.0
2025-12-01,Open Auction - BFM,Beeswax,—,Beeswax Deal - VideoAmp - CTV - Always On,112854873831,0.0
2025-11-01,Open Auction - BFM,Viant,—,Viant Deal - CTV (Direct Fixed $8),389866043594,0.0
2025-11-01,Select - BFM,TheTradeDesk,Chief Media,0,778185575390,0.0
2026-07-01,DSP Marketplace - BFM,StackAdapt,Beachfront Deal Curation,StackAdapt Deal - CTV - Local News - Political,BFMSA002,66.72
2026-08-01,Open Auction - BFM,Unruly,—,Unruly InApp 1st Price Video,,0.0
2025-09-01,DSP Marketplace - BFM,Basis Technologies,—,Basis Deal - CTV - All Supply w/ Network Data,BFM037,41.54
2025-09-01,Select - BFM,TheTradeDesk,Aki,Aki Deal - CTV - Family Movie Night,Aki9,0.08
2025-08-01,DSP Marketplace - BFM,Bidswitch,—,T-Ads_CTV_Beachfront_Spectrum_$23,916223891677,0.0
2025-08-01,Open Auction - BFM,SimpliFi,—,SimpliFi - CTV - 1st Price (Glewed),,34.25
2025-10-01,Open Auction - BFM,DV360,—,Bidswitch - APP,,2.02
2025-07-01,Select - BFM,Xandr,Quorum,Quorum Optimized > MSFT > High Index Zips - Mercedes-Benz Dealership Visitors - Banner,Quoru133,0.0
2025-07-01,Select - BFM,Stirista,Audigent,Audigent & Beachfront - AUD-066529 - Optimum Media - Multiple Brands - CTV ContextualPMP - Football US - ctv,Audig1792,0.03
2025-07-01,Open Auction - BFM,Walmart,—,TTD - CTV (Charter),,190.71
2025-09-01,Select - BFM,Viant,IRIS,IRIS.TV - Viant - Capable - Emotional Sentiment CTV_BFM,IRIS00293,2185.45
2025-12-01,DSP Marketplace - BFM,GroundTruth,Beachfront Deal Curation,GroundTruth Deal - Mobile App - Always On - Display,Beach192,13.59
2025-11-01,Open Auction - BFM,Excelate,—,Bidswitch - APP Display,,0.01
2025-11-01,DSP Marketplace - BFM,Epsilon (Conversant),Beachfront Deal Curation,0,Beach113,0.0
2026-07-01,DSP Marketplace - BFM,DV360,Beachfront Deal Curation,Seedtag NeuroX | Always-On | Financial Professionals & Advisors - Connected TV,STNXCTV010,1.58
2026-07-01,DSP Marketplace - BFM,SmartyAds,Beachfront Deal Curation,SmartyAds Bravo Deals - CTV,Beach206,0.0
2026-07-01,DSP Marketplace - BFM,Yahoo DSP,Beachfront Deal Migration,Yahoo Deal - CTV - Politics Allowed,BFM017,886.76
2026-08-01,DSP Marketplace - BFM,Bidswitch,Beachfront Deal Curation,Seedtag NeuroX | Always-On | Banking & Wealth Builders - Connected TV,STNXCTV016,0.0
2026-08-01,DSP Marketplace - BFM,StackAdapt,Beachfront Deal Migration,StackAdapt Deal - CTV,443119806437,1180.86
2025-07-01,DSP Marketplace - BFM,Beeswax,Beachfront Deal Curation,SuperAwesome Seedtag COPPA-Approved CTV Deal,Beach126,0.0
2025-07-01,DSP Marketplace - BFM,TheTradeDesk,—,TTD Deal - CTV (Political Networks - Progressive) (MiQ),699705236534,0.0
2025-11-01,Open Auction - BFM,Adtheorent,—,Ad Theorent - APP Video 1st Price,,16.65
2025-11-01,DSP Marketplace - BFM,MadHive,Beachfront Deal Curation,MadHive Deal - CTV - Live Sports,263057593976,12974.23
2025-11-01,Select - BFM,Bidswitch,Quorum,"Quorum > Fashion, Beauty, and Wellness > Physical Visitors",Quoru194,0.0
2025-07-01,Open Auction - BFM,Epsilon (Conversant),—,Conversant - CTV - Open Auction (Charter),,168.67
2025-09-01,DSP Marketplace - BFM,4INFO,—,Cadent_Syfy_PMP,596631837926,0.0
2025-11-01,DSP Marketplace - BFM,TheTradeDesk,Beachfront Deal Migration,TTD Deal - Bully Pulpit - Selected CTV (PlutoTV),386363634776,216.27
2025-08-01,Open Auction - BFM,Between Exchange,—,Bidswitch - APP 1st Price,,0.0
2025-07-01,DSP Marketplace - BFM,Octillion,—,Octillion Deal - CTV - Weather Channel - Apps,747279147185,0.0
2025-07-01,DSP Marketplace - BFM,Viant,—,Viant Deal - CTV - Fubo,940208016222,396.29
2025-09-01,Select - BFM,Xandr,Quorum,Quorum Optimized > MSFT > High Index Zips - Blaze Pizza Visitors - CTV,Quoru88,0.63
2025-09-01,DSP Marketplace - BFM,TheTradeDesk,—,TTD Deal - CTV - The Moran Group RON,557817962362,140.68
2025-08-01,Open Auction - BFM,Amazon DSP,—,Bidswitch - Seedtag,,4700.46
2025-08-01,Select - BFM,TheTradeDesk,Strategus,Strategus - TTD Deal - Tubi - Bundle List - CTV,Strat70,112.67
2025-07-01,Open Auction - BFM,Aroscop,—,Bidswitch - MW [Display],,0.0
2026-07-01,Open Auction - BFM,—,—,Ad Theorent - CTV - 1st Price,,0.0
2025-12-01,Select - BFM,AdElement,Quorum,Quorum > Boat Enthusiasts > Physical Visitors,Quoru191,0.0
2025-07-01,Open Auction - BFM,Amobee,—,0,,0.0
2025-07-01,DSP Marketplace - BFM,Bidswitch,Beachfront Deal Migration,Bidswitch Deal - Infillion - LATAM CTV,INFIL001,0.0
2025-12-01,Open Auction - BFM,—,—,Viant Deal - CTV (Direct Fixed $8),,0.0
2026-07-01,DSP Marketplace - BFM,Adtelligent,Beachfront Deal Curation,Adtelligent Sensitive Categories Deal - Gambling - CTV,251829334263,51.09
2026-07-01,DSP Marketplace - BFM,DeepIntent,Beachfront Deal Curation,DeepIntent  deal - CTV - 30s RON,322442866061,613.44
2025-07-01,DSP Marketplace - BFM,Basis Technologies,Beachfront Deal Curation,Basis Deal - CTV - Catawba Two Kings Casino 2025,589953934941,516.16
2025-08-01,DSP Marketplace - BFM,Basis Technologies,—,Basis Deal - CTV - All Supply w/ Channel Targeting,BFM038,116.31
2025-10-01,Open Auction - BFM,Demandbase,—,DemandBase - CTV,,1540.21
2025-07-01,DSP Marketplace - BFM,Bidswitch,Beachfront Deal Curation,__DEAL__PA__CASUALIQ__MULTICULTURAL__DIVERSE-AUDIENCES-CTV__US__USD__REPRESENTATIVE-CONTENT,CasualIQ3,0.0
2025-08-01,Open Auction - BFM,TheTradeDesk,—,TTD - CTV (Charter),,59.74
2025-12-01,Select - BFM,TheTradeDesk,IRIS,IRIS.TV - Q11 - Sparklight - Holiday Contextual CTV_BFM,IRIS00367,0.0
2025-08-01,Open Auction - BFM,Viant,—,Viant - MW - 1st Price,,11821.11
2025-07-01,DSP Marketplace - BFM,JamLoop OpenRTB,BFM Internal,Jamloop Deal - CTV - Network-Override-NBC,JL001,3028.39
2025-08-01,DSP Marketplace - BFM,StackAdapt,—,StackAdapt Deal - CTV (Sports),884791415032,8.93
2025-08-01,Select - BFM,Bidswitch,33Across,33Across Deal - Display - RTB House - Travel,33Acr16,0.0
2025-11-01,DSP Marketplace - BFM,Beeswax,—,Beeswax Deal - CTV - Political (No Approval),426834991759,5371.32
2025-07-01,Open Auction - BFM,Zeta DSP,—,0,,0.0
2025-08-01,Select - BFM,TheTradeDesk,Aki,Aki Deal - CTV - Weekend Morning Moments,Aki14,61.57
2025-08-01,Open Auction - BFM,StackAdapt,—,0,,0.0
2026-07-01,Open Auction - BFM,Pubmatic,—,CTV SeedTag,,265632.96
2026-07-01,Select - BFM,Yahoo DSP,Camelot,PMG - LG Ads,PMGLGAds,11386.68
2025-12-01,DSP Marketplace - BFM,StackAdapt,Beachfront Deal Curation,StackAdapt Deal - CTV - Local News - Political,BFMSA002,592.81
2025-12-01,Select - BFM,StackAdapt,Audigent,Audigent & Beachfront - AUD-066596 - PMG - Experian - CTV SmartPMP - In Market Credit Card US - ctv,Audig1805,0.0
2025-10-01,Select - BFM,Bidswitch,IRIS,GumGum - Virgin Voyages CTV_BFM,IRIS00353,0.0
2025-12-01,Open Auction - BFM,TheTradeDesk,—,TTD - CTV (Charter),,131.97
2025-10-01,Select - BFM,TheTradeDesk,Aki,Aki Deal - CTV -  RON,Aki1,8490.73
2025-09-01,DSP Marketplace - BFM,Viant,—,Viant Deal - CTV (Genre: Entertainment),577096258514,0.0
2025-12-01,Open Auction - BFM,Streamworx Lda.,—,Bidswitch - CTV - 1st Price (Bundle 151908),,0.25
2025-12-01,Open Auction - BFM,Amazon DSP,—,Bidswitch - MW - 1st Price (HB),,32.2
2025-08-01,Select - BFM,Beeswax,MNTN,Beeswax Deal - MNTN - Xumo - Genre Entertainment Adjust,MNTN002,0.0
2025-09-01,DSP Marketplace - BFM,JamLoop OpenRTB,—,JamLoop Deal - CTV - Vizio - Efficient CPM,760573200866,1134.94
2025-09-01,Open Auction - BFM,Krush Media,—,Krush Media Web Video,,687.72
2025-11-01,Open Auction - BFM,—,—,F0041095 MLS WEEKEND FECHA 20,,0.0
2025-08-01,Open Auction - BFM,—,—,F0034089 AEW GEN PROPIEDADES,,0.0
2025-10-01,Open Auction - BFM,Metax,—,MetaX A&amp;E Networks $16,,0.0
2025-11-01,Select - BFM,AdElement,Quorum,Quorum > Sports Fans > Physical Visitors,Quoru231,0.0
2026-07-01,Open Auction - BFM,SmartyAds,—,SmartyAds - CTV (1st Price),,849.64
2026-08-01,DSP Marketplace - BFM,Bidswitch,Beachfront Deal Curation,SamsungAds Efficiency Line (copy),703770154228,0.0
2026-08-01,DSP Marketplace - BFM,GroundTruth,Beachfront Deal Curation,GroundTruth - Deal - CTV - Fire TV,BFMGT004,19.21
2025-12-01,Select - BFM,Beeswax,Simulmedia,Simulmedia Beeswax Connection Rewarded,Simul2,45.6
2025-12-01,Open Auction - BFM,SundaySky,—,SundaySky - Desktop - 1st Price,,1032.7
2025-07-01,DSP Marketplace - BFM,Beeswax,—,Beeswax Deal - CTV - AudienceXpress - RON - Efficiency Monitoring,765218873628,3.69
2025-10-01,Open Auction - BFM,SmartyAds,—,SmartyAds - CTV (Samsung),,6271.61
2025-10-01,Open Auction - BFM,Walmart,—,TTD - Desktop [Display],,1.85
2025-10-01,Select - BFM,Viant,IRIS,IRIS.TV - Viant - IRIS-enabled CTV_BFM,IRIS00320,1833.04
2025-12-01,Select - BFM,TheTradeDesk,IRIS,IRIS.TV - Q11 Crunch - Inspirational CTV_BFM,IRIS00243,1470.64
2025-11-01,DSP Marketplace - BFM,Xandr,BFM Internal,Xandr Deal - CTV - MiQ (LDA),412577962377,760.84
2025-07-01,Open Auction - BFM,SmartyAds,—,SmartyAds - CTV (Samsung),,7096.69
2025-07-01,Select - BFM,Xandr,Quorum,Quorum Optimized > Viant > High Index Zips - McDonald's Visitors - Banner,Quoru55,0.0
2025-12-01,Open Auction - BFM,SmartyAds,—,SmartyAds - CTV (Paramount),,98.41
2025-07-01,DSP Marketplace - BFM,Unruly,—,Unruly RTBHouse Deal - OLV - ($4),832060096754,0.0
2025-08-01,Select - BFM,Xandr,Quorum,Quorum Optimized > MSFT > High Index Zips - Checkers & Rally's Visitors - Banner,Quoru51,0.0
2025-12-01,Open Auction - BFM,Krush Media,—,Krush Media Inapp Video,,0.0
2025-08-01,Open Auction - BFM,Sharethrough,—,Sharethrough Web (Open Auction),,4690.62
2025-10-01,Open Auction - BFM,Adform,—,Bidswitch - Desktop [Display],,0.0
2025-07-01,Open Auction - BFM,Demandbase,—,DemandBase - CTV,,462.88
2025-09-01,Open Auction - BFM,—,—,2509 - MGMPLUS - SEPT 2025 XCH - MGMP20329-12 - MOVIES,,152.27
2025-08-01,DSP Marketplace - BFM,Viant,Beachfront Deal Curation,Viant Deal - CTV - Sports Grid (Always on 1:1),748750104921,0.0
2025-07-01,Open Auction - BFM,Bidswitch,—,T-Ads_CTV_Beachfront_Spectrum_$23,,0.0
2025-09-01,DSP Marketplace - BFM,Epsilon (Conversant),Beachfront Deal Curation,0,"Beach110, Beach112, Beach113, 513073226453, Beach111",0.0
2025-07-01,Open Auction - BFM,SimpliFi,—,SimpliFi Deal - CTV (UK),,0.0
2025-09-01,Select - BFM,OnSpot Data,Infillion Demand,Pulte RON - Display 2,InfPulteRON2,0.0
2026-07-01,DSP Marketplace - BFM,DV360,Beachfront Deal Curation,Seedtag NeuroX | Always-On | Health & Wellness Food Advocates - Connected TV,STNXCTV027,0.84
2025-12-01,DSP Marketplace - BFM,MadHive,—,MadHive Deal - CTV - Fubo - No Content Data,214226211548,840.53
2025-11-01,DSP Marketplace - BFM,MadHive,BFM Internal,MadHive - CTV - Xumo (Price Targeted),MH35,453.66
2025-08-01,Open Auction - BFM,GroundTruth,—,GroundTruth Display,,20.65
2025-10-01,DSP Marketplace - BFM,Beeswax,Beachfront Deal Curation,SuperAwesome Seedtag COPPA-Approved CTV Deal,Beach126,0.0
2025-07-01,DSP Marketplace - BFM,StackAdapt,Beachfront Deal Curation,StackAdapt - Business & Finance US deal,Beach163,0.68
2025-10-01,DSP Marketplace - BFM,SimpliFi,—,Simpli.Fi Deal - Politics Allowed CTV,BFM017,623.59
2025-08-01,DSP Marketplace - BFM,TheTradeDesk,—,TTD Deal - CTV (Division D Fixed $10),992432077711,6.28
2025-07-01,Select - BFM,TheTradeDesk,Media Culture,MC_BCH_CA_Plex_CTV,BCHCAPL,0.0
2025-11-01,Open Auction - BFM,Xandr,—,Xandr CTV,,18026.47
2025-11-01,Open Auction - BFM,TheTradeDesk,—,TTD - CTV (LG Ads Only),,1137.57
2025-11-01,Open Auction - BFM,—,—,LEAP McDonalds (2026),,2.83
2025-07-01,DSP Marketplace - BFM,MadHive,BFM Internal,MadHive - CTV -  CBS Bundle Override (Price Targeted),MH42,3116.51
2025-08-01,Select - BFM,Xandr,Quorum,Quorum Optimized > MSFT > High Index Zips - JCPenny Visitors - Banner,Quoru36,0.0
2025-12-01,Select - BFM,Bidswitch,Quorum,Quorum > Weekend Shoppers > Physical Visitors,Quoru202,0.0
2025-08-01,DSP Marketplace - BFM,Viant,Beachfront Deal Curation,Magnolia and HGTV - CTV - Viant Deal,738509621475,119.15
2025-08-01,Open Auction - BFM,—,—,Bidswitch - Seedtag,,0.0
2026-07-01,Open Auction - BFM,OnSpot Data,—,Bidswitch - CTV (Charter),,1.88
2026-07-01,DSP Marketplace - BFM,Octillion,Beachfront Deal Migration,Octillion Deal - CTV - Hispanic,649700474243,361.44
2026-07-01,Open Auction - BFM,Viant,—,Viant - APP - 1st Price,,243.66
2026-08-01,DSP Marketplace - BFM,Beeswax,Beachfront Deal Curation,Travel - CTV - Tentpole Deal - VideoAmp,Beach155,0.0
2026-08-01,Open Auction - BFM,Epsilon (Conversant),—,Conversant - CTV - Open Auction,,114.84
2026-08-01,DSP Marketplace - BFM,GroundTruth,Beachfront Deal Curation,GroundTruth Deal - Desktop Web - Always On - Display,Beach190,0.03
2025-07-01,DSP Marketplace - BFM,Bidswitch,—,T-Ads_CTV_Beachfront_Multipub_$8,983106218897,0.0
2025-07-01,Open Auction - BFM,—,—,F0037326 FSR GENÉRICA V2 TEXTOS 25S,,0.0
2025-12-01,DSP Marketplace - BFM,Viant,Beachfront Deal Migration,Viant Deal - Charter,310648224343,1229.19
2025-08-01,Open Auction - BFM,Amazon DSP,—,Bidswitch - MW - 1st Price (HB),,1147.36
2025-09-01,Select - BFM,Xandr,IRIS,MNI - Business & Finance CTV_BFM,IRIS72,0.0
2025-08-01,Select - BFM,Viant,Plex,Plex_Adelphic_$22,Plex2,192.8
2025-07-01,Select - BFM,TheTradeDesk,Media Culture,NewsMax,Media23,1.78
2025-12-01,Open Auction - BFM,—,—,F0034001 CENTRAL FOX CAJAS ENE 25 v2,,0.0
2025-07-01,Open Auction - BFM,Viant,—,AOD Deal - Viant - Cannabis Allowed ,,14.18
2025-08-01,Select - BFM,Bidswitch,Infillion,A+E Desktop 1,aedesktop1,0.0
2025-08-01,Select - BFM,TheTradeDesk,SilverBack,TTD Deal - CTV - Silverback (Spanish Publishers) - Select,713755339107,7.76
2026-07-01,DSP Marketplace - BFM,Samsung DSP,Beachfront Deal Curation,SamsungAds Efficiency Line (copy),703770154228,1.44
2026-07-01,DSP Marketplace - BFM,Epsilon (Conversant),Beachfront Deal Curation,Conversant - Seedtag Q1 Tentpole - SuperBowl  - Contextual CTV,Beach213,0.0
2026-08-01,DSP Marketplace - BFM,JamLoop OpenRTB,BFM Internal,JamLoop Deal - CTV OLV - All Spanish / Hispanic,048375798890,30.17
2026-08-01,Open Auction - BFM,OTT Advisors (Demand),—,OTT Advisors Deal - DT - Live Sports (Washington DC),,0.0
2026-08-01,Select - BFM,TheTradeDesk,Strategus,TTD - Strategus - CTV - $12 and Below,STRAT002,176.75
2025-10-01,Open Auction - BFM,Sharethrough,—,Sharethrough CTV Video - Shamrock Farms Bundle Optimized,,4112.8
2025-08-01,Select - BFM,Xandr,Quorum,Quorum Optimized > MSFT > High Index Zips - Chick-fil-A Visitors - CTV,Quoru92,0.12
2025-08-01,Open Auction - BFM,—,—,F0024818 LATITUD 2024-2 20SEG,,0.0
2025-07-01,DSP Marketplace - BFM,StackAdapt,Beachfront Deal Curation,StackAdapt_Standard Inventory Packages_Beachfront_2025_Reality,Beach178,2.86
2025-07-01,Open Auction - BFM,Walmart,—,TTD - Desktop [Display],,13.96
2025-10-01,DSP Marketplace - BFM,JamLoop OpenRTB,Beachfront Deal Curation,Live Sport - CTV - Golf Only - Jamloop,988359389694,115.69
2025-11-01,Select - BFM,Viant,IRIS,IRIS.TV - Viant - Capable - Emotional Sentiment CTV_BFM,IRIS00293,512.92
2025-09-01,Open Auction - BFM,Streamworx Lda.,—,Bidswitch - Desktop [Display],,0.01
2025-12-01,DSP Marketplace - BFM,Beeswax,Beachfront Deal Curation,"SuperAwesome - Seedtag - Kids, Tweens - Canada - CTV",SuperAwesome2309,0.0
2025-11-01,Select - BFM,Xandr,Quorum,Quorum Optimized > MSFT > High Index Zips - Chipotle Visitors - CTV,Quoru60,0.16
2025-09-01,DSP Marketplace - BFM,Basis Technologies,Beachfront Deal Curation,Basis Deal - CTV - Skechers 2025 - Women 45+ - Reality (Hallmark),711907073746,3.85
2026-07-01,Open Auction - BFM,ZetaBidswitch,—,SEEDTAG (DON'T USE),,0.27
2025-08-01,DSP Marketplace - BFM,Viant,—,Viant Deal - CTV (Genre: Sports),139849717158,3.63
2025-10-01,Open Auction - BFM,—,—,2510 - MGMPLUS - BTK S3 - Dead or Alive Promo - PP - MGMPHD363273 - (SERIES),,253.18
2025-10-01,Select - BFM,TheTradeDesk,Strategus,Strategus Deal - CTV - $15-$17.99,Strat33,0.0
2025-10-01,DSP Marketplace - BFM,Viant,—,Viant Deal - CTV - Fubo,940208016222,100.82
2025-11-01,DSP Marketplace - BFM,Basis Technologies,—,Basis Deal - Network CTV (Warner Bros Discovery),BFMNET010,4503.83
2025-12-01,Select - BFM,Xandr,IRIS,MNI - Education & Research CTV_BFM,IRIS75,0.0
2025-12-01,Open Auction - BFM,—,—,F0041506 INSIDE UFC GENÉRICO 20,,0.0
2025-07-01,Open Auction - BFM,Samsung DSP,—,Bidswitch - MW [Display],,0.0
2026-07-01,DSP Marketplace - BFM,MadHive,Beachfront Deal Curation,Madhive Deal - CTV - Spanish Channels & Networks,735504792609,55.24
2026-08-01,DSP Marketplace - BFM,TheTradeDesk,BFM Internal,TTD Deal - Bully Pulpit CTV (Local News),154412565624,23.24
2026-08-01,Select - BFM,TheTradeDesk,Chief Media,TTD - Chief Media - CTV - Fox - Force Factor - Channel/Network - Deal,368357507405,0.0
2026-08-01,Open Auction - BFM,SamsungBidswitch,—,Seedtag,,0.0
2025-10-01,DSP Marketplace - BFM,MadHive,—,MadHive Deal - CTV - Vizio - No Content Data,848047441598,221.69
2025-07-01,Open Auction - BFM,Infillion,—,Bidswitch - Desktop [Display],,0.84
2025-07-01,Open Auction - BFM,Sharethrough,—,Sharethrough CTV Video - Shamrock Farms Bundle Optimized,,5415.0
2025-07-01,Select - BFM,Viant,IRIS,IRIS.TV - Viant - Home & Garden CTV_BFM,IRIS00339,11.75
2025-11-01,Select - BFM,TheTradeDesk,Strategus,Strategus - Draftkings - CTV Deal,583029174652,0.0
2025-08-01,DSP Marketplace - BFM,4INFO,—,Cadent_MLB_PMP,356588049857,0.0
2025-09-01,Select - BFM,Xandr,Quorum,Quorum Optimized > MSFT > High Index Zips - Infiniti Dealership Visitors - CTV,Quoru124,0.08
2025-09-01,DSP Marketplace - BFM,Yahoo DSP,Beachfront Deal Curation,New Media Video RON - Yahoo,319942045448,15.84
2025-12-01,DSP Marketplace - BFM,Viant,Beachfront Deal Migration,Viant Deal - CTV (Premium),677072730087,1874.38
2025-07-01,DSP Marketplace - BFM,4INFO,—,Cadent_BET_PMP_Test,203227202513,0.0
2025-12-01,DSP Marketplace - BFM,Beeswax,Beachfront Deal Curation,NBA Finals - CTV - Contextual - Deal - VideoAmp,Beach148,0.0
2025-12-01,Open Auction - BFM,SmartyAds,—,SmartyAds - (Seedtag),,0.0
2025-12-01,Open Auction - BFM,Inspiritum,—,Bidswitch - APP Display,,0.0
2025-07-01,Select - BFM,TheTradeDesk,Aki,Aki Deal - CTV - Morning News,Aki5,139.94
2025-11-01,DSP Marketplace - BFM,Basis Technologies,Beachfront Deal Curation,Basis Deal - OTT - Skechers 2025 - Women 45+ - Lifestyle,906512946837,166.63
2025-09-01,Open Auction - BFM,TheTradeDesk,—,TTD - CTV (LG Ads Only),,2154.82
2025-09-01,Open Auction - BFM,—,—,LoopMe - Open Auction - CTV,,0.0
2025-09-01,Open Auction - BFM,Krush Media,—,0,,0.0
2025-08-01,Open Auction - BFM,—,—,Beeswax Deal - CTV - Anoki - RON - $12,,0.0
2026-07-01,DSP Marketplace - BFM,Bidswitch,Beachfront Deal Curation,Seedtag NeuroX | Always-On | Fashion Retail Shoppers - Connected TV,STNXCTV008,0.0
2026-07-01,Open Auction - BFM,Bidswitch,—,Bidswitch - CTV - 1st Price,,0.01
2026-08-01,Open Auction - BFM,SmartyAds,—,SmartyAds - CTV (1st Price),,1.22
2026-08-01,Open Auction - BFM,—,—,LiveRamp CTV Pixel,,0.0
2026-08-01,DSP Marketplace - BFM,Viant,Beachfront Deal Migration,Viant Deal - OLV - CBS,714397033029,25.21
2025-09-01,DSP Marketplace - BFM,GroundTruth,Beachfront Deal Curation,NBA - CTV - Contextual -  Tentpole Deal - GroundTruth,Beach138,31.82
2025-08-01,Select - BFM,Xandr,Quorum,Quorum Optimized > MSFT > High Index Zips - Red Robin Burgers Visitors - CTV,Quoru84,0.23
2025-09-01,Open Auction - BFM,OnSpot Data,—,Bidswitch - CTV - 1st Price (Bundle 151908),,13.64
2025-07-01,Select - BFM,JamLoop OpenRTB,TEGNA,Jamloop - AO - News - OTT - TEGNASOURCED 040523,TEGNA6,129.03
2025-07-01,DSP Marketplace - BFM,StackAdapt,Beachfront Deal Curation,StackAdapt_Standard Inventory Packages_Beachfront_2025_LDA Approved,Beach170,93.4
2025-11-01,Open Auction - BFM,DV360,—,Bidswitch - CTV (Charter),,0.39
2025-10-01,Open Auction - BFM,Bidswitch,—,Bidswitch - APP,,0.0
2025-10-01,Open Auction - BFM,DV360,—,Bidswitch - APP 1st Price,,314.2
2025-12-01,Select - BFM,TheTradeDesk,Strategus,Strategus - TTD Deal - Tubi - Bundle List - CTV,Strat70,10.12
2025-12-01,Select - BFM,TheTradeDesk,Strategus,Strategus Deal - CTV - Non-political inventory,Strat30,201.75
2025-10-01,DSP Marketplace - BFM,Octillion,—,Octillion Deal - CTV - Univision,370633388408,832.42
2025-08-01,DSP Marketplace - BFM,TheTradeDesk,Beachfront Deal Migration,TTD Deal - CTV ($Other MiQ),841987070336,306.19
2025-11-01,Select - BFM,Bidswitch,MultiLocal,Ingage_mlm_Beko_Sport_NL_CTV_CT_BF_MLMBRID7107,Multi40,0.0
2025-12-01,DSP Marketplace - BFM,StackAdapt,—,StackAdapt Deal - CTV - NBC (Network),394570428639,0.06
2025-08-01,Open Auction - BFM,Walmart,—,TTD - MW [Display],,28.33
2025-10-01,Select - BFM,TheTradeDesk,Aki,Aki Deal - CTV - Morning News,Aki5,0.0
2025-07-01,Select - BFM,Bidswitch,IRIS,GumGum - Virgin Voyages CTV_BFM,IRIS00353,0.0
2025-07-01,DSP Marketplace - BFM,4INFO,—,Cadent_TLC_PMP_Test,787859088504,0.0
2025-11-01,Open Auction - BFM,OnSpot Data,—,Bidswitch - CTV (Charter),,0.0
2025-12-01,Open Auction - BFM,Yahoo DSP,—,Verizon - CTV (Charter),,29.29
2025-11-01,DSP Marketplace - BFM,TheTradeDesk,Beachfront Deal Curation,Demo,2345328458434543,0.0
2025-08-01,DSP Marketplace - BFM,StackAdapt,Beachfront Deal Curation,StackAdapt Deal - CTV - FuboTV - Political,363780806613,5.37
2025-12-01,DSP Marketplace - BFM,—,Beachfront Deal Curation,MadHive Deal - CTV RON,,0.0
2025-10-01,Open Auction - BFM,SundaySky,—,0,,0.0
2026-07-01,DSP Marketplace - BFM,Epsilon (Conversant),Beachfront Deal Curation,Conversant Deal - CTV  - Paramount,136720822616,1576.62
2026-07-01,DSP Marketplace - BFM,StackAdapt,Beachfront Deal Curation,CTV - Business & Finance - StackAdapt - PMP,Beach247,0.0
2026-07-01,DSP Marketplace - BFM,StackAdapt,Beachfront Deal Migration,StackAdapt Deal - CTV,443119806437,19224.6
2025-09-01,Open Auction - BFM,—,—,Viant - MW [Display],,0.0
2025-09-01,Open Auction - BFM,OnSpot Data,—,Bidswitch - CTV (Charter),,0.0
2025-07-01,DSP Marketplace - BFM,Octillion,—,Octillion Deal - CTV - Cinedigm,379708306000,1536.91
2025-07-01,DSP Marketplace - BFM,SimpliFi,Beachfront Deal Migration,Simplifi Deal - A+E Networks CTV,103824164135,272.97
2025-09-01,Open Auction - BFM,4INFO,—,0,,0.0
2025-09-01,Select - BFM,Viant,IRIS,IRIS.TV - Viant - Sports CTV_BFM,IRIS00314,7795.96
2025-12-01,Select - BFM,Bidswitch,QRate,QrateUS_Honduras_CTV,QRate50,0.0
2025-11-01,Open Auction - BFM,Viant,—,Viant - CTV (Charter),,1815.22
2025-08-01,Select - BFM,Bidswitch,IRIS,IRIS.TV - OMD - National Guard - Contextual CTV_BFM,IRIS00269,0.0
2025-09-01,Select - BFM,Adtelligent,A+E Networks,Adtilligent Deal,AENet1,6.43
2026-07-01,Open Auction - BFM,Knorex,—,Bidswitch - CTV (AMC),,0.0
2025-07-01,Select - BFM,TheTradeDesk,Strategus,Strategus CTV - $22-$24.99,Strat35,42.91
2025-09-01,Select - BFM,TheTradeDesk,IRIS,IRIS.TV - Q11 Crunch - Contextual CTV_BFM,IRIS00244,6277.74
2025-07-01,Select - BFM,TheTradeDesk,Strategus,TTD Deal - CTV - Wades RV - Local News - Metro Code List - Live,Strat55,0.16
2025-09-01,DSP Marketplace - BFM,TheTradeDesk,—,TTD Deal - CTV & STB - TV One - Network,BFMTVONE001,1.21
2025-12-01,Open Auction - BFM,—,—,Conversant Deal - CTV - RON,,0.0
2025-12-01,Open Auction - BFM,Between Exchange,—,Bidswitch - APP,,0.0
2025-09-01,DSP Marketplace - BFM,DeepIntent,Beachfront Deal Curation,DeepIntent  deal - CTV - 30s RON,322442866061,1559.35
2025-07-01,DSP Marketplace - BFM,SimpliFi,—,Simpli.Fi Deal - Politics Allowed CTV,BFM017,304.22
2025-08-01,DSP Marketplace - BFM,SimpliFi,—,SimpliFi Deal - CTV (UK),546476210694,0.0
2025-10-01,DSP Marketplace - BFM,Basis Technologies,Beachfront Deal Curation,Basis Deal - OTT - Skechers 2025 - Women 45+ - Lifestyle,906512946837,0.0
2025-09-01,Select - BFM,Viant,IRIS,IRIS.TV - Viant - Open-minded - Emotional Sentiment CTV_BFM,IRIS00294,4.31
2025-09-01,Select - BFM,Xandr,Quorum,Quorum Optimized > MSFT > High Index Zips - Kia Dealership Visitors - Banner,Quoru127,0.0
2025-09-01,Open Auction - BFM,—,—,F0035594 F2 Y F3 GENÉRICA 2025 25S,,0.0
2025-08-01,Open Auction - BFM,Basis Technologies,—,Centro Video Web (1st Price),,12694.23
2025-08-01,Select - BFM,Bidswitch,QRate,QrateUS_ElSalvador_CTV,QRate30,0.0
2025-07-01,DSP Marketplace - BFM,Basis Technologies,—,Deal Template - High VCR - Web OLV,BFM081,0.0
2025-10-01,DSP Marketplace - BFM,Xandr,BFM Internal,Xandr Deal - CTV (MiQ Canada RON),418366376674,3.6
2025-08-01,Select - BFM,TheTradeDesk,Strategus,Strategus Deal - CTV - $18 - $21.99,Strat34,50.17
2025-07-01,Open Auction - BFM,Cepia,—,Zhu Zhu Pets City,,79.06
2025-11-01,Open Auction - BFM,—,—,Viant - CTV - 1st Price,,0.0
2025-09-01,Select - BFM,TheTradeDesk,Strategus,TTD - Strategus - CTV - $10 Below,STRAT001,1.93
2026-07-01,DSP Marketplace - BFM,DV360,Beachfront Deal Curation,Seedtag NeuroX | Always-On | Senior Wellness Advocates - Connected TV,STNXCTV020,17.89
2026-07-01,Open Auction - BFM,Lemma DSP,—,Lemma DSP CTV Ad (COPPA),,0.02
2026-08-01,DSP Marketplace - BFM,Adtelligent,Beachfront Deal Curation,Adtelligent Sensitive Categories Deal - Gambling - CTV,251829334263,1.46
2026-08-01,DSP Marketplace - BFM,Octillion,Beachfront Deal Migration,Octillion Deal - CTV - AMC,135878418139,6.55
2026-08-01,Select - BFM,TheTradeDesk,MultiLocal,Epitaph_Maple TV_mlm_CA_Selected Publishers_Video CTV_CT_BF_V2_MLMBRID7415,Multi51,0.0
2026-08-01,Select - BFM,Yahoo DSP,Camelot,PMG - LG Ads,PMGLGAds,764.02
2025-11-01,DSP Marketplace - BFM,MadHive,BFM Internal,MadHive - CTV - Plex (Price Targeted),MH37,1075.6
2025-10-01,Open Auction - BFM,Krush Media,—,Krush Media Web Display,,0.62
2025-08-01,Open Auction - BFM,Bidswitch,—,Bidswitch - Seedtag,,0.0
2025-10-01,DSP Marketplace - BFM,StackAdapt,Beachfront Deal Curation,StackAdapt_Standard Inventory Packages_Beachfront_2025_Reality,Beach178,401.73
2025-09-01,Select - BFM,Xandr,Quorum,Quorum Optimized > MSFT > High Index Zips - Baskin Robbins Visitors - CTV,Quoru86,-0.0
2025-09-01,Select - BFM,Xandr,Quorum,Quorum Optimized > MSFT > High Index Zips - Popeyes Visitors - Banner,Quoru73,0.0
2025-09-01,Select - BFM,Xandr,Quorum,Quorum Optimized > MSFT > High Index Zips - Wingstop Visitors - CTV,Quoru80,0.16
2025-12-01,Open Auction - BFM,IPONWEB BidCore,—,Bidswitch - APP 1st Price,,0.03
2025-09-01,DSP Marketplace - BFM,Beeswax,Beachfront Deal Curation,Beeswax Deal - CTV - Videoamp iCTV,366846669359,0.0
2025-12-01,Open Auction - BFM,Streamworx Lda.,—,Bidswitch - APP Display,,0.0
2025-07-01,DSP Marketplace - BFM,Epsilon (Conversant),Beachfront Deal Curation,NBA - CTV - Contextual -  Tentpole Deal - Conversant,Beach130,27.27
2025-10-01,DSP Marketplace - BFM,Epsilon (Conversant),Beachfront Deal Curation,NBA - CTV - Contextual -  Tentpole Deal - Conversant,Beach130,0.28
2026-07-01,DSP Marketplace - BFM,Beeswax,Beachfront Deal Curation,"Datafy - Entertainment, Video-Level Contextual - Q4",Datafy2255792809,943.39
2026-07-01,Open Auction - BFM,Samsung DSP,—,Bidswitch - APP Display,,0.0
2026-07-01,Open Auction - BFM,DV360,—,Bidswitch - CTV - 1st Price,,20546.21
2026-07-01,DSP Marketplace - BFM,Octillion,Beachfront Deal Migration,Octillion Deal - CTV - AMC,135878418139,59.53
2026-08-01,Select - BFM,Yahoo DSP,Camelot,PMG - Pub Targeting,PMGPub,2984.77
2025-07-01,DSP Marketplace - BFM,Bidswitch,Beachfront Deal Curation,Bidswitch Deal - Zeta - CTV - Live Sports (Planet Fitness),615250198509,0.0
2025-07-01,DSP Marketplace - BFM,Yahoo DSP,Beachfront Deal Curation,New Media Display RON - Yahoo,319423434369,0.97
2025-11-01,DSP Marketplace - BFM,MadHive,BFM Internal,MadHive - CTV -  CBS Bundle Override (Price Targeted),MH42,3833.14
2025-09-01,Open Auction - BFM,Pubmatic,—,CTV SeedTag,,170767.44
2025-10-01,Select - BFM,TheTradeDesk,Strategus,Strategus - Draftkings - CTV Deal,583029174652,0.0
2025-07-01,Select - BFM,Bidswitch,SportsRadar,Beachfront - India - CTV - No kids,BeachfrontCTVIndia,0.0
2025-10-01,DSP Marketplace - BFM,Viant,Beachfront Deal Migration,Viant Deal - CTV - Golf (Master&#039;s Enthusiast Segment),408551131456,115.67
2025-08-01,DSP Marketplace - BFM,Viant,Beachfront Deal Migration,Viant Deal - Charter,310648224343,800.22
2025-12-01,Open Auction - BFM,—,—,F0044490 MASL EMPIRE VS TACOMA SABADO 15,,0.0
2025-09-01,Select - BFM,TheTradeDesk,Media Culture,US_CTV_Family & Parenting,BCHUSCTVFP,0.0
2025-09-01,DSP Marketplace - BFM,Viant,—,Viant - Linear ($2 Spot),669366982181,0.0
2025-08-01,Open Auction - BFM,Infillion,—,Bidswitch - APP,,0.44
2025-10-01,Open Auction - BFM,—,—,F0041095 MLS WEEKEND FECHA 20,,0.0
2025-07-01,Open Auction - BFM,4INFO,—,4INFO Deal - CTV - T1 Indirect - (OWN),,0.0
2025-11-01,DSP Marketplace - BFM,Bidswitch,—,Bidswitch Deal - Zeta - Display - Women 18-34,946118809875,0.0
2025-11-01,DSP Marketplace - BFM,TheTradeDesk,—,TTD Deal - Ovative - CTV (Sports Data),325511094627,0.0
2026-07-01,Select - BFM,TheTradeDesk,Chief Media,TTD - Chief Media - CTV - Pub Targeting - Deal,778185575390,3411.41
2026-08-01,Select - BFM,Walmart,Chief Media,Live Soccer - Walmart DSP,16351684984351,2.3
2025-08-01,DSP Marketplace - BFM,JamLoop OpenRTB,—,JamLoop Deal - CTV - Fubo - $14,698777800950,113.32
2025-07-01,DSP Marketplace - BFM,Inspiritum,—,Bidswitch Deal - Display (Bucksense Allow list),938609448678,0.0
2025-11-01,DSP Marketplace - BFM,Bidswitch,Beachfront Deal Curation,Bidswitch Deal - CTV - Zeta - Paramount (No Pluto),732808904693,0.0
2025-09-01,Open Auction - BFM,Zeta DSP,—,Bidswitch - MW [Display],,0.0
2025-09-01,Select - BFM,Viant,Audigent,Audigent & Beachfront - AUD-066527 - Optimum Media - Multiple Brands - CTV ContextualPMP - Fighting US - ctv,Audig1801,0.0
2025-09-01,Open Auction - BFM,—,—,F0039446 NFL TEASER CONECTA 10SEG,,0.0
2025-12-01,Open Auction - BFM,Unruly,—,Unruly Web Display (Desktop Only),,0.0
2025-07-01,DSP Marketplace - BFM,4INFO,—,Cadent_ABC_Natl(Broadcast)_PMP,464905897267,-0.0
2025-12-01,Open Auction - BFM,Infillion,—,Bidswitch - APP,,2.14
2025-10-01,Open Auction - BFM,—,—,SimpliFi - CTV - 1st Price,,0.0
2026-07-01,Open Auction - BFM,Beeswax,—,Beeswax UR Improvement Tier 1 (High UR),,9342.76
2026-07-01,DSP Marketplace - BFM,TheTradeDesk,Beachfront Deal Migration,TTD Deal - HavasEdge - CTV RON,676738569288,0.0
2026-07-01,DSP Marketplace - BFM,Viant,Beachfront Deal Curation,Viant - Pharma Allowed CTV deal,907316482559,26040.15
2025-08-01,Select - BFM,Xandr,IRIS,MNI - Education & Research CTV_BFM,IRIS75,0.0
2025-07-01,DSP Marketplace - BFM,TheTradeDesk,Beachfront Deal Migration,TTD Deal - CTV ($18),955413904519,252.48
2025-11-01,DSP Marketplace - BFM,Viant,—,Viant Deal - CTV - Fubo,940208016222,182.36
2025-08-01,DSP Marketplace - BFM,TheTradeDesk,—,TTD Deal - In Market SUV Subaru - CTV,782973249332,32054.49
2025-12-01,Open Auction - BFM,Knorex,—,Bidswitch - CTV - 1st Price (Bundle 151908),,0.59
2025-07-01,Select - BFM,TheTradeDesk,Strategus,TTD Deal - Strategus - Web/App Display - $0.50-$0.99,Strat61,5.8
2025-08-01,DSP Marketplace - BFM,Viant,—,AOD Deal - Viant - Cannabis Allowed ,304579523560,0.0
2025-08-01,Open Auction - BFM,Aroscop,—,Bidswitch - Desktop [Display],,0.0
2026-07-01,DSP Marketplace - BFM,Beeswax,Beachfront Deal Curation,Travel - CTV - Tentpole Deal - VideoAmp,Beach155,0.0
2026-08-01,Open Auction - BFM,SmartyAds,—,SmartyAds - CTV (Canada),,0.37
2025-08-01,Select - BFM,Xandr,Quorum,Quorum Optimized > MSFT > High Index Zips - Dick's Sporting Goods Visitors - CTV,Quoru41,1.37
2025-11-01,Select - BFM,Viant,Quorum,Quorum Optimized > Viant > High Index Zips - Dick's Sporting Goods Visitors - CTV,Quoru185,0.0
2025-09-01,Open Auction - BFM,—,—,F0034001 CENTRAL FOX CAJAS ENE 25 v2,,0.0
2025-12-01,Open Auction - BFM,Epsilon (Conversant),—,Conversant - InApp - Open Auction,,2440.1
2025-08-01,Open Auction - BFM,Knorex,—,Bidswitch - Desktop - 1st Price (HB),,0.03
2025-07-01,DSP Marketplace - BFM,GroundTruth,Beachfront Deal Curation,MLB - CTV - Contextual - Tentpole Deal - GroundTruth,Beach140,12.17
2025-11-01,DSP Marketplace - BFM,SimpliFi,Beachfront Deal Migration,Simplifi Deal - A+E Networks CTV,103824164135,52.06
2025-08-01,Open Auction - BFM,Viant,—,Viant - Linear (Sports),,0.0
2025-10-01,Open Auction - BFM,Infillion,—,Bidswitch - MW - 1st Price (HB),,0.24
2025-11-01,Open Auction - BFM,—,—,F0031633 PFL GENERICO 25,,0.0
2025-08-01,Open Auction - BFM,—,—,2508 - MGMPLUS - AUG 2025 XCH - MGMP20323-10 - MOVIES,,206.31
2025-09-01,DSP Marketplace - BFM,TheTradeDesk,—,TTD Deal - CTV - Lockard &amp; Wechsler - $9 E.W. Scripps,200738058336,0.0
2025-10-01,Select - BFM,Viant,IRIS,IRIS.TV - Viant -  NH State Lottery CTV_BFM,IRIS00357,381.86
2025-10-01,Select - BFM,Viant,Quorum,Quorum Optimized > Viant > Nationwide Targeting - Banner,Quoru52,0.13
2025-07-01,DSP Marketplace - BFM,Basis Technologies,—,Basis Deal - Network CTV (TEGNA),BFMNET008,10.64
2025-07-01,Select - BFM,TheTradeDesk,Aki,Aki Deal - CTV - Munchies Moment,Aki17,5.32
2025-07-01,Select - BFM,TheTradeDesk,Strategus,Strategus Deal - CTV - $15-$17.99,Strat33,59701.26
2025-07-01,Open Auction - BFM,TheTradeDesk,—,TTD Deal - OLV - (Montchevre),,0.0
2025-09-01,Open Auction - BFM,TheTradeDesk,—,TTD Deal - CTV - Seedtag Priority Pubs,122056032436,0.0
2025-07-01,DSP Marketplace - BFM,Epsilon (Conversant),Beachfront Deal Curation,Conversant Alcohol Category Targeting - Video/CTV,Beach110,8521.35
2026-07-01,Open Auction - BFM,—,—,0,,0.16
2026-07-01,DSP Marketplace - BFM,Viant,Beachfront Deal Curation,Viant - Summer Sports - Liz,017239956177,0.0
2026-08-01,Open Auction - BFM,DV360,—,Bidswitch - MW [Display],,68.19
2025-10-01,DSP Marketplace - BFM,Octillion,—,Octillion Deal - CTV - Cinedigm,379708306000,1139.63
2025-09-01,DSP Marketplace - BFM,StackAdapt,—,StackAdapt Deal - CTV (CBD),314159927810,0.0
2025-07-01,DSP Marketplace - BFM,Octillion,Beachfront Deal Migration,Octillion Deal - CTV - Open Auction,747279147174,16551.24
2025-07-01,Open Auction - BFM,Walmart,—,TTD - Desktop - 1st Price (HB),,378.66
2025-07-01,DSP Marketplace - BFM,Yahoo DSP,Beachfront Deal Curation,Yahoo - Casual IQ - Sports Content  - CTV - Contextual,473918206754,0.0
2025-11-01,Select - BFM,TheTradeDesk,IRIS,IRIS.TV - Q11 Crunch - Contextual CTV_BFM,IRIS00244,899.76
2025-08-01,DSP Marketplace - BFM,4INFO,—,Cadent_NBCSN(Cable)_PMP,548271151819,0.0
2025-11-01,DSP Marketplace - BFM,Xandr,BFM Internal,Xandr Deal - CTV (MiQ Canada RON),418366376674,0.0
2025-09-01,Open Auction - BFM,—,—,0,"048375798890, BFM041",0.19
2025-09-01,Open Auction - BFM,—,—,Beeswax UR Improvement Tier 2 (Mid UR),,0.0
2025-12-01,Select - BFM,TheTradeDesk,Media Culture,Mathnasium Canada,MC_MATH_CA_CTV,0.06
2025-07-01,DSP Marketplace - BFM,4INFO,—,Cadent_Cartoon Network_PMP_Test,865665164740,0.0
2025-10-01,Select - BFM,Xandr,Quorum,Quorum Optimized > MSFT > High Index Zips - Smoothie King Visitors - CTV,Quoru106,0.08
2025-10-01,Open Auction - BFM,Adtheorent,—,Ad Theorent - Desktop/MW Display,,377.4
2025-09-01,DSP Marketplace - BFM,Viant,Beachfront Deal Curation,Viant Deal - CTV - Political First Look,971401463248,9.31
2025-12-01,Open Auction - BFM,—,—,F0037322 LUP GENERICA FOTOS TEXTOS 20s,,0.0
2025-09-01,DSP Marketplace - BFM,Basis Technologies,Beachfront Deal Curation,Basis Deal - CTV (P)-SPF,430109082311,9549.02
2025-12-01,Open Auction - BFM,Zeta DSP,—,Bidswitch - APP 1st Price,,0.0
2026-07-01,DSP Marketplace - BFM,Epsilon (Conversant),Beachfront Deal Curation,Conversant Firearms Category Targeting - Video/CTV,Beach114,0.23
2026-08-01,Open Auction - BFM,Yahoo DSP,—,Seedtag,,679.27
2025-09-01,DSP Marketplace - BFM,MadHive,Beachfront Deal Curation,Madhive Deal - CTV - Spanish Channels & Networks,735504792609,16.98
2025-08-01,Select - BFM,Xandr,Quorum,Quorum Optimized > MSFT > High Index Zips - Chevrolet/Buick/GMC Dealership Visitors - CTV,Quoru114,0.0
2025-07-01,Select - BFM,Xandr,Quorum,Quorum Optimized > Viant > High Index Zips - New & Used Automotive Dealer Visitors - Banner,Quoru44,0.0
2025-12-01,Select - BFM,TheTradeDesk,IRIS,GumGum - CrossMedia Nascar 2025 - Sports CTV_BFM,IRIS00303,0.0
2025-08-01,Open Auction - BFM,OnSpot Data,—,Bidswitch - CTV (Charter),,0.0
2025-08-01,Open Auction - BFM,SmartyAds,—,SmartyAds - (Seedtag),,1378.82
2025-08-01,Select - BFM,Basis Technologies,AI Digital,LucidX - Beachfront - C0167 - South Shore Bank - CTV - Finance - 103024,AIDig148,0.0
2025-09-01,DSP Marketplace - BFM,SimpliFi,Beachfront Deal Curation,SimpliFi Deal - CTV - Fubo (Obfuscation),461267945983,3.13
2025-10-01,DSP Marketplace - BFM,StackAdapt,Beachfront Deal Curation,StackAdapt Deal - CTV - News - Political,BFMSA001,493.0
2025-12-01,Select - BFM,Viant,IRIS,IRIS.TV - Viant - Pets CTV_BFM,IRIS00295,828.32
2025-08-01,DSP Marketplace - BFM,Bidswitch,Beachfront Deal Curation,Bidswitch Deal - CTV - Zeta - Paramount (No Pluto),732808904693,0.0
2025-10-01,DSP Marketplace - BFM,GroundTruth,Beachfront Deal Curation,MLB - CTV - Contextual - Tentpole Deal - GroundTruth,Beach140,22.2
2025-07-01,Select - BFM,TheTradeDesk,Strategus,Strategus Deal - CTV - Telly (Big Screen),Strat46,0.96
2025-11-01,DSP Marketplace - BFM,JamLoop OpenRTB,BFM Internal,Jamloop Deal - CTV - Network-Override-CBS Extension,JL001,131.26
2025-09-01,DSP Marketplace - BFM,Epsilon (Conversant),Beachfront Deal Curation,Conversant Firearms Category Targeting - Video/CTV,Beach114,7.23
2026-07-01,Open Auction - BFM,Bidswitch,—,Bidswitch - Desktop [Display],,0.02
2026-07-01,DSP Marketplace - BFM,StackAdapt,Beachfront Deal Migration,StackAdapt Deal - CTV - Political,534891672291,1528.23
2026-07-01,Open Auction - BFM,StackAdapt,—,Seedtag,,25621.55
2026-07-01,DSP Marketplace - BFM,TheTradeDesk,BFM Internal,TTD Deal - CTV - Seedtag Priority Pubs,122056032436,0.0
2026-08-01,DSP Marketplace - BFM,Basis Technologies,—,Basis Deal - CTV (MLB),BFM059,0.0
2025-08-01,DSP Marketplace - BFM,JamLoop OpenRTB,—,JamLoop Deal - CTV - Cable Broadcast - Scripps-Newsy,855918727592,976.16
2025-07-01,DSP Marketplace - BFM,Bidswitch,Beachfront Deal Curation,Bidswitch Deal - Zeta - CTV - Political (FP1),625581164304,0.0
2025-07-01,DSP Marketplace - BFM,JamLoop OpenRTB,Beachfront Deal Curation,Live Sport - CTV - Golf Only - Jamloop,988359389694,279.88
2025-12-01,DSP Marketplace - BFM,Epsilon (Conversant),Beachfront Deal Curation,Conversant Deal - CTV - Political RON,513073226453,8162.15
2025-08-01,Open Auction - BFM,—,—,4INFO - CTV - 1st Price,,0.0
2025-12-01,DSP Marketplace - BFM,StackAdapt,Beachfront Deal Migration,StackAdapt Deal - CTV - Hispanic Audience,160021598282,57.58
2025-11-01,Select - BFM,Xandr,Quorum,Quorum Optimized > MSFT > High Index Zips - Wingstop Visitors - CTV,Quoru80,0.0
2025-10-01,Select - BFM,Basis Technologies,IRIS,IRIS.TV - Basis - Outdoor/Sports - CTV_BFM,IRIS00060,52.23
2025-08-01,DSP Marketplace - BFM,Bidswitch,Beachfront Deal Curation,Bidswitch Deal - Infillion -  CTV/InApp - FEP/CTV $10 and below (Average Clearing Pice),223910661417,0.0
2025-08-01,Open Auction - BFM,Knorex,—,Bidswitch - APP 1st Price,,2.26
2025-11-01,DSP Marketplace - BFM,—,Beachfront Deal Migration,Octillion Deal - CTV - EW Scripps,976384276675,0.0
2026-07-01,DSP Marketplace - BFM,DV360,Beachfront Deal Curation,Seedtag NeuroX | Always-On | Eco-Conscious Homeowners - Connected TV,STNXCTV002,3.06
2026-08-01,DSP Marketplace - BFM,Beeswax,Beachfront Deal Curation,MLB - CTV - Contextual - Tentpole Deal - VideoAmp,Beach150,0.0
2026-08-01,DSP Marketplace - BFM,DV360,Beachfront Deal Curation,Seedtag NeuroX | Always-On | Senior Wellness Advocates - Connected TV,STNXCTV020,0.5
2026-08-01,Open Auction - BFM,OnSpot Data,—,Bidswitch - CTV - 1st Price,,4.79
2026-08-01,DSP Marketplace - BFM,LoopMe,Beachfront Deal Curation,Seedtag CTV - LoopMe - MLS,SeedtagCTV5742927131,0.0
2026-08-01,DSP Marketplace - BFM,Octillion,BFM Internal,Octillion Deal - CTV - A+E,747279147159,6.66
2025-09-01,DSP Marketplace - BFM,Octillion,BFM Internal,Octillion Deal - CTV - HGTV - Network Adjust,747279147158,5.37
2025-09-01,DSP Marketplace - BFM,StackAdapt,Beachfront Deal Migration,StackAdapt Deal - CTV - Political,534891672291,28.53
2025-07-01,DSP Marketplace - BFM,Bidswitch,—,Bidswitch Deal - CTV - Roku - MIQ - CA CTV (RON),662507672500,0.0
2025-07-01,Open Auction - BFM,Krush Media,—,Krush Media Web Display,,2.02
2025-07-01,Select - BFM,Xandr,Quorum,Quorum Optimized > MSFT > High Index Zips - Dick's Sporting Goods Visitors - Banner,Quoru40,0.0
2025-07-01,DSP Marketplace - BFM,Yahoo DSP,Beachfront Deal Curation,Yahoo - Casual IQ - Gearheads  - CTV - Contextual,860327194583,0.0
2025-12-01,Open Auction - BFM,Viant,—,Viant - APP [Display],,1457.88
2025-11-01,Open Auction - BFM,DV360,—,Bidswitch - CTV - 1st Price,,60695.93
2025-08-01,Open Auction - BFM,Amazon DSP,—,Bidswitch - Desktop - 1st Price (HB),,3.58
2025-10-01,DSP Marketplace - BFM,Octillion,Beachfront Deal Migration,Octillion Deal - CTV - Open Auction,747279147174,15161.37
2025-10-01,DSP Marketplace - BFM,GroundTruth,Beachfront Deal Migration,GroundTruth Deal - CTV - Premium Bundles List,783317263332,13312.75
2025-09-01,Open Auction - BFM,—,—,Bidswitch - MW - 1st Price (HB),,0.0
2026-07-01,DSP Marketplace - BFM,StackAdapt,BFM Internal,StackAdapt Deal - CTV - Hallmark (Network),545977539514,14.51
2026-07-01,DSP Marketplace - BFM,Viant,Beachfront Deal Curation,Viant Deal - CTV - Plex 1:1 Always On,772180040131,44.38
2026-08-01,Open Auction - BFM,Walmart,—,TTD - APP [Display],,22.48
2026-08-01,Open Auction - BFM,Viant,—,Viant - APP - 1st Price,,17.02
2025-10-01,DSP Marketplace - BFM,SimpliFi,Beachfront Deal Migration,SimpliFi Deal - CTV (RON),546471010694,12651.03
2025-09-01,Open Auction - BFM,StackAdapt,—,StackAdapt - CTV - Open Auction,,71944.61
2025-11-01,Open Auction - BFM,Bidswitch,—,Bidswitch - CTV (Charter),,0.0
2025-07-01,DSP Marketplace - BFM,Beeswax,—,TMS_Beeswax_May,437268540530,0.0
2025-07-01,Open Auction - BFM,Quantcast,—,Bidswitch - Desktop - 1st Price (HB),,1.55
2025-11-01,Open Auction - BFM,Epsilon (Conversant),—,Conversant - Web - Open Auction - Seedtag,,35207.73
2025-10-01,DSP Marketplace - BFM,Epsilon (Conversant),Beachfront Deal Curation,Conversant Alcohol Category Targeting - Video/CTV,Beach110,3942.86
2025-08-01,DSP Marketplace - BFM,StackAdapt,Beachfront Deal Migration,StackAdapt Deal - CTV (Non-News),674172181259,2358.98
2025-07-01,DSP Marketplace - BFM,Octillion,—,Octillion Deal - CTV - Vizio,371711142793,0.0
2025-09-01,DSP Marketplace - BFM,4INFO,—,Cadent_MTV_PMP,876751591431,0.0
2025-08-01,Select - BFM,TheTradeDesk,Strategus,Strategus Deal - CTV - Non-political inventory,Strat30,417.99
2025-08-01,Select - BFM,Walmart,Chief Media,TTD - Chief Media - Walmart - CTV - Pub Targeting - Deal,476519491695,12753.81
2025-08-01,Open Auction - BFM,Adtelligent,—,0,,0.0
2026-08-01,Open Auction - BFM,Marketing Architects -RTB,—,Marketing Architects - CTV 1st Price,,194.37
2026-08-01,DSP Marketplace - BFM,Octillion,BFM Internal,Octillion Deal - CTV - A&E - Network Targeting,747279147159,0.0
2026-08-01,Open Auction - BFM,SmartyAds,—,SmartyAds - CTV (Plex),,10.86
2025-08-01,DSP Marketplace - BFM,Basis Technologies,Beachfront Deal Curation,Basis Deal - CTV - Skechers 2025 - Women 45+ - Lifestyle,662154926548,3962.5
2025-09-01,Open Auction - BFM,Quantcast,—,Bidswitch - MW [Display],,0.08
2025-07-01,Open Auction - BFM,Bidswitch,—,Bidswitch - APP,,0.0
2025-07-01,DSP Marketplace - BFM,StackAdapt,Beachfront Deal Curation,StackAdapt_Standard Inventory Packages_Beachfront_2025_120 Second Placements,Beach172,0.0
2025-12-01,Open Auction - BFM,—,—,F0040389 AEW GEN- PROPIEDADES SEP 20,,0.0
2025-10-01,DSP Marketplace - BFM,TheTradeDesk,Beachfront Deal Migration,TTD Deal - CTV ($18),955413904519,3374.32
2025-09-01,Open Auction - BFM,—,—,LEAP McDonalds (2026),,0.05
2025-08-01,Open Auction - BFM,DV360,—,0,,0.0
2025-08-01,Open Auction - BFM,StackAdapt,—,StackAdapt - APP - Open Auction,,0.95
2026-07-01,Open Auction - BFM,Streamworx Lda.,—,Bidswitch - CTV (Charter),,0.0
2025-07-01,Open Auction - BFM,OMG,—,Zhu Zhu Pets Animal City,,3.03
2025-11-01,DSP Marketplace - BFM,—,Beachfront Deal Curation,Bidswitch Deal - Infillion -  CTV/InApp - FEP/CTV $10 and below (Average Clearing Pice),,0.0
2025-07-01,DSP Marketplace - BFM,Streamworx Lda.,—,Bidswitch Deal - Display (Bucksense Allow list),938609448678,0.0
2026-08-01,DSP Marketplace - BFM,MadHive,BFM Internal,MadHive Deal - CTV - Frndly - No Content Data,809610338399,0.0
2026-08-01,DSP Marketplace - BFM,StackAdapt,Beachfront Deal Curation,StackAdapt Deal - CTV - Local News - Political,BFMSA002,8.79
2026-08-01,Open Auction - BFM,Viant,—,Viant - MW,,81.22
2025-08-01,DSP Marketplace - BFM,JamLoop OpenRTB,BFM Internal,Jamloop Deal - CTV - Network-Channel-Newsmax,914358280972,130.38
2025-08-01,DSP Marketplace - BFM,SimpliFi,—,SimpliFi Deal - CTV  (Syncbak),560166540285,40.19
2025-10-01,DSP Marketplace - BFM,StackAdapt,Beachfront Deal Migration,StackAdapt Deal - CTV - Sports Genre + Live Sports,983805237051,934.34
2025-09-01,Open Auction - BFM,Marketing Architects -RTB,—,Marketing Architects - CTV 1st Price,,29029.22
2025-11-01,DSP Marketplace - BFM,Epsilon (Conversant),Beachfront Deal Curation,Conversant Deal - CTV - Live Sports RON,810716829549,57.2
2025-09-01,DSP Marketplace - BFM,JamLoop OpenRTB,—,JamLoop Deal - CTV OLV - Cable Broadcast,147705376036,5.15
2025-09-01,DSP Marketplace - BFM,JamLoop OpenRTB,BFM Internal,Jamloop Deal - CTV - Frndly - MeTV - Adjust,205969889099,0.22
2025-11-01,Open Auction - BFM,IPONWEB BidCore,—,Bidswitch - Desktop [Display],,0.0
2025-12-01,Select - BFM,Bidswitch,Quorum,Quorum > Thanksgiving Shoppers > Physical Visitors,Quoru201,0.0
2025-07-01,DSP Marketplace - BFM,Epsilon (Conversant),—,Conversant Deal - CTV - RON,255653458214,8303.91
2025-07-01,DSP Marketplace - BFM,4INFO,—,4INFO Deal - CTV - T1 Indirect - (FOOD),182093321207,0.0
2025-08-01,DSP Marketplace - BFM,DV360,—,Bidswitch Deal - CTV - Local News (Deals Discovery),179348574202,1.12
2025-11-01,Select - BFM,DV360,Quorum,Quorum > Athletes > Physical Visitors,Quoru188,0.0
2025-09-01,Select - BFM,StackAdapt,IRIS,IRIS.TV - Scale Marketing - Insure On The Spot CTV_BFM,IRIS00356,0.0
2025-09-01,DSP Marketplace - BFM,Basis Technologies,—,Basis Deal - Network CTV (EW Scripps),BFMNET009,11.77
2025-10-01,DSP Marketplace - BFM,AlexP,—,Select Fees RevShare 20%,RevShare20,0.0
2025-10-01,Open Auction - BFM,Viant,—,Viant - Seedtag,,0.0
2026-07-01,Select - BFM,TheTradeDesk,Strategus,Strategus CTV RON,300416284256,2402.82
2026-08-01,DSP Marketplace - BFM,DV360,Beachfront Deal Curation,Seedtag NeuroX | Always-On | Grocery & Food Shopping Planners - Connected TV,STNXCTV017,1.03
2026-08-01,DSP Marketplace - BFM,Epsilon (Conversant),Beachfront Deal Curation,Conversant - Seedtag Q1 Tentpole - March Madness - Contextual CTV,Beach217,0.2
2026-08-01,Select - BFM,—,Camelot,0,PMGCuratedCTV,0.0
2025-11-01,Open Auction - BFM,SimpliFi,—,SimpliFi - CTV - 1st Price (Glewed),,64.04
2025-11-01,Select - BFM,StackAdapt,Audigent,Audigent & Beachfront - AUD-066596 - PMG - Experian - CTV SmartPMP - Credit Seeking Card Switcher - High Credit Card Balance US - ctv,Audig1804,2.26
2025-09-01,Select - BFM,Viant,IRIS,IRIS.TV - Viant - Thrivent Contextual CTV_BFM,IRIS00321,5.98
2025-07-01,DSP Marketplace - BFM,Viant,—,Viant Deal - Desktop/MW (Video Spanish),347168599627,19.91
2025-10-01,DSP Marketplace - BFM,StackAdapt,Beachfront Deal Curation,StackAdapt Deal - CTV - Sports - Political,BFMSA005,71.5
2025-10-01,DSP Marketplace - BFM,Viant,—,Viant Deal - CTV - Travel,BFM056,286.72
2025-08-01,Select - BFM,Xandr,Quorum,Quorum Optimized > MSFT > High Index Zips - Taco Bell Visitors - Banner,Quoru69,0.0
2025-08-01,Open Auction - BFM,Knorex,—,Bidswitch - Seedtag,,71.81
2025-10-01,Open Auction - BFM,DV360,—,Bidswitch - CTV (AMC),,7.15
2025-11-01,DSP Marketplace - BFM,Basis Technologies,Beachfront Deal Curation,Basis Deal - CTV - Warner Bros Channels & Networks,742050964622,92.39
2025-07-01,DSP Marketplace - BFM,SimpliFi,BFM Internal,Simpli.Fi Deal - Zeam,897702713834,45.67
2025-10-01,Open Auction - BFM,—,—,CTV SeedTag,,0.0
2025-09-01,DSP Marketplace - BFM,Viant,—,Viant Deal - CTV (Cannabis Allowed),863781217269,5.53
2025-08-01,Select - BFM,TheTradeDesk,Aki,Aki Deal - CTV - Adrenaline-Seeking,Aki4,313.53
2025-08-01,Select - BFM,TheTradeDesk,Media Culture,Mathnasium Canada,MC_MATH_CA_CTV,38.99
2025-11-01,Open Auction - BFM,—,—,TTD - APP,,0.0
2026-08-01,Open Auction - BFM,Knorex,—,Bidswitch - CTV (AMC),,0.0
2025-07-01,DSP Marketplace - BFM,TheTradeDesk,BFM Internal,TTD Deal - OLV - Lockard &amp; Wechsler,913827665267,192.58
2025-10-01,Open Auction - BFM,SmartyAds,—,SmartyAds - CTV (LATAM),,42.62
2025-10-01,DSP Marketplace - BFM,StackAdapt,Beachfront Deal Curation,StackAdapt_Standard Inventory Packages_Beachfront_2025_Entertainment,Beach164,1.39
2025-09-01,DSP Marketplace - BFM,Epsilon (Conversant),Beachfront Deal Curation,Conversant Cannabis Category Targeting - Video/CTV,Beach111,1702.81
2025-07-01,Select - BFM,Xandr,Quorum,Quorum Optimized > MSFT > High Index Zips - Smoothie King Visitors - CTV,Quoru106,0.2
2025-07-01,Select - BFM,Yahoo DSP,Audigent,"PMG & Beachfront - SDEAL-21045 - PMG - PMG - PMG - ctv SmartPMP - Credit Seeking Card Switcher, High Credit Card Balance US",Audig1754,0.27
2025-07-01,Open Auction - BFM,—,—,F0034637 MLS GEN ESTROBO TALENTOS 30s,,0.0
2025-10-01,DSP Marketplace - BFM,Bidswitch,—,Bidswitch Deal - CTV - Roku - MIQ - CA CTV (RON),662507672500,0.0
2025-08-01,DSP Marketplace - BFM,Zeta DSP,Beachfront Deal Curation,Bidswitch Deal - Zeta - CTV - Live Sports (Planet Fitness),615250198509,5.79
2025-08-01,DSP Marketplace - BFM,Bidswitch,—,T-Ads_CTV_Beachfront_Philo_$14,208381486364,0.0
2025-08-01,DSP Marketplace - BFM,MadHive,—,MadHive Deal - CTV/Web/App (Blue Hemp),148764773157,0.0
2025-08-01,DSP Marketplace - BFM,StackAdapt,—,StackAdapt Deal - CTV (Sling TV Only),223237105391,2.31
2025-11-01,Select - BFM,Viant,IRIS,Viant - Sonny's BBQ - Contextual CTV_BFM,IRIS00351,348.59
2025-07-01,DSP Marketplace - BFM,GroundTruth,Beachfront Deal Curation,GroundTruth Sensitive Category Deal - Nicotine - Desktop,Beach120,0.0
2025-09-01,DSP Marketplace - BFM,Stirista,Beachfront Deal Curation,Stirista Deal - DV - CTV RON,298578719382,3898.5
2025-08-01,DSP Marketplace - BFM,SimpliFi,BFM Internal,Simpli.Fi Deal - EW Scripps,602723609558,83.81
2025-09-01,DSP Marketplace - BFM,StackAdapt,Beachfront Deal Curation,StackAdapt Deal - CTV - Political First Look - TEGNA,688427968140,0.42
2025-12-01,Select - BFM,Viant,IRIS,Viant - Coinstar CTV_BFM,IRIS00355,0.0
2025-07-01,Select - BFM,Bidswitch,QRate,QrateUS_Nicaragua_CTV,QRate10,0.0
2025-08-01,DSP Marketplace - BFM,Viant,—,Viant Deal - CTV (Direct Fixed $8),389866043594,15255.1
2025-12-01,Select - BFM,AdElement,Quorum,Quorum > Tech Shoppers > Physical Visitors,Quoru200,0.0
2026-07-01,DSP Marketplace - BFM,SmartyAds,Beachfront Deal Curation,SmartyAds - American Football - 2026 Deal,Beach252,0.0
2026-08-01,Open Auction - BFM,Basis Technologies,—,Centro Video Web (1st Price),,2.35
2025-12-01,DSP Marketplace - BFM,StackAdapt,—,StackAdapt Deal - MW (70%+ Viewability),350818728459,289.61
2025-07-01,Open Auction - BFM,Beeswax,—,0,112854873831,0.0
2025-07-01,DSP Marketplace - BFM,TheTradeDesk,—,TTD Deal - CTV (MIQ Political Allowed RON),549029886293,0.0
2025-11-01,Open Auction - BFM,Adtheorent,—,Ad Theorent - CTV - 1st Price,,4306.2
2025-10-01,DSP Marketplace - BFM,Viant,—,Viant Deal - CTV - Hearst News,561461569397,60.38
2025-08-01,Open Auction - BFM,OTT Advisors (Demand),—,OTT Advisors Deal - DT - Live Sports (Washington DC),,0.0
2025-08-01,Select - BFM,Viant,Viant,Fox News,BFViantFoxNews2024,843.75
2025-08-01,Open Auction - BFM,Media Pulse,—,Rogers iCTV,,0.0
2025-11-01,DSP Marketplace - BFM,Beeswax,Beachfront Deal Curation,Datafy - Sports Contextual - Q4,Datafy9368363227,2156.74
2025-11-01,Select - BFM,Beeswax,TV One,Simulmedia,TVOne11,0.0
2025-10-01,DSP Marketplace - BFM,SimpliFi,BFM Internal,Simpli.Fi Deal - CTV - Fox Television Stations,982803901767,1441.97
2025-09-01,DSP Marketplace - BFM,JamLoop OpenRTB,—,JamLoop Deal - CTV - SamsungAds - $9 - Bundles - DON&#039;T TOUCH QPS,948945611529,46.34
2025-08-01,Select - BFM,SundaySky,Fize,SundaySky,fizesundaysky,9.81
2025-09-01,DSP Marketplace - BFM,4INFO,—,Cadent_CBSN_PMP,961834498547,0.0
2025-10-01,Open Auction - BFM,Pubmatic,—,0,,0.0
2025-10-01,Open Auction - BFM,—,—,F0041097 MLS WEEKEND SABADO 20,,0.0
2025-10-01,Open Auction - BFM,—,—,Yahoo - In-App,,0.0
2026-07-01,Select - BFM,TheTradeDesk,MultiLocal,Epitaph_Maple TV_mlm_CA_Selected Publishers_Video CTV_CT_BF_V2_MLMBRID7415,Multi51,0.0
2026-08-01,DSP Marketplace - BFM,Beeswax,Beachfront Deal Curation,Beeswax - SuperAwesome - Nickelodeon - CTV Deal,Beach249,0.0
2026-08-01,Open Auction - BFM,OnSpot Data,—,Bidswitch - APP Display,,0.06
2026-08-01,Open Auction - BFM,SmartyAds,—,SmartyAds - CTV (Paramount),,0.34
2026-08-01,DSP Marketplace - BFM,StackAdapt,Beachfront Deal Curation,CTV - Business & Finance - StackAdapt - PMP,Beach247,0.0
2025-08-01,Open Auction - BFM,Basis Technologies,—,Centro Display InApp,,4703.31
2025-09-01,DSP Marketplace - BFM,Beeswax,Beachfront Deal Curation,NBA Finals - CTV - Contextual - Deal - VideoAmp,Beach148,66.24
2025-12-01,Open Auction - BFM,Samsung DSP,—,Bidswitch - CTV - 1st Price,,3.74
2025-07-01,DSP Marketplace - BFM,Beeswax,—,Beeswax Deal - VideoAmp - CTV - Always On (Efficiency Monitoring),112854873831,11.75
2025-08-01,Select - BFM,Adtelligent,A+E Networks,Adtilligent Deal,AENet1,28.09
2025-08-01,Open Auction - BFM,SmartyAds,—,SmartyAds - Web [Display] (Allow List 9.7.21),,353.16
2025-10-01,Select - BFM,Bidswitch,QRate,QrateUS_Nicaragua_CTV,QRate10,0.0
2025-12-01,Select - BFM,Viant,IRIS,IRIS.TV - Viant - Open-minded - Emotional Sentiment CTV_BFM,IRIS00294,15.22
2025-10-01,DSP Marketplace - BFM,Beeswax,—,Beeswax Deal - VideoAmp - CTV - Always On (Efficiency Monitoring),112854873831,306.25
2025-10-01,DSP Marketplace - BFM,MadHive,Beachfront Deal Curation,MadHive Deal - CTV RON,983264025678,2919.84
2025-10-01,DSP Marketplace - BFM,SimpliFi,BFM Internal,Simpli.Fi Deal - FOX,277471236734,108.67
2025-09-01,Open Auction - BFM,OnSpot Data,—,Bidswitch - APP Display,,0.01
2025-11-01,DSP Marketplace - BFM,Beeswax,—,Beeswax Deal - CTV - Datafy - Minority Owned,976376076665,0.0
2025-12-01,DSP Marketplace - BFM,TheTradeDesk,Beachfront Deal Migration,TTD Deal - HavasEdge - OTT RON,676738569288,0.0
2025-11-01,DSP Marketplace - BFM,Octillion,Beachfront Deal Migration,Octillion Deal - CTV - Hispanic,649700474243,179.42
2025-09-01,Open Auction - BFM,SmartyAds,—,0,,0.0
2025-11-01,Select - BFM,Quantcast,Quorum,Quorum > Sports Fans > Physical Visitors,Quoru231,0.0
2025-07-01,DSP Marketplace - BFM,StackAdapt,Beachfront Deal Curation,StackAdapt Deal - CTV - Sports - Political,BFMSA005,478.79
2025-07-01,Select - BFM,—,Camelot,Yahoo - Curated CTV,,0.0
2025-07-01,Select - BFM,IPONWEB BidCore,Infillion Demand,Pulte RON - Display 2,InfPulteRON2,0.0
2025-08-01,Open Auction - BFM,OnSpot Data,—,Bidswitch - MW - 1st Price (HB),,0.0
2025-07-01,DSP Marketplace - BFM,Yahoo DSP,Beachfront Deal Migration,Yahoo Deal - Zeta - CTV - Political (FP1),892194056912,0.0
2025-12-01,Select - BFM,—,IRIS,IRIS.TV - Viant - Altria - Contextual CTV_BFM,,0.0
2026-07-01,DSP Marketplace - BFM,Bidswitch,Beachfront Deal Curation,Seedtag NeuroX | Always-On | Sports Fans - Connected TV,STNXCTV033,0.0
2026-08-01,Open Auction - BFM,Basis Technologies,—,Centro Video InApp,,55.55
2025-12-01,DSP Marketplace - BFM,Viant,—,Viant Deal - CTV - FuseTV,210445449459,399.15
2025-07-01,DSP Marketplace - BFM,Beeswax,—,Beeswax Deal - CTV - Datafy - M25-54 Sports and Gaming,976376076664,835.1
2025-07-01,Open Auction - BFM,Epsilon (Conversant),—,Conversant AMC CTV (205656) (G15147002586),,17.42
2025-08-01,DSP Marketplace - BFM,SimpliFi,—,Simpli.fi Deal - CTV (Vizio),231262416313,106.8
2025-10-01,Select - BFM,Viant,Quorum,Quorum Optimized > Viant > High Index Zips - Dick's Sporting Goods Visitors - CTV,Quoru185,0.0
2025-09-01,Open Auction - BFM,DV360,—,Bidswitch - MW [Display],,181.93
2025-07-01,DSP Marketplace - BFM,Octillion,Beachfront Deal Migration,Octillion Deal - CTV - Paramount,976384276767,96.94
2025-07-01,Select - BFM,Stirista,Audigent,Audigent & Beachfront - AUD-066529 - Optimum Media - Multiple Brands - CTV ContextualPMP - Tennis US - ctv,Audig1786,0.13
2025-10-01,Open Auction - BFM,SimpliFi,—,SimpliFi - CTV - 1st Price,,67686.55
2025-07-01,Open Auction - BFM,Adtheorent,—,Ad Theorent - Desktop/MW Display,,3307.5
2025-09-01,Open Auction - BFM,—,—,F0034089 AEW GEN PROPIEDADES,,0.0
2025-12-01,DSP Marketplace - BFM,Epsilon (Conversant),Beachfront Deal Curation,MLB - CTV - Contextual - Tentpole Deal - Conversant,Beach133,0.03
2025-07-01,DSP Marketplace - BFM,Demandbase,Beachfront Deal Curation,Demandbase Postman CTV Deal_,Beach183,18.03
2025-07-01,DSP Marketplace - BFM,4INFO,—,Cadent_CBSS_PMP,065683922203,0.0
2025-09-01,DSP Marketplace - BFM,StackAdapt,Beachfront Deal Curation,StackAdapt Deal - CTV - AMC Networks - Political,346689052286,2.91
2025-11-01,Open Auction - BFM,Basis Technologies,—,0,,0.0
2025-12-01,DSP Marketplace - BFM,Epsilon (Conversant),Beachfront Deal Curation,Conversant Cannabis Category Targeting - Display,Beach103,0.0
2026-07-01,DSP Marketplace - BFM,GroundTruth,Beachfront Deal Curation,GroundTruth Deal - Mobile Web - Always On - Display,Beach188,0.0
2026-08-01,DSP Marketplace - BFM,Basis Technologies,Beachfront Deal Curation,Basis Deal - CTV (P)-SPF,430109082311,11.45
2025-11-01,Open Auction - BFM,TheTradeDesk,—,TTD - MW [Display],,385.35
2025-09-01,DSP Marketplace - BFM,Bidswitch,Beachfront Deal Curation,__DEAL__PA__CASUALIQ__AUTOMOTIVE__GEARHEADS-CTV__US__USD__AUTO-ENTHUSIASTS,CasualIQ1,0.0
2025-09-01,Select - BFM,Xandr,Quorum,Quorum Optimized > MSFT > High Index Zips - JCPenny Visitors - Banner,Quoru36,0.0
2025-10-01,Open Auction - BFM,Infillion,—,Bidswitch - Desktop [Display],,0.0
2025-07-01,Select - BFM,Yahoo DSP,Audigent,PMG & Beachfront - SDEAL-21051 - PMG - PMG - PMG - ctv SmartPMP - Aggregated FICO Score 640 or more – Equifax US,Audig1762,0.0
2025-07-01,Select - BFM,Stirista,Audigent,Audigent & Beachfront - AUD-066529 - Optimum Media - Multiple Brands - CTV ContextualPMP - Spanish Language Sports US - ctv,Audig1782,0.0
2025-10-01,DSP Marketplace - BFM,Epsilon (Conversant),Beachfront Deal Curation,Conversant Gambling and Sports Betting Category Targeting - Video/CTV,Beach113,1363.33
2025-12-01,DSP Marketplace - BFM,Yahoo DSP,Beachfront Deal Curation,Yahoo - OLV HIGH VCR - Digital Remedy Deal,583917204166,0.0
2025-12-01,Select - BFM,Bidswitch,Quorum,Quorum > Sports Fans > Physical Visitors,Quoru231,0.0
2025-11-01,Select - BFM,TheTradeDesk,Strategus,Strategus - TTD Deal - HolidayChristmas Movies - CTV,Strat3113031555,0.0
2025-08-01,DSP Marketplace - BFM,Bidswitch,—,Bidswitch Deal - CTV - Roku - MIQ - $Other,841987070336,0.0
2025-09-01,DSP Marketplace - BFM,GroundTruth,Beachfront Deal Curation,GroundTruth Deal - Mobile App - Always On - Display,Beach192,0.12
2025-08-01,DSP Marketplace - BFM,4INFO,—,Cadent_FYI_PMP_Test,881880997224,0.0
2025-08-01,DSP Marketplace - BFM,Walmart,—,TTD Deal - Comcast Playworks,991133437221,0.03
2026-08-01,DSP Marketplace - BFM,Beeswax,Beachfront Deal Curation,NBA Finals - CTV - Contextual - Deal - VideoAmp,Beach148,0.0
2026-08-01,DSP Marketplace - BFM,DV360,Beachfront Deal Curation,Seedtag NeuroX | Always-On | Relief & Recovery Pursuers - Connected TV,STNXCTV021,8.78
2026-08-01,DSP Marketplace - BFM,Octillion,Beachfront Deal Migration,Octillion Deal - CTV - AMC - Network Targeting,135878418139,1.19
2026-08-01,DSP Marketplace - BFM,Viant,Beachfront Deal Curation,Viant Deal - CTV - Targeting away from Political (IRIS),925896302547,489.43
2025-08-01,Open Auction - BFM,Sharethrough,—,Sharethrough InApp Video (Open Auction),,5374.49
2025-11-01,DSP Marketplace - BFM,MadHive,—,MadHive Deal - CTV - Vizio - No Content Data,848047441598,372.2
2025-11-01,Select - BFM,Viant,IRIS,IRIS.TV - Viant - Travel CTV_BFM,IRIS00315,1133.84
2025-07-01,Select - BFM,Xandr,Quorum,Quorum Optimized > MSFT > High Index Zips - Carl's Jr Visitors - CTV,Quoru90,0.37
2025-10-01,DSP Marketplace - BFM,Epsilon (Conversant),Beachfront Deal Curation,Golf - CTV - Contextual - Tentpole Deal - Conversant,Beach135,0.03
2025-12-01,Select - BFM,Bidswitch,Quorum,Quorum > Tech Shoppers > Physical Visitors,Quoru200,0.0
2025-12-01,Open Auction - BFM,Quantcast,—,Bidswitch - APP,,0.0
2025-09-01,DSP Marketplace - BFM,Viant,—,Viant Deal - CTV - A&amp;E,409312721336,0.15
2025-09-01,DSP Marketplace - BFM,4INFO,—,Cadent_AMC_PMP,171509222968,0.0
2025-09-01,DSP Marketplace - BFM,StackAdapt,Beachfront Deal Curation,StackAdapt_Standard Inventory Packages_Beachfront_2025_Genre Level Reporting,Beach177,0.0
2025-10-01,DSP Marketplace - BFM,SimpliFi,—,Simpli.fi Deal - CTV - (AMC),614613336893,39.47
2025-09-01,Select - BFM,DV360,IRIS,GumGum - Cendyn - Royalton - Contextual CTV_BFM,IRIS00289,332.84
2025-07-01,Open Auction - BFM,Bidswitch,—,Bidswitch Deal - Roku CTV Cross screen  ALWAYS ON,,0.0
2025-11-01,DSP Marketplace - BFM,JamLoop OpenRTB,Beachfront Deal Curation,Live Sport - CTV - Golf Only - Jamloop,988359389694,146.53
2026-07-01,DSP Marketplace - BFM,Bidswitch,Beachfront Deal Curation,Seedtag NeuroX | Always-On | Top Executives - Connected TV,STNXCTV012,0.0
2026-07-01,DSP Marketplace - BFM,Bidswitch,Beachfront Deal Curation,Wellness & Mindful Living Advocates - DV360 - Marketplace,STNXCTV019,0.0
2026-07-01,DSP Marketplace - BFM,Epsilon (Conversant),Beachfront Deal Curation,Conversant - Seedtag Q1 Tentpole - Winter Olympics - Contextual CTV,Beach216,47.46
2026-07-01,Open Auction - BFM,StackAdapt,—,StackAdapt - Desktop - Open Auction,,251.74
2025-09-01,DSP Marketplace - BFM,TheTradeDesk,BFM Internal,TTD Deal - CTV - MiQ (LDA),234180798348,0.0
2025-09-01,DSP Marketplace - BFM,Bidswitch,—,Bidswitch Deal - CTV - Local News (Deals Discovery),179348574202,0.0
2025-08-01,Select - BFM,Viant,IRIS,IRIS.TV - Viant - Sports CTV_BFM,IRIS00314,11281.88
2025-12-01,DSP Marketplace - BFM,JamLoop OpenRTB,—,JamLoop Deal - CTV - Vizio - Efficient CPM,760573200866,1118.92
2025-11-01,Select - BFM,Xandr,IRIS,MNI - Science & Tech CTV_BFM,IRIS73,0.0
2025-11-01,Select - BFM,Xandr,Quorum,Quorum Optimized > MSFT > High Index Zips - Pizza Hut Visitors - CTV,Quoru104,0.0
2025-12-01,DSP Marketplace - BFM,Bidswitch,—,Bidswitch Deal - CTV - Channel Package - Food&Cooking  (Networks),693513730943,0.0
2025-11-01,DSP Marketplace - BFM,Viant,Beachfront Deal Curation,Viant Deal - Walter County Tourism (Bundles),196835969212,3.39
2025-08-01,DSP Marketplace - BFM,SimpliFi,Beachfront Deal Curation,SimpliFi Deal - Gearheads CTV - Contextual,248292939179,1.42
2025-08-01,Select - BFM,Xandr,Quorum,Quorum Optimized > MSFT > High Index Zips - McDonald's Visitors - CTV,Quoru56,0.44
2025-07-01,Select - BFM,Xandr,Quorum,Quorum Optimized > MSFT > High Index Zips - Macy's Visitors - Banner,Quoru31,0.0
2025-07-01,Select - BFM,Stirista,Audigent,Audigent & Beachfront - AUD-066519 - Optimum Media - Multiple Brands - CTV SmartPMP - US -CTV PoliticalCompliant,Audig1774,0.01
2025-07-01,DSP Marketplace - BFM,Beeswax,Beachfront Deal Migration,Beeswax Deal - CTV - Datafy - Local News - Bundles,976376076666,394.84
2025-07-01,Open Auction - BFM,SmartyAds,—,SmartyAds - Web Video,,49.51
2025-12-01,DSP Marketplace - BFM,TheTradeDesk,Beachfront Deal Migration,TTD Deal - HavasEdge - CTV RON,676738569288,0.0
2025-09-01,Open Auction - BFM,—,—,Conversant - CTV - Open Auction,,0.0
2025-12-01,Select - BFM,Bidswitch,Quorum,Quorum > Boat Enthusiasts > Physical Visitors,Quoru191,0.0
2025-11-01,Select - BFM,TheTradeDesk,Quorum,Quorum - Interior Designers - Physical Visitors,Quoru213,0.0
2025-09-01,DSP Marketplace - BFM,4INFO,—,Cadent_NBC_Local(Broadcast)_PMP,921111738474,0.0
2025-09-01,DSP Marketplace - BFM,StackAdapt,Beachfront Deal Curation,StackAdapt_Standard Inventory Packages_Beachfront_2025_[Allows Gambling],Beach160,0.03
2025-09-01,Open Auction - BFM,—,—,TTD - APP [Display],,0.0
2025-11-01,DSP Marketplace - BFM,TheTradeDesk,—,TTD - Display - Hispanic RON (Converge Direct),248210772692,0.0
2026-07-01,Select - BFM,TheTradeDesk,MultiLocal,R&R Partners_Many_Hispanics_Politics Allowed_mlm_US_CTV_BF_MLMBRID4768,Multi13,0.0
2026-07-01,DSP Marketplace - BFM,Xandr,BFM Internal,Xandr Deal - CTV - MiQ (LDA),412577962377,0.0
2026-08-01,DSP Marketplace - BFM,Amobee,BFM Internal,Amobee Deal - CTV (Politics Allowed),BFM017,256.01
2026-08-01,DSP Marketplace - BFM,Epsilon (Conversant),BFM Internal,Conversant Deal - CTV - RON,255653458214,777.35
2026-08-01,Open Auction - BFM,SmartClip,—,Philips_SC_Germany,,0.0
2025-12-01,DSP Marketplace - BFM,Beeswax,Beachfront Deal Curation,Travel - CTV - Tentpole Deal - VideoAmp,Beach155,0.0
2025-08-01,DSP Marketplace - BFM,StackAdapt,Beachfront Deal Migration,StackAdapt Deal - CTV (Business and News),385551492251,11780.39
2025-08-01,DSP Marketplace - BFM,StackAdapt,—,StackAdapt Deal - CTV - CNN Newsource,122820292944,249.49
2025-08-01,Select - BFM,Xandr,Quorum,Quorum Optimized > MSFT > High Index Zips - Papa John's Visitors - CTV,Quoru102,0.0
2025-08-01,DSP Marketplace - BFM,Yahoo DSP,Beachfront Deal Curation,New Media Video RON - Yahoo,319942045448,83.18
2025-09-01,Open Auction - BFM,SmartyAds,—,SmartyAds - CTV (Plex),,733.62
2025-09-01,DSP Marketplace - BFM,TheTradeDesk,Beachfront Deal Migration,TTD Deal - CTV ($Other MiQ),841987070336,546.14
2025-12-01,Open Auction - BFM,OTT Advisors (Demand),—,OTT Advisors Deal - MW/Tablet - Live Sports (Washington DC),,0.0
2025-12-01,Open Auction - BFM,SmartyAds,—,SmartyAds - CTV (Streaming Apps),,1474.25
2025-11-01,Open Auction - BFM,Walmart,—,TTD - MW - 1st Price (HB),,7.45
2025-07-01,DSP Marketplace - BFM,TheTradeDesk,—,TTD -CTV - Live Sports (HavasEdge),939291741799,0.0
2025-09-01,DSP Marketplace - BFM,Viant,Beachfront Deal Curation,Viant Deal - CTV - Targeting away from Political (IRIS),925896302547,6103.46
2025-07-01,DSP Marketplace - BFM,SimpliFi,BFM Internal,Simpli.Fi Deal - FOX,277471236734,83.28
2025-08-01,Select - BFM,TheTradeDesk,Aki,0,Aki1,0.0
2025-08-01,Select - BFM,TheTradeDesk,IRIS,IRIS.TV - Quantum11 - Potbelly Sentiment CTV_BFM,IRIS00283,98.91
2025-07-01,Open Auction - BFM,OMG,—,Zombies 4 Now Available Afternoon (Urgency),,2.48
2025-08-01,Open Auction - BFM,Reset Digital,—,Indirect - Reset Digital - $18 Floor,,0.0
2025-11-01,DSP Marketplace - BFM,TheTradeDesk,—,TTD Deal - Bully Pulpit - CTV (Political - Right Leaning),189028499,0.0
2025-12-01,Open Auction - BFM,—,—,F0041682 UFC 323 DVALISHVILI VS YAN SABADO 011225,,0.0
2026-07-01,Open Auction - BFM,Bidswitch,—,Bidswitch - MW - 1st Price (HB),,0.0
2026-07-01,Select - BFM,Yahoo DSP,Camelot,PMG - LG - Hardees,PMGLGAdsHardees,0.0
2026-07-01,Open Auction - BFM,TheTradeDesk,—,Seedtag,,1025.97
2026-08-01,Open Auction - BFM,Basis Technologies,—,Centro Display Web,,6.83
2026-08-01,DSP Marketplace - BFM,Bidswitch,Beachfront Deal Curation,Seedtag NeuroX | Always-On | New & Expecting Parents - Connected TV,STNXCTV005,0.0
2026-08-01,DSP Marketplace - BFM,Yahoo DSP,Beachfront Deal Migration,Yahoo Deal - CTV - Politics Allowed,BFM017,64.42
2026-08-01,Open Auction - BFM,Yahoo DSP,—,Yahoo - CTV - Open Auction,,181.51
2026-08-01,Open Auction - BFM,Viant,—,Viant - MW - 1st Price,,89.84
2025-10-01,DSP Marketplace - BFM,MadHive,BFM Internal,MadHive - CTV -  CBS Bundle Override (Price Targeted),MH42,5963.24
2025-10-01,Open Auction - BFM,Viant,—,Viant - CTV (Charter),,2498.1
2025-10-01,Open Auction - BFM,GroundTruth,—,GroundTruth Video CTV,,25466.64
2025-09-01,DSP Marketplace - BFM,Bidswitch,Beachfront Deal Curation,Bidswitch Deal - Zeta - CTV - RON (Curation Seat),447383266136,0.0
2025-11-01,Open Auction - BFM,—,—,F0041360 UFC 322 DELLA MADDALENA VS MAKHACHEV SAB 30,,0.0
2025-08-01,DSP Marketplace - BFM,StackAdapt,Beachfront Deal Curation,StackAdapt_Standard Inventory Packages_Beachfront_2025_[Allows CBD],Beach159,0.0
2025-07-01,Select - BFM,Xandr,Quorum,Quorum Optimized > MSFT > High Index Zips - Burger King Visitors - Banner,Quoru57,0.0
2025-07-01,DSP Marketplace - BFM,JamLoop OpenRTB,BFM Internal,Jamloop Deal - CTV - Network-Override-CBS Extension,JL001,2839.39
2025-09-01,Open Auction - BFM,—,—,TruOptik CTV Pixel,,0.0
2025-12-01,DSP Marketplace - BFM,Basis Technologies,Beachfront Deal Migration,Basis Deal - Local News CTV,724834360400,4705.38
2025-08-01,Open Auction - BFM,OnSpot Data,—,Bidswitch - Desktop [Display],,7.79
2025-12-01,Select - BFM,Viant,Quorum,Quorum Optimized > Viant > High Index Zips - Shopping Mall Visitors - CTV,Quoru183,0.0
2025-09-01,DSP Marketplace - BFM,StackAdapt,Beachfront Deal Curation,StackAdapt_Standard Inventory Packages_Beachfront_2025_Food,Beach165,0.61
2025-07-01,DSP Marketplace - BFM,Bidswitch,—,T-Ads_Display_Beachfront_Multipub_$0.5,138203852781,0.0
2025-09-01,DSP Marketplace - BFM,Basis Technologies,Beachfront Deal Curation,Basis Deal - CTV - Skechers 2025 - Women 45+ - Lifestyle,662154926548,10347.96
2025-08-01,Open Auction - BFM,Samsung DSP,—,Bidswitch - Desktop [Display],,0.0
2026-07-01,DSP Marketplace - BFM,JamLoop OpenRTB,BFM Internal,JamLoop Deal - CTV - A&amp;E - Efficient CPM,456808823983,238.9
2026-08-01,DSP Marketplace - BFM,Adtheorent,Beachfront Deal Curation,BigHappy Mobile Web RON - Display,BigHappy01734,0.41
2026-08-01,Open Auction - BFM,OTT Advisors (Demand),—,OTT Advisors Deal - CTV - (Univision),,0.0
2026-08-01,DSP Marketplace - BFM,StackAdapt,—,Q4 Gold Publishers,078498699473,0.0
2025-09-01,DSP Marketplace - BFM,Bidswitch,—,T-Ads_CTV_Beachfront_Philo_$14,208381486364,0.0
2025-08-01,Open Auction - BFM,Epsilon (Conversant),—,0,255653458214,0.0
2025-08-01,DSP Marketplace - BFM,MadHive,—,Madhive Deal - CTV Genre Sports,BFM021,56.77
2025-11-01,Select - BFM,DV360,Quorum,Quorum > Sports Fans > Physical Visitors,Quoru231,0.0
2025-12-01,Select - BFM,TheTradeDesk,Strategus,Strategus CTV RON,300416284256,13087.24
2025-09-01,DSP Marketplace - BFM,GroundTruth,—,GroundTruth Deal - App - Display - 0.30% CTR,166547275315,12.64
2025-11-01,DSP Marketplace - BFM,StackAdapt,Beachfront Deal Curation,StackAdapt_Standard Inventory Packages_Beachfront_2025_60 Second Placements,Beach173,8298.85
2025-10-01,DSP Marketplace - BFM,Beeswax,Beachfront Deal Curation,Datafy - Holiday Travel Seasonal - Q4,Datafy6204970307,702.12
2025-12-01,DSP Marketplace - BFM,StackAdapt,Beachfront Deal Migration,StackAdapt Deal - CTV,443119806437,8600.89
2025-08-01,Open Auction - BFM,IPONWEB BidCore,—,Bidswitch - MW [Display],,3.41
2025-10-01,DSP Marketplace - BFM,TheTradeDesk,—,TTD Deal - Comcast Playworks,991133437221,118.37
2025-09-01,Select - BFM,Stirista,Audigent,Audigent & Beachfront - AUD-066519 - Optimum Media - Multiple Brands - CTV SmartPMP - US - CTV + OTT - RON,Audig1775,0.43
2025-09-01,Select - BFM,TheTradeDesk,Strategus,Strategus Deal - CTV - Fubo US Sports,937479936681,0.03
2025-09-01,DSP Marketplace - BFM,Basis Technologies,Beachfront Deal Curation,Basis Deal - OTT - Skechers 2025 - Women 45+ - Reality,767012029105,1824.67
2025-11-01,Select - BFM,Quantcast,Quorum,Quorum > Tech Shoppers > Physical Visitors,Quoru200,0.0
2025-09-01,Open Auction - BFM,—,—,Basis - CTV - oRTB - (US),,0.0
2025-08-01,DSP Marketplace - BFM,GroundTruth,Beachfront Deal Curation,0,Beach119,0.0
2025-11-01,Select - BFM,Yahoo DSP,Audigent,PMG & Beachfront - SDEAL-21046 - PMG - PMG - PMG - ctv SmartPMP - Sub-Prime Credit Card US,Audig1755,0.0
2025-10-01,Select - BFM,—,Strategus,0,,0.0
2025-12-01,Select - BFM,DV360,Quorum,Quorum > Holiday Shoppers > Physical Visitors,Quoru198,0.0
2026-08-01,DSP Marketplace - BFM,SmartyAds,Beachfront Deal Curation,SmartyAds - Sport Racing - 2026 Deal,Beach256,0.03
2026-08-01,DSP Marketplace - BFM,Yahoo DSP,Beachfront Deal Curation,Yahoo - Seedtag Q1 Tentpole - Winter Olympics - Contextual CTV,Beach225,0.0
2025-08-01,Select - BFM,Viant,IRIS,IRIS.TV - Viant - Video Gaming CTV_BFM,IRIS00296,4.14
2025-11-01,Open Auction - BFM,Sharethrough,—,Sharethrough Web (Open Auction),,9173.27
2025-11-01,Select - BFM,Bidswitch,Quorum,Quorum > Food Lovers > Physical Visitors,Quoru195,0.0
2025-11-01,DSP Marketplace - BFM,MadHive,BFM Internal,MadHive - CTV - Fubo (Price Targeted),MH38,2430.04
2025-08-01,Open Auction - BFM,4INFO,—,0,,0.0
2025-08-01,Select - BFM,Yahoo DSP,Camelot,PMG - Pub Targeting,PMGPub,52397.99
2025-08-01,Open Auction - BFM,Beeswax,—,Beeswax - CTV - Open Auction EAST,,19923.71
2025-08-01,DSP Marketplace - BFM,Zeta DSP,Beachfront Deal Curation,Bidswitch Deal - Zeta - CTV - Political (FP1),625581164304,2.95
2025-08-01,Open Auction - BFM,—,—,Conversant - CTV - Open Auction,,0.0
2025-11-01,Open Auction - BFM,—,—,2511 - MGMPLUS - ROBIN HOOD PROMO - MGMPHD363301-01 - MOVIES,,442.02
2025-12-01,DSP Marketplace - BFM,Adtheorent,Beachfront Deal Curation,BigHappy Mobile Web RON - Display,BigHappy01734,1.07
2025-09-01,Select - BFM,Xandr,Quorum,Quorum Optimized > MSFT > High Index Zips - Chipotle Visitors - Banner,Quoru59,0.0
2025-11-01,Select - BFM,Basis Technologies,IRIS,IRIS.TV - Basis - Outdoor/Sports - CTV_BFM,IRIS00060,571.87
2025-11-01,Open Auction - BFM,Adtelligent,—,0,,0.0
2025-07-01,Open Auction - BFM,Zeta DSP,—,Bidswitch - Desktop [Display],,0.0
2025-10-01,Open Auction - BFM,SmartyAds,—,SmartyAds - Web Video,,163.94
2025-07-01,DSP Marketplace - BFM,Epsilon (Conversant),Beachfront Deal Curation,Golf - CTV - Contextual - Tentpole Deal - Conversant,Beach135,2.86
2025-09-01,DSP Marketplace - BFM,SimpliFi,Beachfront Deal Curation,SimpliFi Deal - Gearheads CTV - Contextual,248292939179,0.18
2025-08-01,Open Auction - BFM,—,—,Beeswax UR Improvement Tier 2 (Mid UR),,0.0
2026-07-01,Open Auction - BFM,Pubmatic,—,Seedtag,,138472.75
2026-07-01,Select - BFM,Yahoo DSP,Camelot,Yahoo - Curated CTV - Hardees,PMGCuratedCTVHardees,0.0
2026-07-01,Select - BFM,TheTradeDesk,Strategus,Strategus - TTD Deal - Tubi - Bundle List - CTV,Strat70,0.33
2026-08-01,DSP Marketplace - BFM,Epsilon (Conversant),Beachfront Deal Curation,Conversant Cannabis Category Targeting - Video/CTV,Beach111,308.13
2026-08-01,DSP Marketplace - BFM,StackAdapt,Beachfront Deal Curation,StackAdapt_Standard Inventory Packages_Beachfront_2025_Food,Beach165,0.0
2025-08-01,Select - BFM,Xandr,Quorum,Quorum Optimized > MSFT > High Index Zips - College & University Visitors - Banner,Quoru53,0.0
2025-09-01,DSP Marketplace - BFM,GroundTruth,Beachfront Deal Curation,GroundTruth - Deal - CTV - Chromecast,BFMGT003,0.21
2025-07-01,DSP Marketplace - BFM,MadHive,—,MadHive Deal - CTV (Blue Emu),729057981120,73.52
2025-07-01,DSP Marketplace - BFM,Octillion,—,Octillion Deal - OLV - Non-News,"23813963978, 023813963978",0.0
2025-12-01,DSP Marketplace - BFM,Basis Technologies,Beachfront Deal Migration,Basis - CTV - Political Local News,BFM109,4036.72
2025-08-01,DSP Marketplace - BFM,MadHive,BFM Internal,MadHive - CTV - Xumo (Price Targeted),MH35,206.8
2025-09-01,DSP Marketplace - BFM,Beeswax,Beachfront Deal Curation,MLB - CTV - Contextual - Tentpole Deal - VideoAmp,Beach150,0.11
2025-12-01,DSP Marketplace - BFM,Basis Technologies,Beachfront Deal Curation,Basis Deal - CTV - Skechers 2025 - Women 45+ - Reality,711907073746,12034.14
2025-09-01,Open Auction - BFM,Yahoo DSP,—,Yahoo - Desktop MW - Open Auction,,941.58
2025-12-01,Select - BFM,DV360,MultiLocal,T9_mlm_TA_US_CT_CTV_BF_MLMBRID4972,Multi24,1327.32
2025-08-01,DSP Marketplace - BFM,TheTradeDesk,Beachfront Deal Curation,TTD Deal - CTV - Curated by Seedtag - Foodies (Test),682007295619,0.0
2026-07-01,Open Auction - BFM,Adtheorent,—,0,,0.0
2025-08-01,DSP Marketplace - BFM,JamLoop OpenRTB,—,JamLoop Deal - CTV - SamsungAds - $9 - Bundles - DON&#039;T TOUCH QPS,948945611529,134.5
2025-09-01,Select - BFM,TheTradeDesk,Chief Media,TTD - Chief Media - CTV - Paramount - Channel/Network Targeting - Deal,778185575390,0.0
2025-08-01,Open Auction - BFM,—,—,Conversant Deal - InApp - RON,,0.0
2025-08-01,DSP Marketplace - BFM,Infillion,—,Bidswitch Deal - Display (Bucksense Allow list),938609448678,0.0
2025-10-01,DSP Marketplace - BFM,Beeswax,—,Beeswax Deal - CTV - AudienceXpress - RON - Efficiency Monitoring,765218873628,0.0
2025-07-01,Open Auction - BFM,—,—,SimpliFi - CTV - 1st Price,,0.0
2026-07-01,Open Auction - BFM,Yahoo DSP,—,Yahoo - Desktop MW - Open Auction - Efficiency Monitoring,,1068.14
2025-12-01,Open Auction - BFM,TheTradeDesk,—,TTD - Desktop [Display],,1204.57
2025-11-01,Select - BFM,Bidswitch,Quorum,Quorum > Office and Finance > Physical Visitors,Quoru229,0.0
2025-08-01,Select - BFM,Xandr,Quorum,Quorum Optimized > MSFT > High Index Zips - Mazda Dealership Visitors - CTV,Quoru132,0.1
2025-09-01,DSP Marketplace - BFM,StackAdapt,Beachfront Deal Curation,StackAdapt Deal - CTV - Local News - Political,BFMSA002,655.79
2025-08-01,DSP Marketplace - BFM,Beeswax,—,Beeswax Deal - OLV - Cannabis Allowed,730046772236,0.1
2025-09-01,Open Auction - BFM,SundaySky,—,SundaySky - Desktop - 1st Price,,4150.46
2025-08-01,DSP Marketplace - BFM,SimpliFi,—,Simplifi Deal - App/Web (Small-Screen OTT UK),546476210694,0.0
2025-10-01,Select - BFM,Bidswitch,MultiLocal,Ingage_mlm_Beko_Sport_NL_CTV_CT_BF_MLMBRID7107,Multi40,0.0
2025-07-01,DSP Marketplace - BFM,Octillion,—,Octillion Deal - CTV - A&E - Network Targeting,747279147159,208.18
2025-09-01,Open Auction - BFM,Viant,—,Viant - MW - 1st Price,,13550.58
2025-11-01,DSP Marketplace - BFM,Beeswax,Beachfront Deal Curation,Beeswax - CTV - VideoAmp - Holiday Travel,VideoAmp15938,734.36
2025-09-01,Open Auction - BFM,Knorex,—,Bidswitch - Desktop - 1st Price (HB),,0.08
2025-09-01,Open Auction - BFM,Bidswitch,—,0,,0.0
2026-07-01,Open Auction - BFM,Sharethrough,—,Sharethrough InApp Video (Open Auction),,74.92
2025-12-01,Open Auction - BFM,Infillion,—,Bidswitch - APP 1st Price,,2.77
2025-11-01,Open Auction - BFM,Viant,—,Viant - APP,,445.9
2025-08-01,DSP Marketplace - BFM,JamLoop OpenRTB,Beachfront Deal Curation,JamLoop Deal - CTV - Live Soccer,789899425708,6.1
2025-09-01,Select - BFM,Viant,Sightly,MyFitnessPal,Sight18,0.03
2025-12-01,DSP Marketplace - BFM,TheTradeDesk,Beachfront Deal Migration,TTD Deal - Holiday/Shopping CTV (Deal Library) - Genre - Goodway,774408369864,620.82
2025-07-01,DSP Marketplace - BFM,Octillion,—,Octillion Deal - CTV - A+E,747279147159,1669.09
2025-09-01,Select - BFM,Xandr,Quorum,Quorum Optimized > MSFT > High Index Zips - Shopping Mall Visitors - CTV,Quoru39,0.0
2025-07-01,Select - BFM,Bidswitch,QRate,QrateUS_Costarica_CTV,QRate40,0.0
2025-08-01,Select - BFM,TheTradeDesk,Media Culture,US_CTV_Family & Parenting,BCHUSCTVFP,17.16
2025-08-01,DSP Marketplace - BFM,Viant,Beachfront Deal Curation,Vayu Fox Weather Deal - Viant,473829165204,0.0
2025-09-01,DSP Marketplace - BFM,SimpliFi,—,Simplifi Deal - Fubo CTV (Entertainment),065062151319,1.88
2025-08-01,DSP Marketplace - BFM,Octillion,—,Octillion Deal - CTV - FloSports,976384276753,0.0
2025-08-01,Open Auction - BFM,Promo-PSA,—,Test Ad: PSA :30 (ready.gov) #9,,0.0
2025-12-01,Open Auction - BFM,Zeta DSP,—,Bidswitch - APP,,0.02
2025-09-01,Open Auction - BFM,—,—,F0040487 UECL FASE LIGA J1 COMBO FS3 JUEVES 20,,0.0
2026-07-01,DSP Marketplace - BFM,Adtheorent,Beachfront Deal Curation,BigHappy Mobile Web RON - Display,BigHappy01734,3.76
2026-07-01,Select - BFM,StackAdapt,33Across,Sports Contextual - Stackadapt Deal,33Acr44,0.0
2026-08-01,DSP Marketplace - BFM,Samsung DSP,Beachfront Deal Curation,SamsungAds Efficiency Line,314668390400,0.21
2026-08-01,Open Auction - BFM,Krush Media,—,Krush Media Inapp Video,,0.0
2026-08-01,Open Auction - BFM,Metax,—,MetaX Paramount $10.11,,0.43
2026-07-01,Open Auction - BFM,Marketing Architects -RTB,—,Marketing Architects - CTV 1st Price - Roku Device Targeting Only,,40.79
2025-07-01,DSP Marketplace - BFM,Basis Technologies,—,Basis Deal - RON Cannabis Approved,BFM016,45.2
2025-08-01,Open Auction - BFM,Epsilon (Conversant),—,Conversant Future Today CTV (225478),,25.1
2025-09-01,Select - BFM,TheTradeDesk,Media Culture,Mathnasium Canada,MC_MATH_CA_CTV,63.25
2025-11-01,Select - BFM,Bidswitch,QRate,QrateUS_ElSalvador_CTV,QRate30,0.0
2025-09-01,Select - BFM,TheTradeDesk,Aki,Aki Deal - CTV - Weekend Morning Moments,Aki14,0.0
2025-07-01,DSP Marketplace - BFM,4INFO,—,Cadent_We TV_PMP,111278368904,0.0
2025-11-01,Select - BFM,Viant,Plex,Plex_Adelphic_$22,Plex2,65.83
2025-11-01,Open Auction - BFM,Bidswitch,—,Bidswitch - APP 1st Price,,0.0
2025-07-01,DSP Marketplace - BFM,Stirista,Beachfront Deal Curation,Stirista Deal - CTV (NY Cannabis-CBD),590294363402,5.33
2025-09-01,Open Auction - BFM,OnSpot Data,—,Bidswitch - Desktop - 1st Price (HB),,1.43
2025-11-01,Open Auction - BFM,—,—,Bidswitch - Seedtag,,0.0
2025-08-01,Open Auction - BFM,Epsilon (Conversant),—,Conversant - CTV - Open Auction,,30832.83
2025-08-01,Open Auction - BFM,—,—,F0033751 FGM C25 JUEVES 20S,,0.0
2025-12-01,Open Auction - BFM,—,—,F0041862 MASL BALTIMORE VS TACOMA DOMIGNO 15,,0.0
2025-07-01,Open Auction - BFM,Yahoo DSP,—,Yahoo Deal - CTV (Division D RON $13),344398214696,0.0
2025-12-01,Select - BFM,—,Strategus,TTD - Strategus - CTV - $12 and Below,,0.0
2026-08-01,Open Auction - BFM,OnSpot Data,—,Bidswitch - Desktop - 1st Price (HB),,0.0
2026-08-01,DSP Marketplace - BFM,Epsilon (Conversant),Beachfront Deal Curation,Conversant - Seedtag Q1 Tentpole - GroundHog Day - Contextual CTV,Beach211,0.25
2025-08-01,Open Auction - BFM,Epsilon (Conversant),—,Conversant Newsy  CTV (204776),,39.92
2025-08-01,DSP Marketplace - BFM,DeepIntent,Beachfront Deal Curation,DeepIntent - CTV - Sports (genre),461410362718,126.41
2025-08-01,DSP Marketplace - BFM,DeepIntent,Beachfront Deal Curation,DeepIntent - OLV  - High VCR,730408448229,63.2
2025-10-01,Select - BFM,Bidswitch,QRate,QrateUS_Guatemala_CTV,QRate20,0.0
2025-08-01,Open Auction - BFM,DV360,—,Bidswitch - APP Display,,4.46
2025-07-01,DSP Marketplace - BFM,StackAdapt,Beachfront Deal Migration,StackAdapt Deal - CTV - Sports Genre + Live Sports,983805237051,783.62
2025-09-01,Open Auction - BFM,IQM,—,IQM - CTV - Open Auction,,18.35
2025-09-01,DSP Marketplace - BFM,SimpliFi,—,Simpli.fi Deal - CTV (Vizio),231262416313,74.2
2025-07-01,DSP Marketplace - BFM,AlexP,—,Select Fees RevShare 20%,RevShare20,0.0
2025-08-01,Open Auction - BFM,SmartClip,—,Sky_DE_SmartClip,,0.0
2025-12-01,DSP Marketplace - BFM,TheTradeDesk,—,TTD Deal - Bully Pulpit - CTV (Political - Left Leaning),335995977,0.0
2025-09-01,Select - BFM,Xandr,Quorum,Quorum Optimized > MSFT > High Index Zips - Home Depot Visitors - Banner,Quoru34,0.0
2025-09-01,DSP Marketplace - BFM,SimpliFi,—,SimpliFi Deal - CTV (UK),546476210694,0.0
2025-07-01,Open Auction - BFM,—,—,F0038258 AEW ALL IN TEXAS SABADO 20,,0.0
2025-12-01,Open Auction - BFM,Epsilon (Conversant),—,Conversant Deal - CTV - RON,255653458214,0.0
2025-09-01,Open Auction - BFM,Knorex,—,Bidswitch - MW - 1st Price (HB),,0.02
2026-07-01,DSP Marketplace - BFM,Beeswax,BFM Internal,Beeswax Deal - CTV - Anoki - RON - $12,996138804224,206.85
2026-07-01,DSP Marketplace - BFM,Octillion,Beachfront Deal Migration,Octillion Deal - CTV - EW Scripps,976384276675,21575.95
2026-07-01,Open Auction - BFM,TheTradeDesk,—,TTD - CTV (UK) ,,196.87
2026-08-01,Open Auction - BFM,StackAdapt,—,StackAdapt - CTV - Open Auction,,21088.99
2025-07-01,DSP Marketplace - BFM,TheTradeDesk,Beachfront Deal Migration,TTD Deal - CTV - MiQ Fubo,770425332965,1694.48
2025-10-01,DSP Marketplace - BFM,StackAdapt,Beachfront Deal Curation,StackAdapt Deal - CTV - Premium Pubs - Political,BFMSA003,1372.44
2025-09-01,DSP Marketplace - BFM,Basis Technologies,Beachfront Deal Curation,Basis Deal - CTV - Skechers 2025 - Men 45+ - Entertainment,242487362196,6531.51
2025-10-01,DSP Marketplace - BFM,Viant,Beachfront Deal Curation,Viant Deal - CTV - Roku Devices,193951448044,4465.94
2025-12-01,Open Auction - BFM,Viant,—,Viant - APP - 1st Price,,344.52
2025-07-01,DSP Marketplace - BFM,StackAdapt,—,StackAdapt Deal - CTV (Holiday & Shopping CTV - Deal Library),BFM035,0.13
2025-10-01,Open Auction - BFM,—,—,VTV VERTA  Dummy Ad,,0.0
2025-10-01,Open Auction - BFM,SimpliFi,—,SimpliFi - APP - 1st Price,,4465.92
2025-09-01,Open Auction - BFM,Yahoo DSP,—,Yahoo - CTV - Open Auction,,5711.47
2025-08-01,Select - BFM,TheTradeDesk,Aki,Aki Deal - CTV - Red Carpet,Aki24,0.0
2025-08-01,Select - BFM,Xandr,Quorum,Quorum Optimized > MSFT > High Index Zips - Wingstop Visitors - CTV,Quoru80,0.09
2025-08-01,Open Auction - BFM,BizzClick,—,BizzClick - App (Indirect),,0.0
2025-11-01,Select - BFM,Xandr,Quorum,Quorum Optimized > MSFT > High Index Zips - Chick-fil-A Visitors - CTV,Quoru92,0.0
2025-08-01,DSP Marketplace - BFM,SimpliFi,BFM Internal,0,667896312331,0.0
2025-09-01,Open Auction - BFM,—,—,MadHive Deal - CTV (Blue Emu),,0.0
2026-08-01,Select - BFM,TheTradeDesk,Strategus,Strategus - TTD - MLB Mexico - CTV Deal,Strat82,0.0
2026-08-01,DSP Marketplace - BFM,Viant,BFM Internal,Viant Deal - CTV (Genre: Movie),737121000152,142.62
2026-08-01,Open Auction - BFM,Yahoo DSP,—,Yahoo - Desktop MW - Open Auction,,40.57
2025-12-01,Open Auction - BFM,OnSpot Data,—,Bidswitch - CTV - 1st Price,,184.54
2025-08-01,DSP Marketplace - BFM,GroundTruth,Beachfront Deal Curation,GroundTruth - Deal - CTV - Fire TV,BFMGT004,78.63
2025-10-01,Select - BFM,Bidswitch,Infillion Demand,Signet | Male Self Gifters | Desktop & Mobile,SignetInfilGiftBeachDeskMob,0.0
2025-07-01,DSP Marketplace - BFM,GroundTruth,Beachfront Deal Migration,GroundTruth Deal - CTV - Premium Bundles List,783317263332,35341.63
2025-07-01,Select - BFM,Xandr,Quorum,Quorum Optimized > MSFT > High Index Zips - KFC Visitors - CTV,Quoru64,0.0
2025-10-01,Select - BFM,Xandr,Quorum,Quorum Optimized > MSFT > High Index Zips - KFC Visitors - CTV,Quoru64,0.33
2025-12-01,DSP Marketplace - BFM,MadHive,Beachfront Deal Curation,0,983264025678,0.0
2025-10-01,DSP Marketplace - BFM,Octillion,—,Octillion Deal - CTV - A&E - Network Targeting,747279147159,143.0
2025-11-01,DSP Marketplace - BFM,SimpliFi,Beachfront Deal Curation,Simpli.Fi Deal - CTV - NFL & College Football,212800677262,0.0
2025-11-01,Open Auction - BFM,—,—,2511 - MGMPLUS - NOVEMBER XCH - MGMP23418-13 - MOVIES,,163.92
2025-07-01,Open Auction - BFM,Lemma DSP,—,Lemma DSP CTV Ad,,31249.71
2025-11-01,Open Auction - BFM,Infillion,—,Bidswitch - MW [Display],,0.0
2025-08-01,Select - BFM,TheTradeDesk,Strategus,TTD Deal - Strategus - Web/App Display - $2-$5,Strat63,2.78
2025-11-01,Open Auction - BFM,StackAdapt,—,0,,0.0
2026-07-01,DSP Marketplace - BFM,Bidswitch,Beachfront Deal Curation,Seedtag NeuroX | Always-On | Parents & Caregivers - Connected TV,STNXCTV022,0.0
2026-07-01,Open Auction - BFM,SmartClip,—,Philips_SC_Germany,,0.0
2026-07-01,DSP Marketplace - BFM,TheTradeDesk,Beachfront Deal Migration,TTD Deal - HavasEdge - OTT RON,676738569288,0.0
2026-08-01,DSP Marketplace - BFM,JamLoop OpenRTB,BFM Internal,Jamloop Deal - CTV - Frndly - MeTV - Adjust,205969889099,0.0
2026-08-01,DSP Marketplace - BFM,Stirista,Beachfront Deal Curation,Stirista Deal - DV - CTV RON,298578719382,2.1
2025-07-01,Open Auction - BFM,Viant,—,Viant - CTV (Charter),,370.66
2025-12-01,Open Auction - BFM,Knorex,—,Bidswitch - CTV - 1st Price,,230.7
2025-07-01,DSP Marketplace - BFM,Basis Technologies,Beachfront Deal Migration,Basis Deal - Sports CTV,268236188793,12.13
2025-10-01,Open Auction - BFM,Lemma DSP,—,Lemma DSP CTV Ad,,63656.32
2025-08-01,DSP Marketplace - BFM,JamLoop OpenRTB,—,JamLoop Deal - CTV OLV - Cable Broadcast,147705376036,74.82
2025-08-01,Open Auction - BFM,SmartyAds,—,SmartyAds - CTV (Vizio),,15.35
2025-09-01,DSP Marketplace - BFM,Octillion,Beachfront Deal Migration,Octillion Deal - CTV - AMC - Network Targeting,135878418139,2318.59
2025-11-01,DSP Marketplace - BFM,Viant,—,AOD Deal - Viant - Cannabis Allowed ,304579523560,47.48
2025-09-01,Open Auction - BFM,Krush Media,—,Krush Media Inapp Video,,0.0
2025-12-01,Select - BFM,Xandr,MultiLocal,mCanvas_mlm_Roku_US_CTV_Xandr_BF_MLMBRID7304,Multi48,0.0
2025-11-01,Open Auction - BFM,Webeye,—,Bidswitch - APP 1st Price,,0.12
2025-08-01,Open Auction - BFM,DV360,—,Bidswitch - CTV - 1st Price,,26046.61
2025-07-01,Select - BFM,Xandr,Quorum,Quorum Optimized > MSFT > High Index Zips - Chevrolet/Buick/GMC Dealership Visitors - Banner,Quoru113,0.0
2025-07-01,Select - BFM,Xandr,Quorum,Quorum Optimized > MSFT > High Index Zips - Home Depot Visitors - CTV,Quoru35,0.0
2025-08-01,Open Auction - BFM,—,—,F0035594 F2 Y F3 GENÉRICA 2025 25S,,0.0
2025-08-01,DSP Marketplace - BFM,StackAdapt,Beachfront Deal Curation,StackAdapt Deal - CTV - Political First Look - TEGNA,688427968140,0.0
2025-09-01,DSP Marketplace - BFM,StackAdapt,—,StackAdapt Deal - MW - 70%+ VCR,950191416301,7.33
2025-11-01,Select - BFM,Xandr,IRIS,MNI - Climate & Enviroment CTV_BFM,IRIS76,0.0
2025-11-01,Open Auction - BFM,Madopi,—,Bidswitch - APP Display,,0.0
2025-10-01,Open Auction - BFM,—,—,2509 - MGMPLUS - BILLY THE KID S3 TRAILER Cutdown - MGMPHD363273 (MOVIES),,2.06
2026-07-01,Open Auction - BFM,Basis Technologies,—,Centro Display Web,,197.14
2026-08-01,DSP Marketplace - BFM,DV360,Beachfront Deal Curation,Seedtag NeuroX | Always-On | Streaming & Content Connoisseurs - Connected TV,STNXCTV004,0.48
2025-11-01,DSP Marketplace - BFM,MadHive,BFM Internal,MadHive - CTV - Sling Bundle Override (Price Targeted),MH34,526.35
2025-10-01,DSP Marketplace - BFM,Beeswax,Beachfront Deal Migration,Beeswax Deal - CTV - Datafy - Local News - Bundles,976376076666,0.0
2025-12-01,Select - BFM,TheTradeDesk,Quorum,Quorum - Hanukkah Shoppers - Physical Visitors,Quoru211,0.0
2025-07-01,Open Auction - BFM,Xandr,—,Xandr CTV,,16539.17
2025-12-01,DSP Marketplace - BFM,Basis Technologies,Beachfront Deal Curation,Basis Deal - CTV - Skechers 2025 - Women 45+ - Reality (Hallmark),711907073746,145.71
2025-09-01,DSP Marketplace - BFM,Samsung DSP,Beachfront Deal Curation,SamsungAds Efficiency Line,314668390400,53.35
2025-08-01,DSP Marketplace - BFM,StackAdapt,Beachfront Deal Curation,StackAdapt Deal - CTV - AMC Networks - Political,346689052286,6.52
2025-10-01,DSP Marketplace - BFM,SimpliFi,Beachfront Deal Curation,Simpli.Fi Deal - CTV - Thanksgiving,503894398514,0.0
2025-07-01,DSP Marketplace - BFM,Bidswitch,—,Bidswitch Deal - Display (Bucksense Allow list),938609448678,0.0
2025-08-01,DSP Marketplace - BFM,SimpliFi,Beachfront Deal Curation,Simpli.Fi Deal - CTV - Puerto Costa Mexico CTV,376852766795,1.82
2025-10-01,Open Auction - BFM,—,—,F0034477 EL SHOW DE LA F1 LUNES 20s FSP_1,,0.0
2025-08-01,DSP Marketplace - BFM,SimpliFi,Beachfront Deal Curation,SimpliFi Deal - Sports Content CTV - Contextual,653038531422,13.36
2025-11-01,Open Auction - BFM,Amobee,—,0,,0.0
2025-09-01,Open Auction - BFM,Samsung DSP,—,Bidswitch - Desktop - 1st Price (HB),,0.0
2026-07-01,Open Auction - BFM,TheTradeDesk,—,TTD - Desktop [Display],,405.15
2026-07-01,DSP Marketplace - BFM,Bidswitch,Beachfront Deal Curation,Seedtag NeuroX | Always-On | Healthcare Decision Makers - Connected TV,STNXCTV023,0.0
2026-07-01,Open Auction - BFM,Bidswitch,—,Bidswitch - Desktop - 1st Price (HB),,0.0
2026-08-01,Open Auction - BFM,Equative,—,Equative InApp Video (Open Auction) (copy),,0.0
2025-07-01,Select - BFM,Viant,Audigent,Audigent & Beachfront - AUD-066527 - Optimum Media - Multiple Brands - CTV ContextualPMP - Tennis US - ctv,Audig1794,0.02
2025-07-01,DSP Marketplace - BFM,Basis Technologies,—,Basis Deal - Fubo CTV (Entertainment),BFM063,29.46
2025-10-01,Open Auction - BFM,Zeta DSP,—,Bidswitch - Desktop [Display],,0.0
2025-10-01,Select - BFM,Bidswitch,QRate,QrateUS_Costarica_CTV,QRate40,0.0
2025-11-01,Select - BFM,Bidswitch,IRIS,GumGum - Virgin Voyages CTV_BFM,IRIS00353,0.0
2025-11-01,Select - BFM,Walmart,Chief Media,TTD - Chief Media - Walmart - CTV - Pub Targeting - Deal,476519491695,1268.73
2025-09-01,Open Auction - BFM,Basis Technologies,—,Centro Display Web,,13558.51
2025-09-01,Open Auction - BFM,Walmart,—,TTD - APP [Display],,1739.12
2025-08-01,DSP Marketplace - BFM,Bidswitch,—,Bidswitch Deal - Roku - CTV - Revry TV,335316630773,0.0
2025-08-01,DSP Marketplace - BFM,Bidswitch,Beachfront Deal Curation,Bidswitch Deal - Zeta - CTV - Political (Pol),542428290418,0.0
2025-08-01,Open Auction - BFM,—,—,LiveRamp CTV Pixel,,0.0
2025-09-01,Select - BFM,Xandr,Quorum,Quorum Optimized > MSFT > High Index Zips - Red Robin Burgers Visitors - CTV,Quoru84,0.09
2025-09-01,DSP Marketplace - BFM,Viant,—,Viant Deal - CTV - Xite-Vevo,523575281782,0.16
2025-12-01,Select - BFM,JamLoop OpenRTB,TEGNA,Jamloop - AO - News - OTT CTV - Political - TEGNASOURCED 062922,TEGNA4,0.0
2025-08-01,Select - BFM,Xandr,Quorum,Quorum Optimized > MSFT > High Index Zips - Blaze Pizza Visitors - Banner,Quoru87,0.0
2025-08-01,Open Auction - BFM,Cepia,—,Mighty Wheels August 2025,,11.0
2025-09-01,Select - BFM,Stirista,Audigent,Audigent & Beachfront - AUD-066519 - Optimum Media - Multiple Brands - CTV SmartPMP - US - ctv - Audience Code bsy618,Audig1772,1.29
2025-08-01,Open Auction - BFM,Zeta DSP,—,Bidswitch - MW [Display],,0.0
2025-12-01,Select - BFM,Viant,IRIS,IRIS.TV - Viant - Wyndham Emotional Sentiment CTV_BFM,IRIS00359,0.0
2025-12-01,Select - BFM,DV360,Quorum,Quorum > Interior Designers > Physical Visitors,Quoru199,0.0
2026-07-01,Open Auction - BFM,Basis Technologies,—,Centro Video Web (1st Price),,130.67
2026-07-01,Open Auction - BFM,AdElement,—,Bidswitch - APP Display,,0.69
2026-08-01,Open Auction - BFM,Pubmatic,—,Seedtag,,12319.19
2025-09-01,Open Auction - BFM,Amazon DSP,—,Bidswitch - Desktop - 1st Price (HB),,47.73
2025-09-01,DSP Marketplace - BFM,JamLoop OpenRTB,—,JamLoop Deal - CTV - Local News - Transparent Bundles,137695710557,115.62
2025-07-01,DSP Marketplace - BFM,4INFO,—,Cadent_Food Network_PMP,598939543123,-0.0
2025-12-01,Open Auction - BFM,SmartyAds,—,SmartyAds - CTV (LG),,0.23
2025-10-01,Select - BFM,Bidswitch,MultiLocal,mCanvas_mlm_Roku_BR_CTV_BF_MLMBRID7304,Multi44,0.0
2025-08-01,Select - BFM,Xandr,IRIS,MNI - Health & Wellness CTV_BFM,IRIS74,0.0
2025-11-01,Select - BFM,TheTradeDesk,Strategus,TTD - Strategus - CTV - $14 and Below,STRAT003,17.08
2025-09-01,DSP Marketplace - BFM,TheTradeDesk,—,TTD Deal - CTV (Division D RON $13),344398214696,14.05
2025-12-01,Open Auction - BFM,Infillion,—,Bidswitch - Seedtag,,143.92
2025-11-01,Open Auction - BFM,Beeswax,—,Beeswax UR Improvement Tier 3 (Low UR),,571.03
2025-10-01,Open Auction - BFM,Infillion,—,Bidswitch - APP Display,,0.57
2025-08-01,DSP Marketplace - BFM,Basis Technologies,Beachfront Deal Curation,Basis Deal - OTT - Skechers 2025 - Men 45+ - Entertainment,765118223712,53.37
2025-12-01,DSP Marketplace - BFM,StackAdapt,Beachfront Deal Migration,StackAdapt Deal - CTV - Political,534891672291,315.35
2025-07-01,DSP Marketplace - BFM,TheTradeDesk,Beachfront Deal Migration,TTD - CTV - Captify $15 Below,730946633654,4300.3
2025-08-01,Open Auction - BFM,—,—,Pending/Placement BeachFront AD,,0.0
2026-07-01,DSP Marketplace - BFM,Viant,Beachfront Deal Migration,Viant Deal - Charter,310648224343,835.57
2026-08-01,DSP Marketplace - BFM,TheTradeDesk,BFM Internal,TTD Deal - Bully Pulpit - CTV Cannabis Approved,133914955,0.0
2025-11-01,Select - BFM,Viant,Quorum,Quorum Optimized > Viant > High Index Zips - Macy's Visitors - Banner,Quoru176,0.0
2025-12-01,Select - BFM,Bidswitch,Infillion Demand,Signet | Male Self Gifters | CTV,SignetInfilGiftBeachCTV,0.0
2025-12-01,Select - BFM,TheTradeDesk,Media Culture,INSP,Media14,0.01
2025-12-01,DSP Marketplace - BFM,Viant,—,Viant Deal - CTV (Spanish),901374116708,472.81
2025-10-01,DSP Marketplace - BFM,Octillion,Beachfront Deal Migration,Octillion Deal - CTV - Philo,747279147181,4955.27
2025-10-01,Select - BFM,DV360,IRIS,IRIS.TV - OMD - National Guard - Contextual CTV_BFM,IRIS00269,11.84
2025-08-01,Select - BFM,Xandr,Quorum,Quorum Optimized > MSFT > High Index Zips - Red Robin Burgers Visitors - Banner,Quoru83,0.0
2025-10-01,DSP Marketplace - BFM,Octillion,—,Octillion Deal - CTV - A+E,747279147159,2297.74
2025-12-01,Open Auction - BFM,Beeswax,—,Beeswax UR Improvement Tier 2 (Mid UR),,9219.92
2025-12-01,Open Auction - BFM,Bidswitch,—,Bidswitch - APP Display,,0.0
2025-12-01,Open Auction - BFM,Samsung DSP,—,Bidswitch - CTV - 1st Price (Bundle 151908),,0.73
2025-07-01,Select - BFM,TheTradeDesk,Media Culture,Court TV,Media11,1.86
2025-07-01,Select - BFM,Yahoo DSP,Camelot,0,"PMGCuratedCTV, PMGPub, PMGLGAds",0.0
2025-07-01,Open Auction - BFM,—,—,F0034477 EL SHOW DE LA F1 LUNES 20s FSP_1,,0.0
2025-09-01,Open Auction - BFM,Sharethrough,—,Sharethrough InApp Video (Open Auction),,3203.06
2025-11-01,Open Auction - BFM,Basis Technologies,—,Basis - CTV - oRTB - (US),,49310.62
2025-11-01,DSP Marketplace - BFM,JamLoop OpenRTB,—,JamLoop Deal - CTV - Fuse TV,187878729747,166.84
2025-09-01,DSP Marketplace - BFM,SimpliFi,—,Simpli.Fi Deal - CTV - Political Allowed (TEGNA),420531083816,132.78
2025-11-01,Open Auction - BFM,Knorex,—,Bidswitch - APP,,0.0
2025-08-01,DSP Marketplace - BFM,Basis Technologies,Beachfront Deal Curation,Basis Deal - CTV (P)-SPF,430109082311,9727.54
2025-08-01,DSP Marketplace - BFM,JamLoop OpenRTB,Beachfront Deal Curation,JamLoop Deal -  OLV - Yakima-Pasco-Rchlnd-Knnwck DMA,517332759399,0.0
2025-09-01,Open Auction - BFM,Cepia,—,Mighty Wheels September 2025 Dub01,,8.55
2025-12-01,Select - BFM,Xandr,IRIS,MNI - Business & Finance CTV_BFM,IRIS72,0.0
2025-07-01,Select - BFM,Quantcast,Infillion Demand,Pulte RON - Display 2,InfPulteRON2,0.0
2025-11-01,Open Auction - BFM,—,—,2510 - MGMPLUS - OCTOBER XCH - MGMP20330-09 - (MOVIES),,3.11
2026-07-01,DSP Marketplace - BFM,Octillion,BFM Internal,Octillion Deal - CTV - Cinedigm,379708306000,76.63
2026-07-01,Open Auction - BFM,SmartyAds,—,SmartyAds - CTV (Plex),,731.58
2026-07-01,DSP Marketplace - BFM,TheTradeDesk,BFM Internal,TTD Deal - In Market Subaru - CTV,551196808383,2422.03
2026-07-01,Open Auction - BFM,TheTradeDesk,—,TTD - CTV (Charter),,1513.76
2026-07-01,Open Auction - BFM,Yahoo DSP,—,Yahoo - CTV - Open Auction,,1111.24
2026-08-01,DSP Marketplace - BFM,Bidswitch,Beachfront Deal Curation,Seedtag NeuroX | Always-On | Parents & Caregivers - Connected TV,STNXCTV022,0.0
2025-10-01,DSP Marketplace - BFM,TheTradeDesk,Beachfront Deal Migration,TTD - CTV - Captify $15 Below,730946633654,7591.69
2025-11-01,Select - BFM,Viant,IRIS,IRIS.TV - Viant - College Basketball CTV_BFM,IRIS00309,1.26
2025-09-01,Select - BFM,Xandr,Quorum,Quorum Optimized > MSFT > High Index Zips - College & University Visitors - Banner,Quoru53,0.0
2025-12-01,DSP Marketplace - BFM,Epsilon (Conversant),Beachfront Deal Curation,Conversant Deal - CTV  - Paramount,136720822616,3317.23
2025-08-01,Open Auction - BFM,OnSpot Data,—,Bidswitch - Desktop - 1st Price (HB),,0.01
2025-08-01,Open Auction - BFM,Walmart,—,TTD - APP [Display],,2779.96
2025-12-01,Open Auction - BFM,SmartyAds,—,SmartyAds - Web (Taboola),,6.62
2025-07-01,DSP Marketplace - BFM,JamLoop OpenRTB,—,JamLoop Deal - CTV - A&amp;E - Efficient CPM,456808823983,803.63
2025-08-01,Select - BFM,Viant,IRIS,IRIS.TV - Viant - Thrivent Contextual CTV_BFM,IRIS00321,3.0
2025-12-01,Open Auction - BFM,Bidswitch,—,Bidswitch - CTV - 1st Price,,0.03
2025-09-01,Open Auction - BFM,StackAdapt,—,StackAdapt - APP - Open Auction,,199.81
2025-12-01,Open Auction - BFM,AdElement,—,Bidswitch - MW [Display],,84.75
2025-10-01,Open Auction - BFM,Madopi,—,Bidswitch - Desktop - 1st Price (HB),,0.0
2025-10-01,Open Auction - BFM,Quantcast,—,Bidswitch - Desktop [Display],,0.08
2025-10-01,Select - BFM,Xandr,Quorum,Quorum Optimized > MSFT > High Index Zips - Carl's Jr Visitors - CTV,Quoru90,0.46
2025-08-01,DSP Marketplace - BFM,StackAdapt,—,StackAdapt Deal - CTV (AMC Networks Only),266007710126,38.97
2025-10-01,DSP Marketplace - BFM,Basis Technologies,Beachfront Deal Curation,Basis Deal - CTV - Skechers 2025 - Work - Pop Culture,240565149913,0.0
2025-09-01,Select - BFM,DV360,MultiLocal,T9_mlm_TA_CA_CT_CTV_BF_MLMBRID4972,Multi25,322.24
2025-09-01,DSP Marketplace - BFM,SimpliFi,—,Simplifi Deal - Fubo CTV (Sports),514795661260,0.67
2025-12-01,Select - BFM,AdElement,Quorum,Quorum > Hanukkah Shoppers > Physical Visitors,Quoru197,0.0
2025-09-01,DSP Marketplace - BFM,—,Beachfront Deal Curation,0,"Beach110, 925896302547, 513073226453",0.0
2026-07-01,Select - BFM,TheTradeDesk,Strategus,Strategus Deal - CTV - Non-political inventory,Strat30,0.25
2026-08-01,Open Auction - BFM,Knorex,—,Bidswitch - CTV (Charter),,0.34
2025-11-01,DSP Marketplace - BFM,StackAdapt,Beachfront Deal Curation,StackAdapt_Standard Inventory Packages_Beachfront_2025_Sports (General),Beach157,567.38
2025-09-01,Select - BFM,Viant,Audigent,Audigent & Beachfront - AUD-066527 - Optimum Media - Multiple Brands - CTV ContextualPMP - Golf US - ctv,Audig1793,0.0
2025-07-01,DSP Marketplace - BFM,Viant,Beachfront Deal Curation,Viant Deal - CTV - Innovid (Montana),544155661434,0.23
2025-08-01,Select - BFM,Viant,IRIS,Viant - Sonnys BBQ - Emotional CTV_BFM,IRIS00352,216.98
2025-08-01,DSP Marketplace - BFM,Yahoo DSP,Beachfront Deal Migration,Yahoo Deal - CTV - Politics Allowed,BFM017,171.69
2025-10-01,Open Auction - BFM,DV360,—,Bidswitch - Seedtag,,5286.97
2025-07-01,Select - BFM,Xandr,Quorum,Quorum Optimized > MSFT > High Index Zips - Wingstop Visitors - Banner,Quoru79,0.0
2025-07-01,Open Auction - BFM,Seedtag,—,Seedtag - Open Auction-  Ads.txt Updated CTV Supply  ,,1405.73
2025-09-01,Select - BFM,TheTradeDesk,Strategus,Strategus Deal - CTV - Non-political inventory,Strat30,27.98
2025-08-01,DSP Marketplace - BFM,Bidswitch,—,Deal Library - CTV - Politics Allowed - Super Tuesday,BFM085,0.0
2025-09-01,DSP Marketplace - BFM,4INFO,—,Cadent_FYI_PMP_Test,881880997224,0.0
2025-12-01,DSP Marketplace - BFM,Yahoo DSP,Beachfront Deal Curation,Yahoo - OLV - Live Sports Deal - Digital Remedy,672530948112,0.0
2025-10-01,Select - BFM,Beeswax,Simulmedia,PlayerWON-Ribeye-GFN-FY25,PlayerWONRibeyeGFNFY25,0.0
2025-08-01,DSP Marketplace - BFM,Basis Technologies,—,Basis Deal - CTV Genre - Sports,BFM021,251.64
2025-08-01,DSP Marketplace - BFM,Basis Technologies,—,Basis Deal - Network CTV (EW Scripps),BFMNET009,56.73
2025-08-01,DSP Marketplace - BFM,Epsilon (Conversant),Beachfront Deal Curation,Conversant Cannabis Category Targeting - Video/CTV,Beach111,2229.94
2025-09-01,Open Auction - BFM,OnSpot Data,—,Bidswitch - MW - 1st Price (HB),,0.0
2025-09-01,Open Auction - BFM,Cepia,—,Mighty Wheels September 2025 Dub02,,6.05
2025-07-01,Select - BFM,StackAdapt,Audigent,Audigent & Beachfront - AUD-066596 - PMG - Experian - CTV SmartPMP - Aggregated FICO Score 640 or more u2013 Equifax US - ctv,Audig1802,2171.2
2025-08-01,DSP Marketplace - BFM,Viant,—,Viant Deal - CTV (Minority / Woman Owned),BFM027,0.1
2026-08-01,DSP Marketplace - BFM,Beeswax,BFM Internal,Beeswax Deal - VideoAmp - CTV - Always On (Efficiency Monitoring),112854873831,67.9
2025-09-01,DSP Marketplace - BFM,DeepIntent,Beachfront Deal Curation,DeepIntent - OLV - High CTR,603676934637,4.76
2025-09-01,Open Auction - BFM,GroundTruth,—,0,,0.0
2025-12-01,DSP Marketplace - BFM,DeepIntent,Beachfront Deal Curation,DeepIntent  deal - CTV - 30s RON,322442866061,15411.09
2025-07-01,Open Auction - BFM,Infillion,—,Bidswitch - CTV - 1st Price,,2022.58
2026-07-01,Open Auction - BFM,Infillion,—,Bidswitch - APP,,0.82
2026-07-01,Open Auction - BFM,DBM,—,SEEDTAG (DON'T USE),,1530.02
2025-07-01,Open Auction - BFM,GroundTruth,—,GroundTruth Video CTV,,8609.33
2025-08-01,Select - BFM,Viant,Sightly,MyFitnessPal,Sight18,0.0
2025-07-01,Select - BFM,Xandr,Quorum,Quorum Optimized > MSFT > High Index Zips - Papa John's Visitors - Banner,Quoru101,0.0
2025-07-01,Select - BFM,Xandr,Quorum,Quorum Optimized > MSFT > High Index Zips - Starbucks Visitors - Banner,Quoru65,0.0
2025-10-01,Open Auction - BFM,Viant,—,Viant - Desktop [Display],,183.02
2025-09-01,Open Auction - BFM,SmartyAds,—,SmartyAds - CTV (Vizio),,22.49
2025-11-01,Select - BFM,JamLoop OpenRTB,TEGNA,Jamloop - AO - News - CTV - TEGNASOURCED 081221,TEGNA1,1171.32
2025-09-01,DSP Marketplace - BFM,Viant,—,Viant Deal - CTV (Direct Fixed $8),389866043594,10831.23
2025-08-01,DSP Marketplace - BFM,Beeswax,Beachfront Deal Curation,MLB - CTV - Contextual - Tentpole Deal - VideoAmp,Beach150,0.72
2025-10-01,Open Auction - BFM,AdIngenious,—,Bidswitch - APP Display,,0.0
2025-07-01,Open Auction - BFM,Inspiritum,—,Bidswitch -RTB- Getintent-Whitelist- Web Display,,0.0
2025-12-01,Open Auction - BFM,—,—,F0022311 UFC MARCA GENÉRICA 2025-1 30,,0.0
2025-08-01,Open Auction - BFM,Adtheorent,—,0,,0.0
2025-12-01,Open Auction - BFM,—,—,Krush Media Web Video,,0.0
2025-10-01,Select - BFM,Yahoo DSP,Camelot,0,PMGPub,0.0
2025-09-01,Open Auction - BFM,Media Pulse,—,Rogers iCTV,,0.0
2025-07-01,DSP Marketplace - BFM,TheTradeDesk,—,TTD Deal - Comcast Playworks,991133437221,1219.26
2025-07-01,Open Auction - BFM,IPONWEB BidCore,—,Bidswitch - Desktop - 1st Price (HB),,0.04
2025-12-01,Open Auction - BFM,OnSpot Data,—,Bidswitch - APP Display,,0.15
2025-09-01,DSP Marketplace - BFM,4INFO,—,4INFO Deal - CTV - T1 Indirect - (OWN),489912743465,0.0
2025-09-01,Open Auction - BFM,Epsilon (Conversant),—,Conversant Newsy  CTV (204775),,2.32
2025-09-01,DSP Marketplace - BFM,SimpliFi,Beachfront Deal Curation,Simpli.Fi Deal - CTV - FrndlyTV,687464994224,1.94
2025-08-01,Open Auction - BFM,StackAdapt,—,StackAdapt - Desktop - Open Auction,,813.11
2025-11-01,DSP Marketplace - BFM,Beeswax,—,Beeswax Deal - CTV - Sensitive (Non-Cannabis),343539490451,750.98
2025-12-01,Select - BFM,AdElement,Quorum,Quorum > Christmas Shoppers > Physical Visitors,Quoru192,0.0
2025-12-01,Select - BFM,AdElement,Quorum,Quorum > Holiday Shoppers > Physical Visitors,Quoru198,0.0
2025-07-01,Open Auction - BFM,4INFO,—,Cadent_Popcornflix_PMP,,0.0
2025-08-01,Open Auction - BFM,Walmart,—,TTD - APP - 1st Price,,0.02
2026-07-01,Open Auction - BFM,Walmart,—,TTD - CTV - oRTB (Canada),,0.24
2026-07-01,Open Auction - BFM,Walmart,—,TTD - MW [Display],,19.09
2026-07-01,Select - BFM,TheTradeDesk,IRIS,IRIS.TV - Quantum11 - Potbelly Sentiment CTV_BFM,IRIS00283,0.0
2026-07-01,DSP Marketplace - BFM,Viant,—,Viant - Linear (Mens),345101986269,408.0
2025-09-01,DSP Marketplace - BFM,JamLoop OpenRTB,Beachfront Deal Curation,JamLoop Deal - CTV - Live Soccer,789899425708,0.0
2025-11-01,DSP Marketplace - BFM,Octillion,Beachfront Deal Migration,Octillion Deal - CTV - WeatherGroup,370043533271,829.0
2025-08-01,DSP Marketplace - BFM,SimpliFi,—,Simplifi Deal - CTV - All Supply w/ Network Data,263082243873,2.84
2025-09-01,Open Auction - BFM,TheTradeDesk,—,TTD - Desktop - 1st Price (HB),,10137.01
2025-07-01,Open Auction - BFM,LoopMe,—,LoopMe DSP Lottery Campaign copy (deal mimic),,3107.92
2025-09-01,DSP Marketplace - BFM,4INFO,—,4INFO Deal - CTV - T1 Indirect - (LIFE),092881120752,0.02
2025-08-01,Open Auction - BFM,StackAdapt,—,StackAdapt - CTV - Open Auction,,54898.48
2025-07-01,Open Auction - BFM,DV360,—,Bidswitch - Seedtag,,16293.95
2025-08-01,Select - BFM,—,Camelot,0,PMGPub,0.0
2025-07-01,Open Auction - BFM,Xandr,—,0,,0.0
2025-08-01,Select - BFM,—,IRIS,IRIS.TV - Tripadvisor CTV_BFM,,0.0
2026-07-01,Open Auction - BFM,Knorex,—,Bidswitch - CTV (Charter),,4.41
2026-07-01,DSP Marketplace - BFM,GroundTruth,BFM Internal,GroundTruth Deal - CTV Univision Philo - 90% VCR,480630561397,342.79
2026-07-01,DSP Marketplace - BFM,Octillion,BFM Internal,Octillion Deal - CTV - A&E - Network Targeting,747279147159,0.0
2025-09-01,Select - BFM,Xandr,Quorum,Quorum Optimized > MSFT > High Index Zips - Mazda Dealership Visitors - CTV,Quoru132,0.58
2025-07-01,Open Auction - BFM,SimpliFi,—,SimpliFi - APP [Display],,5955.81
2025-08-01,DSP Marketplace - BFM,Yahoo DSP,Beachfront Deal Curation,Yahoo Deal - CTV - Invisibly CTV RON,467153424436,0.0
2025-11-01,Open Auction - BFM,Unruly,—,Unruly Web Display (Mobile Only),,0.0
2025-11-01,Open Auction - BFM,—,—,F0033691 FFC GENERICA SABADO 25 v3,,0.0
2025-07-01,Select - BFM,TheTradeDesk,AI Digital,AI Digital - C0018 - CTV - Live Spots - 032223 - Updated,1651574,8.0
2025-09-01,Select - BFM,SundaySky,Fize,SundaySky,fizesundaysky,7.27
2025-07-01,DSP Marketplace - BFM,Basis Technologies,Beachfront Deal Curation,Basis Deal - CTV - Skechers 2025 - Work - Pop Culture,240565149913,31082.76
2025-10-01,Open Auction - BFM,Stirista,—,Stirista - Open Auction - OLV (Web),,0.0
2025-08-01,DSP Marketplace - BFM,SimpliFi,BFM Internal,Simpli.Fi Deal - Vix (Network-Channel),527344445666,0.24
2025-08-01,Open Auction - BFM,Quantcast,—,Bidswitch - MW [Display],,0.33
2025-09-01,DSP Marketplace - BFM,SimpliFi,—,SimpliFi Deal - CTV (Newsy),546285791697,0.0
2025-07-01,Open Auction - BFM,SimpliFi,—,Simplifi Deal - App/Web (Small-Screen OTT UK),,0.0
2026-07-01,Open Auction - BFM,Amazon DSP,—,Bidswitch - Desktop - 1st Price (HB),,67.53
2026-08-01,Open Auction - BFM,Bidswitch,—,Bidswitch - MW - 1st Price (HB),,0.0
2026-08-01,DSP Marketplace - BFM,TheTradeDesk,BFM Internal,TTD Deal - In Market Subaru - CTV,551196808383,65.13
2025-10-01,Open Auction - BFM,Quantcast,—,Bidswitch - Desktop - 1st Price (HB),,10.14
2025-10-01,DSP Marketplace - BFM,Viant,—,Viant Deal - Desktop/MW (Video Spanish),347168599627,326.16
2025-12-01,Open Auction - BFM,SmartyAds,—,SmartyAds - Web [Display],,168.94
2025-09-01,Open Auction - BFM,Infillion,—,Bidswitch - APP,,10.35
2025-07-01,Select - BFM,Beeswax,Simulmedia,PlayerWON-Ribeye-GFN-FY25,PlayerWONRibeyeGFNFY25,0.0
2025-07-01,DSP Marketplace - BFM,Bidswitch,—,Deal Library - CTV - Women&#039;s History Month (Genre Targeting),BFM041,0.0
2025-12-01,DSP Marketplace - BFM,Viant,Beachfront Deal Migration,Viant Deal - OLV - CBS,714397033029,365.5
2025-11-01,DSP Marketplace - BFM,Basis Technologies,Beachfront Deal Migration,Basis Deal - Politics Allowed CTV,BFM017,1327.26
2025-12-01,Open Auction - BFM,Madopi,—,Bidswitch - APP,,0.0
2025-10-01,Select - BFM,StackAdapt,Audigent,Audigent & Beachfront - AUD-066596 - PMG - Experian - CTV SmartPMP - Aggregated FICO Score 640 or more u2013 Equifax US - ctv,Audig1802,0.0
2025-11-01,Open Auction - BFM,DV360,—,Bidswitch - MW - 1st Price (HB),,382.45
2025-09-01,Select - BFM,TheTradeDesk,Strategus,Strategus Deal - CTV - $18 - $21.99,Strat34,0.0
2025-10-01,DSP Marketplace - BFM,Epsilon (Conversant),—,Conversant Deal - CTV - RON,255653458214,6815.22
2025-09-01,Select - BFM,Xandr,Quorum,Quorum Optimized > MSFT > High Index Zips - Domino's Visitors - CTV,Quoru72,0.08
2025-08-01,DSP Marketplace - BFM,TheTradeDesk,BFM Internal,TTD Deal - CTV - MiQ (LDA),234180798348,0.0
2026-07-01,Open Auction - BFM,Equative,—,Equative CTV Main,,8.94
2026-08-01,DSP Marketplace - BFM,Viant,—,Viant - Linear (Mens),345101986269,0.0
2025-08-01,DSP Marketplace - BFM,4INFO,—,Cadent_CBSN_PMP,961834498547,0.0
2025-09-01,DSP Marketplace - BFM,DeepIntent,Beachfront Deal Curation,DeepIntent deal - CTV - 90s RON,491527455613,15.23
2025-09-01,DSP Marketplace - BFM,SimpliFi,Beachfront Deal Curation,Simpli.Fi Deal - CTV - NBA,433152889987,0.0
2025-08-01,Select - BFM,Stirista,Audigent,Audigent & Beachfront - AUD-066529 - Optimum Media - Multiple Brands - CTV ContextualPMP - Basketball US - ctv,Audig1784,0.0
2025-07-01,DSP Marketplace - BFM,Bidswitch,—,Bidswitch Deal - CTV - Roku - MIQ - $12 Fixed RON,166324629003,0.0
2025-07-01,Open Auction - BFM,DV360,—,Bidswitch - CTV (AMC),,1.11
2025-07-01,Select - BFM,Stirista,Olympusat International,Stirista Miami CTV PMP,Olymp13,0.0
2025-11-01,Select - BFM,Bidswitch,IRIS,IRIS.TV - OMD - National Guard - Contextual CTV_BFM,IRIS00269,0.0
2025-07-01,Open Auction - BFM,Amobee,—,Amobee - CTV - 1st Price,,22664.46
2025-09-01,DSP Marketplace - BFM,4INFO,—,Cadent_TNT_PMP_Test,428409004783,0.0
2025-11-01,Select - BFM,Viant,Quorum,Quorum Optimized > Viant > High Index Zips - Dick's Sporting Goods Visitors - Banner,Quoru184,0.0
2025-10-01,Open Auction - BFM,Stirista,—,Stirista - APP [Display],,3.15
2025-09-01,DSP Marketplace - BFM,GroundTruth,Beachfront Deal Curation,GroundTruth Deal - Desktop Web - Always On - Video,Beach189,0.0
2025-09-01,Open Auction - BFM,Epsilon (Conversant),—,0,255653458214,0.0
2025-12-01,Select - BFM,Quantcast,Quorum,Quorum > Wholesale Shoppers > Physical Visitors,Quoru220,0.0
2026-07-01,DSP Marketplace - BFM,Bidswitch,Beachfront Deal Curation,Seedtag NeuroX | Always-On | New & Expecting Parents - Connected TV,STNXCTV005,0.0
2026-07-01,DSP Marketplace - BFM,Bidswitch,Beachfront Deal Curation,Seedtag NeuroX | Always-On | Small Business Entrepreneurs - Connected TV,STNXCTV009,0.0
2026-07-01,DSP Marketplace - BFM,SmartyAds,Beachfront Deal Curation,SmartyAds - Sport Racing - 2026 Deal,Beach256,3.7
2026-08-01,Select - BFM,Beeswax,Simulmedia,PlayerWON-Ribeye-FY25,PlayerWONRibeyeFY25,0.0
2026-08-01,DSP Marketplace - BFM,DeepIntent,Beachfront Deal Curation,DeepIntent - OLV - High CTR,603676934637,0.0
2025-08-01,DSP Marketplace - BFM,Samsung DSP,Beachfront Deal Curation,SamsungAds Efficiency Line,314668390400,59.68
2025-11-01,Open Auction - BFM,Adtelligent,—,Adtelligent - CTV - A+E Networks $15,,13683.89
2025-12-01,DSP Marketplace - BFM,MadHive,BFM Internal,MadHive - CTV - Fox Television Stations Bundle Override,831874983072,10795.95
2025-09-01,DSP Marketplace - BFM,GroundTruth,—,GroundTruth Deal - CTV - 90% VCR,480630561397,2953.83
2025-07-01,DSP Marketplace - BFM,SimpliFi,BFM Internal,Simpli.Fi Deal - CTV - Fox Television Stations,982803901767,421.15
2025-07-01,Open Auction - BFM,LoopMe,—,0,,0.0
2025-07-01,Open Auction - BFM,Stirista,—,Stirista - Open Auction - OLV (Web),,0.01
2025-12-01,Open Auction - BFM,GlewedTV,—,Glewed.tv - Indirect Programmatic - $15,,0.0
2025-08-01,DSP Marketplace - BFM,TheTradeDesk,—,TTD Deal - Bully Pulpit - Selected CTV,941795873183,14.29
2025-11-01,Select - BFM,Viant,Viant,the first,TheFirstTV,0.0
2025-10-01,Open Auction - BFM,Quantcast,—,Bidswitch - MW - 1st Price (HB),,0.84
2025-09-01,Select - BFM,Xandr,Quorum,Quorum Optimized > MSFT > High Index Zips - Taco Bell Visitors - Banner,Quoru69,0.0
2025-11-01,Open Auction - BFM,—,—,Ad Theorent - Desktop/MW - 1st Price,,0.0
2025-11-01,DSP Marketplace - BFM,Basis Technologies,—,Basis Deal - RON CTV (Mattress Data),902380401218,0.0
2026-07-01,DSP Marketplace - BFM,Bidswitch,Beachfront Deal Curation,Seedtag NeuroX | Always-On | Beauty & Cosmetics Enthusiasts - Connected TV,STNXCTV001,0.0
2026-08-01,DSP Marketplace - BFM,Bidswitch,Beachfront Deal Curation,Seedtag NeuroX | Always-On | Beauty & Cosmetics Enthusiasts - Connected TV,STNXCTV001,0.0
2026-08-01,DSP Marketplace - BFM,Bidswitch,Beachfront Deal Curation,Seedtag NeuroX | Always-On | Sports Fans - Connected TV,STNXCTV033,0.0
2025-12-01,Open Auction - BFM,Yahoo DSP,—,Yahoo - In-App,,15597.06
2025-12-01,Open Auction - BFM,—,—,0,255653458214,323.96
2025-10-01,Open Auction - BFM,TheTradeDesk,—,TTD - APP - 1st Price,,90.08
2025-12-01,DSP Marketplace - BFM,Viant,—,Viant - Linear (Sports),598949723631,216.0
2025-08-01,Open Auction - BFM,—,—,LEAP McDonalds (2026),,2.95
2025-09-01,Open Auction - BFM,SmartyAds,—,SmartyAds - (Seedtag),,362.59
2025-09-01,DSP Marketplace - BFM,StackAdapt,—,StackAdapt Deal - CTV (News Genre-Targeted),564909187691,12.35
2025-09-01,DSP Marketplace - BFM,TheTradeDesk,Beachfront Deal Curation,TTD Deal - CTV - Curated by Seedtag - Foodies (Test),682007295619,0.0
2025-08-01,DSP Marketplace - BFM,Basis Technologies,Beachfront Deal Curation,Basis Deal - CTV - Skechers 2025 - Men 45+ - Entertainment,242487362196,2018.24
2025-08-01,DSP Marketplace - BFM,Basis Technologies,—,Basis Deal - Fubo CTV (Sports),BFM061,9.18
2025-07-01,DSP Marketplace - BFM,SimpliFi,Beachfront Deal Curation,SimpliFi Deal - Newsy - CTV,984160496885,6.56
2025-07-01,Select - BFM,Xandr,Quorum,Quorum Optimized > MSFT > High Index Zips - Jamba Juice Visitors - Banner,Quoru99,0.0
2025-07-01,Open Auction - BFM,TheTradeDesk,—,TTD - APP - 1st Price,,2.81
2025-11-01,Open Auction - BFM,Zeta DSP,—,Bidswitch - CTV - 1st Price (Bundle 151908),,50.62
2025-07-01,DSP Marketplace - BFM,Amobee,—,Amobee Deal - CTV (Politics Allowed),BFM017,0.0
2025-10-01,Select - BFM,Viant,Quorum,Quorum Optimized > Viant > High Index Zips - Shopping Mall Visitors - Banner,Quoru182,4.57
2025-10-01,Select - BFM,Xandr,Quorum,Quorum Optimized > MSFT > High Index Zips - Taco Bell Visitors - CTV,Quoru70,0.0
2025-10-01,Select - BFM,Stirista,Olympusat International,Stirista Miami CTV PMP,Olymp13,0.0
2025-11-01,Open Auction - BFM,—,—,1PlayWorks test,,0.02
2025-09-01,Open Auction - BFM,Samsung DSP,—,Bidswitch - Desktop [Display],,0.0
2025-12-01,DSP Marketplace - BFM,Epsilon (Conversant),—,Conversant Deal - InApp - RON,116367070037,206.63
2025-12-01,DSP Marketplace - BFM,Epsilon (Conversant),Beachfront Deal Curation,Conversant Firearms Category Targeting - Video/CTV,Beach114,34.58
2025-11-01,Select - BFM,AdElement,Quorum,Quorum > Pet Lovers > Physical Visitors,Quoru230,0.0
2025-07-01,DSP Marketplace - BFM,Viant,—,Glewed TV &amp; Adelphic - Always on RON - Beachfront CTV PMP,653988017159,0.31
2025-07-01,Open Auction - BFM,—,—,SimpliFi - Web (1st Price),,0.0
2025-07-01,Select - BFM,DV360,IRIS,IRIS.TV - OMD - National Guard - Contextual CTV_BFM,IRIS00269,1.65
2025-09-01,Open Auction - BFM,Cepia,—,Mighty Wheels August 2025,,0.36
2026-07-01,Select - BFM,Basis Technologies,AI Digital,LucidX - Beachfront - C0167 - South Shore Bank - CTV - Finance - 103024,AIDig148,0.0
2026-07-01,DSP Marketplace - BFM,Beeswax,BFM Internal,Beeswax Deal - VideoAmp - CTV - Always On (Efficiency Monitoring),112854873831,978.91
2026-08-01,Open Auction - BFM,StackAdapt,—,StackAdapt - APP - Open Auction,,1.46
2026-08-01,DSP Marketplace - BFM,Viant,Beachfront Deal Curation,Viant - Whoop AUS - Competitive Athletes Audience - CTV Deal,Beach226,0.18
2025-11-01,Open Auction - BFM,OnSpot Data,—,Bidswitch - Seedtag,,0.99
2025-08-01,Open Auction - BFM,AdElement,—,Bidswitch - APP Display,,0.0
2025-08-01,Open Auction - BFM,Bidswitch,—,Bidswitch - Desktop - 1st Price (HB),,0.0
2025-12-01,DSP Marketplace - BFM,StackAdapt,Beachfront Deal Migration,StackAdapt Deal - CTV - Efficiency Monitoring,443119806437,249.02
2025-09-01,DSP Marketplace - BFM,JamLoop OpenRTB,BFM Internal,Jamloop Deal - CTV - Syncbak - Local News Adjust,137695710557,0.03
2025-11-01,Open Auction - BFM,Adtheorent,—,Ad Theorent - APP [Display],,170.94
2025-07-01,Open Auction - BFM,Viant,—,Viant - Desktop [Display],,643.44
2025-11-01,Open Auction - BFM,Zeta DSP,—,Bidswitch - CTV - 1st Price,,32661.15
2025-10-01,DSP Marketplace - BFM,Beeswax,—,Beeswax Deal - CTV - Anoki - RON - $12,996138804224,4972.73
2025-09-01,Open Auction - BFM,OnSpot Data,—,Bidswitch - Desktop [Display],,4.35
2025-09-01,Select - BFM,Xandr,Quorum,Quorum Optimized > MSFT > High Index Zips - KFC Visitors - Banner,Quoru63,0.0
2025-07-01,Open Auction - BFM,Viant,—,Viant Deal - Desktop/MW (OLV Political - Center Leaning),,0.0
2025-11-01,DSP Marketplace - BFM,IQM,—,IQM Deal - CTV - ComScore Viewership - Politics Allowed (Deal Library),BFM068,0.0
2025-09-01,DSP Marketplace - BFM,TheTradeDesk,Beachfront Deal Migration,0,747415045888,0.0
2026-07-01,Open Auction - BFM,Amazon DSP,—,Bidswitch - MW - 1st Price (HB),,0.41
2026-07-01,DSP Marketplace - BFM,StackAdapt,Beachfront Deal Curation,StackAdapt_Standard Inventory Packages_Beachfront_2025_Food,Beach165,0.11
2026-08-01,Open Auction - BFM,Sharethrough,—,Sharethrough InApp Video (Open Auction),,883.34
2025-11-01,DSP Marketplace - BFM,Viant,Beachfront Deal Curation,Viant Deal - CTV - Walter County Tourism (Channels/Networks),196835969212,1452.4
2025-10-01,DSP Marketplace - BFM,Amobee,—,Amobee Deal - CTV (Politics Allowed),BFM017,0.0
2025-10-01,DSP Marketplace - BFM,JamLoop OpenRTB,—,JamLoop Deal - CTV OLV - All Spanish / Hispanic,048375798890,842.05
2025-08-01,DSP Marketplace - BFM,Bidswitch,Beachfront Deal Curation,Bidswitch Deal - Zeta - CTV - RON (Curation Seat),447383266136,0.0
2025-08-01,DSP Marketplace - BFM,JamLoop OpenRTB,—,JamLoop Deal - CTV - Fubo - Efficient CPM,302473738758,83.47
2025-11-01,Open Auction - BFM,Walmart,—,TTD - APP,,67.94
2025-09-01,Open Auction - BFM,Amazon DSP,—,Bidswitch - Desktop [Display],,0.1
2025-07-01,Select - BFM,Viant,Audigent,Audigent & Beachfront - AUD-066527 - Optimum Media - Multiple Brands - CTV ContextualPMP - Football US - ctv,Audig1799,0.06
2025-08-01,DSP Marketplace - BFM,4INFO,—,Cadent_Popcornflix_PMP,009663473308,0.0
2025-08-01,Open Auction - BFM,Viant,—,Viant - CTV - 1st Price,,304498.13
2025-08-01,Open Auction - BFM,Viant,—,Viant - MW,,26313.74
2025-07-01,DSP Marketplace - BFM,Beeswax,—,Beeswax Deal - CTV - Anoki - RON - $12,996138804224,18242.79
2025-07-01,DSP Marketplace - BFM,4INFO,—,Cadent_Nat Geo_PMP,862521297109,0.0
2025-11-01,Open Auction - BFM,DeepIntent,—,DeepIntent Web/InApp Display,,11.46
2025-07-01,Select - BFM,TheTradeDesk,Strategus,TTD Deal - Strategus - Web/App Display - $1-$1.99,Strat62,38.17
2025-07-01,DSP Marketplace - BFM,Viant,—,Viant Deal - CTV - Hearst News,561461569397,1327.79
2025-11-01,Select - BFM,Quantcast,Quorum,Quorum > Thanksgiving Shoppers > Physical Visitors,Quoru201,0.0
2025-08-01,Select - BFM,TheTradeDesk,Strategus,TTD - Strategus - CTV - $12 and Below,STRAT002,24816.38
2025-11-01,Open Auction - BFM,—,—,2510 - MGMPLUS - OCTOBER XCH - MGMP20330-09 - (SERIES),,2.48
2025-07-01,Select - BFM,TheTradeDesk,Media Culture,0,Media14,0.0
2025-07-01,Select - BFM,StackAdapt,Audigent,0,"Audig1803, Audig1802",0.0
2026-07-01,DSP Marketplace - BFM,GroundTruth,Beachfront Deal Curation,GroundTruth Deal - Mobile App - Always On - Display,Beach192,15.54
2026-07-01,DSP Marketplace - BFM,Octillion,BFM Internal,Octillion Deal - CTV - A+E,747279147159,11.93
2026-08-01,DSP Marketplace - BFM,Bidswitch,Beachfront Deal Curation,Seedtag NeuroX | Always-On | Health Coverage Seekers - Connected TV,STNXCTV024,0.0
2026-08-01,Open Auction - BFM,IQM,—,IQM - CTV - Open Auction,,4.27
2025-10-01,Open Auction - BFM,Adtheorent,—,Ad Theorent - Desktop Video (LQPS Audit),,16.83
2025-12-01,Open Auction - BFM,Krush Media,—,Krush Media Video - CTV Direct (700),,249.32
2025-12-01,Select - BFM,Yahoo DSP,Camelot,PMG - LG Ads,PMGLGAds,117797.14
2025-10-01,DSP Marketplace - BFM,SimpliFi,Beachfront Deal Curation,SimpliFi Deal - CTV - Tubi (Obfuscation),614966276968,1842.36
2025-12-01,Open Auction - BFM,SmartyAds,—,SmartyAds - CTV (1st Price),,1028.43
2025-08-01,DSP Marketplace - BFM,Octillion,BFM Internal,Octillion Deal - CTV - HGTV - Network Adjust,747279147158,373.58
2025-08-01,DSP Marketplace - BFM,SimpliFi,—,Simplifi Deal - App/Web (Cannabis) [Display],403635039516,0.0
2025-08-01,Open Auction - BFM,Yahoo DSP,—,Yahoo - CTV - Open Auction,,7694.53
2025-08-01,Open Auction - BFM,Yahoo DSP,—,Yahoo - Desktop MW - Open Auction,,787.89
2025-08-01,Open Auction - BFM,—,—,TruOptik CTV Pixel (JamLoop),,0.0
2025-07-01,DSP Marketplace - BFM,Zeta DSP,—,Bidswitch Deal - Zeta - CTV - $9 Fixed (Spanish Language),"021402842725, 21402842725",0.02
2025-07-01,Open Auction - BFM,Quantcast,—,Bidswitch - Desktop [Display],,4.56
2025-11-01,Open Auction - BFM,Epsilon (Conversant),—,Conversant - CTV - Open Auction (Charter),,274.84
2025-12-01,DSP Marketplace - BFM,Beeswax,Beachfront Deal Curation,"Datafy - Entertainment, Video-Level Contextual - Q4",Datafy2255792809,7996.81
2025-11-01,Select - BFM,Viant,Sightly,Goldbelly,Sight21,0.0
2025-07-01,DSP Marketplace - BFM,StackAdapt,—,StackAdapt Deal - CTV - A&E (Pub Only),679382125032,287.45
2025-09-01,DSP Marketplace - BFM,Zeta DSP,Beachfront Deal Curation,Bidswitch Deal - Zeta - CTV - Political (FP1),625581164304,0.7
2025-07-01,DSP Marketplace - BFM,—,Beachfront Deal Migration,TTD Deal - Competitive Conquest Subaru - CTV,,0.0
2026-07-01,Open Auction - BFM,OTT Advisors (Demand),—,OTT Advisors Deal - CTV - (Univision),,0.0
2025-10-01,Open Auction - BFM,Adform,—,Bidswitch - CTV - 1st Price,,0.02
2025-09-01,DSP Marketplace - BFM,—,Beachfront Deal Curation,Stirista Deal - DV - CTV RON,298578719382,0.0
2025-08-01,Select - BFM,Marketing Architects -RTB,TV One,Marketing Architects 2024,MarketingArchitectsTVOne2024,0.0
2025-09-01,Open Auction - BFM,—,—,Bidswitch - Desktop [Display],,0.0
2025-09-01,DSP Marketplace - BFM,—,—,Integration TEST DEAL,763643192544,0.0
2026-07-01,DSP Marketplace - BFM,Epsilon (Conversant),Beachfront Deal Curation,Conversant - Seedtag Q1 Tentpole - GroundHog Day - Contextual CTV,Beach211,7.48
2026-07-01,DSP Marketplace - BFM,Yahoo DSP,Beachfront Deal Curation,Yahoo - Seedtag Q1 Tentpole - Winter Olympics - Contextual CTV,Beach225,0.0
2025-11-01,Open Auction - BFM,Bidswitch,—,Bidswitch - Seedtag,,0.0
2025-10-01,Open Auction - BFM,SimpliFi,—,SimpliFi - APP [Display],,497.21
2025-10-01,DSP Marketplace - BFM,MadHive,BFM Internal,MadHive - CTV - Pluto Bundle Override (Price Targeted),MH32,0.0
2025-09-01,DSP Marketplace - BFM,StackAdapt,—,StackAdapt Deal - CTV - NBC (Network),394570428639,3019.11
2025-09-01,Open Auction - BFM,SmartyAds,—,SmartyAds - CTV (Paramount),,1775.42
2025-11-01,DSP Marketplace - BFM,Octillion,Beachfront Deal Migration,Octillion Deal - CTV - Fubo,747279147179,345.64
2025-12-01,Select - BFM,TheTradeDesk,Chief Media,TTD - Chief Media - CTV - Pub Targeted - Fox,1213870,54.77
2025-08-01,DSP Marketplace - BFM,Octillion,Beachfront Deal Migration,Octillion Deal - CTV - EW Scripps,976384276675,6703.09
2025-11-01,Open Auction - BFM,Amazon DSP,—,Bidswitch - APP 1st Price,,16.01
2025-11-01,Open Auction - BFM,IPONWEB BidCore,—,Bidswitch - CTV - 1st Price,,799.06
2025-07-01,DSP Marketplace - BFM,StackAdapt,Beachfront Deal Curation,StackAdapt Deal - CTV - Premium Pubs - Political,BFMSA003,1774.0
2025-09-01,Open Auction - BFM,TheTradeDesk,—,TTD - CTV (Charter),,578.1
2025-12-01,Select - BFM,Viant,Quorum,Quorum Optimized > Viant > High Index Zips - New & Used Automotive Dealer Visitors - CTV,Quoru45,0.0
2025-11-01,Select - BFM,TheTradeDesk,Quorum,Quorum - Sports Fans - Physical Visitors,Quoru227,0.0
2025-09-01,DSP Marketplace - BFM,Viant,Beachfront Deal Curation,Viant Deal - CTV - Oceania Cruises,179734962394,6.4
2025-12-01,Select - BFM,AdElement,Quorum,Quorum > Interior Designers > Physical Visitors,Quoru199,0.0
2026-07-01,Open Auction - BFM,Basis Technologies,—,Centro Display InApp,,678.65
2026-08-01,Open Auction - BFM,Basis Technologies,—,Centro Display InApp,,22.25
2026-08-01,Select - BFM,Basis Technologies,AI Digital,LucidX - Beachfront - C0167 - South Shore Bank - CTV - Finance - 103024,AIDig148,0.0
2026-08-01,DSP Marketplace - BFM,Viant,Beachfront Deal Curation,Viant Deal - CTV - Plex 1:1 Always On,772180040131,6.3
2025-07-01,Open Auction - BFM,Epsilon (Conversant),—,Conversant Future Today CTV (225474),,4.55
2025-08-01,DSP Marketplace - BFM,IQM,—,IQM Deal - CTV - Battle States - Pennsylvania PA - Politics Allowed (Deal Library),BFM070,0.35
2025-08-01,Open Auction - BFM,IQM,—,IQM - In-App Video - Open Auction,,1.71
2025-11-01,Select - BFM,Bidswitch,Quorum,Quorum > Auto Enthusiasts > Physical Visitors,Quoru190,0.0
2025-11-01,Select - BFM,DV360,Quorum,Quorum > Music Lovers > Physical Visitors,Quoru228,0.0
2025-08-01,Select - BFM,StackAdapt,IRIS,IRIS.TV - Scale Marketing - Insure On The Spot CTV_BFM,IRIS00356,0.0
2025-11-01,Open Auction - BFM,Marketperf,—,Bidswitch - MW [Display],,0.0
2025-09-01,Open Auction - BFM,IPONWEB BidCore,—,Bidswitch - MW [Display],,0.05
2025-09-01,DSP Marketplace - BFM,Bidswitch,—,Bidswitch Deal - Roku CTV Cross screen  ALWAYS ON,742147321491,0.0
2025-08-01,DSP Marketplace - BFM,SimpliFi,Beachfront Deal Curation,Simplifi Deal - OLV (Cannabis),403635039517,0.0
2025-08-01,DSP Marketplace - BFM,Stirista,Beachfront Deal Curation,Stirista Deal - DV - CTV RON,298578719382,5294.3
2025-08-01,Open Auction - BFM,Bidswitch,—,Bidswitch - STB VOD,,0.0
2025-10-01,Open Auction - BFM,Infillion,—,Bidswitch - CTV - 1st Price,,4072.38
2025-12-01,DSP Marketplace - BFM,TheTradeDesk,—,TTD Deal - CTV - The Moran Group RON,557817962362,288.16
2025-08-01,DSP Marketplace - BFM,Xandr,BFM Internal,Xandr Deal - CTV - MiQ (LDA),412577962377,169.98
2025-07-01,Open Auction - BFM,IQM,—,IQM - Web Video - Open Auction,,38.91
2025-09-01,DSP Marketplace - BFM,TheTradeDesk,—,TTD Deal - CTV (Division D Fixed $10),992432077711,1.17
2026-07-01,Open Auction - BFM,IPONWEB BidCore,—,Bidswitch - MW [Display],,0.0
2025-07-01,Select - BFM,TheTradeDesk,Aki,Aki Deal - CTV - At Home Workouts (Health and Wellness),Aki27,5.83
2025-07-01,Open Auction - BFM,Between Exchange,—,Bidswitch - CTV - 1st Price,,0.0
2025-11-01,DSP Marketplace - BFM,Epsilon (Conversant),Beachfront Deal Curation,Conversant Deal - CTV -  Political Moderates,897851890984,0.0
2026-08-01,Open Auction - BFM,OnSpot Data,—,Bidswitch - Desktop [Display],,0.04
2026-08-01,DSP Marketplace - BFM,Octillion,BFM Internal,Octillion Deal - CTV - Univision,370633388408,26.05
2025-10-01,DSP Marketplace - BFM,JamLoop OpenRTB,—,JamLoop Deal - CTV - A&amp;E - Efficient CPM,456808823983,2620.47
2025-10-01,Open Auction - BFM,SmartyAds,—,SmartyAds - App (1st Price),,177.38
2025-10-01,DSP Marketplace - BFM,TheTradeDesk,Beachfront Deal Migration,TTD Deal - CTV - MiQ Fubo,770425332965,3427.07
2025-11-01,DSP Marketplace - BFM,StackAdapt,Beachfront Deal Curation,StackAdapt_Standard Inventory Packages_Beachfront_2025_Home & Garden,Beach168,25.35
2025-12-01,DSP Marketplace - BFM,Basis Technologies,—,Basis Deal - Premium CTV,BFM012,2126.0
2025-07-01,DSP Marketplace - BFM,4INFO,—,Cadent_E!_PMP_Testv2,302139357846,0.0
2025-07-01,DSP Marketplace - BFM,4INFO,—,Cadent_MSNBC_PMP,765929493008,0.0
2025-08-01,DSP Marketplace - BFM,Basis Technologies,Beachfront Deal Curation,Basis Deal - OTT - Skechers 2025 - Women 45+ - Reality,767012029105,368.13
2025-10-01,Open Auction - BFM,Madopi,—,Bidswitch - MW - 1st Price (HB),,0.07
2025-10-01,DSP Marketplace - BFM,GroundTruth,Beachfront Deal Curation,GroundTruth Sensitive Category Deal - Nicotine - Desktop,Beach120,2.73
2025-09-01,Select - BFM,TheTradeDesk,Chief Media,TTD - Chief Media - CTV - Pub Targeting - Deal,778185575390,0.0
2025-07-01,Open Auction - BFM,Quantcast,—,Bidswitch - MW - 1st Price (HB),,0.1
2025-08-01,DSP Marketplace - BFM,4INFO,—,Cadent_AMC_PMP,171509222968,0.0
2025-11-01,Open Auction - BFM,—,—,VTV VERTA  Dummy Ad_New Test,,0.0
2025-07-01,Select - BFM,Bidswitch,QRate,QrateUS_Guatemala_CTV,QRate20,0.0
2025-09-01,DSP Marketplace - BFM,StackAdapt,—,StackAdapt Deal - CTV (Sports),884791415032,1.79
2025-10-01,Open Auction - BFM,—,—,F0040401 NFL COMBO FS1 COWB VS JETS + LIONS VS BENG DOMINGO 30_1,,0.0
2025-08-01,Open Auction - BFM,—,—,TTD - APP [Display],,0.0
2025-10-01,Open Auction - BFM,—,—,F0041083 NFL WEEK 7 FS COMBO EAGLES VS VIKINGS + PACKERS VS CARDINALS DOMINGO 30,,0.0
2025-11-01,Select - BFM,AdElement,Infillion Demand,Pulte RON - Display 2,InfPulteRON2,0.0
2026-07-01,DSP Marketplace - BFM,DeepIntent,Beachfront Deal Curation,DeepIntent - OLV - High CTR,603676934637,0.37
2026-07-01,Open Auction - BFM,Yahoo DSP,—,Verizon - CTV (Charter),,31.58
2026-08-01,Open Auction - BFM,Bidswitch,—,Bidswitch - Desktop [Display],,0.0
2025-10-01,DSP Marketplace - BFM,TheTradeDesk,Beachfront Deal Curation,Strategus - Food & Drink Contextual Deal - $17 CPM,Strat3548981493,0.0
2025-10-01,DSP Marketplace - BFM,TheTradeDesk,—,TTD Deal - CTV - Seedtag Priority Pubs,122056032436,6173.04
2025-11-01,Open Auction - BFM,DV360,—,Bidswitch - Desktop [Display],,1.2
2025-07-01,DSP Marketplace - BFM,Basis Technologies,Beachfront Deal Curation,Basis Deal - Political Allowed CTV - Swing States (Penn),379104419043,0.03
2025-08-01,DSP Marketplace - BFM,JamLoop OpenRTB,BFM Internal,Jamloop Deal - CTV - Frndly - MeTV - Adjust,205969889099,0.5
2025-09-01,DSP Marketplace - BFM,Viant,Beachfront Deal Curation,Viant Deal - CTV - Plex 1:1 Always On,772180040131,22.33
2025-07-01,DSP Marketplace - BFM,Bidswitch,—,BidSwitch Deal - CTV (Future Samsung Ads),630735620159,0.0
2025-08-01,Select - BFM,Bidswitch,Infillion Demand,Pulte RON - Display 2,InfPulteRON2,0.0
2025-12-01,Open Auction - BFM,—,—,F0034009 AEW SHOW 2025-1 LUNES 30’,,0.0
2025-12-01,Open Auction - BFM,—,—,QA 15 June iphone Goal Test,,0.0
2025-08-01,DSP Marketplace - BFM,StackAdapt,Beachfront Deal Migration,StackAdapt Deal - OTT - App/Web Small-Screen,144324152531,3094.57
2026-07-01,Open Auction - BFM,Samsung DSP,—,Bidswitch - Desktop [Display],,0.0
2025-08-01,Open Auction - BFM,—,—,F0039360 NFL PRET BILLS VS BEARS DOMINGO 20seg,,0.0
2025-10-01,Select - BFM,Xandr,Quorum,Quorum Optimized > Viant > Nationwide Targeting - Banner,Quoru52,0.0
2025-12-01,Open Auction - BFM,—,—,Xandr CTV,,0.0
2025-07-01,Open Auction - BFM,—,—,F0033649 LATITUD 25_1 SABIAS QUE 30SEG,,0.0
2025-08-01,Select - BFM,Bidswitch,Infillion,Video POC,alexvideo1,0.0
2025-12-01,Open Auction - BFM,—,—,Bidswitch - CTV - 1st Price,,0.0
2025-10-01,Open Auction - BFM,Cepia,—,Mighty Wheels September 2025,,0.04
2026-08-01,DSP Marketplace - BFM,DV360,Beachfront Deal Curation,Seedtag NeuroX | Always-On | Eco-Conscious Homeowners - Connected TV,STNXCTV002,0.12
2026-08-01,DSP Marketplace - BFM,GroundTruth,Beachfront Deal Curation,GroundTruth Deal - Mobile App - Always On - Display,Beach192,0.09
2026-08-01,Open Auction - BFM,Walmart,—,TTD - MW [Display],,1.11
2026-08-01,Open Auction - BFM,Yahoo DSP,—,Verizon - CTV (Charter),,6.37
2025-10-01,Open Auction - BFM,StackAdapt,—,StackAdapt - CTV - Open Auction (Canada),,2960.48
2025-09-01,DSP Marketplace - BFM,DeepIntent,Beachfront Deal Curation,DeepIntent - CTV - Sports (genre),461410362718,78.53
2025-12-01,DSP Marketplace - BFM,Basis Technologies,—,Basis Deal - CTV - All Supply w/ Network Data,BFM037,58.62
2025-07-01,Open Auction - BFM,Adtheorent,—,Ad Theorent - Desktop/MW - 1st Price,,3337.22
2025-08-01,Open Auction - BFM,DV360,—,Bidswitch - CTV - 1st Price (Bundle 151908),,72.06
2025-07-01,Open Auction - BFM,Infillion,—,Bidswitch - APP Display,,0.37
2025-08-01,DSP Marketplace - BFM,Basis Technologies,Beachfront Deal Curation,Basis Deal - OTT - Skechers 2025 - Women 45+ - Entertainment,132775440867,79.72
2025-11-01,DSP Marketplace - BFM,SimpliFi,—,Simplifi Deal - OTT,468896186068,0.0
2025-09-01,DSP Marketplace - BFM,Zeta DSP,Beachfront Deal Curation,Bidswitch Deal - Zeta - CTV - Live Sports (Planet Fitness),615250198509,3.45
2025-07-01,DSP Marketplace - BFM,Viant,—,Viant Deal - CTV - Travel,BFM056,26.08
2025-07-01,Select - BFM,Viant,Viant,GameShow,BFViantGameShow,147.97
2025-09-01,Open Auction - BFM,Walmart,—,TTD - MW [Display],,10.03
2025-12-01,Open Auction - BFM,OnSpot Data,—,Bidswitch - CTV - 1st Price (Bundle 151908),,13.59
2025-12-01,Open Auction - BFM,Bidswitch,—,Bidswitch - CTV - 1st Price (Bundle 151908),,0.0
2025-08-01,DSP Marketplace - BFM,StackAdapt,Beachfront Deal Curation,StackAdapt_Standard Inventory Packages_Beachfront_2025_[Allows Cannabis],Beach158,2.56
2025-08-01,Select - BFM,Xandr,Quorum,Quorum Optimized > MSFT > High Index Zips - Kia Dealership Visitors - Banner,Quoru127,0.0
2025-07-01,DSP Marketplace - BFM,JamLoop OpenRTB,—,JamLoop Deal - CTV OLV - All Spanish / Hispanic,"048375798890, 48375798890",3778.12
2025-07-01,DSP Marketplace - BFM,Octillion,Beachfront Deal Migration,Octillion Deal - CTV - Philo,747279147181,988.37
2025-11-01,DSP Marketplace - BFM,Beeswax,Beachfront Deal Curation,Sports Content  - CTV - Contextual - VideoAmp,Beach149,497.62
2025-11-01,Select - BFM,Xandr,Quorum,Quorum Optimized > MSFT > High Index Zips - Jamba Juice Visitors - CTV,Quoru100,0.21
2025-07-01,DSP Marketplace - BFM,IQM,—,IQM Deal - CTV - Battle States - Michigan MI - Politics Allowed (Deal Library),BFM072,0.0
2025-12-01,DSP Marketplace - BFM,TheTradeDesk,—,TTD Deal - Bully Pulpit - CTV (Political - Center Leaning),748305990,0.0
2025-12-01,DSP Marketplace - BFM,Yahoo DSP,Beachfront Deal Curation,Yahoo Deal - CTV - Zeta (Political),984632781291,2.33
2025-12-01,Open Auction - BFM,Aroscop,—,Bidswitch - APP Display,,0.0
2025-07-01,DSP Marketplace - BFM,MadHive,Beachfront Deal Curation,MadHive Deal - CTV RON,983264025678,886.86
2025-08-01,Open Auction - BFM,SimpliFi,—,0,,0.0
2025-08-01,Open Auction - BFM,SmartyAds,—,0,,0.0
2025-09-01,Open Auction - BFM,—,—,Marketing Architects - CTV 1st Price,,0.0
2025-08-01,DSP Marketplace - BFM,Stirista,Beachfront Deal Curation,0,298578719382,0.0
2025-09-01,Select - BFM,—,IRIS,IRIS.TV - Viant - Wyndham Contextual CTV_BFM,,0.0
2025-12-01,Open Auction - BFM,Marketing Architects -RTB,—,0,,0.0
2026-07-01,DSP Marketplace - BFM,Octillion,BFM Internal,Octillion Deal - CTV - Univision,370633388408,628.24
2026-07-01,Open Auction - BFM,SmartyAds,—,SmartyAds - CTV (Paramount),,16.51
2025-10-01,DSP Marketplace - BFM,TheTradeDesk,Beachfront Deal Curation,Strategus FAST-Only CTV Deal,Strat3113031663,0.0
2025-11-01,Open Auction - BFM,StackAdapt,—,StackAdapt - CTV - Open Auction - Efficiency Monitoring,,6501.88
2025-11-01,DSP Marketplace - BFM,Octillion,Beachfront Deal Curation,Octillion Deal - CTV - Fox Local TV,638579853073,12828.1
2025-09-01,DSP Marketplace - BFM,IQM,—,IQM Deal - CTV - Battle States - Wisconsin WI - Politics Allowed (Deal Library),BFM078,0.0
2025-09-01,Select - BFM,Viant,Audigent,Audigent & Beachfront - AUD-066527 - Optimum Media - Multiple Brands - CTV ContextualPMP - Spanish Language US - ctv,Audig1777,0.0
2025-09-01,Select - BFM,Xandr,Quorum,Quorum Optimized > MSFT > High Index Zips - Jaguar/Land Rover Dealership Visitors - CTV,Quoru126,0.03
2025-08-01,DSP Marketplace - BFM,GroundTruth,—,GroundTruth Deal - App - Display - 0.30% CTR,166547275315,43.16
2025-09-01,DSP Marketplace - BFM,Beeswax,—,Beeswax Deal - OLV - Cannabis Allowed,730046772236,0.0
2025-07-01,DSP Marketplace - BFM,TheTradeDesk,—,TTD Deal - CTV - Seedtag Priority Pubs,122056032436,33018.06
2025-10-01,Select - BFM,TheTradeDesk,IRIS,IRIS.TV - Q11 - Revitalash Contextual CTV_BFM,IRIS00327,45.66
2025-10-01,Select - BFM,Viant,Quorum,Quorum Optimized > Viant > High Index Zips - New & Used Automotive Dealer Visitors - Banner,Quoru44,0.0
2025-09-01,Select - BFM,TheTradeDesk,IRIS,IRIS.TV - Vayner - Shoppers Contextual CTV_BFM,IRIS00326,80.35
2025-07-01,DSP Marketplace - BFM,Bidswitch,—,T-Ads_CTV_Beachfront_Scripps_$17.50,518341036129,0.0
2025-08-01,Open Auction - BFM,TheTradeDesk,—,TTD - CTV (LG Ads Only),,5750.08
2025-08-01,Select - BFM,Xandr,Quorum,Quorum Optimized > MSFT > High Index Zips - Mercedes-Benz Dealership Visitors - CTV,Quoru134,0.7
2025-09-01,DSP Marketplace - BFM,StackAdapt,—,StackAdapt Deal - CTV - CNN Newsource,122820292944,186.96
2025-07-01,Select - BFM,Xandr,Quorum,Quorum Optimized > MSFT > High Index Zips - JCPenny Visitors - CTV,Quoru37,0.0
2025-07-01,Select - BFM,Xandr,Quorum,Quorum Optimized > Viant > Nationwide Targeting - Banner,Quoru52,1.68
2025-07-01,DSP Marketplace - BFM,IQM,—,IQM Deal - CTV - Battle States - Florida FL - Politics Allowed (Deal Library),BFM073,0.04
2025-12-01,Open Auction - BFM,—,—,2512 - MGMPLUS - DECEMBER 2025 - ROBIN HOOD PP CRITICS PROMO - MGMPHD363339-01 - MOVIES,,213.52
2025-11-01,DSP Marketplace - BFM,Basis Technologies,—,Basis Deal - CTV Genre - News,BFM025,1836.96
2025-07-01,Select - BFM,—,IRIS,0,,0.0
2025-07-01,DSP Marketplace - BFM,Octillion,—,Octillion Deal - CTV - WatchfreeFlix - Apps,747279147183,0.0
2025-11-01,Open Auction - BFM,IPONWEB BidCore,—,Bidswitch - APP Display,,0.0
2025-12-01,Open Auction - BFM,Adform,—,Bidswitch - Seedtag,,0.1
2026-07-01,DSP Marketplace - BFM,TheTradeDesk,Beachfront Deal Migration,0,955413904519,0.0
2025-08-01,Open Auction - BFM,—,—,Ad Theorent - CTV - 1st Price,,0.0
2026-07-01,Open Auction - BFM,RtbHouse,—,Seedtag,,1.53
2026-07-01,DSP Marketplace - BFM,Viant,Beachfront Deal Curation,Viant - Whoop AUS - Competitive Athletes Audience - CTV Deal,Beach226,332.43
2026-08-01,Open Auction - BFM,Amobee,—,Seedtag,,647.34
2026-08-01,Open Auction - BFM,Beeswax,—,Beeswax UR Improvement Tier 1 (High UR),,1270.02
2025-12-01,Select - BFM,DV360,IRIS,GumGum - Cendyn - Royalton - Brand Safe CTV_BFM,IRIS00290,3619.81
2025-12-01,Select - BFM,TheTradeDesk,Media Culture,Sports - Contextual - CTV Deal,Media26,46.83
2025-07-01,Open Auction - BFM,Epsilon (Conversant),—,Conversant Philo CTV (202994),,46.3
2025-07-01,DSP Marketplace - BFM,4INFO,—,Cadent_CMDY_(Cable)_PMP_Testv2,928721493235,-0.0
2025-08-01,Open Auction - BFM,Basis Technologies,—,Centro Video InApp,,0.1
2025-09-01,Open Auction - BFM,Basis Technologies,—,Centro Display InApp,,4498.66
2025-10-01,DSP Marketplace - BFM,Beeswax,—,Beeswax Deal - CTV - Datafy - M25-54 Sports and Gaming,976376076664,0.0
2025-10-01,Select - BFM,Viant,IRIS,IRIS.TV - Viant - Thrivent Emotional Sentiment CTV_BFM,IRIS00322,0.0
2025-09-01,DSP Marketplace - BFM,Viant,Beachfront Deal Curation,Magnolia and HGTV - CTV - Viant Deal,738509621475,156.54
2025-08-01,DSP Marketplace - BFM,Bidswitch,Beachfront Deal Curation,SamsungAds Efficiency Line,314668390400,0.0
2025-07-01,Select - BFM,Yahoo DSP,Audigent,PMG & Beachfront - SDEAL-21050 - PMG - PMG - PMG - ctv SmartPMP - High Credit Card Score US,Audig1763,0.11
2025-11-01,DSP Marketplace - BFM,Beeswax,—,Beeswax Deal - CTV - VideoAmp - FEP,118866276082,28580.45
2025-10-01,Open Auction - BFM,Amobee,—,Amobee - CTV - 1st Price,,20702.16
2025-10-01,Select - BFM,Beeswax,QRate,QrateUS_Soundwave_CTV_BCH,QRate13,1.54
2025-12-01,DSP Marketplace - BFM,Octillion,Beachfront Deal Migration,Octillion Deal - CTV - AMC,135878418139,181.03
2025-08-01,DSP Marketplace - BFM,Viant,Beachfront Deal Curation,Viant Deal - CTV - Spanish Political CTV,445972645214,16239.87
2025-08-01,Select - BFM,TheTradeDesk,Strategus,Strategus Deal - CTV - Fubo US Sports,937479936681,0.05
2025-07-01,DSP Marketplace - BFM,Zeta DSP,Beachfront Deal Curation,0,732808904693,0.0
2025-07-01,Select - BFM,TheTradeDesk,Strategus,Strategus Deal - CTV - Baseball Live,Strat75,24.83
2025-08-01,Open Auction - BFM,—,—,LoopMe - Open Auction - CTV,,0.0
2025-11-01,DSP Marketplace - BFM,Viant,—,Viant Deal - CTV - Pride Month,138059117830,0.0
2025-09-01,DSP Marketplace - BFM,StackAdapt,Beachfront Deal Migration,0,"443119806437, 144324152531",0.0
2025-09-01,Select - BFM,Knorex,Infillion Demand,Pulte RON - Display 2,InfPulteRON2,0.0
2025-07-01,Open Auction - BFM,Streamworx Lda.,—,Bidswitch -RTB- Getintent-Whitelist- Web Display,,0.0
2025-12-01,DSP Marketplace - BFM,JamLoop OpenRTB,—,JamLoop Deal - OLV - Short-Form - 60%+ VCR - $10 Max - SPL,914358280975,0.0
2025-11-01,Open Auction - BFM,IPONWEB BidCore,—,0,,0.0
2026-07-01,Open Auction - BFM,IQM,—,IQM - CTV - Open Auction,,46.34
2026-08-01,Open Auction - BFM,Beeswax,—,Beeswax - CTV - Open Auction EAST,,10014.06
2026-08-01,Open Auction - BFM,Amazon DSP,—,Bidswitch - MW - 1st Price (HB),,0.0
2026-08-01,DSP Marketplace - BFM,DeepIntent,Beachfront Deal Curation,DeepIntent - CTV - Sports (genre),461410362718,1.41
2025-08-01,DSP Marketplace - BFM,GroundTruth,Beachfront Deal Curation,NBA - CTV - Contextual -  Tentpole Deal - GroundTruth,Beach138,1.32
2025-10-01,Select - BFM,TheTradeDesk,AI Digital,AI Digital - C0018 - CTV - Live Spots - 032223 - Updated,1651574,1.61
2025-09-01,Open Auction - BFM,Beeswax,—,Beeswax - CTV - Open Auction EAST,,51334.56
2025-09-01,Open Auction - BFM,Beeswax,—,Beeswax UR Improvement Tier 1 (High UR),,32637.43
2025-07-01,Open Auction - BFM,Streamworx Lda.,—,Bidswitch - MW [Display],,1.74
2025-08-01,DSP Marketplace - BFM,StackAdapt,Beachfront Deal Curation,StackAdapt_Standard Inventory Packages_Beachfront_2025_[Allows Gambling],Beach160,36.23
2025-10-01,DSP Marketplace - BFM,Octillion,Beachfront Deal Migration,Octillion Deal - CTV - Sling - App List,747279147176,344.19
2025-08-01,Select - BFM,Bidswitch,Infillion Demand,Signet Jewelers | Men's Fashion | Desktop/Mobile,SignetInfilBeachDeskMob,0.0
2025-10-01,Open Auction - BFM,Streamworx Lda.,—,Bidswitch - MW [Display],,0.0
2025-11-01,Open Auction - BFM,—,—,F0041228 NFL COLT STEE SAIN RAMS FS DOM 30,,0.0
2025-11-01,Open Auction - BFM,Webeye,—,Bidswitch - APP,,0.02
2025-07-01,Select - BFM,TheTradeDesk,IRIS,IRIS.TV - Tripadvisor CTV_BFM,IRIS00348,14280.94
2025-08-01,Select - BFM,OnSpot Data,Infillion Demand,Pulte RON - Display 2,InfPulteRON2,0.0
2025-12-01,Open Auction - BFM,SmartClip,—,Vizio_SmartClip_Mexico_$8,,0.0
2025-09-01,Open Auction - BFM,IPONWEB BidCore,—,Bidswitch -RTB- Getintent-Whitelist- Web Display,,0.0
2025-09-01,Select - BFM,Bidswitch,MultiLocal,Test_Training,Multi38,0.0
2025-11-01,Open Auction - BFM,Adform,—,Bidswitch - MW [Display],,0.0
2025-12-01,Open Auction - BFM,—,—,F0041642 NFL WEEK 14 STEELERS VS RAVENS + BEARS VS PACKERS FS 30 DOMINGO,,0.0
2026-07-01,Select - BFM,Beeswax,Simulmedia,PlayerWON-Ribeye-FY25,PlayerWONRibeyeFY25,0.0
2026-07-01,DSP Marketplace - BFM,DeepIntent,Beachfront Deal Curation,DeepIntent - CTV - Sports (genre),461410362718,151.49
2026-08-01,Open Auction - BFM,Amazon DSP,—,Bidswitch - Desktop - 1st Price (HB),,0.19
2026-08-01,Open Auction - BFM,RtbHouse,—,Seedtag,,0.46
2026-08-01,Select - BFM,TheTradeDesk,Chief Media,TTD - Chief Media - CTV - Pub Targeting - Deal,778185575390,129.32
2025-11-01,Open Auction - BFM,Marketing Architects -RTB,—,Marketing Architects - CTV 1st Price (Hearst),,23.05
2025-11-01,Open Auction - BFM,Marketing Architects -RTB,—,Marketing Architects - OTT,,604.33
2025-09-01,Open Auction - BFM,Amazon DSP,—,Bidswitch - MW - 1st Price (HB),,12153.95
2025-09-01,Select - BFM,Xandr,Quorum,Quorum Optimized > MSFT > High Index Zips - Honda Dealership Visitors - CTV,Quoru120,0.3
2025-09-01,Open Auction - BFM,Yahoo DSP,—,Verizon - CTV (Charter),,2.07
2025-08-01,DSP Marketplace - BFM,4INFO,—,Cadent_NBC_Local(Broadcast)_PMP,921111738474,0.0
2025-09-01,Open Auction - BFM,Basis Technologies,—,Centro Video Web (1st Price),,16423.43
2025-09-01,Select - BFM,Basis Technologies,AI Digital,LucidX - Beachfront - C0167 - South Shore Bank - CTV - Finance - 103024,AIDig148,291.59
2025-09-01,Select - BFM,TheTradeDesk,Strategus,TTD Deal - CTV - Wades RV - National News - Live,Strat56,341.49
2025-09-01,DSP Marketplace - BFM,SimpliFi,BFM Internal,Simpli.Fi Deal - EW Scripps,602723609558,77.67
2025-07-01,Open Auction - BFM,Xandr,—,Xandr STB VOD,,0.0
2025-08-01,Open Auction - BFM,Quantcast,—,Bidswitch -RTB- Getintent-Whitelist- Web Display,,0.0
2025-10-01,Open Auction - BFM,Adtheorent,—,Ad Theorent - Desktop/MW - 1st Price,,3748.63
2025-08-01,DSP Marketplace - BFM,Viant,Beachfront Deal Curation,Viant Deal - CTV - Targeting away from Political (IRIS),925896302547,21663.47
2025-07-01,DSP Marketplace - BFM,Epsilon (Conversant),Beachfront Deal Curation,Conversant Gambling and Sports Betting Category Targeting - Video/CTV,Beach113,1321.74
2025-12-01,Open Auction - BFM,—,—,F0033649 LATITUD 25_1 SABÍAS QUE 30SEG v4,,0.0
2025-07-01,DSP Marketplace - BFM,—,Beachfront Deal Curation,Basis Deal - CTV - Skechers 2025 - Women 45+ - Reality,,0.0
2025-09-01,Open Auction - BFM,—,—,TTD - MW [Display],,0.0
2025-11-01,Open Auction - BFM,—,—,Conversant - Web - Open Auction - Seedtag,,0.0
2025-12-01,Select - BFM,Quantcast,Quorum,Quorum > Halloween Shoppers > Physical Visitors,Quoru196,0.0
