quarter,advertiser,ad_name,rev_gross,rev_qtd_current,rev_qtd_prev_qtd,rev_qtd_prev_year,impressions,outgoing_bids
2026-04-01,Pubmatic,CTV SeedTag,1086148.97,,397405.67,,0,0
2026-04-01,Viant,Viant - CTV - 1st Price,850294.16,,413933.88,,0,0
2025-07-01,Viant,Viant - CTV - 1st Price,837228.04,,,352601.19,0,0
2025-10-01,TheTradeDesk,TTD - CTV (1st Price),772022.37,,,,0,0
2025-10-01,Viant,Viant - CTV - 1st Price,732169.46,,,,0,0
2025-01-01,Viant,Viant - CTV - 1st Price,726492.85,,,,0,0
2026-04-01,StackAdapt,StackAdapt - CTV - Open Auction,653158.22,,180376.23,,0,0
2025-04-01,Viant,Viant - CTV - 1st Price,648717.79,,,,0,0
2025-07-01,TheTradeDesk,TTD - CTV (1st Price),628795.89,,,238095.16,0,0
2026-01-01,Pubmatic,CTV SeedTag,551738.58,,,,0,0
2026-01-01,Viant,Viant - CTV - 1st Price,521454.41,,,,0,0
2025-10-01,Pubmatic,CTV SeedTag,517384.86,,,,0,0
2026-01-01,TheTradeDesk,TTD - CTV (1st Price),515489.42,,,,0,0
2025-04-01,TheTradeDesk,TTD - CTV (1st Price),513884.78,,,,0,0
2026-01-01,StackAdapt,StackAdapt - CTV - Open Auction,446024.25,,,,0,0
2025-01-01,TheTradeDesk,TTD - CTV (1st Price),418309.83,,,,0,0
2025-10-01,StackAdapt,StackAdapt - CTV - Open Auction,382867.33,,,,0,0
2026-07-01,StackAdapt,StackAdapt - CTV - Open Auction,367347.02,367347.02,,,0,0
2026-04-01,TheTradeDesk,TTD - CTV (1st Price),351977.68,,124953.15,,0,0
2026-07-01,Pubmatic,CTV SeedTag,300620.93,300620.93,,,0,0
2025-07-01,Epsilon (Conversant),Conversant - Web - Open Auction - Seedtag,273831.28,,,121211.42,0,0
2025-07-01,Pubmatic,CTV SeedTag,231282.24,,,4929.44,0,0
2025-10-01,LoopMe,LoopMe - Open Auction - CTV,222608.37,,,,0,0
2026-07-01,Pubmatic,Seedtag,220917.47,220917.47,,,0,0
2025-01-01,Marketing Architects -RTB,Marketing Architects - CTV 1st Price,218721.89,,,,0,0
2026-07-01,Viant,Viant - CTV - 1st Price,210080.76,210080.76,,,0,0
2025-04-01,SimpliFi,SimpliFi - CTV - 1st Price,205432.01,,,,0,0
2026-04-01,Beeswax,Beeswax - CTV - Open Auction EAST,204716.91,,110368.82,,0,0
2026-07-01,Amobee,Amobee - CTV - 1st Price,196175.51,196175.51,,,0,0
2025-07-01,StackAdapt,StackAdapt - CTV - Open Auction,193883.27,,,85688.86,0,0
2025-04-01,Zeta DSP,Bidswitch - CTV - 1st Price,181928.01,,,,0,0
2025-04-01,Basis Technologies,Basis - CTV - oRTB - (US),168684.98,,,,0,0
2026-01-01,Amobee,Amobee - CTV - 1st Price,166137.93,,,,0,0
2025-07-01,SimpliFi,SimpliFi - CTV - 1st Price,165260.68,,,69112.42,0,0
2025-10-01,Amobee,Amobee - CTV - 1st Price,160900.29,,,,0,0
2025-01-01,Zeta DSP,Bidswitch - CTV - 1st Price,156185.31,,,,0,0
2026-01-01,Marketing Architects -RTB,Marketing Architects - CTV 1st Price,149503.29,,,,0,0
2025-10-01,Basis Technologies,Basis - CTV - oRTB - (US),149298.25,,,,0,0
2025-07-01,Basis Technologies,Basis - CTV - oRTB - (US),148690.22,,,49200.98,0,0
2026-07-01,TheTradeDesk,TTD - CTV (1st Price),148156.84,148156.84,,,0,0
2025-04-01,Marketing Architects -RTB,Marketing Architects - CTV 1st Price,145212.04,,,,0,0
2026-01-01,Beeswax,Beeswax - CTV - Open Auction EAST,140460.06,,,,0,0
2026-04-01,Amobee,Amobee - CTV - 1st Price,135177.92,,60186.81,,0,0
2025-01-01,Beeswax,Beeswax - CTV - Open Auction EAST,134734.43,,,,0,0
2026-01-01,Zeta DSP,Bidswitch - CTV - 1st Price,127194.32,,,,0,0
2025-10-01,Lemma DSP,Lemma DSP CTV Ad,120984.36,,,,0,0
2025-07-01,Marketing Architects -RTB,Marketing Architects - CTV 1st Price,120450.48,,,62127.56,0,0
2025-04-01,StackAdapt,StackAdapt - CTV - Open Auction,119340.46,,,,0,0
2025-07-01,LoopMe,LoopMe - Open Auction - CTV,119310.18,,,46658.47,0,0
2025-10-01,Beeswax,Beeswax - CTV - Open Auction EAST,115947.14,,,,0,0
2025-04-01,Epsilon (Conversant),Conversant - Web - Open Auction - Seedtag,114755.27,,,,0,0
2025-10-01,DV360,Bidswitch - CTV - 1st Price,112199.73,,,,0,0
2026-07-01,Beeswax,Beeswax - CTV - Open Auction EAST,110031.11,110031.11,,,0,0
2025-01-01,Epsilon (Conversant),Conversant - CTV - Open Auction,108863.59,,,,0,0
2025-10-01,SimpliFi,SimpliFi - CTV - 1st Price,102354.66,,,,0,0
2025-07-01,Zeta DSP,Bidswitch - CTV - 1st Price,97947.92,,,60325.01,0,0
2025-10-01,Epsilon (Conversant),Conversant - CTV - Open Auction,94128.33,,,,0,0
2025-10-01,Marketing Architects -RTB,Marketing Architects - CTV 1st Price,92085.11,,,,0,0
2025-01-01,Basis Technologies,Basis - CTV - oRTB - (US),90595.5,,,,0,0
2026-01-01,Basis Technologies,Basis - CTV - oRTB - (US),90166.34,,,,0,0
2026-07-01,StackAdapt,Seedtag,86859.21,86859.21,,,0,0
2025-07-01,Lemma DSP,Lemma DSP CTV Ad,86676.82,,,34229.58,0,0
2025-01-01,Epsilon (Conversant),Conversant Pluto CTV (204778),86013.35,,,,0,0
2025-10-01,Epsilon (Conversant),Conversant - Web - Open Auction - Seedtag,83357.19,,,,0,0
2025-04-01,LoopMe,LoopMe - Open Auction - CTV,81278.79,,,,0,0
2025-04-01,Epsilon (Conversant),Conversant - CTV - Open Auction,80806.41,,,,0,0
2025-07-01,Beeswax,Beeswax - CTV - Open Auction EAST,80548.81,,,12255.1,0,0
2025-07-01,DV360,Bidswitch - CTV - 1st Price,79284.29,,,38289.45,0,0
2025-07-01,Adtelligent,Adtelligent - CTV - A+E Networks $15,78019.52,,,42528.42,0,0
2025-04-01,Adtelligent,Adtelligent - CTV - A+E Networks $15,76484.78,,,,0,0
2025-07-01,Epsilon (Conversant),Conversant - CTV - Open Auction,74666.58,,,25230.58,0,0
2026-04-01,Beeswax,Beeswax UR Improvement Tier 1 (High UR),72443.27,,50438.87,,0,0
2025-07-01,TheTradeDesk,TTD - APP [Display],72434.24,,,37986.07,0,0
2025-10-01,Sharethrough,Sharethrough CTV Video,72355.07,,,,0,0
2025-04-01,Viant,Viant - MW,70604.72,,,,0,0
2025-04-01,Xandr,Xandr CTV,70478.15,,,,0,0
2025-04-01,Basis Technologies,Centro Video Web (1st Price),69850.64,,,,0,0
2025-04-01,Lemma DSP,Lemma DSP CTV Ad,69659.35,,,,0,0
2025-01-01,Viant,Viant - MW,69307.55,,,,0,0
2026-01-01,LoopMe,LoopMe - Open Auction - CTV,68511.43,,,,0,0
2025-04-01,TheTradeDesk,TTD - APP [Display],68491.03,,,,0,0
2025-10-01,Xandr,Xandr CTV,66091.95,,,,0,0
2025-04-01,Viant,Viant - Desktop,65928.35,,,,0,0
2025-01-01,LoopMe,LoopMe - Open Auction - CTV,64408.15,,,,0,0
2025-10-01,Zeta DSP,Bidswitch - CTV - 1st Price,63811.49,,,,0,0
2025-10-01,Yahoo DSP,Yahoo - In-App,63737.44,,,,0,0
2025-01-01,DV360,Bidswitch - CTV - 1st Price,62821.78,,,,0,0
2025-04-01,Basis Technologies,Centro Display Web,62052.85,,,,0,0
2025-01-01,Basis Technologies,Centro Video Web (1st Price),61199.87,,,,0,0
2025-04-01,GroundTruth,GroundTruth Video CTV,60923.33,,,,0,0
2026-04-01,Basis Technologies,Basis - CTV - oRTB - (US),60216.71,,25767.33,,0,0
2025-07-01,Amobee,Amobee - CTV - 1st Price,59019.82,,,30389.09,0,0
2025-01-01,StackAdapt,StackAdapt - CTV - Open Auction,58897.79,,,,0,0
2025-01-01,Basis Technologies,Centro Display Web,58633.14,,,,0,0
2025-07-01,Viant,Viant - MW,58354.72,,,20357.6,0,0
2026-04-01,Zeta DSP,Bidswitch - CTV - 1st Price,58107.54,,42306.53,,0,0
2025-01-01,Lemma DSP,Lemma DSP CTV Ad,57444.87,,,,0,0
2025-04-01,DV360,Bidswitch - CTV - 1st Price,56220.98,,,,0,0
2025-10-01,Amazon DSP,Bidswitch - Seedtag,55513.72,,,,0,0
2025-07-01,4INFO,4INFO - CTV - 1st Price,55162.75,,,17829.0,0,0
2026-04-01,Beeswax,Beeswax UR Improvement Tier 2 (Mid UR),55061.37,,26326.85,,0,0
2025-10-01,Beeswax,Beeswax UR Improvement Tier 1 (High UR),55056.2,,,,0,0
2025-04-01,Epsilon (Conversant),Conversant Pluto CTV (204778),53770.67,,,,0,0
2026-07-01,Beeswax,Beeswax UR Improvement Tier 2 (Mid UR),53626.57,53626.57,,,0,0
2025-10-01,Beeswax,Beeswax UR Improvement Tier 2 (Mid UR),52688.32,,,,0,0
2025-01-01,Adtelligent,Adtelligent - CTV - A+E Networks $15,51856.03,,,,0,0
2026-01-01,Beeswax,Beeswax UR Improvement Tier 1 (High UR),51036.99,,,,0,0
2025-07-01,Sharethrough,Sharethrough CTV Video,50359.87,,,11912.41,0,0
2025-07-01,Amazon DSP,Bidswitch - APP 1st Price,50178.21,,,4755.11,0,0
2025-04-01,Beeswax,Beeswax - CTV - Open Auction EAST,49925.96,,,,0,0
2025-07-01,Beeswax,Beeswax UR Improvement Tier 1 (High UR),48410.52,,,5333.79,0,0
2026-01-01,Yahoo DSP,Yahoo - In-App,47935.54,,,,0,0
2025-07-01,DV360,Bidswitch - Seedtag,47674.08,,,22519.54,0,0
2026-07-01,Beeswax,Beeswax - CTV - Open Auction WEST,47460.01,47460.01,,,0,0
2026-04-01,Adtelligent,Adtelligent - CTV - A+E Networks $15,46356.77,,26438.13,,0,0
2025-10-01,Viant,Viant - MW,45994.34,,,,0,0
2025-04-01,Adtheorent,Ad Theorent - CTV - 1st Price,45503.33,,,,0,0
2025-01-01,Infillion,Bidswitch - CTV - 1st Price,44930.11,,,,0,0
2026-01-01,DV360,Bidswitch - Seedtag,44622.93,,,,0,0
2026-07-01,Basis Technologies,Basis - CTV - oRTB - (US),44263.99,44263.99,,,0,0
2026-01-01,Xandr,Xandr CTV,42381.13,,,,0,0
2026-04-01,Beeswax,Beeswax - CTV - Open Auction WEST,42354.53,,8666.75,,0,0
2025-07-01,Basis Technologies,Centro Video Web (1st Price),42055.61,,,16437.95,0,0
2025-10-01,Viant,Viant - MW - 1st Price,41869.34,,,,0,0
2025-01-01,Viant,Viant - Desktop,41752.49,,,,0,0
2025-07-01,Xandr,Xandr CTV,41404.62,,,21038.69,0,0
2025-01-01,Xandr,Xandr CTV,41205.0,,,,0,0
2026-01-01,TheTradeDesk,TTD - APP,41135.07,,,,0,0
2026-04-01,Yahoo DSP,Yahoo - In-App,40874.92,,9166.11,,0,0
2025-07-01,Viant,Viant - Desktop,40731.41,,,22145.28,0,0
2025-07-01,Basis Technologies,Centro Display Web,40697.25,,,17869.47,0,0
2026-01-01,Beeswax,Beeswax UR Improvement Tier 2 (Mid UR),40055.14,,,,0,0
2025-04-01,Amobee,Amobee - CTV - 1st Price,39451.27,,,,0,0
2025-10-01,Basis Technologies,Centro Video Web (1st Price),39067.85,,,,0,0
2026-01-01,Sharethrough,Sharethrough CTV Video,38880.56,,,,0,0
2025-10-01,Yahoo DSP,Yahoo - CTV - Open Auction,38801.14,,,,0,0
2026-04-01,Sharethrough,Sharethrough CTV Video,38557.57,,28669.88,,0,0
2026-01-01,Lemma DSP,Lemma DSP CTV Ad,38293.23,,,,0,0
2025-07-01,TheTradeDesk,TTD - APP,38003.95,,,17159.81,0,0
2025-04-01,Beeswax,Beeswax UR Improvement Tier 2 (Mid UR),37719.25,,,,0,0
2026-07-01,Pubmatic,SEEDTAG (DON'T USE),37233.06,37233.06,,,0,0
2026-04-01,DV360,Bidswitch - CTV - 1st Price,36394.91,,10252.89,,0,0
2025-10-01,Adtelligent,Adtelligent - CTV - A+E Networks $15,36286.48,,,,0,0
2025-04-01,GroundTruth,GroundTruth Video CTV - No LatLong,35388.9,,,,0,0
2025-10-01,TheTradeDesk,TTD - APP,35346.22,,,,0,0
2025-04-01,TheTradeDesk,TTD - APP,35133.22,,,,0,0
2026-04-01,TheTradeDesk,TTD - APP [Display],34942.94,,14897.27,,0,0
2025-10-01,TheTradeDesk,TTD - APP [Display],34628.31,,,,0,0
2025-01-01,Adtheorent,Ad Theorent - Desktop/MW Display,34116.47,,,,0,0
2025-01-01,Epsilon (Conversant),Conversant - Web - Open Auction - Video,32728.78,,,,0,0
2025-10-01,GroundTruth,GroundTruth Video CTV,32145.59,,,,0,0
2026-01-01,Adtelligent,Adtelligent - CTV - A+E Networks $15,31489.85,,,,0,0
2025-01-01,GroundTruth,GroundTruth Video CTV,31356.62,,,,0,0
2025-07-01,Beeswax,Beeswax UR Improvement Tier 2 (Mid UR),30946.39,,,7027.56,0,0
2025-04-01,Amazon DSP,Bidswitch - Seedtag,30453.0,,,,0,0
2025-01-01,SimpliFi,SimpliFi - CTV - 1st Price,30399.33,,,,0,0
2025-07-01,GroundTruth,GroundTruth Video CTV,30202.41,,,10404.43,0,0
2025-04-01,Amazon DSP,Bidswitch - APP 1st Price,28936.14,,,,0,0
2025-07-01,Walmart,TTD - CTV (1st Price),28641.7,,,24803.79,0,0
2025-01-01,TheTradeDesk,TTD - APP [Display],28431.74,,,,0,0
2025-10-01,Sharethrough,Sharethrough Web (Open Auction),27310.8,,,,0,0
2025-01-01,DV360,Bidswitch - Desktop - 1st Price (HB),26865.95,,,,0,0
2025-01-01,Yahoo DSP,Yahoo - CTV - Open Auction,26551.63,,,,0,0
2026-04-01,Xandr,Xandr CTV,26382.13,,14780.02,,0,0
2025-07-01,TheTradeDesk,TTD - Desktop - 1st Price (HB),26208.75,,,13768.23,0,0
2025-04-01,Sharethrough,Sharethrough Web (Open Auction),25973.27,,,,0,0
2025-01-01,Beeswax,Beeswax - CTV - Open Auction - Paramount,25778.73,,,,0,0
2025-07-01,Viant,Viant - MW - 1st Price,25393.85,,,1484.57,0,0
2026-01-01,TheTradeDesk,TTD - APP [Display],24315.25,,,,0,0
2026-01-01,Basis Technologies,Centro Video Web (1st Price),24093.44,,,,0,0
2025-01-01,SundaySky,SundaySky - Desktop - 1st Price,23854.06,,,,0,0
2025-01-01,Amobee,Amobee - CTV - 1st Price,23844.94,,,,0,0
2025-04-01,DV360,Bidswitch - Seedtag,23811.84,,,,0,0
2025-07-01,Amazon DSP,Bidswitch - Seedtag,23716.91,,,8338.24,0,0
2026-07-01,DV360,Bidswitch - CTV - 1st Price,23460.1,23460.1,,,0,0
2026-01-01,Amazon DSP,Bidswitch - Seedtag,23296.89,,,,0,0
2025-01-01,Viant,Viant - APP,23121.94,,,,0,0
2025-01-01,GroundTruth,GroundTruth Video CTV - No LatLong,23054.67,,,,0,0
2026-01-01,DV360,Bidswitch - CTV - 1st Price,22947.96,,,,0,0
2025-07-01,Adtheorent,Ad Theorent - CTV - 1st Price,22709.76,,,14680.83,0,0
2026-01-01,StackAdapt,StackAdapt - CTV - Open Auction - Efficiency Monitoring,22276.0,,,,0,0
2026-04-01,Viant,Viant - CTV (Charter),22273.03,,9681.14,,0,0
2025-07-01,TheTradeDesk,TTD - CTV (LG Ads Only),22164.19,,,16175.59,0,0
2025-04-01,SmartyAds,SmartyAds - CTV (Samsung),22068.46,,,,0,0
2025-04-01,Walmart,TTD - CTV (1st Price),21872.67,,,,0,0
2025-10-01,DV360,Bidswitch - Seedtag,21758.45,,,,0,0
2026-07-01,Yahoo DSP,Yahoo - In-App,21542.05,21542.05,,,0,0
2025-01-01,TheTradeDesk,TTD - APP,21452.1,,,,0,0
2025-04-01,SimpliFi,SimpliFi - APP [Display],21071.47,,,,0,0
2025-04-01,Basis Technologies,Centro Display InApp,20745.94,,,,0,0
2025-01-01,Viant,Viant - MW [Display],20510.09,,,,0,0
2026-04-01,StackAdapt,StackAdapt - CTV - Open Auction - Efficiency Monitoring,20307.66,,10154.2,,0,0
2026-01-01,Viant,Viant - MW - 1st Price,20044.57,,,,0,0
2025-01-01,MadHive,MadHive - CTV - 1st Price,20017.68,,,,0,0
2025-04-01,TheTradeDesk,TTD - Desktop - 1st Price (HB),19583.34,,,,0,0
2025-04-01,Yahoo DSP,Yahoo - CTV - Open Auction,18856.36,,,,0,0
2026-04-01,Pubmatic,SEEDTAG (DON'T USE),18766.15,,,,0,0
2026-01-01,Viant,Viant - MW,18710.77,,,,0,0
2026-04-01,Adtelligent,Adtelligent - CTV (Price Targeted),18679.1,,7760.9,,0,0
2025-04-01,MadHive,MadHive - CTV - 1st Price,18141.71,,,,0,0
2025-10-01,SmartyAds,SmartyAds - CTV (Samsung),17932.55,,,,0,0
2025-10-01,TheTradeDesk,TTD - Desktop - 1st Price (HB),17832.01,,,,0,0
2025-07-01,Yahoo DSP,Yahoo - CTV - Open Auction,17808.06,,,6856.34,0,0
2025-07-01,Sharethrough,Sharethrough Web (Open Auction),17377.03,,,5819.36,0,0
2026-04-01,Lemma DSP,Lemma DSP CTV Ad,17319.05,,8796.84,,0,0
2025-01-01,TheTradeDesk,TTD - MW [Display],17248.85,,,,0,0
2025-10-01,StackAdapt,StackAdapt - CTV - Open Auction - Efficiency Monitoring,17121.87,,,,0,0
2026-01-01,StackAdapt,StackAdapt - CTV - Open Auction (Canada),16457.28,,,,0,0
2025-07-01,SmartyAds,SmartyAds - CTV (Samsung),16054.19,,,9680.05,0,0
2025-10-01,StackAdapt,StackAdapt - CTV - Open Auction (Canada),16016.79,,,,0,0
2025-07-01,SimpliFi,SimpliFi - Web (1st Price),15739.7,,,5972.08,0,0
2025-10-01,Yahoo DSP,Yahoo - Desktop MW - Open Auction,15667.88,,,,0,0
2025-10-01,Viant,Viant - Desktop,15429.85,,,,0,0
2025-04-01,Adtheorent,Ad Theorent - Desktop/MW Display,15222.54,,,,0,0
2025-07-01,Quantcast,Bidswitch - Seedtag,15120.17,,,6043.55,0,0
2025-04-01,Seedtag,Seedtag - Open Auction-  Ads.txt Updated CTV Supply  ,14942.23,,,,0,0
2025-04-01,SimpliFi,SimpliFi - Web (1st Price),14899.71,,,,0,0
2025-04-01,MadHive,MadHive - CTV - 1st Price (Paramount OA),14791.57,,,,0,0
2026-07-01,StackAdapt,StackAdapt - CTV - Open Auction - Efficiency Monitoring,14542.37,14542.37,,,0,0
2025-07-01,StackAdapt,StackAdapt - CTV - Open Auction - Efficiency Monitoring,14505.32,,,7217.12,0,0
2025-07-01,SundaySky,SundaySky - MW - 1st Price,14359.28,,,6792.39,0,0
2025-04-01,Sharethrough,Sharethrough InApp Video (Open Auction),14342.79,,,,0,0
2025-01-01,Seedtag,Seedtag - Open Auction - CTV,14213.18,,,,0,0
2025-07-01,Basis Technologies,Centro Display InApp,14176.13,,,6349.08,0,0
2025-10-01,Amazon DSP,Bidswitch - MW - 1st Price (HB),14124.97,,,,0,0
2025-04-01,Viant,Viant - APP [Display],13910.18,,,,0,0
2025-10-01,Adtheorent,Ad Theorent - CTV - 1st Price,13887.72,,,,0,0
2025-07-01,Amazon DSP,Bidswitch - MW - 1st Price (HB),13836.78,,,1114.84,0,0
2025-01-01,Adtheorent,Ad Theorent - Desktop/MW - 1st Price,13815.1,,,,0,0
2025-01-01,Yahoo DSP,Yahoo - Desktop MW - Open Auction,13480.1,,,,0,0
2026-04-01,Adtheorent,Ad Theorent - CTV - 1st Price,13336.36,,4235.3,,0,0
2025-04-01,SundaySky,SundaySky - MW - 1st Price,13292.25,,,,0,0
2025-04-01,Adtheorent,Ad Theorent - Desktop/MW - 1st Price,13279.99,,,,0,0
2025-07-01,SundaySky,SundaySky - Desktop - 1st Price,13275.89,,,6366.88,0,0
2025-01-01,Basis Technologies,Centro Display InApp,13250.99,,,,0,0
2025-04-01,Marketing Architects -RTB,Marketing Architects - CTV - EW Scripps LAT,12992.87,,,,0,0
2026-07-01,Adtelligent,Adtelligent - CTV - A+E Networks $15,12900.7,12900.7,,,0,0
2025-07-01,LoopMe,LoopMe DSP Lottery Campaign copy (deal mimic),12645.8,,,5988.53,0,0
2025-07-01,SimpliFi,SimpliFi - APP [Display],12643.9,,,6978.34,0,0
2026-07-01,Beeswax,Beeswax UR Improvement Tier 1 (High UR),12606.34,12606.34,,,0,0
2026-07-01,LoopMe,LoopMe - Open Auction - CTV,12365.44,12365.44,,,0,0
2026-04-01,TheTradeDesk,TTD - APP,12331.25,,5255.55,,0,0
2025-01-01,Adtheorent,Ad Theorent - CTV - 1st Price,12222.47,,,,0,0
2026-07-01,Yahoo DSP,Seedtag,12065.53,12065.53,,,0,0
2025-01-01,Demandbase,DemandBase - CTV,11980.54,,,,0,0
2025-04-01,Sharethrough,Sharethrough CTV Video,11942.95,,,,0,0
2026-04-01,Viant,Viant - MW - 1st Price,11926.2,,4817.62,,0,0
2025-10-01,Viant,Viant - Desktop - 1st Price,11916.28,,,,0,0
2025-01-01,Viant,Viant - Desktop [Display],11870.75,,,,0,0
2025-10-01,Quantcast,Bidswitch - Seedtag,11848.98,,,,0,0
2025-07-01,TheTradeDesk,TTD - MW - 1st Price (HB),11832.96,,,5551.5,0,0
2026-01-01,Lemma DSP,Lemma DSP Inapp Video,11819.95,,,,0,0
2025-01-01,Sharethrough,Sharethrough InApp Video (Open Auction),11810.92,,,,0,0
2025-01-01,MadHive,MadHive - CTV - 1st Price (Paramount OA),11743.89,,,,0,0
2025-10-01,Basis Technologies,Centro Display InApp,11536.73,,,,0,0
2025-04-01,Infillion,Bidswitch - CTV - 1st Price,11526.9,,,,0,0
2025-01-01,SimpliFi,SimpliFi - APP [Display],11503.17,,,,0,0
2026-01-01,Viant,Viant - Desktop - 1st Price,11403.33,,,,0,0
2025-04-01,Viant,Viant - APP,11310.44,,,,0,0
2025-04-01,TheTradeDesk,TTD - MW [Display],11166.05,,,,0,0
2025-04-01,Amazon DSP,Bidswitch - MW - 1st Price (HB),11023.23,,,,0,0
2026-01-01,Sharethrough,Sharethrough Web (Open Auction),10940.0,,,,0,0
2026-01-01,Adtheorent,Ad Theorent - CTV - 1st Price,10877.45,,,,0,0
2025-07-01,Sharethrough,Sharethrough InApp Video (Open Auction),10865.36,,,4000.45,0,0
2025-04-01,Marketing Architects -RTB,Marketing Architects - OTT,10773.31,,,,0,0
2025-07-01,Sharethrough,Sharethrough CTV Video - Shamrock Farms Bundle Optimized,10674.47,,,5806.93,0,0
2026-04-01,Viant,Viant - MW,10564.17,,4265.71,,0,0
2025-04-01,Walmart,TTD - APP [Display],10541.76,,,,0,0
2025-04-01,SundaySky,SundaySky - Desktop - 1st Price,10532.98,,,,0,0
2025-01-01,SimpliFi,SimpliFi - Web (1st Price),10421.26,,,,0,0
2026-07-01,Amobee,Seedtag,10246.86,10246.86,,,0,0
2026-07-01,Adtheorent,Ad Theorent - CTV - 1st Price,10241.3,10241.3,,,0,0
2025-04-01,SimpliFi,SimpliFi - APP - 1st Price,10125.94,,,,0,0
2025-01-01,SmartyAds,SmartyAds - CTV (Samsung),9901.62,,,,0,0
2025-07-01,SimpliFi,SimpliFi - APP - 1st Price,9852.24,,,4045.87,0,0
2025-10-01,SimpliFi,SimpliFi - Web (1st Price),9815.63,,,,0,0
2025-04-01,TheTradeDesk,TTD - CTV (LG Ads Only),9694.7,,,,0,0
2025-10-01,Adtheorent,Ad Theorent - Desktop/MW - 1st Price,9605.09,,,,0,0
2025-07-01,Adtheorent,Ad Theorent - Desktop/MW - 1st Price,9572.0,,,4266.47,0,0
2026-01-01,Viant,Viant - CTV (Charter),9383.87,,,,0,0
2025-07-01,TheTradeDesk,TTD - CTV - oRTB (Canada),9196.52,,,,0,0
2025-04-01,Viant,Viant - MW [Display],9166.4,,,,0,0
2025-07-01,TheTradeDesk,TTD - MW [Display],9120.45,,,5080.14,0,0
2026-07-01,TheTradeDesk,TTD - APP [Display],9017.14,9017.14,,,0,0
2025-07-01,MadHive,MadHive - CTV - 1st Price,8983.18,,,6682.84,0,0
2025-10-01,SmartyAds,SmartyAds - CTV (Canada),8964.78,,,,0,0
2025-01-01,Sharethrough,Sharethrough Web (Open Auction),8783.81,,,,0,0
2025-07-01,Walmart,TTD - APP [Display],8519.93,,,5130.27,0,0
2025-07-01,Viant,Viant - Desktop - 1st Price,8518.56,,,1036.49,0,0
2025-10-01,Infillion,Bidswitch - CTV - 1st Price,8290.06,,,,0,0
2026-07-01,Viant,Seedtag,8200.01,8200.01,,,0,0
2026-07-01,Xandr,Xandr CTV,8129.11,8129.11,,,0,0
2026-01-01,Adtheorent,Ad Theorent - Desktop/MW - 1st Price,8103.11,,,,0,0
2026-01-01,Viant,Viant - Desktop,7942.79,,,,0,0
2026-07-01,Sharethrough,Sharethrough CTV Video,7940.92,7940.92,,,0,0
2026-07-01,Zeta DSP,Bidswitch - CTV - 1st Price,7901.11,7901.11,,,0,0
2025-01-01,TheTradeDesk,TTD - Desktop [Display],7763.52,,,,0,0
2025-04-01,Sharethrough,Sharethrough CTV Video - Shamrock Farms Bundle Optimized,7720.87,,,,0,0
2026-07-01,TheTradeDesk,TTD - APP,7634.52,7634.52,,,0,0
2025-07-01,Walmart,TTD - APP,7612.08,,,856.45,0,0
2026-01-01,LoopMe,LoopMe DSP Lottery Campaign copy (deal mimic),7500.86,,,,0,0
2026-04-01,Adtheorent,Ad Theorent - Desktop/MW - 1st Price,7491.41,,4575.35,,0,0
2025-04-01,Beeswax,Beeswax UR Improvement Tier 1 (High UR),7473.88,,,,0,0
2025-01-01,Viant,Viant - APP [Display],7424.42,,,,0,0
2026-04-01,Marketing Architects -RTB,Marketing Architects - CTV 1st Price,7389.44,,5771.05,,0,0
2025-04-01,Seedtag,Seedtag - Open Auction - CTV,7360.35,,,,0,0
2025-10-01,SundaySky,SundaySky - Desktop - 1st Price,7357.72,,,,0,0
2026-04-01,Yahoo DSP,Yahoo - CTV - Open Auction- Efficiency Monitoring,7352.24,,2052.37,,0,0
2026-01-01,TheTradeDesk,TTD - CTV - oRTB (Canada),7334.66,,,,0,0
2025-10-01,TheTradeDesk,TTD - MW - 1st Price (HB),7282.69,,,,0,0
2025-01-01,Epsilon (Conversant),Conversant - Web - Open Auction - Display,7182.51,,,,0,0
2025-01-01,Storygize,Storygize - MW (1st Price),7163.56,,,,0,0
2026-07-01,Adtelligent,Adtelligent - CTV (Price Targeted),7145.64,7145.64,,,0,0
2025-10-01,SimpliFi,SimpliFi - APP - 1st Price,7124.79,,,,0,0
2025-01-01,TheTradeDesk,TTD - CTV (Charter),7123.59,,,,0,0
2025-07-01,Adtheorent,Ad Theorent - Desktop/MW Display,7041.35,,,3969.25,0,0
2025-10-01,Epsilon (Conversant),Conversant - InApp - Open Auction,6986.92,,,,0,0
2025-10-01,Viant,Viant - CTV (Charter),6983.35,,,,0,0
2025-10-01,Demandbase,DemandBase - CTV,6916.53,,,,0,0
2025-01-01,TheTradeDesk,TTD - CTV (LG Ads Only),6893.65,,,,0,0
2025-10-01,SundaySky,SundaySky - MW - 1st Price,6840.34,,,,0,0
2025-04-01,SmartyAds,SmartyAds - CTV (Paramount),6765.35,,,,0,0
2026-04-01,StackAdapt,StackAdapt - CTV - Open Auction (Canada),6714.88,,2330.1,,0,0
2025-01-01,StackAdapt,StackAdapt - Desktop - Open Auction,6640.35,,,,0,0
2026-01-01,Epsilon (Conversant),Conversant - InApp - Open Auction,6622.94,,,,0,0
2025-07-01,Epsilon (Conversant),Conversant Pluto CTV (204778),6594.07,,,4253.87,0,0
2026-04-01,LoopMe,LoopMe - Open Auction - CTV,6591.98,,4341.3,,0,0
2026-01-01,Walmart,TTD - CTV (1st Price),6587.63,,,,0,0
2025-07-01,MadHive,MadHive - CTV - 1st Price (Paramount OA),6582.45,,,5013.74,0,0
2026-01-01,Epsilon (Conversant),Conversant - CTV - Open Auction,6483.02,,,,0,0
2025-01-01,SundaySky,SundaySky - MW - 1st Price,6446.53,,,,0,0
2026-01-01,TheTradeDesk,TTD - Desktop - 1st Price (HB),6445.74,,,,0,0
2026-04-01,,TrueX FireTV AVOD,6424.98,,2028.84,,0,0
2026-07-01,Basis Technologies,Seedtag,6405.93,6405.93,,,0,0
2025-01-01,TheTradeDesk,TTD - MW - 1st Price (HB),6335.52,,,,0,0
2025-01-01,SimpliFi,SimpliFi - MW [Display],6328.83,,,,0,0
2025-01-01,Walmart,TTD - CTV (1st Price),6285.88,,,,0,0
2026-04-01,Lemma DSP,Lemma DSP Inapp Video,6269.04,,2494.82,,0,0
2025-07-01,SmartyAds,SmartyAds - CTV (Paramount),6178.04,,,3169.21,0,0
2026-01-01,Octillion,Octillion - CTV - Open,6141.13,,,,0,0
2026-01-01,,TrueX FireTV AVOD,6092.9,,,,0,0
2025-01-01,GroundTruth,GroundTruth Video CTV - Efficiency Monitoring,6021.47,,,,0,0
2025-01-01,TheTradeDesk,TTD - Desktop - 1st Price (HB),6018.53,,,,0,0
2026-01-01,Quantcast,Bidswitch - Seedtag,5986.28,,,,0,0
2026-01-01,TheTradeDesk,TTD - MW - 1st Price (HB),5828.87,,,,0,0
2025-04-01,TheTradeDesk,TTD - Desktop [Display],5767.68,,,,0,0
2025-07-01,Viant,Viant - APP,5675.46,,,2839.33,0,0
2025-01-01,DV360,Bidswitch - MW [Display],5620.8,,,,0,0
2026-01-01,TheTradeDesk,TTD - CTV (LG Ads Only),5598.48,,,,0,0
2025-10-01,TheTradeDesk,TTD - CTV (LG Ads Only),5593.31,,,,0,0
2025-10-01,Sharethrough,Sharethrough CTV Video - Shamrock Farms Bundle Optimized,5484.83,,,,0,0
2026-04-01,Epsilon (Conversant),Conversant - CTV - Open Auction,5294.83,,3539.06,,0,0
2025-07-01,SimpliFi,SimpliFi - MW [Display],5221.06,,,2241.6,0,0
2026-07-01,Sharethrough,Sharethrough InApp Video (Open Auction),5213.77,5213.77,,,0,0
2025-10-01,Basis Technologies,Centro Display Web,5195.09,,,,0,0
2025-10-01,TheTradeDesk,TTD - CTV - oRTB (Canada),5191.85,,,,0,0
2025-07-01,Viant,Viant - MW [Display],5164.45,,,2694.58,0,0
2025-10-01,Adtelligent,Adtelligent - CTV,5154.41,,,,0,0
2025-04-01,SmartyAds,SmartyAds - CTV (Streaming Apps),5139.83,,,,0,0
2025-01-01,SimpliFi,SimpliFi - APP - 1st Price,5127.86,,,,0,0
2026-07-01,StackAdapt,SEEDTAG (DON'T USE),5107.03,5107.03,,,0,0
2025-07-01,StackAdapt,StackAdapt - CTV - Open Auction (Canada),5044.66,,,315.53,0,0
2025-01-01,SimpliFi,SimpliFi - CTV - 1st Price (Glewed),5009.02,,,,0,0
2026-07-01,Adtelligent,Adtelligent - CTV,5004.56,5004.56,,,0,0
2025-04-01,Viant,Viant - Desktop [Display],4997.01,,,,0,0
2026-04-01,SmartyAds,SmartyAds - CTV (Plex),4921.37,,1671.01,,0,0
2025-04-01,StackAdapt,StackAdapt - Desktop - Open Auction,4838.21,,,,0,0
2026-01-01,Yahoo DSP,Yahoo - CTV - Open Auction,4783.17,,,,0,0
2026-04-01,OnSpot Data,Bidswitch - CTV - 1st Price,4726.98,,1857.09,,0,0
2026-04-01,Basis Technologies,Centro Video Web (1st Price),4720.01,,4505.04,,0,0
2025-04-01,StackAdapt,StackAdapt - CTV - Open Auction - Efficiency Monitoring,4707.33,,,,0,0
2025-04-01,SimpliFi,SimpliFi - MW [Display],4682.49,,,,0,0
2025-04-01,SmartyAds,SmartyAds - CTV (1st Price),4668.27,,,,0,0
2025-04-01,535Media,535Media - oRTB CTV,4651.16,,,,0,0
2025-07-01,Infillion,Bidswitch - CTV - 1st Price,4611.95,,,2442.97,0,0
2025-07-01,SimpliFi,SimpliFi - Seedtag,4574.47,,,1789.64,0,0
2026-04-01,Yahoo DSP,Yahoo - CTV - Open Auction,4572.18,,1238.75,,0,0
2025-04-01,Epsilon (Conversant),Conversant - CTV - Open Auction (Charter),4557.02,,,,0,0
2025-04-01,SimpliFi,SimpliFi - Seedtag,4515.57,,,,0,0
2026-01-01,Basis Technologies,Centro Display InApp,4502.85,,,,0,0
2025-04-01,DV360,Bidswitch - MW [Display],4458.79,,,,0,0
2026-04-01,StackAdapt,SEEDTAG (DON'T USE),4423.76,,,,0,0
2025-04-01,Epsilon (Conversant),Conversant - InApp - Open Auction,4390.86,,,,0,0
2025-10-01,DV360,Bidswitch - Desktop - 1st Price (HB),4371.9,,,,0,0
2026-04-01,DV360,Bidswitch - Seedtag,4336.92,,4336.92,,0,0
2025-01-01,Seedtag,Seedtag - Open Auction-  Ads.txt Updated CTV Supply  ,4334.77,,,,0,0
2026-04-01,Adtelligent,Adtelligent - CTV,4289.31,,1556.0,,0,0
2025-01-01,SimpliFi,SimpliFi - Desktop [Display],4260.71,,,,0,0
2025-01-01,DV360,Bidswitch - Desktop [Display],4242.02,,,,0,0
2026-04-01,TheTradeDesk,TTD - Desktop - 1st Price (HB),4211.62,,1611.71,,0,0
2025-04-01,Adtheorent,Ad Theorent - APP [Display],4171.81,,,,0,0
2026-04-01,TheTradeDesk,TTD - CTV (UK) ,4167.93,,1174.74,,0,0
2026-07-01,DBM,Seedtag,4145.06,4145.06,,,0,0
2026-01-01,Epsilon (Conversant),Conversant - Web - Open Auction - Seedtag,4072.18,,,,0,0
2025-04-01,Epsilon (Conversant),Conversant - Web - Open Auction - Display,4058.18,,,,0,0
2025-10-01,Octillion,Octillion - CTV - Open,4029.29,,,,0,0
2026-01-01,Sharethrough,Sharethrough InApp Video (Open Auction),3985.81,,,,0,0
2025-10-01,Amazon DSP,Bidswitch - APP 1st Price,3966.11,,,,0,0
2026-04-01,Sharethrough,Sharethrough Web (Open Auction),3957.94,,2321.31,,0,0
2025-01-01,Amobee,Amobee - Desktop/MW [Display],3933.28,,,,0,0
2025-10-01,Yahoo DSP,Yahoo - CTV - Open Auction- Efficiency Monitoring,3928.98,,,,0,0
2025-07-01,Viant,Viant - APP [Display],3926.54,,,2796.24,0,0
2025-04-01,TheTradeDesk,TTD - CTV (Charter),3914.39,,,,0,0
2026-07-01,TheTradeDesk,TTD - CTV - oRTB (Canada),3883.3,3883.3,,,0,0
2025-01-01,Adtheorent,Ad Theorent - APP [Display],3879.53,,,,0,0
2025-07-01,StackAdapt,StackAdapt - Desktop - Open Auction,3859.42,,,2751.82,0,0
2026-04-01,Demandbase,DemandBase - CTV,3857.77,,958.5,,0,0
2026-07-01,Viant,Viant - MW - 1st Price,3815.33,3815.33,,,0,0
2026-07-01,StackAdapt,StackAdapt - CTV - Open Auction (Canada),3775.71,3775.71,,,0,0
2025-04-01,Beeswax,Beeswax - CTV - Open Auction - Paramount,3766.97,,,,0,0
2026-01-01,Beeswax,Beeswax UR Improvement Tier 3 (Low UR),3724.72,,,,0,0
2025-07-01,SimpliFi,SimpliFi - Desktop [Display],3723.39,,,1407.76,0,0
2025-10-01,SmartyAds,SmartyAds - CTV (Plex),3722.28,,,,0,0
2025-10-01,Viant,Viant - MW [Display],3649.44,,,,0,0
2025-07-01,Adtelligent,Adtelligent - CTV,3640.08,,,50.51,0,0
2026-04-01,Octillion,Octillion - CTV - Open,3501.23,,2074.51,,0,0
2025-07-01,Viant,Viant - APP - 1st Price,3491.91,,,1416.2,0,0
2025-01-01,Adtheorent,Ad Theorent - APP Video 1st Price,3449.21,,,,0,0
2025-04-01,TheTradeDesk,TTD - Seedtag - Pub ID Swap Test,3439.48,,,,0,0
2026-07-01,Viant,Viant - MW,3430.58,3430.58,,,0,0
2025-04-01,Amazon DSP,Bidswitch - APP,3421.47,,,,0,0
2025-01-01,OnSpot Data,Bidswitch - CTV - 1st Price,3405.38,,,,0,0
2025-01-01,Epsilon (Conversant),Conversant - InApp - Open Auction,3381.3,,,,0,0
2025-10-01,Yahoo DSP,Yahoo - Desktop MW - Open Auction - Efficiency Monitoring,3367.85,,,,0,0
2025-04-01,Walmart,TTD - APP,3363.92,,,,0,0
2026-07-01,Marketing Architects -RTB,Marketing Architects - CTV 1st Price,3348.86,3348.86,,,0,0
2025-04-01,SimpliFi,SimpliFi - Desktop [Display],3305.65,,,,0,0
2025-07-01,IPONWEB BidCore,Bidswitch - CTV - 1st Price,3281.85,,,1976.79,0,0
2025-10-01,TheTradeDesk,TTD - CTV (Charter),3268.07,,,,0,0
2026-04-01,TheTradeDesk,TTD - MW - 1st Price (HB),3260.38,,1568.96,,0,0
2025-07-01,SmartyAds,SmartyAds - CTV (1st Price),3257.45,,,1843.09,0,0
2025-07-01,SmartyAds,SmartyAds - CTV (Streaming Apps),3224.79,,,1981.07,0,0
2026-04-01,GroundTruth,GroundTruth Video CTV,3212.31,,1773.03,,0,0
2025-10-01,Viant,Viant - APP [Display],3191.07,,,,0,0
2025-04-01,Yahoo DSP,Yahoo - Desktop MW - Open Auction,3159.6,,,,0,0
2026-01-01,TheTradeDesk,TTD - MW [Display],3145.31,,,,0,0
2025-04-01,TheTradeDesk,TTD - MW - 1st Price (HB),3136.12,,,,0,0
2025-10-01,LoopMe,LoopMe DSP Lottery Campaign copy (deal mimic),3114.94,,,,0,0
2026-04-01,TheTradeDesk,TTD - MW [Display],3105.87,,1879.32,,0,0
2025-10-01,SmartyAds,SmartyAds - CTV (1st Price),3089.71,,,,0,0
2025-10-01,SmartyAds,SmartyAds - CTV (Paramount),3074.85,,,,0,0
2025-04-01,SmartyAds,SmartyAds - (Seedtag),3044.51,,,,0,0
2026-07-01,Yahoo DSP,Yahoo - CTV - Open Auction,3037.47,3037.47,,,0,0
2026-01-01,,TrueX FireTV Games ,3011.64,,,,0,0
2026-04-01,Yahoo DSP,Yahoo - Desktop MW - Open Auction - Efficiency Monitoring,3005.63,,1017.06,,0,0
2025-04-01,DV360,Bidswitch - Desktop [Display],3000.7,,,,0,0
2026-07-01,,TrueX FireTV AVOD,2981.76,2981.76,,,0,0
2026-01-01,Yahoo DSP,Yahoo - CTV - Open Auction- Efficiency Monitoring,2941.74,,,,0,0
2026-04-01,Viant,Viant - Desktop,2941.08,,1493.82,,0,0
2025-10-01,Walmart,TTD - APP [Display],2904.75,,,,0,0
2025-04-01,Viant,Viant - APP - 1st Price,2898.33,,,,0,0
2026-01-01,Viant,Viant - MW [Display],2897.51,,,,0,0
2025-01-01,StackAdapt,StackAdapt - CTV - Open Auction - Efficiency Monitoring,2893.32,,,,0,0
2025-07-01,GroundTruth,GroundTruth Video CTV - No LatLong,2843.97,,,2843.97,0,0
2025-07-01,DV360,Bidswitch - APP 1st Price,2807.73,,,381.15,0,0
2025-10-01,SmartyAds,SmartyAds - CTV (Streaming Apps),2789.78,,,,0,0
2026-04-01,Yahoo DSP,Yahoo - Desktop MW - Open Auction,2779.85,,852.13,,0,0
2025-04-01,DV360,Bidswitch - APP 1st Price,2757.91,,,,0,0
2025-01-01,Beeswax,Beeswax - App - Open Auction,2757.85,,,,0,0
2025-01-01,535Media,535Media - oRTB CTV,2740.25,,,,0,0
2025-04-01,DV360,Bidswitch - APP,2721.19,,,,0,0
2026-04-01,Epsilon (Conversant),Conversant - Web - Open Auction - Seedtag,2703.6,,2703.6,,0,0
2026-04-01,Viant,Viant - MW [Display],2698.63,,1143.14,,0,0
2025-01-01,SmartyAds,SmartyAds - CTV (1st Price),2650.04,,,,0,0
2025-10-01,Marketing Architects -RTB,Marketing Architects - OTT,2649.73,,,,0,0
2026-07-01,TheTradeDesk,TTD - CTV (Charter),2646.9,2646.9,,,0,0
2026-07-01,Yahoo DSP,Yahoo - CTV - Open Auction- Efficiency Monitoring,2627.47,2627.47,,,0,0
2025-07-01,SmartyAds,SmartyAds - (Seedtag),2597.73,,,952.6,0,0
2025-10-01,TheTradeDesk,TTD - MW [Display],2594.24,,,,0,0
2026-01-01,GroundTruth,GroundTruth Video CTV,2588.82,,,,0,0
2025-07-01,Epsilon (Conversant),Conversant - Web - Open Auction - Display,2560.45,,,1051.27,0,0
2025-01-01,Beeswax,Beeswax - Display - Desktop/MW,2546.21,,,,0,0
2025-10-01,Lemma DSP,Lemma DSP Inapp Video,2535.41,,,,0,0
2026-07-01,TheTradeDesk,TTD - Desktop - 1st Price (HB),2532.38,2532.38,,,0,0
2026-01-01,TheTradeDesk,TTD - Desktop [Display],2517.64,,,,0,0
2025-10-01,Beeswax,Beeswax UR Improvement Tier 3 (Low UR),2511.0,,,,0,0
2026-01-01,Adtelligent,Adtelligent - CTV,2474.59,,,,0,0
2025-01-01,Adtelligent,Adtelligent - CTV,2469.23,,,,0,0
2025-01-01,SmartyAds,SmartyAds - CTV (Paramount),2464.42,,,,0,0
2025-07-01,Viant,Viant - CTV (Charter),2433.35,,,436.62,0,0
2025-04-01,Viant,Viant - CTV (Charter),2433.13,,,,0,0
2025-07-01,DV360,Bidswitch - MW [Display],2416.29,,,1837.2,0,0
2025-01-01,Storygize,Storygize - Desktop (1st Price),2396.76,,,,0,0
2026-01-01,Demandbase,DemandBase - CTV,2386.18,,,,0,0
2026-01-01,Basis Technologies,Basis - CTV - oRTB - (Canada),2368.93,,,,0,0
2026-04-01,TheTradeDesk,TTD - Desktop [Display],2367.17,,1384.23,,0,0
2026-04-01,TheTradeDesk,TTD - CTV (LATAM),2353.86,,1247.28,,0,0
2026-07-01,Yahoo DSP,Yahoo - Desktop MW - Open Auction,2349.15,2349.15,,,0,0
2025-01-01,Viant,Viant - CTV (Charter),2346.75,,,,0,0
2025-07-01,Krush Media,Krush Media Video - CTV Direct (700),2344.03,,,1850.18,0,0
2025-04-01,OnSpot Data,Bidswitch - CTV - 1st Price,2342.86,,,,0,0
2025-01-01,DV360,Bidswitch - MW - 1st Price (HB),2324.87,,,,0,0
2026-01-01,Adtelligent,Adtelligent - CTV (Price Targeted),2314.66,,,,0,0
2025-10-01,,TrueX FireTV Games ,2291.52,,,,0,0
2025-07-01,Yahoo DSP,Yahoo - Desktop MW - Open Auction,2269.7,,,659.34,0,0
2026-07-01,Yahoo DSP,SEEDTAG (DON'T USE),2267.57,2267.57,,,0,0
2026-01-01,Yahoo DSP,Yahoo - Desktop MW - Open Auction - Efficiency Monitoring,2264.28,,,,0,0
2025-10-01,DV360,Bidswitch - CTV - 1st Price (Bundle 151908),2256.39,,,,0,0
2025-07-01,Marketing Architects -RTB,Marketing Architects - CTV - EW Scripps LAT,2250.37,,,843.01,0,0
2026-04-01,,TrueX FireTV Games ,2225.82,,783.3,,0,0
2025-10-01,Adtelligent,Adtelligent - CTV (Price Targeted),2212.06,,,,0,0
2026-04-01,Basis Technologies,Centro Display InApp,2191.02,,702.3,,0,0
2025-01-01,DV360,Bidswitch - APP Display,2181.39,,,,0,0
2025-04-01,Krush Media,Krush Media Video - CTV Direct (700),2167.66,,,,0,0
2025-01-01,Sharethrough,Sharethrough CTV Video - Targeting away from Not Approved list,2162.91,,,,0,0
2025-01-01,Epsilon (Conversant),Conversant - CTV - Open Auction (Charter),2143.0,,,,0,0
2026-04-01,Viant,Viant - Desktop - 1st Price,2117.99,,1261.96,,0,0
2025-10-01,Sharethrough,Sharethrough InApp Video (Open Auction),2113.19,,,,0,0
2025-07-01,Epsilon (Conversant),Conversant - InApp - Open Auction,2099.19,,,979.98,0,0
2025-01-01,GroundTruth,GroundTruth Display,2094.19,,,,0,0
2026-04-01,Sharethrough,Sharethrough InApp Video (Open Auction),2043.75,,1382.03,,0,0
2025-04-01,4INFO,4INFO - CTV - 1st Price,2019.67,,,,0,0
2025-04-01,Epsilon (Conversant),Conversant - Web - Open Auction - Video,2011.92,,,,0,0
2025-01-01,Krush Media,Krush Media Video - CTV Direct (700),1979.4,,,,0,0
2026-04-01,Walmart,TTD - CTV (1st Price),1978.98,,939.2,,0,0
2026-07-01,TheTradeDesk,Seedtag,1944.26,1944.26,,,0,0
2025-10-01,IPONWEB BidCore,Bidswitch - CTV - 1st Price,1943.39,,,,0,0
2026-04-01,Yahoo DSP,SEEDTAG (DON'T USE),1919.74,,,,0,0
2025-07-01,Epsilon (Conversant),Conversant Philo CTV (125613),1892.97,,,1355.2,0,0
2026-04-01,TheTradeDesk,SEEDTAG (DON'T USE),1874.46,,,,0,0
2025-07-01,DV360,Bidswitch - Desktop [Display],1828.5,,,1066.89,0,0
2026-01-01,Infillion,Bidswitch - CTV - 1st Price,1810.89,,,,0,0
2025-07-01,Beeswax,Beeswax UR Improvement Tier 3 (Low UR),1785.41,,,163.44,0,0
2026-01-01,Basis Technologies,Centro Display Web,1778.54,,,,0,0
2026-07-01,Adtheorent,Ad Theorent - Desktop/MW - 1st Price,1752.42,1752.42,,,0,0
2026-01-01,Viant,Viant - APP [Display],1745.49,,,,0,0
2026-04-01,Viant,Viant - APP [Display],1690.09,,435.26,,0,0
2025-10-01,Epsilon (Conversant),Conversant - Web - Open Auction - Display,1684.31,,,,0,0
2025-01-01,TheTradeDesk,TTD - Seedtag - Pub ID Swap Test,1666.47,,,,0,0
2026-07-01,Viant,SEEDTAG (DON'T USE),1649.98,1649.98,,,0,0
2025-04-01,GroundTruth,GroundTruth Video CTV - Efficiency Monitoring,1645.11,,,,0,0
2026-04-01,TheTradeDesk,TTD - CTV - oRTB (Canada),1634.96,,566.61,,0,0
2026-04-01,Walmart,TTD - APP [Display],1625.27,,835.06,,0,0
2025-10-01,TheTradeDesk,TTD - Desktop [Display],1615.92,,,,0,0
2026-07-01,Viant,Viant - CTV (Charter),1614.74,1614.74,,,0,0
2025-04-01,Adtelligent,Adtelligent - CTV,1612.02,,,,0,0
2025-04-01,SmartyAds,SmartyAds - Web [Display],1611.23,,,,0,0
2026-01-01,DeepIntent,DeepIntent CTV OLV Demand,1596.79,,,,0,0
2025-01-01,Yahoo DSP,Yahoo - Desktop MW - Open Auction - Efficiency Monitoring,1566.76,,,,0,0
2026-07-01,Epsilon (Conversant),Conversant - CTV - Open Auction,1538.09,1538.09,,,0,0
2026-01-01,TheTradeDesk,TTD - CTV (Charter),1533.82,,,,0,0
2026-04-01,Sharethrough,Sharethrough CTV Video - Shamrock Farms Bundle Optimized,1533.5,,158.09,,0,0
2026-07-01,DBM,SEEDTAG (DON'T USE),1530.02,1530.02,,,0,0
2026-07-01,Yahoo DSP,Yahoo - Desktop MW - Open Auction - Efficiency Monitoring,1518.44,1518.44,,,0,0
2025-10-01,DeepIntent,DeepIntent CTV OLV Demand,1516.88,,,,0,0
2025-01-01,Marketing Architects -RTB,Marketing Architects - CTV 1st Price (Hearst),1484.56,,,,0,0
2025-07-01,Viant,Viant - Desktop [Display],1477.47,,,845.63,0,0
2025-10-01,,0,1460.53,,,,0,0
2025-10-01,Knorex,Bidswitch - Seedtag,1449.71,,,,0,0
2025-04-01,Lemma DSP,Lemma DSP Inapp Video,1439.89,,,,0,0
2025-01-01,SmartyAds,SmartyAds - Web [Display],1435.3,,,,0,0
2026-01-01,TheTradeDesk,TTD - CTV (LATAM),1419.71,,,,0,0
2026-04-01,Viant,SEEDTAG (DON'T USE),1414.1,,,,0,0
2026-07-01,LoopMe,LoopMe DSP Lottery Campaign copy (deal mimic),1412.44,1412.44,,,0,0
2025-10-01,,TrueX FireTV AVOD,1410.08,,,,0,0
2025-07-01,Seedtag,Seedtag - Open Auction-  Ads.txt Updated CTV Supply  ,1405.73,,,1405.73,0,0
2025-04-01,Yahoo DSP,Yahoo - Desktop MW - Open Auction - Efficiency Monitoring,1400.36,,,,0,0
2025-04-01,Demandbase,DemandBase - CTV,1365.43,,,,0,0
2026-07-01,Walmart,TTD - CTV (1st Price),1353.81,1353.81,,,0,0
2025-01-01,DV360,Bidswitch - Seedtag,1350.96,,,,0,0
2025-07-01,Epsilon (Conversant),Conversant Vizio CTV (203828),1347.56,,,911.71,0,0
2025-10-01,Krush Media,Krush Media Web Video,1321.24,,,,0,0
2025-07-01,TheTradeDesk,TTD - Desktop [Display],1300.23,,,690.84,0,0
2026-07-01,Viant,Viant - MW [Display],1298.94,1298.94,,,0,0
2025-04-01,Beeswax,Beeswax UR Improvement Tier 3 (Low UR),1296.98,,,,0,0
2026-01-01,,Test PSA Ads,1295.35,,,,0,0
2025-07-01,OnSpot Data,Bidswitch - CTV - 1st Price,1293.37,,,587.52,0,0
2025-10-01,Krush Media,Krush Media Video - CTV Direct (700),1289.93,,,,0,0
2025-07-01,Demandbase,DemandBase - CTV,1285.82,,,586.49,0,0
2025-07-01,DV360,Bidswitch - Desktop - 1st Price (HB),1274.75,,,669.5,0,0
2026-01-01,Yahoo DSP,Yahoo - Desktop MW - Open Auction,1266.16,,,,0,0
2025-07-01,Krush Media,Krush Media Web Video,1242.57,,,161.43,0,0
2025-04-01,Epsilon (Conversant),Conversant Philo CTV (125613),1242.31,,,,0,0
2025-07-01,Epsilon (Conversant),Conversant - Web - Open Auction - Video,1235.1,,,728.95,0,0
2025-04-01,DV360,Bidswitch - APP Display,1233.52,,,,0,0
2026-01-01,Viant,Viant - APP - 1st Price,1221.23,,,,0,0
2025-10-01,DV360,Bidswitch - MW - 1st Price (HB),1207.59,,,,0,0
2025-01-01,Adtelligent,Adtelligent - CTV (Fubo),1207.42,,,,0,0
2026-01-01,Marketing Architects -RTB,Marketing Architects - OTT,1201.4,,,,0,0
2025-01-01,Amazon DSP,Bidswitch - APP 1st Price,1193.0,,,,0,0
2025-10-01,StackAdapt,StackAdapt - Desktop - Open Auction,1187.45,,,,0,0
2025-01-01,Beeswax,Beeswax Deal - CTV - TEGNA,1140.89,,,,0,0
2025-01-01,Viant,Viant - Desktop - 1st Price,1131.24,,,,0,0
2026-01-01,Viant,Viant - APP,1129.34,,,,0,0
2025-04-01,Amobee,Amobee - Desktop/MW [Display],1124.71,,,,0,0
2025-10-01,Viant,Viant - APP,1120.89,,,,0,0
2026-04-01,Epsilon (Conversant),Conversant - InApp - Open Auction,1120.45,,462.35,,0,0
2025-07-01,Yahoo DSP,Yahoo - CTV - Open Auction- Efficiency Monitoring,1114.56,,,134.53,0,0
2025-10-01,Adtheorent,Ad Theorent - Desktop/MW Display,1095.4,,,,0,0
2026-04-01,DBM,SEEDTAG (DON'T USE),1094.53,,,,0,0
2025-10-01,Viant,Viant - Desktop [Display],1080.16,,,,0,0
2025-10-01,Viant,Viant - APP - 1st Price,1078.88,,,,0,0
2026-01-01,Walmart,TTD - APP [Display],1075.29,,,,0,0
2025-07-01,SmartyAds,SmartyAds - Web [Display],1072.47,,,479.83,0,0
2025-04-01,Storygize,Storygize - MW (1st Price),1071.02,,,,0,0
2025-01-01,SmartyAds,SmartyAds - (Seedtag),1066.66,,,,0,0
2025-04-01,Storygize,Storygize - Desktop (1st Price),1058.74,,,,0,0
2025-01-01,Amazon DSP,Bidswitch - MW - 1st Price (HB),1055.76,,,,0,0
2025-07-01,DV360,Bidswitch - MW - 1st Price (HB),1053.42,,,566.12,0,0
2025-07-01,SmartyAds,SmartyAds - CTV (Plex),1051.71,,,256.78,0,0
2025-07-01,Marketing Architects -RTB,Marketing Architects - OTT,1017.4,,,475.89,0,0
2025-07-01,Octillion,Octillion - CTV - Open,1014.84,,,262.22,0,0
2025-10-01,Walmart,TTD - Desktop - 1st Price (HB),1010.9,,,,0,0
2025-04-01,Beeswax,Beeswax - Display - Desktop/MW,1009.03,,,,0,0
2025-01-01,SmartyAds,SmartyAds - App [Display],1005.26,,,,0,0
2025-10-01,OnSpot Data,Bidswitch - CTV - 1st Price,1002.59,,,,0,0
2025-01-01,Amazon DSP,Bidswitch - APP,992.64,,,,0,0
2026-01-01,Viant,Viant - Desktop [Display],992.04,,,,0,0
2025-07-01,Yahoo DSP,Yahoo - Desktop MW - Open Auction - Efficiency Monitoring,986.57,,,224.43,0,0
2026-01-01,Walmart,TTD - APP,984.25,,,,0,0
2026-04-01,LoopMe,LoopMe DSP Lottery Campaign copy (deal mimic),978.97,,389.98,,0,0
2025-10-01,4INFO,4INFO - CTV - 1st Price,976.84,,,,0,0
2026-07-01,Sharethrough,Sharethrough Web (Open Auction),971.38,971.38,,,0,0
2026-07-01,GroundTruth,GroundTruth Video CTV,961.5,961.5,,,0,0
2026-07-01,Demandbase,DemandBase - CTV,898.95,898.95,,,0,0
2025-10-01,,The Smashing Machine,897.0,,,,0,0
2025-07-01,TheTradeDesk,TTD - CTV (Charter),887.27,,,279.64,0,0
2026-07-01,Viant,Viant - Desktop,874.65,874.65,,,0,0
2026-07-01,TheTradeDesk,TTD - MW - 1st Price (HB),870.07,870.07,,,0,0
2025-10-01,Epsilon (Conversant),Conversant - Web - Open Auction - Video,869.5,,,,0,0
2026-07-01,,TrueX FireTV Games ,863.16,863.16,,,0,0
2025-04-01,Octillion,Octillion - CTV - Open,862.48,,,,0,0
2026-07-01,SmartyAds,SmartyAds - CTV (1st Price),857.32,857.32,,,0,0
2025-10-01,Basis Technologies,Basis - CTV - oRTB - (Canada),854.34,,,,0,0
2026-04-01,,2605 - MGMPLUS - MAY 2026 - XCH - MGMP23448-13 - SERIES ,843.44,,,,0,0
2025-01-01,Yahoo DSP,Yahoo - CTV - Open Auction- Efficiency Monitoring,841.27,,,,0,0
2026-07-01,TheTradeDesk,TTD - MW [Display],840.91,840.91,,,0,0
2026-07-01,SmartyAds,SmartyAds - CTV (Plex),827.84,827.84,,,0,0
2025-10-01,,2511 - MGMPLUS - ROBIN HOOD PROMO - MGMPHD363301-01  (SERIES),826.72,,,,0,0
2025-07-01,Lemma DSP,Lemma DSP Inapp Video,820.17,,,579.89,0,0
2026-01-01,SundaySky,SundaySky - MW - 1st Price,817.59,,,,0,0
2026-07-01,Basis Technologies,Centro Display InApp,808.41,808.41,,,0,0
2025-01-01,Walmart,TTD - APP [Display],806.13,,,,0,0
2026-01-01,Epsilon (Conversant),Conversant - Web - Open Auction - Display,802.99,,,,0,0
2026-04-01,Infillion,Bidswitch - CTV - 1st Price,798.44,,450.42,,0,0
2026-04-01,Knorex,Bidswitch - CTV - 1st Price,792.46,,339.24,,0,0
2026-07-01,Viant,Viant - APP [Display],790.1,790.1,,,0,0
2025-01-01,Octillion,Octillion - CTV - Open,784.16,,,,0,0
2026-01-01,TheTradeDesk,TTD - CTV (UK) ,783.04,,,,0,0
2026-04-01,Basis Technologies,Centro Display Web,782.57,,354.78,,0,0
2025-04-01,DV360,Bidswitch - MW - 1st Price (HB),764.66,,,,0,0
2026-04-01,Basis Technologies,Basis - CTV - oRTB - (Canada),753.71,,512.75,,0,0
2025-10-01,Adtheorent,Ad Theorent - APP [Display],741.84,,,,0,0
2026-01-01,SmartyAds,SmartyAds - CTV (Samsung),741.8,,,,0,0
2025-07-01,Walmart,TTD - Desktop - 1st Price (HB),731.25,,,479.84,0,0
2026-07-01,DeepIntent,DeepIntent CTV OLV Demand,718.98,718.98,,,0,0
2025-01-01,Beeswax,Beeswax - CTV - Open Auction - Efficiency Monitoring,714.19,,,,0,0
2026-04-01,Viant,Viant - APP - 1st Price,712.45,,284.33,,0,0
2025-01-01,Amobee,Amobee - Desktop/MW - 1st price,706.09,,,,0,0
2025-04-01,LoopMe,LoopMe DSP Lottery Campaign copy (deal mimic),699.92,,,,0,0
2025-10-01,SimpliFi,SimpliFi - APP [Display],667.72,,,,0,0
2025-07-01,,TrueX FireTV Games ,667.26,,,199.86,0,0
2026-04-01,Beeswax,Beeswax UR Improvement Tier 3 (Low UR),648.74,,330.35,,0,0
2025-07-01,Epsilon (Conversant),Conversant - CTV - Open Auction (Charter),647.45,,,230.82,0,0
2025-07-01,535Media,535Media - oRTB CTV,644.87,,,644.87,0,0
2026-07-01,DV360,Bidswitch - Desktop [Display],639.96,639.96,,,0,0
2026-04-01,Viant,Viant - APP,630.87,,247.82,,0,0
2026-01-01,SundaySky,SundaySky - Desktop - 1st Price,629.35,,,,0,0
2025-10-01,GroundTruth,GroundTruth Video CTV - Efficiency Monitoring,619.07,,,,0,0
2026-04-01,TheTradeDesk,TTD - CTV (Charter),611.94,,208.66,,0,0
2025-04-01,IPONWEB BidCore,Bidswitch - CTV - 1st Price,604.86,,,,0,0
2025-01-01,SmartyAds,SmartyAds - Web Video,603.98,,,,0,0
2025-01-01,Walmart,TTD - APP,599.99,,,,0,0
2025-01-01,Krush Media,Krush Media Web Video,594.61,,,,0,0
2025-04-01,Beeswax,Beeswax Deal - CTV - TEGNA,594.5,,,,0,0
2025-01-01,Beeswax,Beeswax - Desktop/MW - Open Auction,590.27,,,,0,0
2025-07-01,GroundTruth,GroundTruth Video CTV - Efficiency Monitoring,583.55,,,125.98,0,0
2025-04-01,Walmart,TTD - Desktop - 1st Price (HB),583.31,,,,0,0
2025-01-01,Unruly,Unruly CTV Video,580.13,,,,0,0
2026-01-01,Knorex,Bidswitch - CTV - 1st Price,575.83,,,,0,0
2025-04-01,Epsilon (Conversant),Conversant Vizio CTV (203828),571.28,,,,0,0
2025-04-01,Beeswax,Beeswax - Desktop/MW - Open Auction,566.81,,,,0,0
2025-10-01,Epsilon (Conversant),Conversant - CTV - Open Auction (Charter),565.39,,,,0,0
2026-07-01,Viant,Viant - Desktop - 1st Price,563.29,563.29,,,0,0
2025-01-01,Yahoo DSP,Yahoo - In-App,557.31,,,,0,0
2025-07-01,Samsung DSP,Bidswitch - CTV - 1st Price,556.06,,,300.67,0,0
2025-07-01,SmartyAds,SmartyAds - Web [Display] (Allow List 9.7.21),543.52,,,116.38,0,0
2026-07-01,TheTradeDesk,TTD - Desktop [Display],539.83,539.83,,,0,0
2026-04-01,StackAdapt,StackAdapt - Desktop - Open Auction,539.68,,162.81,,0,0
2025-10-01,Knorex,Bidswitch - CTV - 1st Price,529.13,,,,0,0
2026-07-01,Walmart,TTD - APP [Display],523.18,523.18,,,0,0
2026-07-01,Amazon DSP,Bidswitch - APP,522.75,522.75,,,0,0
2025-10-01,TheTradeDesk,TTD - CTV (LATAM),517.21,,,,0,0
2026-01-01,StackAdapt,StackAdapt - Desktop - Open Auction,514.02,,,,0,0
2026-01-01,,2601 - MGMPLUS - JAN 2026 XCH - MGMP23424-13 - MOVIES,509.89,,,,0,0
2025-07-01,Yahoo DSP,Yahoo - In-App,507.39,,,87.7,0,0
2025-10-01,SimpliFi,SimpliFi - MW [Display],507.0,,,,0,0
2025-10-01,Walmart,TTD - APP,505.42,,,,0,0
2025-01-01,Amobee,Amobee - APP 1st Price,504.89,,,,0,0
2026-01-01,SmartyAds,SmartyAds - CTV (1st Price),499.06,,,,0,0
2025-04-01,Yahoo DSP,Yahoo - CTV - Open Auction- Efficiency Monitoring,496.28,,,,0,0
2025-10-01,Streamworx Lda.,Bidswitch - CTV - 1st Price,488.06,,,,0,0
2026-04-01,Viant,Viant - Desktop [Display],487.68,,223.32,,0,0
2026-07-01,Epsilon (Conversant),Conversant - InApp - Open Auction,484.07,484.07,,,0,0
2025-10-01,Walmart,TTD - CTV (1st Price),480.86,,,,0,0
2026-07-01,Lemma DSP,Lemma DSP CTV Ad,478.64,478.64,,,0,0
2026-07-01,,2607 - MGMPLUS - JULY XCH  - MGMP23457-13 - SERIES,478.44,478.44,,,0,0
2025-01-01,SimpliFi,SimpliFi - Seedtag,478.25,,,,0,0
2025-01-01,Viant,Viant - APP - 1st Price,476.59,,,,0,0
2025-04-01,SimpliFi,SimpliFi - CTV - 1st Price (Glewed),469.82,,,,0,0
2025-04-01,IPONWEB BidCore,Bidswitch - Seedtag,461.27,,,,0,0
2025-10-01,,2511 - MGMPLUS - ROBIN HOOD PROMO - MGMPHD363301-01 - MOVIES,457.34,,,,0,0
2026-04-01,Adtheorent,Ad Theorent - APP Video 1st Price,453.08,,111.48,,0,0
2026-04-01,,2606 - MGMPLUS - JUNE XCH - MGMP23455-13  -  SERIES,448.36,,,,0,0
2026-01-01,StackAdapt,StackAdapt - APP - Open Auction,448.02,,,,0,0
2026-01-01,OnSpot Data,Bidswitch - CTV - 1st Price,437.44,,,,0,0
2025-01-01,Metax,MetaX Paramount $10.11,435.51,,,,0,0
2025-01-01,The Media Sense,The Media Sense DSP CTV Ads Direct,430.26,,,,0,0
2025-04-01,DV360,Bidswitch - Desktop - 1st Price (HB),429.79,,,,0,0
2025-01-01,Walmart,TTD - Desktop [Display],428.89,,,,0,0
2025-10-01,SimpliFi,SimpliFi - Desktop [Display],427.23,,,,0,0
2026-04-01,Adtheorent,Ad Theorent - Desktop/MW Display,422.16,,131.24,,0,0
2026-01-01,,2601 - MGMPLUS - JAN 2026 XCH - MGMP23424-13 - SERIES,418.08,,,,0,0
2025-10-01,SmartyAds,SmartyAds - Web (Taboola),416.47,,,,0,0
2025-04-01,Quantcast,Bidswitch - Seedtag,415.97,,,,0,0
2026-04-01,,2605 - MGMPLUS - MAY 2026 - XCH - MGMP23448-13 - MOVIES,411.41,,,,0,0
2026-04-01,,"2605 - MGMPLUS - MAY 2026 - FROM S4 PROMO ""Lullabies"" - MGMPHDD363412 - SERIES",407.32,,262.73,,0,0
2025-04-01,Yahoo DSP,Yahoo - In-App,403.54,,,,0,0
2025-07-01,Streamworx Lda.,Bidswitch - CTV - 1st Price,400.47,,,72.97,0,0
2025-10-01,Metax,MetaX Paramount $10.11,397.91,,,,0,0
2026-04-01,Marketing Architects -RTB,Marketing Architects - CTV 1st Price - Roku Device Targeting Only,396.36,,277.59,,0,0
2025-04-01,Adtheorent,Ad Theorent - APP Video 1st Price,396.2,,,,0,0
2025-07-01,SmartyAds,SmartyAds - Web (Taboola),395.22,,,43.47,0,0
2026-04-01,Epsilon (Conversant),Conversant - Web - Open Auction - Display,388.71,,256.18,,0,0
2025-01-01,Walmart,TTD - MW [Display],377.51,,,,0,0
2025-07-01,,2507 - MGMPLUS - INSTITUTE S1 PROMO - SERIES - MGMPHD363209,367.33,,,367.33,0,0
2025-04-01,Beeswax,Beeswax - App - Open Auction,367.3,,,,0,0
2026-07-01,Basis Technologies,Centro Video InApp,367.22,367.22,,,0,0
2025-04-01,StackAdapt,StackAdapt - APP - Open Auction,359.99,,,,0,0
2026-04-01,Yahoo DSP,Verizon - CTV (Charter),359.44,,16.48,,0,0
2026-04-01,Amazon DSP,Bidswitch - Seedtag,354.27,,354.27,,0,0
2025-01-01,IQM,IQM - Display - Open Auction,351.72,,,,0,0
2025-01-01,Bidswitch,Bidswitch - Desktop - 1st Price (HB),348.37,,,,0,0
2026-04-01,,2604 - MGMPLUS - APRIL 2026 XCH - MGMP23440-13 - SERIES,345.49,,345.49,,0,0
2025-01-01,LoopMe,LoopMe DSP Lottery Campaign copy (deal mimic),344.83,,,,0,0
2025-07-01,Adtheorent,Ad Theorent - APP [Display],343.34,,,124.24,0,0
2026-04-01,Seedtag POC,SEEDTAG (DON'T USE),341.24,,9.06,,0,0
2025-04-01,Walmart,TTD - CTV (Charter),341.24,,,,0,0
2025-07-01,Walmart,TTD - CTV (LG Ads Only),339.63,,,320.78,0,0
2026-07-01,Viant,Viant - APP - 1st Price,336.44,336.44,,,0,0
2025-07-01,SmartyAds,SmartyAds - App (1st Price),332.0,,,39.11,0,0
2025-10-01,DV360,Bidswitch - APP 1st Price,331.63,,,,0,0
2025-04-01,Beeswax,Beeswax - CTV - Open Auction - Efficiency Monitoring,329.37,,,,0,0
2025-10-01,SmartyAds,SmartyAds - Web [Display],328.63,,,,0,0
2025-04-01,SmartyAds,SmartyAds - App [Display],328.05,,,,0,0
2026-07-01,StackAdapt,StackAdapt - Desktop - Open Auction,327.87,327.87,,,0,0
2026-07-01,Basis Technologies,Basis - CTV - oRTB - (Canada),322.66,322.66,,,0,0
2026-04-01,DV360,Bidswitch - Desktop [Display],322.46,,13.11,,0,0
2026-07-01,Viant,Viant - APP,322.38,322.38,,,0,0
2026-07-01,,IDVx Vizio $8 US,320.71,320.71,,,0,0
2025-01-01,IQM,IQM - Web Video - Open Auction,318.95,,,,0,0
2025-01-01,Samsung DSP,Bidswitch - CTV - 1st Price,314.76,,,,0,0
2026-01-01,Adtheorent,Ad Theorent - Desktop/MW Display,307.68,,,,0,0
2025-04-01,Walmart,TTD - Desktop [Display],307.58,,,,0,0
2026-07-01,Infillion,Bidswitch - CTV - 1st Price,298.88,298.88,,,0,0
2026-07-01,DV360,Bidswitch - CTV (Charter),295.49,295.49,,,0,0
2025-01-01,Yahoo DSP,Yahoo - Seedtag,292.22,,,,0,0
2025-01-01,DV360,Bidswitch - APP,288.97,,,,0,0
2026-04-01,Epsilon (Conversant),Conversant - Web - Open Auction - Video,288.13,,97.17,,0,0
2026-07-01,Amazon DSP,Bidswitch - APP 1st Price,286.76,286.76,,,0,0
2026-04-01,IQM,IQM - CTV - Open Auction,286.02,,117.87,,0,0
2026-01-01,Madopi,Bidswitch - Seedtag,284.29,,,,0,0
2025-10-01,,2512 - MGMPLUS - DECEMBER 2025 - ROBIN HOOD PP CRITICS PROMO - MGMPHD363339-01 - SERIES ,284.14,,,,0,0
2025-10-01,,2510 - MGMPLUS - BTK - S3  - Dead or Alive Promo - MGMPHD363273 - PP - (MOVIES),281.38,,,,0,0
2025-07-01,,2507 - MGMPLUS - INSTITUTE S1 PROMO - MOVIES - MGMPHD363209 ,280.3,,,280.3,0,0
2026-01-01,SmartyAds,SmartyAds - CTV (Plex),279.23,,,,0,0
2025-07-01,,2508 - MGMPLUS - AUG 2025 XCH - MGMP20323-10 - SERIES,278.72,,,156.36,0,0
2025-04-01,Samsung DSP,Bidswitch - CTV - 1st Price,278.48,,,,0,0
2025-10-01,,2511 - MGMPLUS - NOVEMBER XCH - MGMP23418-13 (SERIES),278.13,,,,0,0
2026-04-01,StackAdapt,StackAdapt - APP - Open Auction,276.96,,94.09,,0,0
2025-07-01,Adtelligent,Adtelligent - CTV (Fubo),276.13,,,61.07,0,0
2025-07-01,DV360,Bidswitch - CTV - 1st Price (Bundle 151908),275.01,,,61.56,0,0
2026-01-01,IQM,IQM - CTV - Open Auction,273.32,,,,0,0
2025-01-01,TheTradeDesk,TTD - APP - 1st Price,260.71,,,,0,0
2026-01-01,SmartyAds,SmartyAds - Web [Display],256.28,,,,0,0
2025-01-01,DV360,Bidswitch - APP 1st Price,254.46,,,,0,0
2025-10-01,,2512 - MGMPLUS - DECEMBER 2025 XCH - MGMP23419-11 - SERIES,253.18,,,,0,0
2025-10-01,,2510 - MGMPLUS - BTK S3 - Dead or Alive Promo - PP - MGMPHD363273 - (SERIES),253.18,,,,0,0
2026-04-01,SmartyAds,SmartyAds - CTV (Samsung),247.6,,180.41,,0,0
2025-07-01,Adtheorent,Ad Theorent - APP Video 1st Price,247.25,,,131.57,0,0
2026-07-01,TheTradeDesk,SEEDTAG (DON'T USE),246.18,246.18,,,0,0
2026-07-01,DV360,Bidswitch - MW [Display],245.83,245.83,,,0,0
2025-07-01,Zeta DSP,Bidswitch - CTV - 1st Price (Bundle 151908),244.65,,,71.93,0,0
2026-01-01,SmartyAds,SmartyAds - CTV (Paramount),244.1,,,,0,0
2025-10-01,Zeta DSP,Bidswitch - CTV - 1st Price (Bundle 151908),243.0,,,,0,0
2025-07-01,Basis Technologies,Basis - CTV - oRTB - (Canada),240.75,,,18.15,0,0
2026-01-01,Marketing Architects -RTB,Marketing Architects - CTV 1st Price (Hearst),238.91,,,,0,0
2025-07-01,,2508 - MGMPLUS - INSTITUTE S1 PROMO - MGMPHD363209 - SERIES,238.0,,,,0,0
2025-01-01,Epsilon (Conversant),Conversant - Web - Open Auction - Seedtag,235.25,,,,0,0
2026-07-01,Basis Technologies,Centro Display Web,235.06,235.06,,,0,0
2025-10-01,Walmart,TTD - MW - 1st Price (HB),234.38,,,,0,0
2025-04-01,Walmart,TTD - MW - 1st Price (HB),232.91,,,,0,0
2026-07-01,,2607 - MGMPLUS - JULY XCH - MGMP23457-13 - MOVIES,231.61,231.61,,,0,0
2025-07-01,Storygize,Storygize - Desktop (1st Price),230.87,,,230.87,0,0
2025-04-01,Walmart,TTD - MW [Display],229.78,,,,0,0
2025-10-01,Amazon DSP,Bidswitch - Desktop - 1st Price (HB),228.06,,,,0,0
2025-10-01,OnSpot Data,Bidswitch - Desktop - 1st Price (HB),227.99,,,,0,0
2026-04-01,Walmart,TTD - APP,225.88,,96.26,,0,0
2026-01-01,Krush Media,Krush Media Web Video,224.32,,,,0,0
2025-04-01,SmartyAds,SmartyAds - Web Video,224.15,,,,0,0
2026-04-01,DV360,Bidswitch - APP Display,224.08,,95.09,,0,0
2025-01-01,StackAdapt,StackAdapt - APP - Open Auction,223.21,,,,0,0
2025-01-01,DeepIntent,DeepIntent CTV OLV Demand,220.64,,,,0,0
2026-07-01,OnSpot Data,Bidswitch - CTV - 1st Price,219.24,219.24,,,0,0
2025-01-01,,2501-MGMPLUS - JAN 2025 XCH - MGMP2030015 - MOVIES,217.67,,,,0,0
2025-10-01,IQM,IQM - CTV - Open Auction,213.61,,,,0,0
2025-10-01,,2512 - MGMPLUS - DECEMBER 2025 - ROBIN HOOD PP CRITICS PROMO - MGMPHD363339-01 - MOVIES,213.52,,,,0,0
2026-07-01,TheTradeDesk,TTD - CTV (UK) ,211.17,211.17,,,0,0
2025-04-01,GroundTruth,GroundTruth Display,209.91,,,,0,0
2026-01-01,DV360,Bidswitch - Desktop [Display],209.17,,,,0,0
2025-01-01,SmartyAds,SmartyAds - App (1st Price),208.82,,,,0,0
2026-01-01,,2602 - MGMPLUS - FEB 2026 XCH - MGMP23430 - MOVIES,208.36,,,,0,0
2026-01-01,IPONWEB BidCore,Bidswitch - CTV - 1st Price,207.85,,,,0,0
2025-10-01,,2512 - MGMPLUS - DECEMBER 2025 XCH - MGMP23419-11 - MOVIES,206.72,,,,0,0
2025-07-01,,2508 - MGMPLUS - AUG 2025 XCH - MGMP20323-10 - MOVIES,206.31,,,121.68,0,0
2026-07-01,Knorex,Bidswitch - CTV - 1st Price,204.36,204.36,,,0,0
2025-07-01,,2509 - MGMPLUS - BILLY THE KID S3 TRAILER Cutdown - MGMPHD363273 - SERIES,204.19,,,,0,0
2026-07-01,AdElement,Bidswitch - MW [Display],202.52,202.52,,,0,0
2025-04-01,DV360,Bidswitch - CTV - 1st Price (Bundle 151908),202.43,,,,0,0
2025-01-01,,2501-MGMPLUS - JAN 2025 XCH - MGMP2030015 - SERIES,202.35,,,,0,0
2026-01-01,,0326 - MGMPLUS -  AMERICAN CLASSIC PROMO - MGMPHD363384 - MOVIES ,202.17,,,,0,0
2026-07-01,TheTradeDesk,TTD - APP - 1st Price,201.61,201.61,,,0,0
2025-07-01,DeepIntent,DeepIntent CTV OLV Demand,201.61,,,70.08,0,0
2025-07-01,StackAdapt,StackAdapt - APP - Open Auction,201.36,,,0.72,0,0
2025-10-01,Infillion,Bidswitch - Seedtag,200.17,,,,0,0
2025-07-01,Epsilon (Conversant),Conversant AMC CTV (205656),200.17,,,149.19,0,0
2026-04-01,DV360,Bidswitch - CTV (Charter),199.31,,85.43,,0,0
2025-10-01,StackAdapt,StackAdapt - APP - Open Auction,198.73,,,,0,0
2026-07-01,Adtheorent,Ad Theorent - Desktop/MW Display,196.84,196.84,,,0,0
2026-07-01,,2607 - MGMPLUS - WESTIES - PROMO A - Pre-Premiere - MGMPHD363429 - SERIES,196.36,196.36,,,0,0
2025-10-01,SimpliFi,SimpliFi - CTV - 1st Price (Glewed),196.04,,,,0,0
2025-04-01,Infillion,Bidswitch - CTV - 1st Price (Bundle 151908),194.4,,,,0,0
2026-01-01,Adtheorent,Ad Theorent - APP [Display],194.14,,,,0,0
2025-01-01,Streamworx Lda.,Bidswitch - CTV - 1st Price,193.9,,,,0,0
2025-07-01,Walmart,TTD - CTV (Charter),192.79,,,191.51,0,0
2026-04-01,DeepIntent,DeepIntent CTV OLV Demand,192.75,,107.94,,0,0
2026-07-01,DV360,Bidswitch - APP Display,190.88,190.88,,,0,0
2026-04-01,,2606 - MGMPLUS - WESTIES - Pre-Premiere Promo A -  MGMPHD363429 - MOVIES,189.0,,,,0,0
2026-04-01,Basis Technologies,Centro Video InApp,188.2,,120.64,,0,0
2025-01-01,MadHive,MadHive - APP - 1st Price,187.46,,,,0,0
2025-07-01,Epsilon (Conversant),Conversant Filmrise CTV (203765),184.23,,,122.91,0,0
2025-07-01,SmartyAds,SmartyAds - CTV (LG),183.53,,,160.89,0,0
2026-01-01,,0326 - MGMPLUS -  MARCH XCH - MGMP23433-13 - SERIES,183.12,,,,0,0
2026-01-01,Basis Technologies,Centro Video InApp,182.99,,,,0,0
2025-07-01,SmartyAds,SmartyAds - Web Video,182.46,,,53.78,0,0
2026-04-01,,"2605 - MGMPLUS - MAY 2026 - FROM S4 PROMO ""Lullabies"" - MGMPHDD363412 - MOVIES",181.82,,113.39,,0,0
2025-10-01,SmartyAds,SmartyAds - App (1st Price),180.76,,,,0,0
2025-01-01,Epsilon (Conversant),Conversant AMC CTV (205656),179.85,,,,0,0
2025-07-01,Walmart,TTD - MW - 1st Price (HB),175.43,,,119.12,0,0
2026-01-01,,0326 - MGMPLUS -  MARCH XCH - MGMP23433-13 - MOVIES,173.87,,,,0,0
2026-01-01,,2602 - MGMPLUS  - FEB XCH - MGMP23430-13 - SERIES,173.84,,,,0,0
2026-07-01,Zeta DSP,Bidswitch - Desktop - 1st Price (HB),171.72,171.72,,,0,0
2026-01-01,Sharethrough,Sharethrough CTV Video - Shamrock Farms Bundle Optimized,164.51,,,,0,0
2026-01-01,DV360,Bidswitch - Desktop - 1st Price (HB),163.99,,,,0,0
2025-10-01,SmartyAds,SmartyAds - Web Video,163.94,,,,0,0
2025-10-01,,2511 - MGMPLUS - NOVEMBER XCH - MGMP23418-13 - MOVIES,163.92,,,,0,0
2025-07-01,,2508 - MGMPLUS - INSTITUTE S1 PROMO - MGMPHD363209 - MOVIES,163.89,,,,0,0
2026-01-01,,2602 - MGMPLUS -  VANISHED Trailer - MGMPHD363360 - MOVIES,163.47,,,,0,0
2026-01-01,,2602 - MGMPLUS  - VANISHED Trailer - MGMPHD363360 - SERIES,163.08,,,,0,0
2025-10-01,IPONWEB BidCore,Bidswitch - CTV - 1st Price (Bundle 151908),162.02,,,,0,0
2025-10-01,SmartyAds,SmartyAds - (Seedtag),161.98,,,,0,0
2026-07-01,TheTradeDesk,TTD - CTV (LATAM),161.45,161.45,,,0,0
2025-01-01,Epsilon (Conversant),Conversant Vizio CTV (203828),159.9,,,,0,0
2025-04-01,Amobee,Amobee - Desktop/MW - 1st price,159.8,,,,0,0
2026-04-01,,2604 - MGMPLUS - AMERICAN CLASSIC PROMO - MGMPHD363418 - MOVIES,159.35,,159.35,,0,0
2025-04-01,OnSpot Data,Bidswitch - APP 1st Price,156.62,,,,0,0
2025-01-01,Epsilon (Conversant),Conversant Filmrise CTV (203765),156.3,,,,0,0
2025-07-01,,2509 - MGMPLUS - SEPT 2025 XCH - MGMP20329-12 - SERIES,155.62,,,,0,0
2025-07-01,Epsilon (Conversant),Conversant Philo CTV (125613) (b07bkpfxtj),154.17,,,119.05,0,0
2026-07-01,Basis Technologies,Centro Video Web (1st Price),152.53,152.53,,,0,0
2025-07-01,,2509 - MGMPLUS - SEPT 2025 XCH - MGMP20329-12 - MOVIES,152.27,,,,0,0
2026-07-01,Adtheorent,Ad Theorent - APP Video 1st Price,151.06,151.06,,,0,0
2026-01-01,DV360,Bidswitch - CTV - 1st Price (Bundle 151908),150.88,,,,0,0
2025-10-01,AdElement,Bidswitch - MW [Display],150.75,,,,0,0
2026-01-01,SmartyAds,SmartyAds - CTV (Canada),150.15,,,,0,0
2025-04-01,SmartyAds,SmartyAds - App (1st Price),149.99,,,,0,0
2025-04-01,Viant,Viant - Desktop - 1st Price,149.92,,,,0,0
2026-01-01,Krush Media,Krush Media Video - CTV Direct (700),149.09,,,,0,0
2025-04-01,SmartyAds,SmartyAds - CTV (LG),149.08,,,,0,0
2026-07-01,,2607 - MGMPLUS - WESTIES - PROMO A - Pre-Premiere - MGMPHD363429 - MOVIES,148.72,148.72,,,0,0
2025-04-01,Krush Media,Krush Media Web Video,147.93,,,,0,0
2026-07-01,Sharethrough,Sharethrough CTV Video - Shamrock Farms Bundle Optimized,145.42,145.42,,,0,0
2026-01-01,Samsung DSP,Bidswitch - CTV - 1st Price,145.35,,,,0,0
2025-07-01,,2509 - MGMPLUS - BILLY THE KID S3 TRAILER Cutdown - MGMPHD363273 (MOVIES),143.41,,,,0,0
2025-04-01,Epsilon (Conversant),Conversant AMC CTV (205656),141.39,,,,0,0
2026-04-01,,2604 - MGMPLUS - FROM S4 TRAILER - MGMPHD363410 - SERIES,140.29,,140.29,,0,0
2026-07-01,Viant,Viant - Desktop [Display],138.06,138.06,,,0,0
2025-10-01,Quantcast,Bidswitch - Desktop - 1st Price (HB),137.13,,,,0,0
2025-04-01,Epsilon (Conversant),Conversant Filmrise CTV (203765),134.41,,,,0,0
2025-04-01,OnSpot Data,Bidswitch - APP,133.4,,,,0,0
2026-04-01,SmartyAds,SmartyAds - CTV (Canada),131.29,,85.23,,0,0
2025-01-01,Epsilon (Conversant),Conversant Xumo CTV (203761),130.95,,,,0,0
2025-10-01,,2510 - MGMPLUS - OCTOBER XCH - MGMP20330-09 - (SERIES),130.32,,,,0,0
2025-04-01,Walmart,TTD - CTV (LG Ads Only),128.79,,,,0,0
2025-01-01,Unruly,Unruly Web 1st Price Video (Mobile Only),128.65,,,,0,0
2025-04-01,SmartyAds,SmartyAds - Web (Taboola),126.36,,,,0,0
2026-04-01,GroundTruth,GroundTruth Display,125.96,,62.3,,0,0
2026-04-01,SmartyAds,SmartyAds - CTV (1st Price),125.43,,65.9,,0,0
2026-04-01,,2606 - MGMPLUS - WESTIES PRE-PREMIERE - Promo A - MGMPHD363429 - SERIES,123.92,,,,0,0
2025-01-01,Amobee,Amobee - APP [Display],123.78,,,,0,0
2026-04-01,,2606 - MGMPLUS - JUNE 2026 XCH - MGMP23455-13 - MOVIES,123.71,,,,0,0
2025-10-01,SmartyAds,SmartyAds - CTV (LATAM),123.38,,,,0,0
2025-10-01,,2510 - MGMPLUS - OCTOBER XCH - MGMP20330-09 - (MOVIES),123.13,,,,0,0
2025-10-01,TheTradeDesk,TTD - APP - 1st Price,123.12,,,,0,0
2025-04-01,DeepIntent,DeepIntent CTV OLV Demand,122.96,,,,0,0
2025-04-01,Webeye,Bidswitch - APP Display,121.11,,,,0,0
2025-07-01,Infillion,Bidswitch - APP 1st Price,120.75,,,34.49,0,0
2026-01-01,,0326 - MGMPLUS - AMERICAN CLASSIC TRAILER - MGMPHD363384 - SERIES,118.69,,,,0,0
2026-01-01,SmartyAds,SmartyAds - CTV (Streaming Apps),118.18,,,,0,0
2025-01-01,IPONWEB BidCore,Bidswitch - Desktop [Display],118.03,,,,0,0
2025-01-01,Epsilon (Conversant),Conversant Philo CTV (202994),115.88,,,,0,0
2026-07-01,Lemma DSP,Lemma DSP Inapp Video,115.43,115.43,,,0,0
2025-04-01,IQM,IQM - Web Video - Open Auction,115.03,,,,0,0
2025-07-01,AdElement,Bidswitch - MW [Display],115.0,,,0.61,0,0
2026-01-01,Adtheorent,Ad Theorent - APP Video 1st Price,114.21,,,,0,0
2025-07-01,IQM,IQM - Web Video - Open Auction,113.12,,,54.13,0,0
2026-04-01,SmartClip,Philips_SC_Spain,112.84,,44.12,,0,0
2026-04-01,Walmart,TTD - Desktop - 1st Price (HB),109.27,,48.17,,0,0
2025-04-01,TheTradeDesk,TTD - APP - 1st Price,109.25,,,,0,0
2026-04-01,,2604 - MGMPLUS - APRIL 2026 XCH - MGMP23440-13 - MOVIES,108.71,,108.71,,0,0
2025-04-01,DeepIntent,DeepIntent Web/InApp Display,107.27,,,,0,0
2025-04-01,Marketing Architects -RTB,Marketing Architects - CTV 1st Price (Hearst),107.2,,,,0,0
2025-04-01,Epsilon (Conversant),Conversant Newsy  CTV (204776),106.77,,,,0,0
2025-01-01,Webeye,Bidswitch - APP Display,106.33,,,,0,0
2025-10-01,Cepia,Zhu Zhu Pets City November,105.87,,,,0,0
2025-10-01,Adtheorent,Ad Theorent - APP Video 1st Price,100.69,,,,0,0
2026-04-01,,2604 - MGMPLUS - AMERICAN CLASSIC PROMO - MGMPHD363418 - SERIES,100.68,,100.68,,0,0
2025-10-01,Infillion,Bidswitch - Desktop - 1st Price (HB),100.0,,,,0,0
2025-10-01,Samsung DSP,Bidswitch - CTV - 1st Price,99.84,,,,0,0
2026-07-01,,2608 - WESTIES Critics Promo - AUG 2026 - MGMPHD363486 - SERIES,99.42,99.42,,,0,0
2025-04-01,Epsilon (Conversant),Conversant Philo CTV (125613) (b07bkpfxtj),98.98,,,,0,0
2025-07-01,SimpliFi,SimpliFi - CTV - 1st Price (Glewed),98.55,,,47.6,0,0
2025-04-01,Epsilon (Conversant),Conversant Haystack CTV (204774),98.35,,,,0,0
2026-01-01,SmartyAds,SmartyAds - CTV (LATAM),97.88,,,,0,0
2025-04-01,Krush Media,Krush Media Web Display,97.57,,,,0,0
2025-01-01,Quantcast,Bidswitch - Desktop - 1st Price (HB),96.91,,,,0,0
2025-07-01,,2507 - MGMPLUS - JULY XCH - MOVIES - MGMPHD20311-12,96.53,,,96.53,0,0
2026-07-01,Yahoo DSP,Verizon - CTV (Charter),96.09,96.09,,,0,0
2025-01-01,Epsilon (Conversant),Conversant Haystack CTV (204774),95.11,,,,0,0
2025-10-01,Cepia,Zhu Zhu Pets City October 2025,91.79,,,,0,0
2025-07-01,Knorex,Bidswitch - CTV - 1st Price,91.76,,,15.31,0,0
2026-01-01,Metax,MetaX Paramount $10.11,91.06,,,,0,0
2026-07-01,Beeswax,Beeswax UR Improvement Tier 3 (Low UR),90.83,90.83,,,0,0
2025-07-01,Amazon DSP,Bidswitch - APP,90.81,,,7.92,0,0
2025-07-01,Knorex,Bidswitch - Seedtag,90.61,,,,0,0
2025-10-01,Yahoo DSP,Verizon - CTV (Charter),88.87,,,,0,0
2025-04-01,Streamworx Lda.,Bidswitch - CTV - 1st Price,88.68,,,,0,0
2025-07-01,,2507 - MGMPLUS - JULY XCH - SERIES - MGMPHD20311-12,88.06,,,88.06,0,0
2026-07-01,Octillion,Octillion - CTV - Open,87.71,87.71,,,0,0
2025-07-01,Epsilon (Conversant),Conversant Philo CTV (202994),87.1,,,61.79,0,0
2025-01-01,Zeta DSP,Bidswitch - CTV - 1st Price (Bundle 151908),86.35,,,,0,0
2026-04-01,Madopi,Bidswitch - CTV - 1st Price,84.8,,0.05,,0,0
2025-04-01,Epsilon (Conversant),Conversant Philo CTV (202994),83.24,,,,0,0
2025-10-01,DeepIntent,DeepIntent Web/InApp Display,83.13,,,,0,0
2025-04-01,Epsilon (Conversant),Conversant Newsy  CTV (204775),81.8,,,,0,0
2025-04-01,Infillion,Bidswitch - APP 1st Price,81.75,,,,0,0
2026-07-01,GroundTruth,Seedtag,80.85,80.85,,,0,0
2025-04-01,Adtelligent,Adtelligent - CTV (Fubo),80.84,,,,0,0
2025-07-01,Epsilon (Conversant),Conversant Newsy  CTV (204776),80.55,,,49.82,0,0
2026-04-01,,2604 - MGMPLUS - FROM S4 TRAILER - MGMPHD363410 - MOVIES,79.41,,79.41,,0,0
2025-04-01,SmartyAds,SmartyAds - CTV (Vizio),79.19,,,,0,0
2025-07-01,Cepia,Zhu Zhu Pets City,79.06,,,79.06,0,0
2026-07-01,,2608 - WESTIES Critics Promo - AUG 2026 - MGMPHD363486 - MOVIES,78.53,78.53,,,0,0
2026-07-01,Marketing Architects -RTB,Marketing Architects - OTT,78.32,78.32,,,0,0
2025-04-01,Cepia,Zhu Zhu Pets Animal City,77.74,,,,0,0
2026-04-01,,IDVx Vizio $8 US,77.55,,40.91,,0,0
2025-10-01,Marketing Architects -RTB,Marketing Architects - CTV 1st Price (Hearst),77.21,,,,0,0
2026-07-01,Amazon DSP,Bidswitch - Desktop - 1st Price (HB),76.97,76.97,,,0,0
2025-07-01,SmartyAds,SmartyAds - App [Display],76.95,,,55.4,0,0
2025-04-01,IPONWEB BidCore,Bidswitch - MW [Display],76.84,,,,0,0
2026-01-01,Walmart,TTD - Desktop [Display],76.35,,,,0,0
2025-07-01,DeepIntent,DeepIntent Web/InApp Display,76.21,,,46.32,0,0
2026-07-01,Walmart,TTD - APP,75.53,75.53,,,0,0
2025-04-01,Amobee,Amobee - APP [Display],74.35,,,,0,0
2026-07-01,Zeta DSP,Bidswitch - APP 1st Price,74.0,74.0,,,0,0
2025-01-01,Knorex,Bidswitch - APP Display,72.33,,,,0,0
2025-10-01,GroundTruth,GroundTruth Display,72.33,,,,0,0
2025-10-01,DV360,Bidswitch - Desktop [Display],72.01,,,,0,0
2026-01-01,DV360,Bidswitch - MW - 1st Price (HB),71.12,,,,0,0
2025-01-01,Infillion,Bidswitch - CTV - 1st Price (Bundle 151908),70.95,,,,0,0
2026-01-01,Yahoo DSP,Verizon - CTV (Charter),70.89,,,,0,0
2025-01-01,Walmart,TTD - MW - 1st Price (HB),69.95,,,,0,0
2026-07-01,Zeta DSP,Bidswitch - APP,68.96,68.96,,,0,0
2025-07-01,Marketing Architects -RTB,Marketing Architects - CTV 1st Price (Hearst),68.7,,,45.53,0,0
2025-07-01,Walmart,TTD - MW [Display],67.87,,,39.44,0,0
2025-01-01,Unruly,Unruly Web Display (Mobile Only),67.54,,,,0,0
2025-01-01,Krush Media,Krush Media Web Display,67.53,,,,0,0
2025-04-01,Yahoo DSP,Verizon - CTV (Charter),66.54,,,,0,0
2025-04-01,Sharethrough,Sharethrough CTV Video - Targeting away from Not Approved list,66.39,,,,0,0
2025-01-01,Walmart,TTD - CTV (Charter),66.27,,,,0,0
2025-04-01,Epsilon (Conversant),Conversant Philo Android CTV (202995),66.2,,,,0,0
2025-04-01,Epsilon (Conversant),Conversant Newsy CTV (203803),66.12,,,,0,0
2026-01-01,Epsilon (Conversant),Conversant - Web - Open Auction - Video,65.84,,,,0,0
2025-10-01,SmartyAds,SmartyAds - Web [Display] (Allow List 9.7.21),64.36,,,,0,0
2026-07-01,IQM,IQM - CTV - Open Auction,63.42,63.42,,,0,0
2026-04-01,Marketing Architects -RTB,Marketing Architects - OTT,62.25,,11.99,,0,0
2026-01-01,Infillion,Bidswitch - Seedtag,60.72,,,,0,0
2025-01-01,Quantcast,Bidswitch - Seedtag,59.66,,,,0,0
2025-07-01,Storygize,Storygize - MW (1st Price),59.48,,,59.48,0,0
2025-04-01,Infillion,Bidswitch - APP Display,58.78,,,,0,0
2025-04-01,Knorex,Bidswitch - CTV - 1st Price,58.77,,,,0,0
2025-04-01,Zeta DSP,Bidswitch - CTV - 1st Price (Bundle 151908),58.01,,,,0,0
2025-07-01,GroundTruth,GroundTruth Display,57.25,,,23.67,0,0
2025-04-01,SmartyAds,SmartyAds - CTV (Plex),57.03,,,,0,0
2026-04-01,Krush Media,Krush Media Web Display,56.54,,41.58,,0,0
2026-04-01,StackAdaptDSP,SEEDTAG (DON'T USE),55.75,,,,0,0
2026-04-01,Samsung DSP,Bidswitch - CTV - 1st Price,55.73,,27.55,,0,0
2025-07-01,IQM,IQM - CTV - Open Auction,55.66,,,25.38,0,0
2026-04-01,GroundTruth,GroundTruth Video CTV - Efficiency Monitoring,55.45,,7.68,,0,0
2026-01-01,DV360,Bidswitch - MW [Display],54.76,,,,0,0
2025-01-01,,TrueX FireTV Games ,54.4,,,,0,0
2026-04-01,Streamworx Lda.,Bidswitch - CTV - 1st Price,54.21,,54.2,,0,0
2025-01-01,Adtheorent,Ad Theorent - CTV (LQPS Audit),54.16,,,,0,0
2025-01-01,MadHive,Madhive - Desktop,53.79,,,,0,0
2025-07-01,Epsilon (Conversant),Conversant Haystack CTV (204774),53.72,,,22.99,0,0
2026-04-01,TheTradeDesk,TTD - APP - 1st Price,53.69,,11.5,,0,0
2025-07-01,Epsilon (Conversant),Conversant Newsy CTV (203803),53.5,,,34.45,0,0
2026-04-01,Adtheorent,Ad Theorent - APP [Display],53.21,,41.47,,0,0
2025-07-01,Webeye,Bidswitch - APP Display,52.93,,,23.85,0,0
2026-04-01,Walmart,TTD - MW [Display],52.15,,27.04,,0,0
2026-07-01,StackAdapt,StackAdapt - APP - Open Auction,51.94,51.94,,,0,0
2025-07-01,Amazon DSP,Bidswitch - Desktop - 1st Price (HB),51.63,,,0.37,0,0
2025-01-01,Epsilon (Conversant),Conversant AMC CTV (205656) (G15147002586),51.4,,,,0,0
2025-07-01,Yahoo DSP,Verizon - CTV (Charter),51.35,,,38.16,0,0
2025-04-01,Adtheorent,Ad Theorent - CTV (LQPS Audit),50.01,,,,0,0
2025-07-01,Epsilon (Conversant),Conversant Newsy  CTV (204775),49.74,,,31.74,0,0
2026-04-01,DeepIntent,DeepIntent Web/InApp Display,49.44,,1.19,,0,0
2025-01-01,Epsilon (Conversant),Conversant Philo CTV (125613) (b07bkpfxtj),49.35,,,,0,0
2026-07-01,SmartClip,Philips_SC_Spain,48.16,48.16,,,0,0
2025-04-01,Epsilon (Conversant),Conversant Xumo CTV (203761),47.58,,,,0,0
2026-01-01,Walmart,TTD - MW [Display],46.7,,,,0,0
2025-10-01,SimpliFi,SimpliFi - Seedtag,46.47,,,,0,0
2025-07-01,,WINGSTOP LIGAMX FEMENIL_SEP_25,46.42,,,,0,0
2026-04-01,Walmart,TTD - Desktop [Display],46.37,,31.48,,0,0
2025-07-01,SmartyAds,SmartyAds - CTV (Vizio),46.0,,,11.49,0,0
2025-10-01,Infillion,Bidswitch - CTV - 1st Price (Bundle 151908),45.3,,,,0,0
2025-01-01,Walmart,TTD - CTV (LG Ads Only),45.15,,,,0,0
2025-04-01,MadHive,Madhive - Desktop,43.72,,,,0,0
2026-04-01,OnSpot Data,Bidswitch - CTV (Charter),43.58,,19.1,,0,0
2025-04-01,Infillion,Bidswitch - APP,43.33,,,,0,0
2025-01-01,Unruly,Unruly Web Display (Desktop Only),42.57,,,,0,0
2025-07-01,AdElement,Bidswitch - Desktop [Display],42.23,,,,0,0
2025-01-01,Epsilon (Conversant),Conversant Newsy  CTV (204776),42.22,,,,0,0
2025-01-01,DeepIntent,DeepIntent Web/InApp Display,42.16,,,,0,0
2025-04-01,Epsilon (Conversant),Conversant AMC CTV (205656) (G15147002586),41.81,,,,0,0
2025-10-01,Adtelligent,Adtelligent - CTV (Fubo),41.44,,,,0,0
2025-10-01,DV360,Bidswitch - MW [Display],41.24,,,,0,0
2026-07-01,Marketing Architects -RTB,Marketing Architects - CTV 1st Price - Roku Device Targeting Only,40.79,40.79,,,0,0
2026-01-01,Knorex,Bidswitch - Seedtag,39.14,,,,0,0
2025-07-01,Epsilon (Conversant),Conversant Future Today CTV (225478),37.98,,,17.4,0,0
2025-01-01,Epsilon (Conversant),Conversant Newsy  CTV (204775),37.36,,,,0,0
2026-04-01,Walmart,TTD - MW - 1st Price (HB),37.17,,9.78,,0,0
2026-01-01,AdElement,Bidswitch - MW [Display],36.49,,,,0,0
2025-01-01,Epsilon (Conversant),Conversant Future Today CTV (225478),36.39,,,,0,0
2025-04-01,Amobee,Amobee - APP 1st Price,36.36,,,,0,0
2025-01-01,Infillion,Bidswitch - Desktop [Display],35.5,,,,0,0
2025-01-01,Walmart,TTD - Desktop - 1st Price (HB),35.3,,,,0,0
2025-07-01,Epsilon (Conversant),Conversant AMC CTV (205656) (G15147002586),35.19,,,23.8,0,0
2025-04-01,Infillion,Bidswitch - Desktop [Display],35.16,,,,0,0
2025-04-01,Metax,MetaX Paramount $10.11,35.14,,,,0,0
2025-04-01,Streamworx Lda.,Bidswitch - Seedtag,34.81,,,,0,0
2026-07-01,SmartyAds,SmartyAds - CTV (Samsung),34.73,34.73,,,0,0
2025-04-01,Epsilon (Conversant),Conversant Future Today CTV (225478),34.35,,,,0,0
2026-04-01,SmartyAds,SmartyAds - CTV (Paramount),34.29,,19.13,,0,0
2025-01-01,Epsilon (Conversant),Conversant Cheddar CTV (225831),34.01,,,,0,0
2025-10-01,OnSpot Data,Bidswitch - CTV - 1st Price (Bundle 151908),33.27,,,,0,0
2025-01-01,IPONWEB BidCore,Bidswitch - MW [Display],33.04,,,,0,0
2025-04-01,Viant,Viant - MW - 1st Price,32.13,,,,0,0
2025-04-01,Inspiritum,Bidswitch - MW [Display],31.1,,,,0,0
2025-01-01,Beeswax,Beeswax - CTV - Open Auction (Charter Political),31.03,,,,0,0
2025-07-01,Epsilon (Conversant),Conversant Philo Android CTV (202995),30.4,,,20.12,0,0
2025-10-01,Adtheorent,Ad Theorent - Desktop Video (LQPS Audit),30.13,,,,0,0
2026-07-01,Equativ,Seedtag,29.98,29.98,,,0,0
2025-10-01,IQM,IQM - Web Video - Open Auction,29.96,,,,0,0
2026-01-01,Krush Media,Krush Media Web Display,29.96,,,,0,0
2025-07-01,DV360,Bidswitch - APP Display,29.87,,,23.16,0,0
2026-04-01,Madopi,Bidswitch - Seedtag,29.77,,29.77,,0,0
2026-04-01,Metax,MetaX Paramount $10.11,29.48,,16.93,,0,0
2026-04-01,Infillion,Bidswitch - APP 1st Price,29.36,,29.09,,0,0
2025-07-01,Infillion,Bidswitch - Seedtag,29.34,,,8.25,0,0
2025-04-01,IPONWEB BidCore,Bidswitch - Desktop [Display],29.25,,,,0,0
2026-01-01,Quantcast,Bidswitch - Desktop - 1st Price (HB),29.18,,,,0,0
2025-01-01,OnSpot Data,Bidswitch - APP 1st Price,29.01,,,,0,0
2026-01-01,Zeta DSP,Bidswitch - CTV - 1st Price (Bundle 151908),28.87,,,,0,0
2025-10-01,,FS_VD_WINGSTOP_LIGAMX_OCT25,28.45,,,,0,0
2026-07-01,DeepIntent,DeepIntent Web/InApp Display,27.98,27.98,,,0,0
2025-07-01,Infillion,Bidswitch - APP Display,27.79,,,0.45,0,0
2025-01-01,Streamworx Lda.,Bidswitch - Desktop [Display],27.78,,,,0,0
2025-07-01,Walmart,TTD - Desktop [Display],27.7,,,16.27,0,0
2025-01-01,Aceex,Aceex - (Samsung) CTV,27.61,,,,0,0
2025-04-01,OMG,Zhu Zhu Pets Animal City,27.43,,,,0,0
2025-01-01,Epsilon (Conversant),Conversant Newsy CTV (203803),27.12,,,,0,0
2025-10-01,Lemma DSP,Lemma DSP CTV Ad (COPPA),26.99,,,,0,0
2025-01-01,OnSpot Data,Bidswitch - APP,26.31,,,,0,0
2025-01-01,Viant,Viant - MW - 1st Price,26.31,,,,0,0
2026-07-01,Walmart,TTD - Desktop - 1st Price (HB),25.95,25.95,,,0,0
2026-04-01,Equative,Equative CTV Video (copy),25.77,,,,0,0
2025-04-01,IQM,IQM - CTV - Open Auction,24.97,,,,0,0
2026-01-01,TheTradeDesk,TTD - APP - 1st Price,24.73,,,,0,0
2026-07-01,Walmart,TTD - MW [Display],24.53,24.53,,,0,0
2026-01-01,IQM,IQM - Web Video - Open Auction,24.48,,,,0,0
2025-10-01,SmartyAds,SmartyAds - CTV (Vizio),24.44,,,,0,0
2026-04-01,Krush Media,Krush Media Web Video,24.17,,20.88,,0,0
2025-01-01,IQM,IQM - CTV - Open Auction,24.02,,,,0,0
2026-07-01,Krush Media,Krush Media Web Display,23.24,23.24,,,0,0
2025-01-01,Knorex,Bidswitch - Desktop [Display],22.99,,,,0,0
2025-01-01,Epsilon (Conversant),Conversant Philo Android CTV (202995),22.96,,,,0,0
2026-07-01,SmartyAds,SmartyAds - CTV (Paramount),22.83,22.83,,,0,0
2025-04-01,IPONWEB BidCore,Bidswitch - MW - 1st Price (HB),22.36,,,,0,0
2026-01-01,Infillion,Bidswitch - APP 1st Price,22.06,,,,0,0
2026-07-01,Epsilon (Conversant),Conversant - Web - Open Auction - Display,22.01,22.01,,,0,0
2025-01-01,OnSpot Data,Bidswitch - CTV (Charter),21.5,,,,0,0
2026-01-01,OnSpot Data,Bidswitch - APP 1st Price,21.22,,,,0,0
2025-10-01,Cepia,Mighty Wheels November 2025,21.08,,,,0,0
2026-01-01,Infillion,Bidswitch - APP,21.06,,,,0,0
2025-07-01,,0,20.94,,,9.84,0,0
2026-07-01,Walmart,TTD - MW - 1st Price (HB),20.91,20.91,,,0,0
2025-07-01,Infillion,Bidswitch - Desktop - 1st Price (HB),20.82,,,0.36,0,0
2025-10-01,Cepia,Mighty Wheels October 2025,20.79,,,,0,0
2026-07-01,DV360,Bidswitch - CTV (AMC),20.75,20.75,,,0,0
2025-04-01,The Media Sense,The Media Sense DSP CTV Ads Direct,20.72,,,,0,0
2025-10-01,Walmart,TTD - MW [Display],20.57,,,,0,0
2026-04-01,DV360,Bidswitch - MW [Display],20.55,,3.16,,0,0
2026-04-01,SmartyAds,SmartyAds - CTV (LATAM),18.98,,4.46,,0,0
2025-10-01,Cepia,Mighty Wheels December 2025,18.88,,,,0,0
2026-07-01,Knorex,Bidswitch - CTV (Charter),18.83,18.83,,,0,0
2025-07-01,MadHive,Madhive - Desktop,18.75,,,16.48,0,0
2026-01-01,Webeye,Bidswitch - APP Display,18.65,,,,0,0
2026-01-01,GroundTruth,GroundTruth Video CTV - Efficiency Monitoring,18.46,,,,0,0
2026-01-01,OnSpot Data,Bidswitch - APP,18.39,,,,0,0
2025-10-01,Amazon DSP,Bidswitch - APP,18.34,,,,0,0
2025-07-01,IQM,IQM - Display - Open Auction,18.32,,,8.07,0,0
2025-01-01,Sharethrough,Sharethrough CTV Video,18.17,,,,0,0
2026-04-01,SmartyAds,SmartyAds - CTV (Streaming Apps),18.05,,11.6,,0,0
2025-10-01,Walmart,TTD - Desktop [Display],18.01,,,,0,0
2025-07-01,Infillion,Bidswitch - MW - 1st Price (HB),17.96,,,3.23,0,0
2025-07-01,Epsilon (Conversant),Conversant Xumo CTV (203761),17.91,,,7.5,0,0
2025-07-01,Bidswitch,Bidswitch - CTV - 1st Price,17.9,,,0.0,0,0
2025-01-01,Amazon DSP,Bidswitch - Desktop - 1st Price (HB),17.67,,,,0,0
2025-07-01,OnSpot Data,Bidswitch - CTV - 1st Price (Bundle 151908),17.49,,,2.81,0,0
2025-01-01,Epsilon (Conversant),Conversant Future Today CTV (225474),17.03,,,,0,0
2025-01-01,Streamworx Lda.,Bidswitch - MW [Display],16.88,,,,0,0
2026-01-01,GroundTruth,GroundTruth Display,16.86,,,,0,0
2025-10-01,AdElement,Bidswitch - Desktop [Display],16.75,,,,0,0
2025-04-01,Amazon DSP,Bidswitch - Desktop - 1st Price (HB),15.92,,,,0,0
2026-04-01,Knorex,Bidswitch - Seedtag,15.52,,15.52,,0,0
2026-07-01,Walmart,TTD - Desktop [Display],15.4,15.4,,,0,0
2025-07-01,MadHive,MadHive - APP - 1st Price,15.39,,,12.2,0,0
2025-04-01,Epsilon (Conversant),Conversant Future Today CTV (225474),15.2,,,,0,0
2026-04-01,AdElement,Bidswitch - Desktop [Display],15.02,,2.17,,0,0
2025-10-01,SmartyAds,SmartyAds - CTV (LG),14.69,,,,0,0
2026-04-01,DV360,Bidswitch - CTV (AMC),14.66,,0.93,,0,0
2025-07-01,OnSpot Data,Bidswitch - Desktop [Display],14.65,,,3.07,0,0
2025-07-01,SmartyAds,SmartyAds - CTV (Fubo),14.64,,,10.49,0,0
2025-10-01,Bidswitch,Bidswitch - CTV - 1st Price,14.51,,,,0,0
2026-07-01,RtbHouse,Seedtag,14.45,14.45,,,0,0
2025-10-01,Samsung DSP,Bidswitch - CTV - 1st Price (Bundle 151908),14.25,,,,0,0
2025-07-01,Viant,AOD Deal - Viant - Cannabis Allowed ,14.18,,,14.18,0,0
2025-10-01,DV360,Bidswitch - CTV (AMC),14.06,,,,0,0
2026-07-01,GroundTruth,SEEDTAG (DON'T USE),14.01,14.01,,,0,0
2026-01-01,SmartyAds,SmartyAds - Web (Taboola),13.63,,,,0,0
2025-01-01,Yahoo DSP,Verizon - CTV (Charter),13.61,,,,0,0
2025-01-01,Amazon DSP,Bidswitch - Seedtag,13.59,,,,0,0
2025-01-01,Epsilon (Conversant),Conversant Newsy CTV (202814),13.57,,,,0,0
2026-01-01,Walmart,TTD - Desktop - 1st Price (HB),13.22,,,,0,0
2026-01-01,SmartClip,Philips_SC_Spain,13.22,,,,0,0
2026-07-01,Metax,MetaX A&amp;E Networks $16,13.2,13.2,,,0,0
2025-07-01,Inspiritum,Bidswitch - MW [Display],13.01,,,7.4,0,0
2025-10-01,DV360,Bidswitch - APP Display,12.97,,,,0,0
2025-04-01,Streamworx Lda.,Bidswitch - MW [Display],12.84,,,,0,0
2025-01-01,Zeta DSP,Bidswitch - APP 1st Price,12.69,,,,0,0
2025-01-01,Streamworx Lda.,Bidswitch - Desktop - 1st Price (HB),12.56,,,,0,0
2026-04-01,OnSpot Data,Bidswitch - APP 1st Price,12.54,,12.09,,0,0
2025-01-01,IPONWEB BidCore,Bidswitch - APP Display,12.2,,,,0,0
2025-07-01,Samsung DSP,Bidswitch - CTV - 1st Price (Bundle 151908),12.19,,,4.44,0,0
2025-04-01,Stirista,Stirista - Open Auction - OLV (InApp),12.19,,,,0,0
2025-10-01,Webeye,Bidswitch - APP Display,12.11,,,,0,0
2025-04-01,Knorex,Bidswitch - APP Display,12.09,,,,0,0
2025-01-01,MadHive,Madhive - MW,11.95,,,,0,0
2025-01-01,Epsilon (Conversant),Conversant Happy Kids CTV (223878) (Bundle ID 32614),11.9,,,,0,0
2025-01-01,Quantcast,Bidswitch - MW - 1st Price (HB),11.9,,,,0,0
2025-07-01,DV360,Bidswitch - APP,11.87,,,9.87,0,0
2026-04-01,Krush Media,Krush Media Video - CTV Direct (700),11.86,,7.5,,0,0
2026-04-01,AdIngenious,Bidswitch - APP Display,11.72,,,,0,0
2025-07-01,TheTradeDesk,TTD - APP - 1st Price,11.66,,,3.55,0,0
2025-04-01,Epsilon (Conversant),Conversant Newsy CTV (202814),11.58,,,,0,0
2025-04-01,MadHive,MadHive - APP - 1st Price,11.49,,,,0,0
2025-04-01,Knorex,Bidswitch - Desktop [Display],11.42,,,,0,0
2025-07-01,Epsilon (Conversant),Conversant Newsy CTV (202814),11.38,,,5.96,0,0
2025-07-01,Cepia,Mighty Wheels August 2025,11.36,,,,0,0
2025-10-01,Krush Media,Krush Media Web Display,11.24,,,,0,0
2025-01-01,Lowbrow Customs,LowBrow_30Sec_#1,11.22,,,,0,0
2025-07-01,Infillion,Bidswitch - APP,11.2,,,0.55,0,0
2025-04-01,Epsilon (Conversant),Conversant Future Today CTV (225473),11.12,,,,0,0
2025-04-01,DV360,Bidswitch - CTV (AMC),11.1,,,,0,0
2026-07-01,Metax,MetaX Paramount $10.11,11.06,11.06,,,0,0
2026-04-01,IQM,IQM - Web Video - Open Auction,11.05,,8.13,,0,0
2025-01-01,,0,10.99,,,,0,0
2025-10-01,DV360,Bidswitch - APP,10.81,,,,0,0
2025-07-01,Epsilon (Conversant),Conversant Future Today CTV (225474),10.73,,,6.22,0,0
2025-10-01,Infillion,Bidswitch - APP 1st Price,10.71,,,,0,0
2026-04-01,Metax,MetaX A&amp;E Networks $16,10.65,,1.05,,0,0
2026-07-01,GroundTruth,GroundTruth Video CTV - Efficiency Monitoring,10.51,10.51,,,0,0
2025-01-01,Adtheorent,Ad Theorent - MW (LQPS Audit),10.48,,,,0,0
2025-07-01,Cepia,Mighty Wheels September 2025,10.45,,,,0,0
2026-04-01,GroundTruth,SEEDTAG (DON'T USE),10.41,,,,0,0
2026-04-01,OnSpot Data,Bidswitch - APP,10.37,,9.98,,0,0
2026-04-01,AdElement,Bidswitch - MW [Display],10.33,,0.5,,0,0
2025-04-01,IQM,IQM - Display - Open Auction,10.27,,,,0,0
2026-07-01,Equative,Equative CTV Video (copy),10.23,10.23,,,0,0
2026-04-01,Webeye,Bidswitch - APP Display,10.18,,5.17,,0,0
2025-10-01,OnSpot Data,Bidswitch - APP 1st Price,10.1,,,,0,0
2025-04-01,Viant,AOD Deal - Viant - Cannabis Allowed ,9.82,,,,0,0
2025-01-01,Bidswitch,Bidswitch - MW - 1st Price (HB),9.75,,,,0,0
2025-01-01,Walmart,TTD - Seedtag - Pub ID Swap Test,9.69,,,,0,0
2025-01-01,Epsilon (Conversant),Conversant Future Today CTV (225473),9.47,,,,0,0
2026-07-01,SmartyAds,SmartyAds - CTV (Canada),9.14,9.14,,,0,0
2025-10-01,Madopi,Bidswitch - Seedtag,9.11,,,,0,0
2026-07-01,Equative,Equative CTV Main,9.06,9.06,,,0,0
2026-07-01,SmartyAds,SmartyAds - CTV (Streaming Apps),8.81,8.81,,,0,0
2026-04-01,Equative,Equative CTV Main,8.73,,,,0,0
2026-04-01,Marketing Architects -RTB,Marketing Architects - CTV 1st Price (Hearst),8.55,,8.55,,0,0
2025-07-01,Cepia,Mighty Wheels September 2025 Dub01,8.55,,,,0,0
2025-10-01,Infillion,Bidswitch - APP,8.5,,,,0,0
2025-01-01,Bidswitch,Bidswitch - Seedtag,8.44,,,,0,0
2025-01-01,Epsilon (Conversant),Conversant NBC CTV (203766),8.22,,,,0,0
2025-01-01,IPONWEB BidCore,Bidswitch - Seedtag,7.83,,,,0,0
2025-01-01,Quantcast,Bidswitch - Desktop [Display],7.78,,,,0,0
2025-01-01,Infillion,Bidswitch - MW [Display],7.77,,,,0,0
2025-01-01,Unruly,Unruly Web 1st Price Video (Desktop Only),7.67,,,,0,0
2025-04-01,Epsilon (Conversant),Conversant Happy Kids CTV (223878) (Bundle ID 32614),7.66,,,,0,0
2025-07-01,DV360,Bidswitch - CTV (AMC),7.52,,,1.85,0,0
2025-01-01,,2412-MGMPLUS-DEC 2024 XCH - MGMP20292-15 (SERIES),7.52,,,,0,0
2025-07-01,Epsilon (Conversant),Conversant Future Today CTV (225473),7.43,,,4.6,0,0
2025-01-01,SmartyAds,SmartyAds - CTV (Indirect),7.43,,,,0,0
2025-01-01,Aroscop,Bidswitch - APP Display,7.39,,,,0,0
2025-10-01,,2509 - MGMPLUS - BILLY THE KID S3 TRAILER Cutdown - MGMPHD363273 - SERIES,7.39,,,,0,0
2026-04-01,Zeasn,Philips Zeasn,7.33,,5.95,,0,0
2025-01-01,Infillion,Bidswitch - APP Display,7.3,,,,0,0
2025-07-01,Quantcast,Bidswitch - Desktop - 1st Price (HB),7.2,,,1.7,0,0
2026-01-01,OnSpot Data,Bidswitch - CTV - 1st Price (Bundle 151908),7.16,,,,0,0
2025-04-01,Adtheorent,Ad Theorent - MW (LQPS Audit),7.11,,,,0,0
2026-07-01,SmartyAds,SmartyAds - CTV (LATAM),7.07,7.07,,,0,0
2025-07-01,,LEAP McDonalds (2026),7.06,,,6.8,0,0
2025-04-01,Epsilon (Conversant),Conversant Cheddar CTV (225831),6.69,,,,0,0
2025-04-01,Epsilon (Conversant),Conversant Future Today CTV (225391),6.67,,,,0,0
2026-07-01,OnSpot Data,Bidswitch - APP 1st Price,6.6,6.6,,,0,0
2025-04-01,Infillion,Bidswitch - MW [Display],6.39,,,,0,0
2026-07-01,OnSpot Data,Bidswitch - APP,6.24,6.24,,,0,0
2025-07-01,Krush Media,Krush Media Web Display,6.2,,,4.24,0,0
2025-07-01,Quantcast,Bidswitch - Desktop [Display],6.2,,,4.92,0,0
2026-07-01,,2606 - MGMPLUS - WESTIES PRE-PREMIERE - Promo A - MGMPHD363429 - SERIES,6.18,6.18,,,0,0
2025-01-01,Epsilon (Conversant),Conversant Outside CTV (203821),6.1,,,,0,0
2025-10-01,OnSpot Data,Bidswitch - APP,6.08,,,,0,0
2025-04-01,MadHive,Madhive - MW,6.05,,,,0,0
2025-10-01,Stirista,Stirista - Desktop [Display],6.05,,,,0,0
2025-07-01,Cepia,Mighty Wheels September 2025 Dub02,6.05,,,,0,0
2025-10-01,Stirista,Stirista - APP [Display],5.98,,,,0,0
2025-07-01,IPONWEB BidCore,Bidswitch - CTV - 1st Price (Bundle 151908),5.93,,,0.06,0,0
2026-07-01,Streamworx Lda.,Bidswitch - CTV - 1st Price,5.86,5.86,,,0,0
2026-07-01,Zeta DSP,Bidswitch - MW - 1st Price (HB),5.85,5.85,,,0,0
2025-07-01,IPONWEB BidCore,Bidswitch - MW - 1st Price (HB),5.8,,,3.95,0,0
2026-07-01,Infillion,Bidswitch - Desktop - 1st Price (HB),5.77,5.77,,,0,0
2025-04-01,Walmart,TTD - Seedtag - Pub ID Swap Test,5.75,,,,0,0
2026-01-01,DeepIntent,DeepIntent Web/InApp Display,5.75,,,,0,0
2025-10-01,Streamworx Lda.,Bidswitch - CTV - 1st Price (Bundle 151908),5.72,,,,0,0
2025-04-01,Epsilon (Conversant),Conversant Outside CTV (203821),5.6,,,,0,0
2025-10-01,SmartyAds,SmartyAds - App [Display],5.55,,,,0,0
2025-04-01,Epsilon (Conversant),Conversant OutsideTV CTV (204777),5.28,,,,0,0
2026-01-01,Lemma DSP,Lemma DSP CTV Ad (COPPA),5.2,,,,0,0
2026-04-01,Infillion,Bidswitch - APP Display,5.14,,1.54,,0,0
2025-07-01,IPONWEB BidCore,Bidswitch - MW [Display],5.12,,,3.19,0,0
2025-07-01,MadHive,Madhive - MW,5.1,,,4.41,0,0
2026-01-01,OnSpot Data,Bidswitch - Desktop [Display],5.09,,,,0,0
2026-04-01,Knorex,Bidswitch - CTV (Charter),5.09,,2.07,,0,0
2025-04-01,Adtheorent,Ad Theorent - APP Video (LQPS Audit),5.09,,,,0,0
2026-01-01,,2512 - MGMPLUS - DECEMBER 2025 - ROBIN HOOD PP CRITICS PROMO - MGMPHD363339-01 - SERIES ,5.04,,,,0,0
2026-04-01,DV360,Bidswitch - Desktop - 1st Price (HB),4.89,,4.32,,0,0
2025-07-01,Infillion,Bidswitch - CTV - 1st Price (Bundle 151908),4.82,,,2.32,0,0
2025-04-01,Infillion,Bidswitch - Seedtag,4.79,,,,0,0
2025-07-01,OMG,Zombies 4  Day and Date Afternoon (Urgency),4.65,,,4.65,0,0
2025-01-01,Stirista,Stirista - Open Auction - OLV (InApp),4.51,,,,0,0
2025-04-01,Quantcast,Bidswitch - Desktop [Display],4.46,,,,0,0
2025-07-01,IQM,IQM - In-App Video - Open Auction,4.45,,,1.86,0,0
2025-01-01,Beeswax,Beeswax Deal - Desktop/MW,4.41,,,,0,0
2025-04-01,Quantcast,Bidswitch - APP Display,4.4,,,,0,0
2025-07-01,OMG,Zhu Zhu Pets City,4.35,,,4.35,0,0
2025-10-01,,LEAP McDonalds (2026),4.31,,,,0,0
2025-04-01,OnSpot Data,Bidswitch - Desktop [Display],4.3,,,,0,0
2025-04-01,Knorex,Bidswitch - Seedtag,4.27,,,,0,0
2025-07-01,Adtheorent,Ad Theorent - Desktop Video (LQPS Audit),4.26,,,1.25,0,0
2025-10-01,OnSpot Data,Bidswitch - Seedtag,4.24,,,,0,0
2025-01-01,DV360,Bidswitch - CTV (AMC),4.23,,,,0,0
2025-07-01,Epsilon (Conversant),Conversant Happy Kids CTV (223878) (Bundle ID 32614),4.19,,,2.14,0,0
2025-10-01,Infillion,Bidswitch - APP Display,4.17,,,,0,0
2025-07-01,Knorex,Bidswitch - APP 1st Price,4.17,,,,0,0
2026-04-01,OnSpot Data,Bidswitch - Desktop [Display],4.15,,2.06,,0,0
2025-04-01,Epsilon (Conversant),Conversant Future Today CTV (225477),4.15,,,,0,0
2026-07-01,Epsilon (Conversant),Conversant - Web - Open Auction - Video,4.0,4.0,,,0,0
2026-07-01,ZetaBidswitch,Seedtag,3.95,3.95,,,0,0
2025-10-01,Metax,MetaX A&amp;E Networks $16,3.94,,,,0,0
2026-07-01,Krush Media,Krush Media Video - CTV Direct (700),3.94,3.94,,,0,0
2025-04-01,Epsilon (Conversant),Conversant NBC CTV (203766),3.91,,,,0,0
2026-07-01,IQM,IQM - Web Video - Open Auction,3.87,3.87,,,0,0
2026-01-01,Streamworx Lda.,Bidswitch - CTV - 1st Price,3.82,,,,0,0
2026-01-01,IQM,IQM - Display - Open Auction,3.75,,,,0,0
2025-01-01,Epsilon (Conversant),Conversant Future Today CTV (225477),3.75,,,,0,0
2025-01-01,Epsilon (Conversant),Conversant OutsideTV CTV (204777),3.68,,,,0,0
2025-04-01,IPONWEB BidCore,Bidswitch - APP Display,3.67,,,,0,0
2026-01-01,DV360,Bidswitch - CTV (AMC),3.63,,,,0,0
2025-04-01,Bidswitch,Bidswitch - APP Display,3.6,,,,0,0
2026-07-01,GroundTruth,GroundTruth Display,3.6,3.6,,,0,0
2025-07-01,AdIngenious,Bidswitch - APP Display,3.59,,,0.0,0,0
2025-04-01,OnSpot Data,Bidswitch - CTV - 1st Price (Bundle 151908),3.54,,,,0,0
2026-01-01,DV360,Bidswitch - APP Display,3.5,,,,0,0
2025-04-01,Basis Technologies,Centro Video InApp,3.44,,,,0,0
2026-01-01,AdElement,Bidswitch - Desktop [Display],3.43,,,,0,0
2026-04-01,Knorex,Bidswitch - APP Display,3.4,,1.77,,0,0
2026-04-01,OnSpot Data,Bidswitch - APP Display,3.38,,0.97,,0,0
2025-07-01,Epsilon (Conversant),Conversant Outside CTV (203821),3.38,,,1.96,0,0
2026-04-01,Zeta DSP,Bidswitch - MW [Display],3.36,,0.0,,0,0
2025-01-01,Basis Technologies,Centro Video InApp,3.36,,,,0,0
2025-07-01,Infillion,Bidswitch - Desktop [Display],3.3,,,0.95,0,0
2025-10-01,,F0044470 FFC ESPECIAL SABADO 15,3.26,,,,0,0
2026-07-01,Stirista,Stirista - Open Auction - OLV (InApp),3.22,3.22,,,0,0
2025-04-01,Infillion,Bidswitch - CTV (Charter),3.14,,,,0,0
2026-04-01,Adtheorent,Ad Theorent - Desktop Video (LQPS Audit),3.09,,0.89,,0,0
2026-07-01,,2606 - MGMPLUS - WESTIES - Pre-Premiere Promo A -  MGMPHD363429 - MOVIES,3.07,3.07,,,0,0
2025-04-01,Infillion,Bidswitch - MW - 1st Price (HB),3.03,,,,0,0
2025-07-01,OMG,Zhu Zhu Pets Animal City,3.03,,,3.03,0,0
2025-01-01,Zeta DSP,Bidswitch - CTV (AMC),3.02,,,,0,0
2025-07-01,Epsilon (Conversant),Conversant Future Today CTV (225391),3.01,,,1.78,0,0
2025-07-01,Quantcast,Bidswitch - MW [Display],3.0,,,2.83,0,0
2025-10-01,OnSpot Data,Bidswitch - Desktop [Display],2.98,,,,0,0
2025-10-01,IPONWEB BidCore,Bidswitch - Seedtag,2.98,,,,0,0
2025-10-01,Basis Technologies,Centro Video InApp,2.93,,,,0,0
2025-07-01,Knorex,Bidswitch - APP Display,2.91,,,1.09,0,0
2025-01-01,OnSpot Data,Bidswitch - Desktop [Display],2.9,,,,0,0
2025-10-01,Quantcast,Bidswitch - MW - 1st Price (HB),2.89,,,,0,0
2025-07-01,IPONWEB BidCore,Bidswitch - APP 1st Price,2.87,,,0.51,0,0
2025-04-01,Marketing Architects -RTB,Marketing Architects - PlayerWON,2.83,,,,0,0
2026-07-01,OnSpot Data,Bidswitch - APP Display,2.8,2.8,,,0,0
2025-01-01,,2412-MGMPLUS-DEC 2024 XCH - MGMP20292-15 (MOVIES),2.79,,,,0,0
2026-01-01,Streamworx Lda.,Bidswitch - Seedtag,2.76,,,,0,0
2025-10-01,Streamworx Lda.,Bidswitch - Seedtag,2.7,,,,0,0
2026-01-01,Walmart,TTD - MW - 1st Price (HB),2.66,,,,0,0
2025-10-01,IQM,IQM - Display - Open Auction,2.62,,,,0,0
2025-01-01,,LEAP McDonalds (2026),2.62,,,,0,0
2026-01-01,SmartyAds,SmartyAds - CTV (LG),2.59,,,,0,0
2026-04-01,IQM,IQM - Display - Open Auction,2.59,,1.35,,0,0
2025-04-01,Infillion,Bidswitch - Desktop - 1st Price (HB),2.56,,,,0,0
2026-07-01,OnSpot Data,Bidswitch - CTV (Charter),2.55,2.55,,,0,0
2025-07-01,IPONWEB BidCore,Bidswitch - APP Display,2.54,,,2.51,0,0
2025-04-01,Quantcast,Bidswitch - Desktop - 1st Price (HB),2.53,,,,0,0
2026-01-01,DV360,Bidswitch - APP,2.5,,,,0,0
2025-04-01,Knorex,Bidswitch - MW [Display],2.5,,,,0,0
2025-07-01,OMG,Zombies 4 Now Available Afternoon (Urgency),2.48,,,2.48,0,0
2025-01-01,Bidswitch,Bidswitch - APP Display,2.48,,,,0,0
2025-01-01,Streamworx Lda.,Bidswitch - MW - 1st Price (HB),2.47,,,,0,0
2026-01-01,Knorex,Bidswitch - APP Display,2.46,,,,0,0
2025-07-01,IPONWEB BidCore,Bidswitch - Desktop - 1st Price (HB),2.42,,,0.04,0,0
2025-01-01,Walmart,TTD - APP - 1st Price,2.42,,,,0,0
2025-10-01,Walmart,TTD - CTV (Charter),2.4,,,,0,0
2026-01-01,Infillion,Bidswitch - APP Display,2.32,,,,0,0
2025-04-01,Knorex,Bidswitch - APP 1st Price,2.28,,,,0,0
2025-10-01,Streamworx Lda.,Bidswitch - MW - 1st Price (HB),2.26,,,,0,0
2025-01-01,Adtheorent,Ad Theorent - Desktop Video (LQPS Audit),2.22,,,,0,0
2026-07-01,DV360,Bidswitch - Desktop - 1st Price (HB),2.17,2.17,,,0,0
2025-04-01,Streamworx Lda.,Bidswitch - Desktop [Display],2.14,,,,0,0
2026-04-01,Amazon DSP,Bidswitch - APP,2.11,,0.75,,0,0
2025-07-01,Epsilon (Conversant),Conversant OutsideTV CTV (204777),2.1,,,1.03,0,0
2025-04-01,Amazon DSP,Bidswitch - Desktop [Display],2.08,,,,0,0
2025-01-01,Quantcast,Bidswitch - MW [Display],2.06,,,,0,0
2025-10-01,,2509 - MGMPLUS - BILLY THE KID S3 TRAILER Cutdown - MGMPHD363273 (MOVIES),2.06,,,,0,0
2026-04-01,,0326 - MGMPLUS -  AMERICAN CLASSIC PROMO - MGMPHD363384 - MOVIES ,2.06,,2.06,,0,0
2025-04-01,Beeswax,Beeswax - CTV - Open Auction (Charter Political),2.01,,,,0,0
2025-07-01,Infillion,Bidswitch - MW [Display],2.0,,,0.13,0,0
2025-01-01,Bidswitch,Bidswitch - CTV - 1st Price,1.98,,,,0,0
2026-07-01,Adtheorent,Ad Theorent - Desktop Video (LQPS Audit),1.96,1.96,,,0,0
2026-01-01,Marketing Architects -RTB,Marketing Architects - CTV 1st Price - Roku Device Targeting Only,1.96,,,,0,0
2025-10-01,Stirista,Stirista - MW [Display],1.95,,,,0,0
2026-04-01,Zeta DSP,Bidswitch - APP 1st Price,1.93,,0.04,,0,0
2026-01-01,DV360,Bidswitch - APP 1st Price,1.91,,,,0,0
2025-01-01,Knorex,Bidswitch - MW [Display],1.89,,,,0,0
2026-07-01,IPONWEB BidCore,Bidswitch - CTV - 1st Price,1.89,1.89,,,0,0
2026-07-01,OnSpot Data,Bidswitch - Desktop - 1st Price (HB),1.88,1.88,,,0,0
2025-04-01,GroundTruth,Groundtruth Video In-App,1.88,,,,0,0
2025-01-01,Epsilon (Conversant),Conversant Future Today CTV (225391),1.85,,,,0,0
2025-01-01,IQM,IQM - In-App Video - Open Auction,1.84,,,,0,0
2026-07-01,Amazon DSP,Bidswitch - MW - 1st Price (HB),1.83,1.83,,,0,0
2026-04-01,Amazon DSP,Bidswitch - APP 1st Price,1.82,,0.75,,0,0
2025-07-01,Basis Technologies,Centro Video InApp,1.8,,,0.79,0,0
2026-04-01,Zeta DSP,Bidswitch - APP,1.79,,0.02,,0,0
2025-07-01,Streamworx Lda.,Bidswitch - MW [Display],1.77,,,1.74,0,0
2026-04-01,,0326 - MGMPLUS - AMERICAN CLASSIC TRAILER - MGMPHD363384 - SERIES,1.65,,1.65,,0,0
2025-04-01,Adform,Bidswitch - MW [Display],1.64,,,,0,0
2025-01-01,Media Pulse,Media Pulse - CTV (Samsung $15),1.61,,,,0,0
2025-01-01,IPONWEB BidCore,Bidswitch - CTV - 1st Price,1.61,,,,0,0
2025-10-01,Knorex,Bidswitch - CTV - 1st Price (Bundle 151908),1.58,,,,0,0
2026-07-01,Infillion,Bidswitch - APP 1st Price,1.56,1.56,,,0,0
2025-07-01,Marketing Architects -RTB,Marketing Architects - PlayerWON,1.54,,,1.4,0,0
2026-07-01,Samsung DSP,Bidswitch - CTV - 1st Price,1.54,1.54,,,0,0
2026-04-01,Lemma DSP,Lemma DSP CTV Ad (COPPA),1.53,,0.09,,0,0
2025-01-01,OnSpot Data,Bidswitch - CTV - 1st Price (Bundle 151908),1.52,,,,0,0
2026-04-01,Bidswitch,SEEDTAG (DON'T USE),1.52,,,,0,0
2026-01-01,AdIngenious,Bidswitch - APP Display,1.52,,,,0,0
2025-01-01,Marketing Architects -RTB,Marketing Architects - PlayerWON,1.48,,,,0,0
2025-10-01,Walmart,TTD - CTV (LG Ads Only),1.46,,,,0,0
2025-01-01,GroundTruth,Groundtruth Video In-App,1.46,,,,0,0
2026-01-01,Stirista,Stirista - Desktop [Display],1.45,,,,0,0
2025-07-01,OnSpot Data,Bidswitch - Desktop - 1st Price (HB),1.45,,,0.01,0,0
2025-04-01,Adtheorent,Ad Theorent - Desktop Video (LQPS Audit),1.44,,,,0,0
2025-10-01,IQM,IQM - In-App Video - Open Auction,1.43,,,,0,0
2025-07-01,Stirista,Stirista - APP [Display],1.39,,,0.0,0,0
2026-01-01,Samsung DSP,Bidswitch - CTV - 1st Price (Bundle 151908),1.37,,,,0,0
2025-01-01,Lemma DSP,Lemma DSP Inapp Video,1.34,,,,0,0
2025-01-01,IPONWEB BidCore,Bidswitch - MW - 1st Price (HB),1.34,,,,0,0
2025-01-01,Adtheorent,Ad Theorent - APP Video (LQPS Audit),1.33,,,,0,0
2026-01-01,Stirista,Stirista - MW [Display],1.33,,,,0,0
2025-04-01,SmartyAds,SmartyAds - CTV (Fubo),1.33,,,,0,0
2025-10-01,IPONWEB BidCore,Bidswitch - APP 1st Price,1.32,,,,0,0
2025-07-01,OnSpot Data,Bidswitch - Seedtag,1.31,,,0.07,0,0
2025-04-01,Quantcast,Bidswitch - MW [Display],1.3,,,,0,0
2026-07-01,Epsilon (Conversant),Conversant - CTV - Open Auction (Charter),1.27,1.27,,,0,0
2026-01-01,IQM,IQM - In-App Video - Open Auction,1.24,,,,0,0
2026-01-01,IPONWEB BidCore,Bidswitch - APP 1st Price,1.22,,,,0,0
2025-07-01,Stirista,Stirista - Open Auction - OLV (InApp),1.17,,,0.17,0,0
2026-07-01,IQM,IQM - Display - Open Auction,1.16,1.16,,,0,0
2026-01-01,Quantcast,Bidswitch - MW - 1st Price (HB),1.15,,,,0,0
2025-01-01,Streamworx Lda.,Bidswitch - Seedtag,1.15,,,,0,0
2025-10-01,Knorex,Bidswitch - APP 1st Price,1.15,,,,0,0
2025-10-01,Knorex,Bidswitch - Desktop - 1st Price (HB),1.12,,,,0,0
2026-07-01,Infillion,Bidswitch - Desktop [Display],1.12,1.12,,,0,0
2025-07-01,IPONWEB BidCore,Bidswitch - CTV (Charter),1.1,,,0.07,0,0
2026-04-01,Zeta DSP,Bidswitch - Desktop - 1st Price (HB),1.09,,,,0,0
2026-04-01,Infillion,Bidswitch - APP,1.08,,0.83,,0,0
2025-04-01,OnSpot Data,Bidswitch - CTV (Charter),1.08,,,,0,0
2026-01-01,OnSpot Data,Bidswitch - Desktop - 1st Price (HB),1.07,,,,0,0
2026-07-01,AdIngenious,Bidswitch - APP Display,1.06,1.06,,,0,0
2026-04-01,Bidswitch,Bidswitch - APP Display,1.06,,0.99,,0,0
2025-07-01,Stirista,Stirista - Desktop [Display],1.01,,,0.0,0,0
2026-01-01,SmartyAds,SmartyAds - CTV (Vizio),0.99,,,,0,0
2026-07-01,OnSpot Data,Bidswitch - Desktop [Display],0.93,0.93,,,0,0
2025-10-01,AdIngenious,Bidswitch - APP Display,0.93,,,,0,0
2025-07-01,IPONWEB BidCore,Bidswitch - Desktop [Display],0.92,,,0.71,0,0
2026-07-01,Infillion,Bidswitch - APP,0.91,0.91,,,0,0
2026-04-01,DV360,Bidswitch - APP,0.91,,0.09,,0,0
2025-04-01,AdElement,Bidswitch - MW [Display],0.87,,,,0,0
2026-01-01,Quantcast,Bidswitch - Desktop [Display],0.86,,,,0,0
2025-04-01,Media Pulse,Media Pulse - CTV (Samsung $15),0.84,,,,0,0
2026-01-01,Metax,MetaX A&amp;E Networks $16,0.82,,,,0,0
2025-04-01,Epsilon (Conversant),Conversant Future Today CTV (225790),0.81,,,,0,0
2025-10-01,Quantcast,Bidswitch - Desktop [Display],0.81,,,,0,0
2026-01-01,DV360,Bidswitch - CTV (Charter),0.79,,,,0,0
2025-01-01,BizzClick,BizzClick - CTV (Indirect),0.78,,,,0,0
2026-07-01,Zeasn,Philips Zeasn,0.78,0.78,,,0,0
2026-04-01,DV360,Bidswitch - APP 1st Price,0.78,,0.15,,0,0
2026-01-01,Zeasn,Philips Zeasn,0.76,,,,0,0
2025-01-01,Infillion,Bidswitch - APP 1st Price,0.75,,,,0,0
2025-04-01,Between Exchange,Bidswitch - MW - 1st Price (HB),0.75,,,,0,0
2025-01-01,Epsilon (Conversant),Conversant  Newsy VIZIO CTV (203829),0.74,,,,0,0
2025-04-01,IQM,IQM - In-App Video - Open Auction,0.71,,,,0,0
2025-10-01,Knorex,Bidswitch - APP Display,0.71,,,,0,0
2025-10-01,SmartyAds,SmartyAds - CTV (Fubo),0.71,,,,0,0
2025-04-01,Bidswitch,Bidswitch - Desktop [Display],0.7,,,,0,0
2026-07-01,AdElement,Bidswitch - APP Display,0.69,0.69,,,0,0
2026-04-01,Zeta DSP,Bidswitch - CTV (AMC),0.67,,0.17,,0,0
2025-01-01,Bidswitch,Bidswitch - APP 1st Price,0.66,,,,0,0
2026-01-01,Streamworx Lda.,Bidswitch - APP Display,0.66,,,,0,0
2025-04-01,Streamworx Lda.,Bidswitch - APP Display,0.66,,,,0,0
2026-01-01,Adtheorent,Ad Theorent - Desktop Video (LQPS Audit),0.66,,,,0,0
2025-10-01,Zeta DSP,Bidswitch - CTV (AMC),0.65,,,,0,0
2025-07-01,IPONWEB BidCore,Bidswitch - Seedtag,0.64,,,0.0,0,0
2025-04-01,Webeye,Bidswitch - APP 1st Price,0.64,,,,0,0
2026-07-01,DV360,Bidswitch - APP 1st Price,0.63,0.63,,,0,0
2025-04-01,Aroscop,Bidswitch - APP Display,0.63,,,,0,0
2026-04-01,Infillion,Bidswitch - Seedtag,0.6,,0.6,,0,0
2026-07-01,Marketperf,Bidswitch - Desktop [Display],0.59,0.59,,,0,0
2026-04-01,IPONWEB BidCore,Bidswitch - CTV - 1st Price,0.59,,0.31,,0,0
2025-01-01,,CUERVO_DOBEL_NFL_DIC24,0.56,,,,0,0
2025-04-01,Epsilon (Conversant),Conversant  Newsy VIZIO CTV (203829),0.56,,,,0,0
2025-10-01,DV360,Bidswitch - CTV (Charter),0.55,,,,0,0
2026-01-01,IPONWEB BidCore,Bidswitch - Seedtag,0.55,,,,0,0
2026-01-01,Stirista,Stirista - Open Auction - OLV (InApp),0.54,,,,0,0
2026-07-01,AdElement,Bidswitch - Desktop [Display],0.53,0.53,,,0,0
2025-01-01,IPONWEB BidCore,Bidswitch - CTV (Charter),0.52,,,,0,0
2026-07-01,DV360,Bidswitch - APP,0.51,0.51,,,0,0
2025-07-01,Quantcast,Bidswitch - MW - 1st Price (HB),0.51,,,0.13,0,0
2025-04-01,Walmart,TTD - APP - 1st Price,0.51,,,,0,0
2026-01-01,Zeta DSP,Bidswitch - APP 1st Price,0.51,,,,0,0
2025-07-01,IPONWEB BidCore,Bidswitch - APP,0.49,,,0.01,0,0
2025-10-01,Madopi,Bidswitch - CTV - 1st Price,0.47,,,,0,0
2025-04-01,OnSpot Data,Bidswitch - Seedtag,0.46,,,,0,0
2026-07-01,Zeta DSP,Bidswitch - CTV (AMC),0.45,0.45,,,0,0
2026-04-01,,0,0.44,,0.29,,0,0
2026-01-01,,0,0.44,,,,0,0
2025-01-01,OnSpot Data,Bidswitch - APP Display,0.43,,,,0,0
2026-04-01,Marketing Architects -RTB,Marketing Architects - CTV 1st Price - Roku Bundles,0.43,,0.43,,0,0
2026-01-01,Infillion,Bidswitch - Desktop [Display],0.42,,,,0,0
2026-04-01,Walmart,TTD - CTV - oRTB (Canada),0.42,,0.25,,0,0
2025-10-01,Streamworx Lda.,Bidswitch - APP 1st Price,0.42,,,,0,0
2025-07-01,Streamworx Lda.,Bidswitch - Seedtag,0.42,,,,0,0
2026-07-01,Krush Media,Krush Media Web Video,0.41,0.41,,,0,0
2026-07-01,Infillion,Bidswitch - APP Display,0.41,0.41,,,0,0
2025-04-01,Epsilon (Conversant),Conversant Pluto CTV (204778) (list targeted),0.41,,,,0,0
2025-01-01,Infillion,Bidswitch - MW - 1st Price (HB),0.39,,,,0,0
2025-01-01,Knorex,Bidswitch - Desktop - 1st Price (HB),0.39,,,,0,0
2026-01-01,Stirista,Stirista - APP [Display],0.39,,,,0,0
2025-07-01,Amazon DSP,Bidswitch - Desktop [Display],0.37,,,0.27,0,0
2025-01-01,Infillion,Bidswitch - CTV (Charter),0.37,,,,0,0
2025-01-01,Epsilon (Conversant),Conversant Future Today CTV (225790),0.37,,,,0,0
2025-10-01,IPONWEB BidCore,Bidswitch - CTV (Charter),0.36,,,,0,0
2025-07-01,Stirista,Stirista - MW [Display],0.35,,,0.0,0,0
2026-07-01,Knorex,Bidswitch - APP Display,0.35,0.35,,,0,0
2026-04-01,IQM,IQM - In-App Video - Open Auction,0.34,,0.26,,0,0
2025-01-01,SmartyAds,SmartyAds - DOOH,0.33,,,,0,0
2025-01-01,Sharethrough,Sharethrough CTV Video (Client Optimization),0.33,,,,0,0
2026-01-01,Amazon DSP,Bidswitch - APP 1st Price,0.32,,,,0,0
2026-01-01,IPONWEB BidCore,Bidswitch - APP,0.32,,,,0,0
2026-04-01,Quantcast,Bidswitch - APP Display,0.32,,0.0,,0,0
2025-01-01,DeepIntent,DeepIntent - Seedtag,0.32,,,,0,0
2026-07-01,DV360,Bidswitch - MW - 1st Price (HB),0.31,0.31,,,0,0
2026-01-01,OnSpot Data,Bidswitch - Seedtag,0.31,,,,0,0
2025-07-01,OnSpot Data,Bidswitch - APP 1st Price,0.31,,,0.01,0,0
2026-01-01,Walmart,TTD - CTV (LG Ads Only),0.31,,,,0,0
2025-04-01,OnSpot Data,Bidswitch - APP Display,0.3,,,,0,0
2025-04-01,Adform,Bidswitch - APP Display,0.3,,,,0,0
2025-10-01,Zeta DSP,Bidswitch - Seedtag,0.3,,,,0,0
2025-10-01,Infillion,Bidswitch - MW - 1st Price (HB),0.3,,,,0,0
2025-07-01,Samsung DSP,Bidswitch - APP Display,0.3,,,0.3,0,0
2026-04-01,Knorex,Bidswitch - APP 1st Price,0.29,,0.29,,0,0
2026-04-01,Between Exchange,Bidswitch - Desktop [Display],0.29,,0.29,,0,0
2026-01-01,Amazon DSP,Bidswitch - APP,0.29,,,,0,0
2025-01-01,Lift,Bidswitch - MW [Display],0.29,,,,0,0
2026-04-01,Stirista,Stirista - APP [Display],0.28,,0.16,,0,0
2026-07-01,Infillion,Bidswitch - MW [Display],0.28,0.28,,,0,0
2025-10-01,Excelate,Bidswitch - APP Display,0.28,,,,0,0
2026-01-01,Knorex,Bidswitch - APP 1st Price,0.27,,,,0,0
2026-07-01,ZetaBidswitch,SEEDTAG (DON'T USE),0.27,0.27,,,0,0
2026-01-01,OnSpot Data,Bidswitch - APP Display,0.27,,,,0,0
2025-01-01,Knorex,Bidswitch - CTV - 1st Price,0.27,,,,0,0
2025-04-01,DeepIntent,DeepIntent - Seedtag,0.26,,,,0,0
2025-01-01,AdElement,Bidswitch - APP Display,0.25,,,,0,0
2026-07-01,Walmart,TTD - CTV - oRTB (Canada),0.24,0.24,,,0,0
2025-01-01,Lift,Bidswitch - Desktop [Display],0.24,,,,0,0
2025-01-01,Infillion,Bidswitch - APP,0.24,,,,0,0
2025-07-01,Webeye,Bidswitch - APP 1st Price,0.24,,,0.14,0,0
2026-07-01,Walmart,TTD - CTV (LATAM),0.24,0.24,,,0,0
2025-04-01,Quantcast,Bidswitch - MW - 1st Price (HB),0.24,,,,0,0
2025-10-01,Webeye,Bidswitch - APP 1st Price,0.24,,,,0,0
2026-07-01,Adtheorent,Ad Theorent - APP [Display],0.23,0.23,,,0,0
2025-10-01,Quantcast,Bidswitch - MW [Display],0.23,,,,0,0
2026-04-01,Zeta DSP,Bidswitch - APP Display,0.23,,,,0,0
2025-10-01,OnSpot Data,Bidswitch - APP Display,0.23,,,,0,0
2026-04-01,Amazon DSP,Bidswitch - Desktop - 1st Price (HB),0.22,,0.05,,0,0
2025-07-01,Streamworx Lda.,Bidswitch - MW - 1st Price (HB),0.22,,,,0,0
2026-01-01,Cepia,Mighty Wheels December 2025,0.22,,,,0,0
2025-01-01,Knorex,Bidswitch - Seedtag,0.22,,,,0,0
2026-01-01,Knorex,Bidswitch - CTV (Charter),0.22,,,,0,0
2025-04-01,Zeta DSP,Bidswitch - APP 1st Price,0.22,,,,0,0
2025-10-01,Streamworx Lda.,Bidswitch - CTV (Charter),0.21,,,,0,0
2025-01-01,Aroscop,Bidswitch - Desktop [Display],0.21,,,,0,0
2026-04-01,Infillion,Bidswitch - Desktop [Display],0.21,,0.09,,0,0
2026-01-01,Knorex,Bidswitch - CTV - 1st Price (Bundle 151908),0.21,,,,0,0
2025-07-01,Walmart,TTD - APP - 1st Price,0.2,,,0.2,0,0
2025-04-01,Zeta DSP,Bidswitch - CTV (AMC),0.2,,,,0,0
2025-10-01,IPONWEB BidCore,Bidswitch - Desktop [Display],0.2,,,,0,0
2025-10-01,IPONWEB BidCore,Bidswitch - APP,0.19,,,,0,0
2026-04-01,Aroscop,Bidswitch - APP Display,0.19,,0.0,,0,0
2025-10-01,IPONWEB BidCore,Bidswitch - MW - 1st Price (HB),0.19,,,,0,0
2025-10-01,Amazon DSP,Bidswitch - Desktop [Display],0.18,,,,0,0
2026-01-01,Epsilon (Conversant),Conversant - CTV - Open Auction (Charter),0.18,,,,0,0
2026-01-01,Zeta DSP,Bidswitch - CTV (AMC),0.18,,,,0,0
2026-07-01,,0,0.18,0.18,,,0,0
2025-01-01,Zeta DSP,Bidswitch - APP,0.17,,,,0,0
2026-01-01,Amazon DSP,Bidswitch - Desktop - 1st Price (HB),0.17,,,,0,0
2026-04-01,Stirista,Stirista - Open Auction - OLV (InApp),0.17,,0.11,,0,0
2026-01-01,Madopi,Bidswitch - CTV - 1st Price,0.17,,,,0,0
2025-10-01,Marketing Architects -RTB,Marketing Architects - PlayerWON,0.16,,,,0,0
2025-07-01,Lift,Bidswitch - MW [Display],0.15,,,0.15,0,0
2025-10-01,OnSpot Data,Bidswitch - CTV (Charter),0.15,,,,0,0
2025-04-01,Bidswitch,Bidswitch - Seedtag,0.14,,,,0,0
2025-07-01,Zeta DSP,Bidswitch - Seedtag,0.14,,,0.13,0,0
2025-04-01,Streamworx Lda.,Bidswitch - Desktop - 1st Price (HB),0.14,,,,0,0
2025-04-01,Streamworx Lda.,Bidswitch - MW - 1st Price (HB),0.14,,,,0,0
2025-07-01,Adform,Bidswitch - Seedtag,0.14,,,0.12,0,0
2025-10-01,,1PlayWorks test,0.13,,,,0,0
2026-01-01,Walmart,TTD - CTV (Charter),0.13,,,,0,0
2026-04-01,ZetaBidswitch,SEEDTAG (DON'T USE),0.13,,,,0,0
2026-04-01,Infillion,Bidswitch - Desktop - 1st Price (HB),0.13,,0.01,,0,0
2025-07-01,Bidswitch,Bidswitch - APP Display,0.13,,,0.12,0,0
2026-01-01,4INFO,4INFO - CTV - 1st Price,0.13,,,,0,0
2026-07-01,Madopi,Bidswitch - CTV - 1st Price,0.13,0.13,,,0,0
2026-01-01,OnSpot Data,Bidswitch - CTV (Charter),0.12,,,,0,0
2025-10-01,Knorex,Bidswitch - CTV (Charter),0.12,,,,0,0
2026-07-01,Zeta DSP,Bidswitch - APP Display,0.12,0.12,,,0,0
2026-04-01,Krush Media,Krush Media Inapp Video,0.12,,0.0,,0,0
2026-07-01,SamsungBidswitch,Seedtag,0.12,0.12,,,0,0
2025-07-01,OnSpot Data,Bidswitch - APP,0.12,,,0.0,0,0
2025-01-01,BizzClick,BizzClick - App (Indirect),0.12,,,,0,0
2026-04-01,Amazon DSP,Bidswitch - MW - 1st Price (HB),0.11,,0.11,,0,0
2025-04-01,AdElement,Bidswitch - APP Display,0.11,,,,0,0
2025-07-01,Between Exchange,Bidswitch - Desktop [Display],0.11,,,0.03,0,0
2025-07-01,Knorex,Bidswitch - Desktop - 1st Price (HB),0.11,,,,0,0
2026-01-01,Adform,Bidswitch - Seedtag,0.11,,,,0,0
2025-07-01,Samsung DSP,Bidswitch - APP,0.11,,,,0,0
2026-04-01,IPONWEB BidCore,Bidswitch - APP Display,0.1,,0.05,,0,0
2026-01-01,IPONWEB BidCore,Bidswitch - CTV (Charter),0.1,,,,0,0
2026-01-01,Walmart,TTD - CTV (UK) ,0.1,,,,0,0
2025-10-01,Adform,Bidswitch - Seedtag,0.1,,,,0,0
2025-10-01,IPONWEB BidCore,Bidswitch - Desktop - 1st Price (HB),0.1,,,,0,0
2025-01-01,Infillion,Bidswitch - Desktop - 1st Price (HB),0.1,,,,0,0
2026-01-01,Infillion,Bidswitch - MW [Display],0.1,,,,0,0
2026-01-01,IPONWEB BidCore,Bidswitch - CTV - 1st Price (Bundle 151908),0.1,,,,0,0
2025-04-01,Knorex,Bidswitch - Desktop - 1st Price (HB),0.09,,,,0,0
2025-01-01,Epsilon (Conversant),Conversant Pluto CTV (204778) (list targeted),0.09,,,,0,0
2025-10-01,Zeta DSP,Bidswitch - APP 1st Price,0.09,,,,0,0
2025-04-01,Stirista,Stirista - Open Auction - OLV (Web),0.09,,,,0,0
2025-04-01,Amazon DSP,Bidswitch - MW [Display],0.09,,,,0,0
2025-01-01,Unruly,Unruly InApp 1st Price Video,0.09,,,,0,0
2026-04-01,Equativ,SEEDTAG (DON'T USE),0.09,,,,0,0
2025-07-01,Samsung DSP,Bidswitch - APP 1st Price,0.08,,,,0,0
2025-04-01,Adform,Bidswitch - MW - 1st Price (HB),0.08,,,,0,0
2025-07-01,Streamworx Lda.,Bidswitch - APP 1st Price,0.08,,,,0,0
2026-04-01,OnSpot Data,Bidswitch - Desktop - 1st Price (HB),0.08,,0.04,,0,0
2025-01-01,Streamworx Lda.,Bidswitch - CTV - 1st Price (Bundle 151908),0.08,,,,0,0
2026-07-01,IPONWEB BidCore,Bidswitch - APP Display,0.07,0.07,,,0,0
2025-01-01,IPONWEB BidCore,Bidswitch - Desktop - 1st Price (HB),0.07,,,,0,0
2026-01-01,Quantcast,Bidswitch - APP Display,0.07,,,,0,0
2025-04-01,OnSpot Data,Bidswitch - Desktop - 1st Price (HB),0.07,,,,0,0
2025-10-01,Webeye,Bidswitch - APP,0.07,,,,0,0
2025-04-01,Sharethrough,Sharethrough CTV Video (Client Optimization),0.07,,,,0,0
2025-10-01,Walmart,TTD - APP - 1st Price,0.07,,,,0,0
2026-07-01,Aroscop,Bidswitch - APP Display,0.07,0.07,,,0,0
2025-07-01,,1PlayWorks test,0.07,,,0.03,0,0
2026-04-01,Marketing Architects -RTB,Marketing Architects - PlayerWON,0.07,,0.07,,0,0
2026-01-01,Marketing Architects -RTB,Marketing Architects - PlayerWON,0.07,,,,0,0
2025-07-01,Zeta DSP,Bidswitch - APP,0.07,,,,0,0
2025-10-01,Madopi,Bidswitch - MW - 1st Price (HB),0.07,,,,0,0
2025-07-01,Zeta DSP,Bidswitch - APP 1st Price,0.07,,,0.0,0,0
2026-04-01,Samsung DSP,Bidswitch - APP,0.07,,0.04,,0,0
2025-07-01,Streamworx Lda.,Bidswitch - CTV - 1st Price (Bundle 151908),0.07,,,0.0,0,0
2025-07-01,Stirista,Stirista - Open Auction - OLV (Web),0.06,,,0.01,0,0
2026-04-01,Walmart,TTD - CTV (LATAM),0.06,,0.03,,0,0
2025-01-01,OnSpot Data,Bidswitch - Desktop - 1st Price (HB),0.06,,,,0,0
2025-07-01,Between Exchange,Bidswitch - Seedtag,0.06,,,0.03,0,0
2025-07-01,Bidswitch,Bidswitch - Desktop [Display],0.06,,,0.02,0,0
2025-10-01,Samsung DSP,Bidswitch - Desktop - 1st Price (HB),0.06,,,,0,0
2026-04-01,Epsilon (Conversant),Conversant - CTV - Open Auction (Charter),0.06,,0.02,,0,0
2025-07-01,Adform,Bidswitch - MW - 1st Price (HB),0.06,,,0.03,0,0
2026-01-01,,1PlayWorks test,0.06,,,,0,0
2025-10-01,Zeta DSP,Bidswitch - APP,0.06,,,,0,0
2025-07-01,Webeye,Bidswitch - APP,0.06,,,0.0,0,0
2025-04-01,IPONWEB BidCore,Bidswitch - CTV (Charter),0.06,,,,0,0
2025-10-01,IPONWEB BidCore,Bidswitch - CTV (AMC),0.06,,,,0,0
2025-04-01,Knorex,Bidswitch - MW - 1st Price (HB),0.05,,,,0,0
2026-04-01,Webeye,Bidswitch - APP 1st Price,0.05,,0.0,,0,0
2025-10-01,Cepia,Mighty Wheels September 2025 Dub01,0.05,,,,0,0
2026-04-01,Streamworx Lda.,Bidswitch - CTV (Charter),0.05,,0.05,,0,0
2026-01-01,Samsung DSP,Bidswitch - APP,0.05,,,,0,0
2025-04-01,Epsilon (Conversant),Conversant Future Today CTV (225835),0.05,,,,0,0
2026-04-01,DV360,Bidswitch - MW - 1st Price (HB),0.05,,0.03,,0,0
2026-07-01,Bidswitch,Bidswitch - APP Display,0.05,0.05,,,0,0
2025-04-01,Samsung DSP,Bidswitch - CTV - 1st Price (Bundle 151908),0.04,,,,0,0
2026-04-01,Stirista,Stirista - MW [Display],0.04,,0.04,,0,0
2026-01-01,Zeta DSP,Bidswitch - APP,0.04,,,,0,0
2026-01-01,Streamworx Lda.,Bidswitch - APP 1st Price,0.04,,,,0,0
2025-10-01,Cepia,Mighty Wheels September 2025,0.04,,,,0,0
2025-10-01,Samsung DSP,Bidswitch - APP,0.04,,,,0,0
2026-07-01,Stirista,Stirista - Open Auction - OLV (Web),0.04,0.04,,,0,0
2026-04-01,Samsung DSP,Bidswitch - APP 1st Price,0.04,,0.03,,0,0
2026-04-01,Stirista,Stirista - Desktop [Display],0.04,,0.04,,0,0
2025-01-01,Knorex,Bidswitch - MW - 1st Price (HB),0.04,,,,0,0
2026-01-01,Madopi,Bidswitch - Desktop [Display],0.04,,,,0,0
2026-01-01,Walmart,TTD - CTV - oRTB (Canada),0.04,,,,0,0
2025-04-01,Epsilon (Conversant),Conversant Future Today CTV (225389),0.04,,,,0,0
2025-04-01,IPONWEB BidCore,Bidswitch - Desktop - 1st Price (HB),0.04,,,,0,0
2025-04-01,Epsilon (Conversant),Conversant Future Today CTV (225834),0.04,,,,0,0
2025-04-01,Bidswitch,Bidswitch - APP 1st Price,0.04,,,,0,0
2025-01-01,Bidswitch,Bidswitch - Desktop [Display],0.04,,,,0,0
2025-01-01,Amazon DSP,Bidswitch - Desktop [Display],0.04,,,,0,0
2026-01-01,Infillion,Bidswitch - CTV - 1st Price (Bundle 151908),0.04,,,,0,0
2025-04-01,Adform,Bidswitch - Seedtag,0.03,,,,0,0
2026-07-01,Stirista,Stirista - APP [Display],0.03,0.03,,,0,0
2025-07-01,Amazon DSP,Bidswitch -RTB- Getintent-Whitelist- Web Display,0.03,,,0.0,0,0
2025-04-01,DV360,Bidswitch - CTV (Charter),0.03,,,,0,0
2025-10-01,Stirista,Stirista - Open Auction - OLV (InApp),0.03,,,,0,0
2025-01-01,Adform,Bidswitch - MW [Display],0.03,,,,0,0
2026-07-01,Webeye,Bidswitch - APP Display,0.03,0.03,,,0,0
2026-04-01,Streamworx Lda.,Bidswitch - APP,0.03,,0.03,,0,0
2026-01-01,Madopi,Bidswitch - MW [Display],0.03,,,,0,0
2025-07-01,DeepIntent,DeepIntent - Seedtag,0.03,,,0.01,0,0
2026-01-01,Bidswitch,Bidswitch - APP Display,0.03,,,,0,0
2025-10-01,Infillion,Bidswitch - Desktop [Display],0.03,,,,0,0
2025-01-01,Epsilon (Conversant),Conversant Future Today CTV (225389),0.03,,,,0,0
2026-01-01,Samsung DSP,Bidswitch - Desktop - 1st Price (HB),0.03,,,,0,0
2026-01-01,Samsung DSP,Bidswitch - APP 1st Price,0.03,,,,0,0
2025-07-01,Knorex,Bidswitch - MW - 1st Price (HB),0.03,,,,0,0
2026-04-01,Sharethrough,Equative CTV Video (copy),0.03,,,,0,0
2025-10-01,Between Exchange,Bidswitch - Seedtag,0.03,,,,0,0
2025-07-01,Zeta DSP,Bidswitch - CTV (AMC),0.03,,,0.0,0,0
2026-04-01,Streamworx Lda.,Bidswitch - APP 1st Price,0.03,,0.03,,0,0
2025-10-01,Madopi,Bidswitch - CTV - 1st Price (Bundle 151908),0.03,,,,0,0
2025-01-01,Samsung DSP,Bidswitch - CTV - 1st Price (Bundle 151908),0.03,,,,0,0
2025-07-01,Lift,Bidswitch - Desktop [Display],0.02,,,0.02,0,0
2025-01-01,Streamworx Lda.,Bidswitch - APP 1st Price,0.02,,,,0,0
2026-01-01,Knorex,Bidswitch - Desktop - 1st Price (HB),0.02,,,,0,0
2026-01-01,IPONWEB BidCore,Bidswitch - Desktop - 1st Price (HB),0.02,,,,0,0
2025-07-01,Adform,Bidswitch - MW [Display],0.02,,,0.0,0,0
2026-07-01,Bidswitch,Bidswitch - Desktop [Display],0.02,0.02,,,0,0
2026-07-01,Knorex,Bidswitch - Desktop - 1st Price (HB),0.02,0.02,,,0,0
2025-01-01,Epsilon (Conversant),Conversant Future Today CTV (225835),0.02,,,,0,0
2025-10-01,Amazon DSP,Bidswitch -RTB- Getintent-Whitelist- Web Display,0.02,,,,0,0
2026-07-01,Webeye,Bidswitch - APP 1st Price,0.02,0.02,,,0,0
2025-10-01,Quantcast,Bidswitch - APP 1st Price,0.02,,,,0,0
2025-04-01,Between Exchange,Bidswitch - Seedtag,0.02,,,,0,0
2026-04-01,IPONWEB BidCore,Bidswitch - CTV (Charter),0.02,,,,0,0
2025-01-01,Epsilon (Conversant),Conversant Future Today CTV (225834),0.02,,,,0,0
2025-10-01,Quantcast,Bidswitch - APP,0.02,,,,0,0
2026-04-01,Madopi,Bidswitch - CTV (Charter),0.02,,,,0,0
2025-10-01,Samsung DSP,Bidswitch - MW - 1st Price (HB),0.02,,,,0,0
2025-04-01,Adform,Bidswitch - Desktop [Display],0.02,,,,0,0
2026-01-01,IPONWEB BidCore,Bidswitch - Desktop [Display],0.02,,,,0,0
2025-01-01,Bidswitch,Bidswitch - APP,0.02,,,,0,0
2026-07-01,Streamworx Lda.,Bidswitch - APP Display,0.02,0.02,,,0,0
2026-07-01,Lemma DSP,Lemma DSP CTV Ad (COPPA),0.02,0.02,,,0,0
2026-01-01,Marketing Architects -RTB,Marketing Architects - CTV 1st Price - Roku Bundles,0.02,,,,0,0
2026-04-01,Quantcast,Bidswitch - APP 1st Price,0.02,,0.0,,0,0
2025-10-01,Madopi,Bidswitch - APP 1st Price,0.02,,,,0,0
2025-07-01,Infillion,Bidswitch - CTV (Charter),0.02,,,0.0,0,0
2025-10-01,Streamworx Lda.,Bidswitch - Desktop - 1st Price (HB),0.02,,,,0,0
2025-01-01,Metax,MetaX A&amp;E Networks $16,0.02,,,,0,0
2025-04-01,Epsilon (Conversant),Conversant Future Today CTV (225500),0.02,,,,0,0
2025-04-01,Lift,Bidswitch - MW [Display],0.02,,,,0,0
2025-04-01,Xandr,Xandr STB VOD,0.02,,,,0,0
2025-07-01,Bidswitch,Bidswitch - Desktop - 1st Price (HB),0.02,,,0.0,0,0
2026-01-01,Excelate,Bidswitch - Seedtag,0.02,,,,0,0
2025-01-01,DV360,Bidswitch - STB VOD,0.02,,,,0,0
2025-04-01,Streamworx Lda.,Bidswitch - APP,0.02,,,,0,0
2025-01-01,Webeye,Bidswitch - APP 1st Price,0.02,,,,0,0
2026-07-01,IPONWEB BidCore,Bidswitch - Desktop - 1st Price (HB),0.02,0.02,,,0,0
2026-01-01,OnSpot Data,Bidswitch - MW - 1st Price (HB),0.02,,,,0,0
2026-04-01,Infillion,Bidswitch - MW [Display],0.02,,0.01,,0,0
2026-04-01,Walmart,TTD - CTV (Charter),0.02,,0.02,,0,0
2025-07-01,DV360,Bidswitch - CTV (Charter),0.02,,,0.0,0,0
2025-10-01,Infillion,Bidswitch - CTV (Charter),0.02,,,,0,0
2025-10-01,Knorex,Bidswitch - MW - 1st Price (HB),0.02,,,,0,0
2025-10-01,Adform,Bidswitch - Desktop [Display],0.02,,,,0,0
2025-10-01,Cepia,Mighty Wheels September 2025 Dub02,0.02,,,,0,0
2025-01-01,Webeye,Bidswitch - APP,0.02,,,,0,0
2025-10-01,Adform,Bidswitch - CTV - 1st Price,0.02,,,,0,0
2025-04-01,Bidswitch,Bidswitch - CTV - 1st Price,0.02,,,,0,0
2026-07-01,Bidswitch,Bidswitch - CTV - 1st Price,0.02,0.02,,,0,0
2026-04-01,Webeye,Bidswitch - CTV - 1st Price,0.02,,0.02,,0,0
2025-10-01,Bidswitch,Bidswitch - APP 1st Price,0.01,,,,0,0
2026-07-01,IPONWEB BidCore,Bidswitch - CTV (Charter),0.01,0.01,,,0,0
2025-10-01,OnSpot Data,Bidswitch - MW - 1st Price (HB),0.01,,,,0,0
2026-01-01,IPONWEB BidCore,Bidswitch - APP Display,0.01,,,,0,0
2026-01-01,Amazon DSP,Bidswitch - MW - 1st Price (HB),0.01,,,,0,0
2025-07-01,Between Exchange,Bidswitch - Desktop - 1st Price (HB),0.01,,,,0,0
2026-07-01,IPONWEB BidCore,Bidswitch - APP 1st Price,0.01,0.01,,,0,0
2025-07-01,Streamworx Lda.,Bidswitch - Desktop [Display],0.01,,,,0,0
2025-04-01,IPONWEB BidCore,Bidswitch - APP 1st Price,0.01,,,,0,0
2025-04-01,Inspiritum,Bidswitch - APP Display,0.01,,,,0,0
2025-01-01,Stirista,Stirista - Open Auction - OLV (Web),0.01,,,,0,0
2025-04-01,Zeta DSP,Bidswitch - MW [Display],0.01,,,,0,0
2025-10-01,Bidswitch,Bidswitch - MW - 1st Price (HB),0.01,,,,0,0
2026-04-01,Between Exchange,Bidswitch - APP,0.01,,,,0,0
2025-01-01,Amazon DSP,Bidswitch - APP Display,0.01,,,,0,0
2025-10-01,Between Exchange,Bidswitch - MW - 1st Price (HB),0.01,,,,0,0
2025-07-01,OnSpot Data,Bidswitch - APP Display,0.01,,,0.0,0,0
2026-01-01,Walmart,TTD - CTV (LATAM),0.01,,,,0,0
2026-04-01,Bidswitch,Bidswitch - Desktop - 1st Price (HB),0.01,,0.0,,0,0
2026-07-01,Madopi,Bidswitch - Desktop [Display],0.01,0.01,,,0,0
2026-01-01,Quantcast,Bidswitch - MW [Display],0.01,,,,0,0
2025-10-01,Streamworx Lda.,Bidswitch - APP Display,0.01,,,,0,0
2025-10-01,Samsung DSP,Bidswitch - APP 1st Price,0.01,,,,0,0
2026-07-01,Stirista,Stirista - Desktop [Display],0.01,0.01,,,0,0
2025-10-01,Bidswitch,Bidswitch - Desktop - 1st Price (HB),0.01,,,,0,0
2025-07-01,Knorex,Bidswitch - Desktop [Display],0.01,,,,0,0
2025-10-01,Adform,Bidswitch - Desktop - 1st Price (HB),0.01,,,,0,0
2026-01-01,Webeye,Bidswitch - APP,0.01,,,,0,0
2025-04-01,Bidswitch,Bidswitch - MW - 1st Price (HB),0.01,,,,0,0
2025-07-01,Quantcast,Bidswitch - APP Display,0.01,,,0.0,0,0
2025-04-01,Zeta DSP,Bidswitch - APP,0.01,,,,0,0
2026-04-01,Knorex,Bidswitch - Desktop - 1st Price (HB),0.01,,0.01,,0,0
2025-07-01,Between Exchange,Bidswitch - MW [Display],0.01,,,0.0,0,0
2026-04-01,Stirista,Stirista - Open Auction - OLV (Web),0.01,,0.0,,0,0
2026-04-01,Equative,Equative InApp Video (Open Auction) (copy),0.01,,,,0,0
2025-04-01,Samsung DSP,Bidswitch - APP 1st Price,0.01,,,,0,0
2025-07-01,Zeta DSP,Bidswitch - MW - 1st Price (HB),0.01,,,,0,0
2025-01-01,Xandr,Xandr STB VOD,0.01,,,,0,0
2026-07-01,AdmaticBidswitch,Seedtag,0.01,0.01,,,0,0
2026-01-01,IPONWEB BidCore,Bidswitch - MW [Display],0.01,,,,0,0
2026-01-01,Webeye,Bidswitch - APP 1st Price,0.01,,,,0,0
2026-01-01,Madopi,Bidswitch - CTV - 1st Price (Bundle 151908),0.01,,,,0,0
2026-04-01,Knorex,Bidswitch - APP,0.01,,0.01,,0,0
2026-04-01,Quantcast,Bidswitch - APP,0.01,,0.01,,0,0
2025-04-01,IPONWEB BidCore,Bidswitch - CTV - 1st Price (Bundle 151908),0.01,,,,0,0
